realization_id,algorithm,scenario,workload,vehicle_count,seed,git_sha,config_hash,checkpoint_hash,realization_hash,timestamp,total_tasks,completed_tasks,failed_tasks,mean_delay_s,p95_delay_s,mean_energy_j,completion_ratio_pct,collaboration_rate_pct,failure_reasons
realization_corridor_2400m_w20_42,CoTOP,corridor_2400m,20,10,42,37053388f7bd1eacf25f871122c4d16ea5a284fc,9885c1b7b396aa6c99cefbd5114379d2dc4f5ab8b37d4e5ac7d376cd255d20bc,f427576914ea7ca656124ae7ff36b93d7288234820e3ea2bb220f661475f3562,dfbb35402104152e6134968d9c91bb4591889433ca2deca9afc7b75c7c03e242,2026-09-04T14:25:18.509846+00:00,200,193,7,2.0691899424713336,5.673870650299156,3.8472302080975296,96.5,99.0,7_DEADLINE_EXCEEDED
realization_corridor_2400m_w20_42,DDQN,corridor_2400m,20,10,42,37053388f7bd1eacf25f871122c4d16ea5a284fc,9885c1b7b396aa6c99cefbd5114379d2dc4f5ab8b37d4e5ac7d376cd255d20bc,f427576914ea7ca656124ae7ff36b93d7288234820e3ea2bb220f661475f3562,dfbb35402104152e6134968d9c91bb4591889433ca2deca9afc7b75c7c03e242,2026-09-04T14:25:19.808079+00:00,200,193,7,2.0432057967681616,5.6612139959443635,0.8394744154259892,96.5,42.5,7_DEADLINE_EXCEEDED
realization_corridor_2400m_w20_42,Local,corridor_2400m,20,10,42,37053388f7bd1eacf25f871122c4d16ea5a284fc,9885c1b7b396aa6c99cefbd5114379d2dc4f5ab8b37d4e5ac7d376cd255d20bc,f427576914ea7ca656124ae7ff36b93d7288234820e3ea2bb220f661475f3562,dfbb35402104152e6134968d9c91bb4591889433ca2deca9afc7b75c7c03e242,2026-09-04T14:25:20.912508+00:00,200,193,7,2.04136596953117,5.62399395088518,0.3000039329119527,96.5,0.0,7_DEADLINE_EXCEEDED
realization_corridor_2400m_w20_42,Greedy,corridor_2400m,20,10,42,37053388f7bd1eacf25f871122c4d16ea5a284fc,9885c1b7b396aa6c99cefbd5114379d2dc4f5ab8b37d4e5ac7d376cd255d20bc,f427576914ea7ca656124ae7ff36b93d7288234820e3ea2bb220f661475f3562,dfbb35402104152e6134968d9c91bb4591889433ca2deca9afc7b75c7c03e242,2026-09-04T14:25:22.030652+00:00,200,193,7,2.0639223869258982,5.667304780612381,7.219614589600078,96.5,85.0,7_DEADLINE_EXCEEDED
realization_corridor_2400m_w20_42,wo_md,corridor_2400m,20,10,42,37053388f7bd1eacf25f871122c4d16ea5a284fc,9885c1b7b396aa6c99cefbd5114379d2dc4f5ab8b37d4e5ac7d376cd255d20bc,f427576914ea7ca656124ae7ff36b93d7288234820e3ea2bb220f661475f3562,dfbb35402104152e6134968d9c91bb4591889433ca2deca9afc7b75c7c03e242,2026-09-04T14:25:22.098116+00:00,200,193,7,2.045019706455199,5.626016085623928,2.0862774776975703,96.5,99.0,7_DEADLINE_EXCEEDED
realization_corridor_2400m_w20_42,wo_tp,corridor_2400m,20,10,42,37053388f7bd1eacf25f871122c4d16ea5a284fc,9885c1b7b396aa6c99cefbd5114379d2dc4f5ab8b37d4e5ac7d376cd255d20bc,f427576914ea7ca656124ae7ff36b93d7288234820e3ea2bb220f661475f3562,dfbb35402104152e6134968d9c91bb4591889433ca2deca9afc7b75c7c03e242,2026-09-04T14:25:23.191047+00:00,200,193,7,2.0657134189905704,5.695435326993916,4.7823065028252,96.5,100.0,7_DEADLINE_EXCEEDED
realization_corridor_2400m_w20_42,wo_co,corridor_2400m,20,10,42,37053388f7bd1eacf25f871122c4d16ea5a284fc,9885c1b7b396aa6c99cefbd5114379d2dc4f5ab8b37d4e5ac7d376cd255d20bc,f427576914ea7ca656124ae7ff36b93d7288234820e3ea2bb220f661475f3562,dfbb35402104152e6134968d9c91bb4591889433ca2deca9afc7b75c7c03e242,2026-09-04T14:25:24.257014+00:00,200,193,7,2.04136596953117,5.62399395088518,0.3000039329119527,96.5,0.0,7_DEADLINE_EXCEEDED
realization_corridor_2400m_w20_43,CoTOP,corridor_2400m,20,10,43,37053388f7bd1eacf25f871122c4d16ea5a284fc,9885c1b7b396aa6c99cefbd5114379d2dc4f5ab8b37d4e5ac7d376cd255d20bc,f427576914ea7ca656124ae7ff36b93d7288234820e3ea2bb220f661475f3562,52a594aa777255afb0bda1c2b2373e272cbf926223556329585fd800730c4604,2026-09-04T14:25:25.436060+00:00,200,196,4,2.06315693917325,5.130796729461781,4.028758992681835,98.0,99.5,4_DEADLINE_EXCEEDED
realization_corridor_2400m_w20_43,DDQN,corridor_2400m,20,10,43,37053388f7bd1eacf25f871122c4d16ea5a284fc,9885c1b7b396aa6c99cefbd5114379d2dc4f5ab8b37d4e5ac7d376cd255d20bc,f427576914ea7ca656124ae7ff36b93d7288234820e3ea2bb220f661475f3562,52a594aa777255afb0bda1c2b2373e272cbf926223556329585fd800730c4604,2026-09-04T14:25:26.588065+00:00,200,197,3,2.0241412883397585,5.12692656448298,1.7595615419493649,98.5,32.0,3_DEADLINE_EXCEEDED
realization_corridor_2400m_w20_43,Local,corridor_2400m,20,10,43,37053388f7bd1eacf25f871122c4d16ea5a284fc,9885c1b7b396aa6c99cefbd5114379d2dc4f5ab8b37d4e5ac7d376cd255d20bc,f427576914ea7ca656124ae7ff36b93d7288234820e3ea2bb220f661475f3562,52a594aa777255afb0bda1c2b2373e272cbf926223556329585fd800730c4604,2026-09-04T14:25:27.811706+00:00,200,197,3,2.0142848110771028,4.990647591340477,0.28772091847867637,98.5,0.0,3_DEADLINE_EXCEEDED
realization_corridor_2400m_w20_43,Greedy,corridor_2400m,20,10,43,37053388f7bd1eacf25f871122c4d16ea5a284fc,9885c1b7b396aa6c99cefbd5114379d2dc4f5ab8b37d4e5ac7d376cd255d20bc,f427576914ea7ca656124ae7ff36b93d7288234820e3ea2bb220f661475f3562,52a594aa777255afb0bda1c2b2373e272cbf926223556329585fd800730c4604,2026-09-04T14:25:28.948384+00:00,200,196,4,2.027646799359078,5.050272710963934,6.972160994082484,98.0,88.5,4_DEADLINE_EXCEEDED
realization_corridor_2400m_w20_43,wo_md,corridor_2400m,20,10,43,37053388f7bd1eacf25f871122c4d16ea5a284fc,9885c1b7b396aa6c99cefbd5114379d2dc4f5ab8b37d4e5ac7d376cd255d20bc,f427576914ea7ca656124ae7ff36b93d7288234820e3ea2bb220f661475f3562,52a594aa777255afb0bda1c2b2373e272cbf926223556329585fd800730c4604,2026-09-04T14:25:29.019022+00:00,200,197,3,2.03268175396301,5.061478825242835,2.188578743906078,98.5,99.5,3_DEADLINE_EXCEEDED
realization_corridor_2400m_w20_43,wo_tp,corridor_2400m,20,10,43,37053388f7bd1eacf25f871122c4d16ea5a284fc,9885c1b7b396aa6c99cefbd5114379d2dc4f5ab8b37d4e5ac7d376cd255d20bc,f427576914ea7ca656124ae7ff36b93d7288234820e3ea2bb220f661475f3562,52a594aa777255afb0bda1c2b2373e272cbf926223556329585fd800730c4604,2026-09-04T14:25:30.181135+00:00,200,196,4,2.0437833797592204,5.1002521214588805,4.801089668584847,98.0,100.0,4_DEADLINE_EXCEEDED
realization_corridor_2400m_w20_43,wo_co,corridor_2400m,20,10,43,37053388f7bd1eacf25f871122c4d16ea5a284fc,9885c1b7b396aa6c99cefbd5114379d2dc4f5ab8b37d4e5ac7d376cd255d20bc,f427576914ea7ca656124ae7ff36b93d7288234820e3ea2bb220f661475f3562,52a594aa777255afb0bda1c2b2373e272cbf926223556329585fd800730c4604,2026-09-04T14:25:31.312577+00:00,200,197,3,2.0142848110771028,4.990647591340477,0.28772091847867637,98.5,0.0,3_DEADLINE_EXCEEDED
realization_corridor_2400m_w20_44,CoTOP,corridor_2400m,20,10,44,37053388f7bd1eacf25f871122c4d16ea5a284fc,9885c1b7b396aa6c99cefbd5114379d2dc4f5ab8b37d4e5ac7d376cd255d20bc,f427576914ea7ca656124ae7ff36b93d7288234820e3ea2bb220f661475f3562,805b00e6ec8c010f4a340d5e45c5cce35fc48264d889b507bc198891b5bf460f,2026-09-04T14:25:32.453786+00:00,200,198,2,2.000734085657414,5.245114417934929,3.8433352735653648,99.0,100.0,2_DEADLINE_EXCEEDED
realization_corridor_2400m_w20_44,DDQN,corridor_2400m,20,10,44,37053388f7bd1eacf25f871122c4d16ea5a284fc,9885c1b7b396aa6c99cefbd5114379d2dc4f5ab8b37d4e5ac7d376cd255d20bc,f427576914ea7ca656124ae7ff36b93d7288234820e3ea2bb220f661475f3562,805b00e6ec8c010f4a340d5e45c5cce35fc48264d889b507bc198891b5bf460f,2026-09-04T14:25:33.562893+00:00,200,198,2,1.9636566571454943,5.096156661056985,2.0311044412238215,99.0,36.5,2_DEADLINE_EXCEEDED
realization_corridor_2400m_w20_44,Local,corridor_2400m,20,10,44,37053388f7bd1eacf25f871122c4d16ea5a284fc,9885c1b7b396aa6c99cefbd5114379d2dc4f5ab8b37d4e5ac7d376cd255d20bc,f427576914ea7ca656124ae7ff36b93d7288234820e3ea2bb220f661475f3562,805b00e6ec8c010f4a340d5e45c5cce35fc48264d889b507bc198891b5bf460f,2026-09-04T14:25:34.765810+00:00,200,198,2,1.9523747220594847,5.094485621534351,0.27932087710099596,99.0,0.0,2_DEADLINE_EXCEEDED
realization_corridor_2400m_w20_44,Greedy,corridor_2400m,20,10,44,37053388f7bd1eacf25f871122c4d16ea5a284fc,9885c1b7b396aa6c99cefbd5114379d2dc4f5ab8b37d4e5ac7d376cd255d20bc,f427576914ea7ca656124ae7ff36b93d7288234820e3ea2bb220f661475f3562,805b00e6ec8c010f4a340d5e45c5cce35fc48264d889b507bc198891b5bf460f,2026-09-04T14:25:35.872337+00:00,200,198,2,1.9795849138682236,5.159576764248891,7.095644216818511,99.0,86.5,2_DEADLINE_EXCEEDED
realization_corridor_2400m_w20_44,wo_md,corridor_2400m,20,10,44,37053388f7bd1eacf25f871122c4d16ea5a284fc,9885c1b7b396aa6c99cefbd5114379d2dc4f5ab8b37d4e5ac7d376cd255d20bc,f427576914ea7ca656124ae7ff36b93d7288234820e3ea2bb220f661475f3562,805b00e6ec8c010f4a340d5e45c5cce35fc48264d889b507bc198891b5bf460f,2026-09-04T14:25:35.936685+00:00,200,198,2,1.9716193215526203,5.1699720633704755,2.073762271236527,99.0,100.0,2_DEADLINE_EXCEEDED
realization_corridor_2400m_w20_44,wo_tp,corridor_2400m,20,10,44,37053388f7bd1eacf25f871122c4d16ea5a284fc,9885c1b7b396aa6c99cefbd5114379d2dc4f5ab8b37d4e5ac7d376cd255d20bc,f427576914ea7ca656124ae7ff36b93d7288234820e3ea2bb220f661475f3562,805b00e6ec8c010f4a340d5e45c5cce35fc48264d889b507bc198891b5bf460f,2026-09-04T14:25:37.035125+00:00,200,198,2,1.9870963142482756,5.269157410938158,4.7514406308857104,99.0,100.0,2_DEADLINE_EXCEEDED
realization_corridor_2400m_w20_44,wo_co,corridor_2400m,20,10,44,37053388f7bd1eacf25f871122c4d16ea5a284fc,9885c1b7b396aa6c99cefbd5114379d2dc4f5ab8b37d4e5ac7d376cd255d20bc,f427576914ea7ca656124ae7ff36b93d7288234820e3ea2bb220f661475f3562,805b00e6ec8c010f4a340d5e45c5cce35fc48264d889b507bc198891b5bf460f,2026-09-04T14:25:38.142653+00:00,200,198,2,1.9523747220594847,5.094485621534351,0.27932087710099596,99.0,0.0,2_DEADLINE_EXCEEDED
realization_corridor_2400m_w20_45,CoTOP,corridor_2400m,20,10,45,37053388f7bd1eacf25f871122c4d16ea5a284fc,9885c1b7b396aa6c99cefbd5114379d2dc4f5ab8b37d4e5ac7d376cd255d20bc,f427576914ea7ca656124ae7ff36b93d7288234820e3ea2bb220f661475f3562,b09d0411e658043b9e5b6039b0a7de65796ce3152226026f3be0f28f44a74fd7,2026-09-04T14:25:39.373813+00:00,200,195,5,1.9700946906438883,5.273410546796897,5.078070478826649,97.5,99.5,5_DEADLINE_EXCEEDED
realization_corridor_2400m_w20_45,DDQN,corridor_2400m,20,10,45,37053388f7bd1eacf25f871122c4d16ea5a284fc,9885c1b7b396aa6c99cefbd5114379d2dc4f5ab8b37d4e5ac7d376cd255d20bc,f427576914ea7ca656124ae7ff36b93d7288234820e3ea2bb220f661475f3562,b09d0411e658043b9e5b6039b0a7de65796ce3152226026f3be0f28f44a74fd7,2026-09-04T14:25:40.632688+00:00,200,196,4,1.929498116665607,5.3352215188584164,2.911081665630935,98.0,36.0,4_DEADLINE_EXCEEDED
realization_corridor_2400m_w20_45,Local,corridor_2400m,20,10,45,37053388f7bd1eacf25f871122c4d16ea5a284fc,9885c1b7b396aa6c99cefbd5114379d2dc4f5ab8b37d4e5ac7d376cd255d20bc,f427576914ea7ca656124ae7ff36b93d7288234820e3ea2bb220f661475f3562,b09d0411e658043b9e5b6039b0a7de65796ce3152226026f3be0f28f44a74fd7,2026-09-04T14:25:41.925601+00:00,200,197,3,1.9188162638139676,5.273410546796897,0.30973572516356246,98.5,0.0,3_DEADLINE_EXCEEDED
realization_corridor_2400m_w20_45,Greedy,corridor_2400m,20,10,45,37053388f7bd1eacf25f871122c4d16ea5a284fc,9885c1b7b396aa6c99cefbd5114379d2dc4f5ab8b37d4e5ac7d376cd255d20bc,f427576914ea7ca656124ae7ff36b93d7288234820e3ea2bb220f661475f3562,b09d0411e658043b9e5b6039b0a7de65796ce3152226026f3be0f28f44a74fd7,2026-09-04T14:25:43.110754+00:00,200,195,5,1.9367112387364558,5.302743445285519,6.817272554475994,97.5,80.5,5_DEADLINE_EXCEEDED
realization_corridor_2400m_w20_45,wo_md,corridor_2400m,20,10,45,37053388f7bd1eacf25f871122c4d16ea5a284fc,9885c1b7b396aa6c99cefbd5114379d2dc4f5ab8b37d4e5ac7d376cd255d20bc,f427576914ea7ca656124ae7ff36b93d7288234820e3ea2bb220f661475f3562,b09d0411e658043b9e5b6039b0a7de65796ce3152226026f3be0f28f44a74fd7,2026-09-04T14:25:43.176153+00:00,200,195,5,1.9322343754866347,5.273410546796897,2.706038954169413,97.5,99.5,5_DEADLINE_EXCEEDED
realization_corridor_2400m_w20_45,wo_tp,corridor_2400m,20,10,45,37053388f7bd1eacf25f871122c4d16ea5a284fc,9885c1b7b396aa6c99cefbd5114379d2dc4f5ab8b37d4e5ac7d376cd255d20bc,f427576914ea7ca656124ae7ff36b93d7288234820e3ea2bb220f661475f3562,b09d0411e658043b9e5b6039b0a7de65796ce3152226026f3be0f28f44a74fd7,2026-09-04T14:25:44.347230+00:00,200,195,5,1.9560148599489986,5.314229160241502,5.675531312918509,97.5,100.0,5_DEADLINE_EXCEEDED
realization_corridor_2400m_w20_45,wo_co,corridor_2400m,20,10,45,37053388f7bd1eacf25f871122c4d16ea5a284fc,9885c1b7b396aa6c99cefbd5114379d2dc4f5ab8b37d4e5ac7d376cd255d20bc,f427576914ea7ca656124ae7ff36b93d7288234820e3ea2bb220f661475f3562,b09d0411e658043b9e5b6039b0a7de65796ce3152226026f3be0f28f44a74fd7,2026-09-04T14:25:45.518517+00:00,200,197,3,1.9188162638139676,5.273410546796897,0.30973572516356246,98.5,0.0,3_DEADLINE_EXCEEDED
realization_corridor_2400m_w20_46,CoTOP,corridor_2400m,20,10,46,37053388f7bd1eacf25f871122c4d16ea5a284fc,9885c1b7b396aa6c99cefbd5114379d2dc4f5ab8b37d4e5ac7d376cd255d20bc,f427576914ea7ca656124ae7ff36b93d7288234820e3ea2bb220f661475f3562,04ef7c838e8795c5894976cdfac799704524a1893e32ae121dae50ab5b3d7343,2026-09-04T14:25:46.663806+00:00,200,194,6,2.0586957804064827,5.639317127169247,4.0118784647725745,97.0,100.0,6_DEADLINE_EXCEEDED
realization_corridor_2400m_w20_46,DDQN,corridor_2400m,20,10,46,37053388f7bd1eacf25f871122c4d16ea5a284fc,9885c1b7b396aa6c99cefbd5114379d2dc4f5ab8b37d4e5ac7d376cd255d20bc,f427576914ea7ca656124ae7ff36b93d7288234820e3ea2bb220f661475f3562,04ef7c838e8795c5894976cdfac799704524a1893e32ae121dae50ab5b3d7343,2026-09-04T14:25:47.784742+00:00,200,194,6,2.016003948001983,5.497404053983361,1.9826935768194855,97.0,37.0,6_DEADLINE_EXCEEDED
realization_corridor_2400m_w20_46,Local,corridor_2400m,20,10,46,37053388f7bd1eacf25f871122c4d16ea5a284fc,9885c1b7b396aa6c99cefbd5114379d2dc4f5ab8b37d4e5ac7d376cd255d20bc,f427576914ea7ca656124ae7ff36b93d7288234820e3ea2bb220f661475f3562,04ef7c838e8795c5894976cdfac799704524a1893e32ae121dae50ab5b3d7343,2026-09-04T14:25:48.872230+00:00,200,195,5,2.0066860568603,5.493589164377764,0.2951673323208539,97.5,0.0,5_DEADLINE_EXCEEDED
realization_corridor_2400m_w20_46,Greedy,corridor_2400m,20,10,46,37053388f7bd1eacf25f871122c4d16ea5a284fc,9885c1b7b396aa6c99cefbd5114379d2dc4f5ab8b37d4e5ac7d376cd255d20bc,f427576914ea7ca656124ae7ff36b93d7288234820e3ea2bb220f661475f3562,04ef7c838e8795c5894976cdfac799704524a1893e32ae121dae50ab5b3d7343,2026-09-04T14:25:50.087573+00:00,200,195,5,2.033224125426783,5.5596897969852614,7.238843651456364,97.5,86.0,5_DEADLINE_EXCEEDED
realization_corridor_2400m_w20_46,wo_md,corridor_2400m,20,10,46,37053388f7bd1eacf25f871122c4d16ea5a284fc,9885c1b7b396aa6c99cefbd5114379d2dc4f5ab8b37d4e5ac7d376cd255d20bc,f427576914ea7ca656124ae7ff36b93d7288234820e3ea2bb220f661475f3562,04ef7c838e8795c5894976cdfac799704524a1893e32ae121dae50ab5b3d7343,2026-09-04T14:25:50.160432+00:00,200,194,6,2.0267764305002207,5.582838727252115,2.1657168255350907,97.0,100.0,6_DEADLINE_EXCEEDED
realization_corridor_2400m_w20_46,wo_tp,corridor_2400m,20,10,46,37053388f7bd1eacf25f871122c4d16ea5a284fc,9885c1b7b396aa6c99cefbd5114379d2dc4f5ab8b37d4e5ac7d376cd255d20bc,f427576914ea7ca656124ae7ff36b93d7288234820e3ea2bb220f661475f3562,04ef7c838e8795c5894976cdfac799704524a1893e32ae121dae50ab5b3d7343,2026-09-04T14:25:51.346650+00:00,200,194,6,2.0482704166143706,5.648791927760433,4.977452379921264,97.0,100.0,6_DEADLINE_EXCEEDED
realization_corridor_2400m_w20_46,wo_co,corridor_2400m,20,10,46,37053388f7bd1eacf25f871122c4d16ea5a284fc,9885c1b7b396aa6c99cefbd5114379d2dc4f5ab8b37d4e5ac7d376cd255d20bc,f427576914ea7ca656124ae7ff36b93d7288234820e3ea2bb220f661475f3562,04ef7c838e8795c5894976cdfac799704524a1893e32ae121dae50ab5b3d7343,2026-09-04T14:25:52.467872+00:00,200,195,5,2.0066860568603,5.493589164377764,0.2951673323208539,97.5,0.0,5_DEADLINE_EXCEEDED
realization_corridor_2400m_w20_seed47,CoTOP,corridor_2400m,20,10,47,37053388f7bd1eacf25f871122c4d16ea5a284fc,9885c1b7b396aa6c99cefbd5114379d2dc4f5ab8b37d4e5ac7d376cd255d20bc,f427576914ea7ca656124ae7ff36b93d7288234820e3ea2bb220f661475f3562,50af9e828670c1407dcb0ebe449032456bdc6adca8450a9be42aec0f04c41523,2026-09-04T14:25:53.645884+00:00,200,199,1,1.8815055614065241,4.771803035245514,5.138997090932265,99.5,100.0,1_DEADLINE_EXCEEDED
realization_corridor_2400m_w20_seed47,DDQN,corridor_2400m,20,10,47,37053388f7bd1eacf25f871122c4d16ea5a284fc,9885c1b7b396aa6c99cefbd5114379d2dc4f5ab8b37d4e5ac7d376cd255d20bc,f427576914ea7ca656124ae7ff36b93d7288234820e3ea2bb220f661475f3562,50af9e828670c1407dcb0ebe449032456bdc6adca8450a9be42aec0f04c41523,2026-09-04T14:25:54.802273+00:00,200,199,1,1.8454698749481226,4.718897040579725,2.3426367998100286,99.5,38.0,1_DEADLINE_EXCEEDED
realization_corridor_2400m_w20_seed47,Local,corridor_2400m,20,10,47,37053388f7bd1eacf25f871122c4d16ea5a284fc,9885c1b7b396aa6c99cefbd5114379d2dc4f5ab8b37d4e5ac7d376cd255d20bc,f427576914ea7ca656124ae7ff36b93d7288234820e3ea2bb220f661475f3562,50af9e828670c1407dcb0ebe449032456bdc6adca8450a9be42aec0f04c41523,2026-09-04T14:25:55.941579+00:00,200,199,1,1.8388560623367396,4.718897040579725,0.2982780014759372,99.5,0.0,1_DEADLINE_EXCEEDED
realization_corridor_2400m_w20_seed47,Greedy,corridor_2400m,20,10,47,37053388f7bd1eacf25f871122c4d16ea5a284fc,9885c1b7b396aa6c99cefbd5114379d2dc4f5ab8b37d4e5ac7d376cd255d20bc,f427576914ea7ca656124ae7ff36b93d7288234820e3ea2bb220f661475f3562,50af9e828670c1407dcb0ebe449032456bdc6adca8450a9be42aec0f04c41523,2026-09-04T14:25:57.047154+00:00,200,199,1,1.8585277370927147,4.781967593150821,7.08463884601108,99.5,85.0,1_DEADLINE_EXCEEDED
realization_corridor_2400m_w20_seed47,wo_md,corridor_2400m,20,10,47,37053388f7bd1eacf25f871122c4d16ea5a284fc,9885c1b7b396aa6c99cefbd5114379d2dc4f5ab8b37d4e5ac7d376cd255d20bc,f427576914ea7ca656124ae7ff36b93d7288234820e3ea2bb220f661475f3562,50af9e828670c1407dcb0ebe449032456bdc6adca8450a9be42aec0f04c41523,2026-09-04T14:25:57.229418+00:00,200,199,1,1.8468516099486856,4.7715184993905,2.7409680457832817,99.5,100.0,1_DEADLINE_EXCEEDED
realization_corridor_2400m_w20_seed47,wo_tp,corridor_2400m,20,10,47,37053388f7bd1eacf25f871122c4d16ea5a284fc,9885c1b7b396aa6c99cefbd5114379d2dc4f5ab8b37d4e5ac7d376cd255d20bc,f427576914ea7ca656124ae7ff36b93d7288234820e3ea2bb220f661475f3562,50af9e828670c1407dcb0ebe449032456bdc6adca8450a9be42aec0f04c41523,2026-09-04T14:25:58.422444+00:00,200,199,1,1.8713157015013728,4.769112316380609,5.695532670803576,99.5,100.0,1_DEADLINE_EXCEEDED
realization_corridor_2400m_w20_seed47,wo_co,corridor_2400m,20,10,47,37053388f7bd1eacf25f871122c4d16ea5a284fc,9885c1b7b396aa6c99cefbd5114379d2dc4f5ab8b37d4e5ac7d376cd255d20bc,f427576914ea7ca656124ae7ff36b93d7288234820e3ea2bb220f661475f3562,50af9e828670c1407dcb0ebe449032456bdc6adca8450a9be42aec0f04c41523,2026-09-04T14:25:59.592257+00:00,200,199,1,1.8388560623367396,4.718897040579725,0.2982780014759372,99.5,0.0,1_DEADLINE_EXCEEDED
realization_corridor_2400m_w20_seed48,CoTOP,corridor_2400m,20,10,48,37053388f7bd1eacf25f871122c4d16ea5a284fc,9885c1b7b396aa6c99cefbd5114379d2dc4f5ab8b37d4e5ac7d376cd255d20bc,f427576914ea7ca656124ae7ff36b93d7288234820e3ea2bb220f661475f3562,9757e1a7d84034e343dc030c3e6c8a5c6860300a600f680f82b581bd2d517bff,2026-09-04T14:26:00.804626+00:00,200,196,4,2.024876832208712,5.344099990267497,4.193574514087303,98.0,100.0,4_DEADLINE_EXCEEDED
realization_corridor_2400m_w20_seed48,DDQN,corridor_2400m,20,10,48,37053388f7bd1eacf25f871122c4d16ea5a284fc,9885c1b7b396aa6c99cefbd5114379d2dc4f5ab8b37d4e5ac7d376cd255d20bc,f427576914ea7ca656124ae7ff36b93d7288234820e3ea2bb220f661475f3562,9757e1a7d84034e343dc030c3e6c8a5c6860300a600f680f82b581bd2d517bff,2026-09-04T14:26:01.985673+00:00,200,196,4,1.9984057051728241,5.239346585276228,2.4915014692866255,98.0,37.0,4_DEADLINE_EXCEEDED
realization_corridor_2400m_w20_seed48,Local,corridor_2400m,20,10,48,37053388f7bd1eacf25f871122c4d16ea5a284fc,9885c1b7b396aa6c99cefbd5114379d2dc4f5ab8b37d4e5ac7d376cd255d20bc,f427576914ea7ca656124ae7ff36b93d7288234820e3ea2bb220f661475f3562,9757e1a7d84034e343dc030c3e6c8a5c6860300a600f680f82b581bd2d517bff,2026-09-04T14:26:03.089319+00:00,200,196,4,1.991701198509607,5.238241251175166,0.31433697452170045,98.0,0.0,4_DEADLINE_EXCEEDED
realization_corridor_2400m_w20_seed48,Greedy,corridor_2400m,20,10,48,37053388f7bd1eacf25f871122c4d16ea5a284fc,9885c1b7b396aa6c99cefbd5114379d2dc4f5ab8b37d4e5ac7d376cd255d20bc,f427576914ea7ca656124ae7ff36b93d7288234820e3ea2bb220f661475f3562,9757e1a7d84034e343dc030c3e6c8a5c6860300a600f680f82b581bd2d517bff,2026-09-04T14:26:04.196779+00:00,200,196,4,2.011337301883653,5.293183027948644,7.463506249964748,98.0,86.5,4_DEADLINE_EXCEEDED
realization_corridor_2400m_w20_seed48,wo_md,corridor_2400m,20,10,48,37053388f7bd1eacf25f871122c4d16ea5a284fc,9885c1b7b396aa6c99cefbd5114379d2dc4f5ab8b37d4e5ac7d376cd255d20bc,f427576914ea7ca656124ae7ff36b93d7288234820e3ea2bb220f661475f3562,9757e1a7d84034e343dc030c3e6c8a5c6860300a600f680f82b581bd2d517bff,2026-09-04T14:26:04.270554+00:00,200,196,4,1.9966849735527656,5.284106160178139,2.264949338740303,98.0,100.0,4_DEADLINE_EXCEEDED
realization_corridor_2400m_w20_seed48,wo_tp,corridor_2400m,20,10,48,37053388f7bd1eacf25f871122c4d16ea5a284fc,9885c1b7b396aa6c99cefbd5114379d2dc4f5ab8b37d4e5ac7d376cd255d20bc,f427576914ea7ca656124ae7ff36b93d7288234820e3ea2bb220f661475f3562,9757e1a7d84034e343dc030c3e6c8a5c6860300a600f680f82b581bd2d517bff,2026-09-04T14:26:05.453942+00:00,200,196,4,2.015320540196429,5.304797549346799,5.044960180443887,98.0,100.0,4_DEADLINE_EXCEEDED
realization_corridor_2400m_w20_seed48,wo_co,corridor_2400m,20,10,48,37053388f7bd1eacf25f871122c4d16ea5a284fc,9885c1b7b396aa6c99cefbd5114379d2dc4f5ab8b37d4e5ac7d376cd255d20bc,f427576914ea7ca656124ae7ff36b93d7288234820e3ea2bb220f661475f3562,9757e1a7d84034e343dc030c3e6c8a5c6860300a600f680f82b581bd2d517bff,2026-09-04T14:26:06.433566+00:00,200,196,4,1.991701198509607,5.238241251175166,0.31433697452170045,98.0,0.0,4_DEADLINE_EXCEEDED
realization_corridor_2400m_w20_seed49,CoTOP,corridor_2400m,20,10,49,37053388f7bd1eacf25f871122c4d16ea5a284fc,9885c1b7b396aa6c99cefbd5114379d2dc4f5ab8b37d4e5ac7d376cd255d20bc,f427576914ea7ca656124ae7ff36b93d7288234820e3ea2bb220f661475f3562,9d50cb88a164bf17221658f0a03647330463f75de2718ebb6db631731380901a,2026-09-04T14:26:07.494010+00:00,200,199,1,1.9353351511477053,5.270809187205009,5.017698777770679,99.5,100.0,1_DEADLINE_EXCEEDED
realization_corridor_2400m_w20_seed49,DDQN,corridor_2400m,20,10,49,37053388f7bd1eacf25f871122c4d16ea5a284fc,9885c1b7b396aa6c99cefbd5114379d2dc4f5ab8b37d4e5ac7d376cd255d20bc,f427576914ea7ca656124ae7ff36b93d7288234820e3ea2bb220f661475f3562,9d50cb88a164bf17221658f0a03647330463f75de2718ebb6db631731380901a,2026-09-04T14:26:08.652212+00:00,200,199,1,1.8939921734158551,5.221223988571422,2.4283789490812997,99.5,39.0,1_DEADLINE_EXCEEDED
realization_corridor_2400m_w20_seed49,Local,corridor_2400m,20,10,49,37053388f7bd1eacf25f871122c4d16ea5a284fc,9885c1b7b396aa6c99cefbd5114379d2dc4f5ab8b37d4e5ac7d376cd255d20bc,f427576914ea7ca656124ae7ff36b93d7288234820e3ea2bb220f661475f3562,9d50cb88a164bf17221658f0a03647330463f75de2718ebb6db631731380901a,2026-09-04T14:26:09.842446+00:00,200,199,1,1.8836514510679923,5.204045799502698,0.2903219639375891,99.5,0.0,1_DEADLINE_EXCEEDED
realization_corridor_2400m_w20_seed49,Greedy,corridor_2400m,20,10,49,37053388f7bd1eacf25f871122c4d16ea5a284fc,9885c1b7b396aa6c99cefbd5114379d2dc4f5ab8b37d4e5ac7d376cd255d20bc,f427576914ea7ca656124ae7ff36b93d7288234820e3ea2bb220f661475f3562,9d50cb88a164bf17221658f0a03647330463f75de2718ebb6db631731380901a,2026-09-04T14:26:11.024333+00:00,200,199,1,1.9031830317458007,5.271754458458576,6.66648020626578,99.5,84.0,1_DEADLINE_EXCEEDED
realization_corridor_2400m_w20_seed49,wo_md,corridor_2400m,20,10,49,37053388f7bd1eacf25f871122c4d16ea5a284fc,9885c1b7b396aa6c99cefbd5114379d2dc4f5ab8b37d4e5ac7d376cd255d20bc,f427576914ea7ca656124ae7ff36b93d7288234820e3ea2bb220f661475f3562,9d50cb88a164bf17221658f0a03647330463f75de2718ebb6db631731380901a,2026-09-04T14:26:11.090907+00:00,200,199,1,1.8991180047844605,5.260067854055459,2.6677757599574106,99.5,100.0,1_DEADLINE_EXCEEDED
realization_corridor_2400m_w20_seed49,wo_tp,corridor_2400m,20,10,49,37053388f7bd1eacf25f871122c4d16ea5a284fc,9885c1b7b396aa6c99cefbd5114379d2dc4f5ab8b37d4e5ac7d376cd255d20bc,f427576914ea7ca656124ae7ff36b93d7288234820e3ea2bb220f661475f3562,9d50cb88a164bf17221658f0a03647330463f75de2718ebb6db631731380901a,2026-09-04T14:26:12.385081+00:00,200,199,1,1.9236648048067284,5.273836470221104,5.697177094358658,99.5,100.0,1_DEADLINE_EXCEEDED
realization_corridor_2400m_w20_seed49,wo_co,corridor_2400m,20,10,49,37053388f7bd1eacf25f871122c4d16ea5a284fc,9885c1b7b396aa6c99cefbd5114379d2dc4f5ab8b37d4e5ac7d376cd255d20bc,f427576914ea7ca656124ae7ff36b93d7288234820e3ea2bb220f661475f3562,9d50cb88a164bf17221658f0a03647330463f75de2718ebb6db631731380901a,2026-09-04T14:26:13.531392+00:00,200,199,1,1.8836514510679923,5.204045799502698,0.2903219639375891,99.5,0.0,1_DEADLINE_EXCEEDED
realization_corridor_2400m_w20_seed50,CoTOP,corridor_2400m,20,10,50,37053388f7bd1eacf25f871122c4d16ea5a284fc,9885c1b7b396aa6c99cefbd5114379d2dc4f5ab8b37d4e5ac7d376cd255d20bc,f427576914ea7ca656124ae7ff36b93d7288234820e3ea2bb220f661475f3562,849bbd6262223a1eaf11801a36215c5bcc20e3ebaceaab44474c99a38821e3d9,2026-09-04T14:26:14.728448+00:00,200,196,4,2.016469735378506,5.533825986051192,5.307753745032105,98.0,100.0,4_DEADLINE_EXCEEDED
realization_corridor_2400m_w20_seed50,DDQN,corridor_2400m,20,10,50,37053388f7bd1eacf25f871122c4d16ea5a284fc,9885c1b7b396aa6c99cefbd5114379d2dc4f5ab8b37d4e5ac7d376cd255d20bc,f427576914ea7ca656124ae7ff36b93d7288234820e3ea2bb220f661475f3562,849bbd6262223a1eaf11801a36215c5bcc20e3ebaceaab44474c99a38821e3d9,2026-09-04T14:26:15.907942+00:00,200,196,4,1.979274658348905,5.508568972252562,2.891766886507386,98.0,34.0,4_DEADLINE_EXCEEDED
realization_corridor_2400m_w20_seed50,Local,corridor_2400m,20,10,50,37053388f7bd1eacf25f871122c4d16ea5a284fc,9885c1b7b396aa6c99cefbd5114379d2dc4f5ab8b37d4e5ac7d376cd255d20bc,f427576914ea7ca656124ae7ff36b93d7288234820e3ea2bb220f661475f3562,849bbd6262223a1eaf11801a36215c5bcc20e3ebaceaab44474c99a38821e3d9,2026-09-04T14:26:17.085533+00:00,200,196,4,1.9717430211430735,5.489032167609843,0.2983260109730319,98.0,0.0,4_DEADLINE_EXCEEDED
realization_corridor_2400m_w20_seed50,Greedy,corridor_2400m,20,10,50,37053388f7bd1eacf25f871122c4d16ea5a284fc,9885c1b7b396aa6c99cefbd5114379d2dc4f5ab8b37d4e5ac7d376cd255d20bc,f427576914ea7ca656124ae7ff36b93d7288234820e3ea2bb220f661475f3562,849bbd6262223a1eaf11801a36215c5bcc20e3ebaceaab44474c99a38821e3d9,2026-09-04T14:26:18.321724+00:00,200,196,4,1.9933002631589094,5.524544751242958,7.281043052326202,98.0,86.0,4_DEADLINE_EXCEEDED
realization_corridor_2400m_w20_seed50,wo_md,corridor_2400m,20,10,50,37053388f7bd1eacf25f871122c4d16ea5a284fc,9885c1b7b396aa6c99cefbd5114379d2dc4f5ab8b37d4e5ac7d376cd255d20bc,f427576914ea7ca656124ae7ff36b93d7288234820e3ea2bb220f661475f3562,849bbd6262223a1eaf11801a36215c5bcc20e3ebaceaab44474c99a38821e3d9,2026-09-04T14:26:18.398927+00:00,200,196,4,1.9804555269682576,5.489032167609843,2.814235287642519,98.0,100.0,4_DEADLINE_EXCEEDED
realization_corridor_2400m_w20_seed50,wo_tp,corridor_2400m,20,10,50,37053388f7bd1eacf25f871122c4d16ea5a284fc,9885c1b7b396aa6c99cefbd5114379d2dc4f5ab8b37d4e5ac7d376cd255d20bc,f427576914ea7ca656124ae7ff36b93d7288234820e3ea2bb220f661475f3562,849bbd6262223a1eaf11801a36215c5bcc20e3ebaceaab44474c99a38821e3d9,2026-09-04T14:26:19.614034+00:00,200,196,4,2.006242358931763,5.511884322147424,5.947846719229926,98.0,100.0,4_DEADLINE_EXCEEDED
realization_corridor_2400m_w20_seed50,wo_co,corridor_2400m,20,10,50,37053388f7bd1eacf25f871122c4d16ea5a284fc,9885c1b7b396aa6c99cefbd5114379d2dc4f5ab8b37d4e5ac7d376cd255d20bc,f427576914ea7ca656124ae7ff36b93d7288234820e3ea2bb220f661475f3562,849bbd6262223a1eaf11801a36215c5bcc20e3ebaceaab44474c99a38821e3d9,2026-09-04T14:26:20.917623+00:00,200,196,4,1.9717430211430735,5.489032167609843,0.2983260109730319,98.0,0.0,4_DEADLINE_EXCEEDED
realization_corridor_2400m_w20_seed51,CoTOP,corridor_2400m,20,10,51,37053388f7bd1eacf25f871122c4d16ea5a284fc,9885c1b7b396aa6c99cefbd5114379d2dc4f5ab8b37d4e5ac7d376cd255d20bc,f427576914ea7ca656124ae7ff36b93d7288234820e3ea2bb220f661475f3562,2935371bd9ebe8c927b5d43ef91fe24e1c705a78645f3886de56da3ef04b4230,2026-09-04T14:26:22.061602+00:00,200,198,2,2.0712247977463267,5.528509661089963,4.014281420215451,99.0,99.5,2_DEADLINE_EXCEEDED
realization_corridor_2400m_w20_seed51,DDQN,corridor_2400m,20,10,51,37053388f7bd1eacf25f871122c4d16ea5a284fc,9885c1b7b396aa6c99cefbd5114379d2dc4f5ab8b37d4e5ac7d376cd255d20bc,f427576914ea7ca656124ae7ff36b93d7288234820e3ea2bb220f661475f3562,2935371bd9ebe8c927b5d43ef91fe24e1c705a78645f3886de56da3ef04b4230,2026-09-04T14:26:23.220623+00:00,200,200,0,2.040145512113452,5.520010459746387,2.5659743640311503,100.0,36.5,NONE
realization_corridor_2400m_w20_seed51,Local,corridor_2400m,20,10,51,37053388f7bd1eacf25f871122c4d16ea5a284fc,9885c1b7b396aa6c99cefbd5114379d2dc4f5ab8b37d4e5ac7d376cd255d20bc,f427576914ea7ca656124ae7ff36b93d7288234820e3ea2bb220f661475f3562,2935371bd9ebe8c927b5d43ef91fe24e1c705a78645f3886de56da3ef04b4230,2026-09-04T14:26:24.315590+00:00,200,200,0,2.021490937288677,5.378896597445465,0.29395924224863185,100.0,0.0,NONE
realization_corridor_2400m_w20_seed51,Greedy,corridor_2400m,20,10,51,37053388f7bd1eacf25f871122c4d16ea5a284fc,9885c1b7b396aa6c99cefbd5114379d2dc4f5ab8b37d4e5ac7d376cd255d20bc,f427576914ea7ca656124ae7ff36b93d7288234820e3ea2bb220f661475f3562,2935371bd9ebe8c927b5d43ef91fe24e1c705a78645f3886de56da3ef04b4230,2026-09-04T14:26:25.411321+00:00,200,199,1,2.044608269169775,5.446815542189769,6.9881344285237414,99.5,84.0,1_DEADLINE_EXCEEDED
realization_corridor_2400m_w20_seed51,wo_md,corridor_2400m,20,10,51,37053388f7bd1eacf25f871122c4d16ea5a284fc,9885c1b7b396aa6c99cefbd5114379d2dc4f5ab8b37d4e5ac7d376cd255d20bc,f427576914ea7ca656124ae7ff36b93d7288234820e3ea2bb220f661475f3562,2935371bd9ebe8c927b5d43ef91fe24e1c705a78645f3886de56da3ef04b4230,2026-09-04T14:26:25.477934+00:00,200,199,1,2.041043349471112,5.447967196131285,2.1653552572785943,99.5,99.5,1_DEADLINE_EXCEEDED
realization_corridor_2400m_w20_seed51,wo_tp,corridor_2400m,20,10,51,37053388f7bd1eacf25f871122c4d16ea5a284fc,9885c1b7b396aa6c99cefbd5114379d2dc4f5ab8b37d4e5ac7d376cd255d20bc,f427576914ea7ca656124ae7ff36b93d7288234820e3ea2bb220f661475f3562,2935371bd9ebe8c927b5d43ef91fe24e1c705a78645f3886de56da3ef04b4230,2026-09-04T14:26:26.571312+00:00,200,198,2,2.059171097584063,5.505634249511423,4.966079872672074,99.0,100.0,2_DEADLINE_EXCEEDED
realization_corridor_2400m_w20_seed51,wo_co,corridor_2400m,20,10,51,37053388f7bd1eacf25f871122c4d16ea5a284fc,9885c1b7b396aa6c99cefbd5114379d2dc4f5ab8b37d4e5ac7d376cd255d20bc,f427576914ea7ca656124ae7ff36b93d7288234820e3ea2bb220f661475f3562,2935371bd9ebe8c927b5d43ef91fe24e1c705a78645f3886de56da3ef04b4230,2026-09-04T14:26:27.757955+00:00,200,200,0,2.021490937288677,5.378896597445465,0.29395924224863185,100.0,0.0,NONE
realization_corridor_2400m_w30_42,CoTOP,corridor_2400m,30,10,42,37053388f7bd1eacf25f871122c4d16ea5a284fc,9885c1b7b396aa6c99cefbd5114379d2dc4f5ab8b37d4e5ac7d376cd255d20bc,f427576914ea7ca656124ae7ff36b93d7288234820e3ea2bb220f661475f3562,9aac6a3cd75c839bda90bca65a2422b6d8fec6298bb8a34b9bc77fa056ceefc1,2026-09-04T14:26:28.920120+00:00,300,299,1,2.074608288939741,5.236745358973389,3.9404622803555713,99.66666666666667,100.0,1_DEADLINE_EXCEEDED
realization_corridor_2400m_w30_42,DDQN,corridor_2400m,30,10,42,37053388f7bd1eacf25f871122c4d16ea5a284fc,9885c1b7b396aa6c99cefbd5114379d2dc4f5ab8b37d4e5ac7d376cd255d20bc,f427576914ea7ca656124ae7ff36b93d7288234820e3ea2bb220f661475f3562,9aac6a3cd75c839bda90bca65a2422b6d8fec6298bb8a34b9bc77fa056ceefc1,2026-09-04T14:26:30.077171+00:00,300,299,1,2.0438895917775213,5.133380149804176,2.169953839799194,99.66666666666667,39.0,1_DEADLINE_EXCEEDED
realization_corridor_2400m_w30_42,Local,corridor_2400m,30,10,42,37053388f7bd1eacf25f871122c4d16ea5a284fc,9885c1b7b396aa6c99cefbd5114379d2dc4f5ab8b37d4e5ac7d376cd255d20bc,f427576914ea7ca656124ae7ff36b93d7288234820e3ea2bb220f661475f3562,9aac6a3cd75c839bda90bca65a2422b6d8fec6298bb8a34b9bc77fa056ceefc1,2026-09-04T14:26:31.196576+00:00,300,299,1,2.044980318823019,5.132517371657454,0.30344480755071,99.66666666666667,0.0,1_DEADLINE_EXCEEDED
realization_corridor_2400m_w30_42,Greedy,corridor_2400m,30,10,42,37053388f7bd1eacf25f871122c4d16ea5a284fc,9885c1b7b396aa6c99cefbd5114379d2dc4f5ab8b37d4e5ac7d376cd255d20bc,f427576914ea7ca656124ae7ff36b93d7288234820e3ea2bb220f661475f3562,9aac6a3cd75c839bda90bca65a2422b6d8fec6298bb8a34b9bc77fa056ceefc1,2026-09-04T14:26:32.318037+00:00,300,299,1,2.045848323814554,5.192061222036257,7.467528755857169,99.66666666666667,87.33333333333333,1_DEADLINE_EXCEEDED
realization_corridor_2400m_w30_42,wo_md,corridor_2400m,30,10,42,37053388f7bd1eacf25f871122c4d16ea5a284fc,9885c1b7b396aa6c99cefbd5114379d2dc4f5ab8b37d4e5ac7d376cd255d20bc,f427576914ea7ca656124ae7ff36b93d7288234820e3ea2bb220f661475f3562,9aac6a3cd75c839bda90bca65a2422b6d8fec6298bb8a34b9bc77fa056ceefc1,2026-09-04T14:26:32.396400+00:00,300,299,1,2.0446754166502092,5.182811480744658,2.1298995113259664,99.66666666666667,100.0,1_DEADLINE_EXCEEDED
realization_corridor_2400m_w30_42,wo_tp,corridor_2400m,30,10,42,37053388f7bd1eacf25f871122c4d16ea5a284fc,9885c1b7b396aa6c99cefbd5114379d2dc4f5ab8b37d4e5ac7d376cd255d20bc,f427576914ea7ca656124ae7ff36b93d7288234820e3ea2bb220f661475f3562,9aac6a3cd75c839bda90bca65a2422b6d8fec6298bb8a34b9bc77fa056ceefc1,2026-09-04T14:26:33.544425+00:00,300,299,1,2.063228597028511,5.2425604855794665,5.94843510654679,99.66666666666667,100.0,1_DEADLINE_EXCEEDED
realization_corridor_2400m_w30_42,wo_co,corridor_2400m,30,10,42,37053388f7bd1eacf25f871122c4d16ea5a284fc,9885c1b7b396aa6c99cefbd5114379d2dc4f5ab8b37d4e5ac7d376cd255d20bc,f427576914ea7ca656124ae7ff36b93d7288234820e3ea2bb220f661475f3562,9aac6a3cd75c839bda90bca65a2422b6d8fec6298bb8a34b9bc77fa056ceefc1,2026-09-04T14:26:34.639476+00:00,300,299,1,2.044980318823019,5.132517371657454,0.30344480755071,99.66666666666667,0.0,1_DEADLINE_EXCEEDED
realization_corridor_2400m_w30_43,CoTOP,corridor_2400m,30,10,43,37053388f7bd1eacf25f871122c4d16ea5a284fc,9885c1b7b396aa6c99cefbd5114379d2dc4f5ab8b37d4e5ac7d376cd255d20bc,f427576914ea7ca656124ae7ff36b93d7288234820e3ea2bb220f661475f3562,dae3ddc2916c97039addccf0b7ccd98e3d3141fddfd1075e2f18653b1861069b,2026-09-04T14:26:35.919035+00:00,300,293,7,2.1367725997153326,5.4760482215551445,4.023860518366361,97.66666666666667,100.0,7_DEADLINE_EXCEEDED
realization_corridor_2400m_w30_43,DDQN,corridor_2400m,30,10,43,37053388f7bd1eacf25f871122c4d16ea5a284fc,9885c1b7b396aa6c99cefbd5114379d2dc4f5ab8b37d4e5ac7d376cd255d20bc,f427576914ea7ca656124ae7ff36b93d7288234820e3ea2bb220f661475f3562,dae3ddc2916c97039addccf0b7ccd98e3d3141fddfd1075e2f18653b1861069b,2026-09-04T14:26:37.079750+00:00,300,295,5,2.0794674263540522,5.4076155424697685,2.463461274053245,98.33333333333333,40.0,5_DEADLINE_EXCEEDED
realization_corridor_2400m_w30_43,Local,corridor_2400m,30,10,43,37053388f7bd1eacf25f871122c4d16ea5a284fc,9885c1b7b396aa6c99cefbd5114379d2dc4f5ab8b37d4e5ac7d376cd255d20bc,f427576914ea7ca656124ae7ff36b93d7288234820e3ea2bb220f661475f3562,dae3ddc2916c97039addccf0b7ccd98e3d3141fddfd1075e2f18653b1861069b,2026-09-04T14:26:38.224065+00:00,300,296,4,2.075603248523065,5.4076155424697685,0.2860084749388137,98.66666666666667,0.0,4_DEADLINE_EXCEEDED
realization_corridor_2400m_w30_43,Greedy,corridor_2400m,30,10,43,37053388f7bd1eacf25f871122c4d16ea5a284fc,9885c1b7b396aa6c99cefbd5114379d2dc4f5ab8b37d4e5ac7d376cd255d20bc,f427576914ea7ca656124ae7ff36b93d7288234820e3ea2bb220f661475f3562,dae3ddc2916c97039addccf0b7ccd98e3d3141fddfd1075e2f18653b1861069b,2026-09-04T14:26:39.384443+00:00,300,295,5,2.064162609782818,5.428726435633069,6.89360305732517,98.33333333333333,87.66666666666667,5_DEADLINE_EXCEEDED
realization_corridor_2400m_w30_43,wo_md,corridor_2400m,30,10,43,37053388f7bd1eacf25f871122c4d16ea5a284fc,9885c1b7b396aa6c99cefbd5114379d2dc4f5ab8b37d4e5ac7d376cd255d20bc,f427576914ea7ca656124ae7ff36b93d7288234820e3ea2bb220f661475f3562,dae3ddc2916c97039addccf0b7ccd98e3d3141fddfd1075e2f18653b1861069b,2026-09-04T14:26:39.468314+00:00,300,294,6,2.0969205079474933,5.4076155424697685,2.178330253891213,98.0,100.0,6_DEADLINE_EXCEEDED
realization_corridor_2400m_w30_43,wo_tp,corridor_2400m,30,10,43,37053388f7bd1eacf25f871122c4d16ea5a284fc,9885c1b7b396aa6c99cefbd5114379d2dc4f5ab8b37d4e5ac7d376cd255d20bc,f427576914ea7ca656124ae7ff36b93d7288234820e3ea2bb220f661475f3562,dae3ddc2916c97039addccf0b7ccd98e3d3141fddfd1075e2f18653b1861069b,2026-09-04T14:26:40.631545+00:00,300,293,7,2.1019706002751612,5.494908848810894,5.648406321282021,97.66666666666667,100.0,7_DEADLINE_EXCEEDED
realization_corridor_2400m_w30_43,wo_co,corridor_2400m,30,10,43,37053388f7bd1eacf25f871122c4d16ea5a284fc,9885c1b7b396aa6c99cefbd5114379d2dc4f5ab8b37d4e5ac7d376cd255d20bc,f427576914ea7ca656124ae7ff36b93d7288234820e3ea2bb220f661475f3562,dae3ddc2916c97039addccf0b7ccd98e3d3141fddfd1075e2f18653b1861069b,2026-09-04T14:26:41.770144+00:00,300,296,4,2.075603248523065,5.4076155424697685,0.2860084749388137,98.66666666666667,0.0,4_DEADLINE_EXCEEDED
realization_corridor_2400m_w30_44,CoTOP,corridor_2400m,30,10,44,37053388f7bd1eacf25f871122c4d16ea5a284fc,9885c1b7b396aa6c99cefbd5114379d2dc4f5ab8b37d4e5ac7d376cd255d20bc,f427576914ea7ca656124ae7ff36b93d7288234820e3ea2bb220f661475f3562,2e7215839ff41c4f9bd7cd524a428cb532657965c2eaabbe5ac5e5a3e39e93e3,2026-09-04T14:26:43.040774+00:00,300,295,5,2.029710214146069,5.288792063286725,3.8650510006436987,98.33333333333333,100.0,5_DEADLINE_EXCEEDED
realization_corridor_2400m_w30_44,DDQN,corridor_2400m,30,10,44,37053388f7bd1eacf25f871122c4d16ea5a284fc,9885c1b7b396aa6c99cefbd5114379d2dc4f5ab8b37d4e5ac7d376cd255d20bc,f427576914ea7ca656124ae7ff36b93d7288234820e3ea2bb220f661475f3562,2e7215839ff41c4f9bd7cd524a428cb532657965c2eaabbe5ac5e5a3e39e93e3,2026-09-04T14:26:44.194063+00:00,300,295,5,1.9865746861480897,5.129561665447796,2.75575482217588,98.33333333333333,43.0,5_DEADLINE_EXCEEDED
realization_corridor_2400m_w30_44,Local,corridor_2400m,30,10,44,37053388f7bd1eacf25f871122c4d16ea5a284fc,9885c1b7b396aa6c99cefbd5114379d2dc4f5ab8b37d4e5ac7d376cd255d20bc,f427576914ea7ca656124ae7ff36b93d7288234820e3ea2bb220f661475f3562,2e7215839ff41c4f9bd7cd524a428cb532657965c2eaabbe5ac5e5a3e39e93e3,2026-09-04T14:26:45.286005+00:00,300,296,4,1.9687189153280606,5.1123763736841665,0.2844911862426961,98.66666666666667,0.0,4_DEADLINE_EXCEEDED
realization_corridor_2400m_w30_44,Greedy,corridor_2400m,30,10,44,37053388f7bd1eacf25f871122c4d16ea5a284fc,9885c1b7b396aa6c99cefbd5114379d2dc4f5ab8b37d4e5ac7d376cd255d20bc,f427576914ea7ca656124ae7ff36b93d7288234820e3ea2bb220f661475f3562,2e7215839ff41c4f9bd7cd524a428cb532657965c2eaabbe5ac5e5a3e39e93e3,2026-09-04T14:26:46.384877+00:00,300,296,4,1.972402526687518,5.133231855847357,6.874216349470947,98.66666666666667,85.33333333333334,4_DEADLINE_EXCEEDED
realization_corridor_2400m_w30_44,wo_md,corridor_2400m,30,10,44,37053388f7bd1eacf25f871122c4d16ea5a284fc,9885c1b7b396aa6c99cefbd5114379d2dc4f5ab8b37d4e5ac7d376cd255d20bc,f427576914ea7ca656124ae7ff36b93d7288234820e3ea2bb220f661475f3562,2e7215839ff41c4f9bd7cd524a428cb532657965c2eaabbe5ac5e5a3e39e93e3,2026-09-04T14:26:46.463918+00:00,300,296,4,1.9938554235480974,5.243210417186838,2.082688235502093,98.66666666666667,100.0,4_DEADLINE_EXCEEDED
realization_corridor_2400m_w30_44,wo_tp,corridor_2400m,30,10,44,37053388f7bd1eacf25f871122c4d16ea5a284fc,9885c1b7b396aa6c99cefbd5114379d2dc4f5ab8b37d4e5ac7d376cd255d20bc,f427576914ea7ca656124ae7ff36b93d7288234820e3ea2bb220f661475f3562,2e7215839ff41c4f9bd7cd524a428cb532657965c2eaabbe5ac5e5a3e39e93e3,2026-09-04T14:26:47.586343+00:00,300,295,5,2.0018217746893763,5.227310519640818,5.691901378097578,98.33333333333333,100.0,5_DEADLINE_EXCEEDED
realization_corridor_2400m_w30_44,wo_co,corridor_2400m,30,10,44,37053388f7bd1eacf25f871122c4d16ea5a284fc,9885c1b7b396aa6c99cefbd5114379d2dc4f5ab8b37d4e5ac7d376cd255d20bc,f427576914ea7ca656124ae7ff36b93d7288234820e3ea2bb220f661475f3562,2e7215839ff41c4f9bd7cd524a428cb532657965c2eaabbe5ac5e5a3e39e93e3,2026-09-04T14:26:48.667053+00:00,300,296,4,1.9687189153280606,5.1123763736841665,0.2844911862426961,98.66666666666667,0.0,4_DEADLINE_EXCEEDED
realization_corridor_2400m_w30_45,CoTOP,corridor_2400m,30,10,45,37053388f7bd1eacf25f871122c4d16ea5a284fc,9885c1b7b396aa6c99cefbd5114379d2dc4f5ab8b37d4e5ac7d376cd255d20bc,f427576914ea7ca656124ae7ff36b93d7288234820e3ea2bb220f661475f3562,f820ccdf1f56a15863c501f5ef482e73f19d133834f3c2390c7641fc1e03155a,2026-09-04T14:26:50.085153+00:00,300,292,8,2.005522872200157,5.50463150165212,5.180923346973926,97.33333333333334,100.0,8_DEADLINE_EXCEEDED
realization_corridor_2400m_w30_45,DDQN,corridor_2400m,30,10,45,37053388f7bd1eacf25f871122c4d16ea5a284fc,9885c1b7b396aa6c99cefbd5114379d2dc4f5ab8b37d4e5ac7d376cd255d20bc,f427576914ea7ca656124ae7ff36b93d7288234820e3ea2bb220f661475f3562,f820ccdf1f56a15863c501f5ef482e73f19d133834f3c2390c7641fc1e03155a,2026-09-04T14:26:51.340723+00:00,300,294,6,1.9581340887508774,5.459040998821434,2.4311514507547427,98.0,39.0,6_DEADLINE_EXCEEDED
realization_corridor_2400m_w30_45,Local,corridor_2400m,30,10,45,37053388f7bd1eacf25f871122c4d16ea5a284fc,9885c1b7b396aa6c99cefbd5114379d2dc4f5ab8b37d4e5ac7d376cd255d20bc,f427576914ea7ca656124ae7ff36b93d7288234820e3ea2bb220f661475f3562,f820ccdf1f56a15863c501f5ef482e73f19d133834f3c2390c7641fc1e03155a,2026-09-04T14:26:52.598952+00:00,300,295,5,1.9455422408833756,5.391593781835175,0.30434942490919376,98.33333333333333,0.0,5_DEADLINE_EXCEEDED
realization_corridor_2400m_w30_45,Greedy,corridor_2400m,30,10,45,37053388f7bd1eacf25f871122c4d16ea5a284fc,9885c1b7b396aa6c99cefbd5114379d2dc4f5ab8b37d4e5ac7d376cd255d20bc,f427576914ea7ca656124ae7ff36b93d7288234820e3ea2bb220f661475f3562,f820ccdf1f56a15863c501f5ef482e73f19d133834f3c2390c7641fc1e03155a,2026-09-04T14:26:53.845883+00:00,300,294,6,1.9460372999827662,5.390058479636836,7.232340573584594,98.0,86.0,6_DEADLINE_EXCEEDED
realization_corridor_2400m_w30_45,wo_md,corridor_2400m,30,10,45,37053388f7bd1eacf25f871122c4d16ea5a284fc,9885c1b7b396aa6c99cefbd5114379d2dc4f5ab8b37d4e5ac7d376cd255d20bc,f427576914ea7ca656124ae7ff36b93d7288234820e3ea2bb220f661475f3562,f820ccdf1f56a15863c501f5ef482e73f19d133834f3c2390c7641fc1e03155a,2026-09-04T14:26:53.931455+00:00,300,293,7,1.9603142252959742,5.458671432197473,2.750726954057765,97.66666666666667,100.0,7_DEADLINE_EXCEEDED
realization_corridor_2400m_w30_45,wo_tp,corridor_2400m,30,10,45,37053388f7bd1eacf25f871122c4d16ea5a284fc,9885c1b7b396aa6c99cefbd5114379d2dc4f5ab8b37d4e5ac7d376cd255d20bc,f427576914ea7ca656124ae7ff36b93d7288234820e3ea2bb220f661475f3562,f820ccdf1f56a15863c501f5ef482e73f19d133834f3c2390c7641fc1e03155a,2026-09-04T14:26:55.143982+00:00,300,292,8,1.9781550867880453,5.483048505821707,6.396876388414515,97.33333333333334,100.0,8_DEADLINE_EXCEEDED
realization_corridor_2400m_w30_45,wo_co,corridor_2400m,30,10,45,37053388f7bd1eacf25f871122c4d16ea5a284fc,9885c1b7b396aa6c99cefbd5114379d2dc4f5ab8b37d4e5ac7d376cd255d20bc,f427576914ea7ca656124ae7ff36b93d7288234820e3ea2bb220f661475f3562,f820ccdf1f56a15863c501f5ef482e73f19d133834f3c2390c7641fc1e03155a,2026-09-04T14:26:56.330476+00:00,300,295,5,1.9455422408833756,5.391593781835175,0.30434942490919376,98.33333333333333,0.0,5_DEADLINE_EXCEEDED
realization_corridor_2400m_w30_46,CoTOP,corridor_2400m,30,10,46,37053388f7bd1eacf25f871122c4d16ea5a284fc,9885c1b7b396aa6c99cefbd5114379d2dc4f5ab8b37d4e5ac7d376cd255d20bc,f427576914ea7ca656124ae7ff36b93d7288234820e3ea2bb220f661475f3562,86136e88345f1c18a29118b9ca8bfc848f0f984edc9fb5f2b303b7f02d3acb71,2026-09-04T14:26:57.614833+00:00,300,289,11,2.097598287734112,5.598346972895175,3.9884546606387272,96.33333333333334,100.0,11_DEADLINE_EXCEEDED
realization_corridor_2400m_w30_46,DDQN,corridor_2400m,30,10,46,37053388f7bd1eacf25f871122c4d16ea5a284fc,9885c1b7b396aa6c99cefbd5114379d2dc4f5ab8b37d4e5ac7d376cd255d20bc,f427576914ea7ca656124ae7ff36b93d7288234820e3ea2bb220f661475f3562,86136e88345f1c18a29118b9ca8bfc848f0f984edc9fb5f2b303b7f02d3acb71,2026-09-04T14:26:58.733854+00:00,300,290,10,2.048644336550562,5.4617151062698195,2.486205873789598,96.66666666666667,38.0,10_DEADLINE_EXCEEDED
realization_corridor_2400m_w30_46,Local,corridor_2400m,30,10,46,37053388f7bd1eacf25f871122c4d16ea5a284fc,9885c1b7b396aa6c99cefbd5114379d2dc4f5ab8b37d4e5ac7d376cd255d20bc,f427576914ea7ca656124ae7ff36b93d7288234820e3ea2bb220f661475f3562,86136e88345f1c18a29118b9ca8bfc848f0f984edc9fb5f2b303b7f02d3acb71,2026-09-04T14:26:59.908493+00:00,300,292,8,2.0354051970125946,5.4573467592271445,0.2934423902432155,97.33333333333334,0.0,8_DEADLINE_EXCEEDED
realization_corridor_2400m_w30_46,Greedy,corridor_2400m,30,10,46,37053388f7bd1eacf25f871122c4d16ea5a284fc,9885c1b7b396aa6c99cefbd5114379d2dc4f5ab8b37d4e5ac7d376cd255d20bc,f427576914ea7ca656124ae7ff36b93d7288234820e3ea2bb220f661475f3562,86136e88345f1c18a29118b9ca8bfc848f0f984edc9fb5f2b303b7f02d3acb71,2026-09-04T14:27:01.033944+00:00,300,290,10,2.043694978472746,5.598346972895175,7.4864304339481,96.66666666666667,88.66666666666667,10_DEADLINE_EXCEEDED
realization_corridor_2400m_w30_46,wo_md,corridor_2400m,30,10,46,37053388f7bd1eacf25f871122c4d16ea5a284fc,9885c1b7b396aa6c99cefbd5114379d2dc4f5ab8b37d4e5ac7d376cd255d20bc,f427576914ea7ca656124ae7ff36b93d7288234820e3ea2bb220f661475f3562,86136e88345f1c18a29118b9ca8bfc848f0f984edc9fb5f2b303b7f02d3acb71,2026-09-04T14:27:01.115217+00:00,300,291,9,2.0597686105415094,5.524081089145631,2.158742341463343,97.0,100.0,9_DEADLINE_EXCEEDED
realization_corridor_2400m_w30_46,wo_tp,corridor_2400m,30,10,46,37053388f7bd1eacf25f871122c4d16ea5a284fc,9885c1b7b396aa6c99cefbd5114379d2dc4f5ab8b37d4e5ac7d376cd255d20bc,f427576914ea7ca656124ae7ff36b93d7288234820e3ea2bb220f661475f3562,86136e88345f1c18a29118b9ca8bfc848f0f984edc9fb5f2b303b7f02d3acb71,2026-09-04T14:27:02.239393+00:00,300,291,9,2.069514244283303,5.6432514189569085,5.855642691134687,97.0,100.0,9_DEADLINE_EXCEEDED
realization_corridor_2400m_w30_46,wo_co,corridor_2400m,30,10,46,37053388f7bd1eacf25f871122c4d16ea5a284fc,9885c1b7b396aa6c99cefbd5114379d2dc4f5ab8b37d4e5ac7d376cd255d20bc,f427576914ea7ca656124ae7ff36b93d7288234820e3ea2bb220f661475f3562,86136e88345f1c18a29118b9ca8bfc848f0f984edc9fb5f2b303b7f02d3acb71,2026-09-04T14:27:03.342212+00:00,300,292,8,2.0354051970125946,5.4573467592271445,0.2934423902432155,97.33333333333334,0.0,8_DEADLINE_EXCEEDED
realization_corridor_2400m_w30_seed47,CoTOP,corridor_2400m,30,10,47,37053388f7bd1eacf25f871122c4d16ea5a284fc,9885c1b7b396aa6c99cefbd5114379d2dc4f5ab8b37d4e5ac7d376cd255d20bc,f427576914ea7ca656124ae7ff36b93d7288234820e3ea2bb220f661475f3562,624cc23feef90e3f271228ceff8c0e8836438c34b191dc57eaf905ca503988aa,2026-09-04T14:27:04.576180+00:00,300,295,5,1.9567637228022525,4.987973585277617,5.039821599858558,98.33333333333333,100.0,5_DEADLINE_EXCEEDED
realization_corridor_2400m_w30_seed47,DDQN,corridor_2400m,30,10,47,37053388f7bd1eacf25f871122c4d16ea5a284fc,9885c1b7b396aa6c99cefbd5114379d2dc4f5ab8b37d4e5ac7d376cd255d20bc,f427576914ea7ca656124ae7ff36b93d7288234820e3ea2bb220f661475f3562,624cc23feef90e3f271228ceff8c0e8836438c34b191dc57eaf905ca503988aa,2026-09-04T14:27:05.889356+00:00,300,296,4,1.9182104909855962,4.984135058131793,3.019657521698699,98.66666666666667,41.333333333333336,4_DEADLINE_EXCEEDED
realization_corridor_2400m_w30_seed47,Local,corridor_2400m,30,10,47,37053388f7bd1eacf25f871122c4d16ea5a284fc,9885c1b7b396aa6c99cefbd5114379d2dc4f5ab8b37d4e5ac7d376cd255d20bc,f427576914ea7ca656124ae7ff36b93d7288234820e3ea2bb220f661475f3562,624cc23feef90e3f271228ceff8c0e8836438c34b191dc57eaf905ca503988aa,2026-09-04T14:27:07.016026+00:00,300,297,3,1.9157951387005505,4.988909597659024,0.29919827031217605,99.0,0.0,3_DEADLINE_EXCEEDED
realization_corridor_2400m_w30_seed47,Greedy,corridor_2400m,30,10,47,37053388f7bd1eacf25f871122c4d16ea5a284fc,9885c1b7b396aa6c99cefbd5114379d2dc4f5ab8b37d4e5ac7d376cd255d20bc,f427576914ea7ca656124ae7ff36b93d7288234820e3ea2bb220f661475f3562,624cc23feef90e3f271228ceff8c0e8836438c34b191dc57eaf905ca503988aa,2026-09-04T14:27:08.189315+00:00,300,296,4,1.91085606982682,4.97091815916788,7.083536957047493,98.66666666666667,86.0,4_DEADLINE_EXCEEDED
realization_corridor_2400m_w30_seed47,wo_md,corridor_2400m,30,10,47,37053388f7bd1eacf25f871122c4d16ea5a284fc,9885c1b7b396aa6c99cefbd5114379d2dc4f5ab8b37d4e5ac7d376cd255d20bc,f427576914ea7ca656124ae7ff36b93d7288234820e3ea2bb220f661475f3562,624cc23feef90e3f271228ceff8c0e8836438c34b191dc57eaf905ca503988aa,2026-09-04T14:27:08.274641+00:00,300,296,4,1.917339872024088,4.986076834573977,2.686628264208895,98.66666666666667,100.0,4_DEADLINE_EXCEEDED
realization_corridor_2400m_w30_seed47,wo_tp,corridor_2400m,30,10,47,37053388f7bd1eacf25f871122c4d16ea5a284fc,9885c1b7b396aa6c99cefbd5114379d2dc4f5ab8b37d4e5ac7d376cd255d20bc,f427576914ea7ca656124ae7ff36b93d7288234820e3ea2bb220f661475f3562,624cc23feef90e3f271228ceff8c0e8836438c34b191dc57eaf905ca503988aa,2026-09-04T14:27:09.457043+00:00,300,295,5,1.9367482637398659,4.9961733892849605,6.461511201963988,98.33333333333333,100.0,5_DEADLINE_EXCEEDED
realization_corridor_2400m_w30_seed47,wo_co,corridor_2400m,30,10,47,37053388f7bd1eacf25f871122c4d16ea5a284fc,9885c1b7b396aa6c99cefbd5114379d2dc4f5ab8b37d4e5ac7d376cd255d20bc,f427576914ea7ca656124ae7ff36b93d7288234820e3ea2bb220f661475f3562,624cc23feef90e3f271228ceff8c0e8836438c34b191dc57eaf905ca503988aa,2026-09-04T14:27:10.647405+00:00,300,297,3,1.9157951387005505,4.988909597659024,0.29919827031217605,99.0,0.0,3_DEADLINE_EXCEEDED
realization_corridor_2400m_w30_seed48,CoTOP,corridor_2400m,30,10,48,37053388f7bd1eacf25f871122c4d16ea5a284fc,9885c1b7b396aa6c99cefbd5114379d2dc4f5ab8b37d4e5ac7d376cd255d20bc,f427576914ea7ca656124ae7ff36b93d7288234820e3ea2bb220f661475f3562,fa306d0184da1ab0e8a7e0dec852c43be28871954050c4ca57c88d780dfea564,2026-09-04T14:27:11.839467+00:00,300,295,5,2.033585560576399,5.325712793030909,3.9619349802156503,98.33333333333333,100.0,5_DEADLINE_EXCEEDED
realization_corridor_2400m_w30_seed48,DDQN,corridor_2400m,30,10,48,37053388f7bd1eacf25f871122c4d16ea5a284fc,9885c1b7b396aa6c99cefbd5114379d2dc4f5ab8b37d4e5ac7d376cd255d20bc,f427576914ea7ca656124ae7ff36b93d7288234820e3ea2bb220f661475f3562,fa306d0184da1ab0e8a7e0dec852c43be28871954050c4ca57c88d780dfea564,2026-09-04T14:27:13.124307+00:00,300,295,5,2.0048417356506913,5.189155803928692,2.5490669472867737,98.33333333333333,36.666666666666664,5_DEADLINE_EXCEEDED
realization_corridor_2400m_w30_seed48,Local,corridor_2400m,30,10,48,37053388f7bd1eacf25f871122c4d16ea5a284fc,9885c1b7b396aa6c99cefbd5114379d2dc4f5ab8b37d4e5ac7d376cd255d20bc,f427576914ea7ca656124ae7ff36b93d7288234820e3ea2bb220f661475f3562,fa306d0184da1ab0e8a7e0dec852c43be28871954050c4ca57c88d780dfea564,2026-09-04T14:27:14.255414+00:00,300,295,5,2.0060051446483156,5.199132395317298,0.30931695931304526,98.33333333333333,0.0,5_DEADLINE_EXCEEDED
realization_corridor_2400m_w30_seed48,Greedy,corridor_2400m,30,10,48,37053388f7bd1eacf25f871122c4d16ea5a284fc,9885c1b7b396aa6c99cefbd5114379d2dc4f5ab8b37d4e5ac7d376cd255d20bc,f427576914ea7ca656124ae7ff36b93d7288234820e3ea2bb220f661475f3562,fa306d0184da1ab0e8a7e0dec852c43be28871954050c4ca57c88d780dfea564,2026-09-04T14:27:15.377711+00:00,300,295,5,1.995539381478377,5.200396718798991,6.894913203756009,98.33333333333333,83.66666666666667,5_DEADLINE_EXCEEDED
realization_corridor_2400m_w30_seed48,wo_md,corridor_2400m,30,10,48,37053388f7bd1eacf25f871122c4d16ea5a284fc,9885c1b7b396aa6c99cefbd5114379d2dc4f5ab8b37d4e5ac7d376cd255d20bc,f427576914ea7ca656124ae7ff36b93d7288234820e3ea2bb220f661475f3562,fa306d0184da1ab0e8a7e0dec852c43be28871954050c4ca57c88d780dfea564,2026-09-04T14:27:15.463109+00:00,300,295,5,2.0035432811477216,5.223777271744614,2.167176926990067,98.33333333333333,100.0,5_DEADLINE_EXCEEDED
realization_corridor_2400m_w30_seed48,wo_tp,corridor_2400m,30,10,48,37053388f7bd1eacf25f871122c4d16ea5a284fc,9885c1b7b396aa6c99cefbd5114379d2dc4f5ab8b37d4e5ac7d376cd255d20bc,f427576914ea7ca656124ae7ff36b93d7288234820e3ea2bb220f661475f3562,fa306d0184da1ab0e8a7e0dec852c43be28871954050c4ca57c88d780dfea564,2026-09-04T14:27:16.610704+00:00,300,295,5,2.0166312830164927,5.237572987082932,5.620535714941679,98.33333333333333,100.0,5_DEADLINE_EXCEEDED
realization_corridor_2400m_w30_seed48,wo_co,corridor_2400m,30,10,48,37053388f7bd1eacf25f871122c4d16ea5a284fc,9885c1b7b396aa6c99cefbd5114379d2dc4f5ab8b37d4e5ac7d376cd255d20bc,f427576914ea7ca656124ae7ff36b93d7288234820e3ea2bb220f661475f3562,fa306d0184da1ab0e8a7e0dec852c43be28871954050c4ca57c88d780dfea564,2026-09-04T14:27:17.703003+00:00,300,295,5,2.0060051446483156,5.199132395317298,0.30931695931304526,98.33333333333333,0.0,5_DEADLINE_EXCEEDED
realization_corridor_2400m_w30_seed49,CoTOP,corridor_2400m,30,10,49,37053388f7bd1eacf25f871122c4d16ea5a284fc,9885c1b7b396aa6c99cefbd5114379d2dc4f5ab8b37d4e5ac7d376cd255d20bc,f427576914ea7ca656124ae7ff36b93d7288234820e3ea2bb220f661475f3562,1e4923ce97c5e3104e6efb9d7711ffd828a6f726b25a2273cbb2ad869db6fd22,2026-09-04T14:27:18.896906+00:00,300,297,3,1.964617909524513,5.131175494200176,5.035705805101155,99.0,100.0,3_DEADLINE_EXCEEDED
realization_corridor_2400m_w30_seed49,DDQN,corridor_2400m,30,10,49,37053388f7bd1eacf25f871122c4d16ea5a284fc,9885c1b7b396aa6c99cefbd5114379d2dc4f5ab8b37d4e5ac7d376cd255d20bc,f427576914ea7ca656124ae7ff36b93d7288234820e3ea2bb220f661475f3562,1e4923ce97c5e3104e6efb9d7711ffd828a6f726b25a2273cbb2ad869db6fd22,2026-09-04T14:27:20.131600+00:00,300,297,3,1.9162437854892123,5.126833294656747,2.760672425484744,99.0,42.66666666666667,3_DEADLINE_EXCEEDED
realization_corridor_2400m_w30_seed49,Local,corridor_2400m,30,10,49,37053388f7bd1eacf25f871122c4d16ea5a284fc,9885c1b7b396aa6c99cefbd5114379d2dc4f5ab8b37d4e5ac7d376cd255d20bc,f427576914ea7ca656124ae7ff36b93d7288234820e3ea2bb220f661475f3562,1e4923ce97c5e3104e6efb9d7711ffd828a6f726b25a2273cbb2ad869db6fd22,2026-09-04T14:27:21.413791+00:00,300,297,3,1.9077061626650353,5.1316359438229275,0.2919160886899563,99.0,0.0,3_DEADLINE_EXCEEDED
realization_corridor_2400m_w30_seed49,Greedy,corridor_2400m,30,10,49,37053388f7bd1eacf25f871122c4d16ea5a284fc,9885c1b7b396aa6c99cefbd5114379d2dc4f5ab8b37d4e5ac7d376cd255d20bc,f427576914ea7ca656124ae7ff36b93d7288234820e3ea2bb220f661475f3562,1e4923ce97c5e3104e6efb9d7711ffd828a6f726b25a2273cbb2ad869db6fd22,2026-09-04T14:27:22.570618+00:00,300,298,2,1.9053074096288731,5.114703367566256,6.7476583444078395,99.33333333333333,83.33333333333334,2_DEADLINE_EXCEEDED
realization_corridor_2400m_w30_seed49,wo_md,corridor_2400m,30,10,49,37053388f7bd1eacf25f871122c4d16ea5a284fc,9885c1b7b396aa6c99cefbd5114379d2dc4f5ab8b37d4e5ac7d376cd255d20bc,f427576914ea7ca656124ae7ff36b93d7288234820e3ea2bb220f661475f3562,1e4923ce97c5e3104e6efb9d7711ffd828a6f726b25a2273cbb2ad869db6fd22,2026-09-04T14:27:22.647752+00:00,300,297,3,1.9229606854239796,5.128709844065362,2.683093225521688,99.0,100.0,3_DEADLINE_EXCEEDED
realization_corridor_2400m_w30_seed49,wo_tp,corridor_2400m,30,10,49,37053388f7bd1eacf25f871122c4d16ea5a284fc,9885c1b7b396aa6c99cefbd5114379d2dc4f5ab8b37d4e5ac7d376cd255d20bc,f427576914ea7ca656124ae7ff36b93d7288234820e3ea2bb220f661475f3562,1e4923ce97c5e3104e6efb9d7711ffd828a6f726b25a2273cbb2ad869db6fd22,2026-09-04T14:27:23.850934+00:00,300,297,3,1.9373676683772107,5.140082047380236,6.267515995356146,99.0,100.0,3_DEADLINE_EXCEEDED
realization_corridor_2400m_w30_seed49,wo_co,corridor_2400m,30,10,49,37053388f7bd1eacf25f871122c4d16ea5a284fc,9885c1b7b396aa6c99cefbd5114379d2dc4f5ab8b37d4e5ac7d376cd255d20bc,f427576914ea7ca656124ae7ff36b93d7288234820e3ea2bb220f661475f3562,1e4923ce97c5e3104e6efb9d7711ffd828a6f726b25a2273cbb2ad869db6fd22,2026-09-04T14:27:24.979300+00:00,300,297,3,1.9077061626650353,5.1316359438229275,0.2919160886899563,99.0,0.0,3_DEADLINE_EXCEEDED
realization_corridor_2400m_w30_seed50,CoTOP,corridor_2400m,30,10,50,37053388f7bd1eacf25f871122c4d16ea5a284fc,9885c1b7b396aa6c99cefbd5114379d2dc4f5ab8b37d4e5ac7d376cd255d20bc,f427576914ea7ca656124ae7ff36b93d7288234820e3ea2bb220f661475f3562,3f35e685bc857551fa852b1687901958f33f4a2609378ab5882869e38dfe0763,2026-09-04T14:27:26.189592+00:00,300,296,4,2.021217560497893,5.577222053745457,5.286858946916095,98.66666666666667,100.0,4_DEADLINE_EXCEEDED
realization_corridor_2400m_w30_seed50,DDQN,corridor_2400m,30,10,50,37053388f7bd1eacf25f871122c4d16ea5a284fc,9885c1b7b396aa6c99cefbd5114379d2dc4f5ab8b37d4e5ac7d376cd255d20bc,f427576914ea7ca656124ae7ff36b93d7288234820e3ea2bb220f661475f3562,3f35e685bc857551fa852b1687901958f33f4a2609378ab5882869e38dfe0763,2026-09-04T14:27:27.407716+00:00,300,296,4,1.9829401129258644,5.495337170218987,3.6756016176383475,98.66666666666667,44.666666666666664,4_DEADLINE_EXCEEDED
realization_corridor_2400m_w30_seed50,Local,corridor_2400m,30,10,50,37053388f7bd1eacf25f871122c4d16ea5a284fc,9885c1b7b396aa6c99cefbd5114379d2dc4f5ab8b37d4e5ac7d376cd255d20bc,f427576914ea7ca656124ae7ff36b93d7288234820e3ea2bb220f661475f3562,3f35e685bc857551fa852b1687901958f33f4a2609378ab5882869e38dfe0763,2026-09-04T14:27:28.644798+00:00,300,296,4,1.9767377352169633,5.497800685911461,0.296149875189284,98.66666666666667,0.0,4_DEADLINE_EXCEEDED
realization_corridor_2400m_w30_seed50,Greedy,corridor_2400m,30,10,50,37053388f7bd1eacf25f871122c4d16ea5a284fc,9885c1b7b396aa6c99cefbd5114379d2dc4f5ab8b37d4e5ac7d376cd255d20bc,f427576914ea7ca656124ae7ff36b93d7288234820e3ea2bb220f661475f3562,3f35e685bc857551fa852b1687901958f33f4a2609378ab5882869e38dfe0763,2026-09-04T14:27:29.824722+00:00,300,296,4,1.976718976283673,5.539953149279489,7.328516056472342,98.66666666666667,86.0,4_DEADLINE_EXCEEDED
realization_corridor_2400m_w30_seed50,wo_md,corridor_2400m,30,10,50,37053388f7bd1eacf25f871122c4d16ea5a284fc,9885c1b7b396aa6c99cefbd5114379d2dc4f5ab8b37d4e5ac7d376cd255d20bc,f427576914ea7ca656124ae7ff36b93d7288234820e3ea2bb220f661475f3562,3f35e685bc857551fa852b1687901958f33f4a2609378ab5882869e38dfe0763,2026-09-04T14:27:29.902649+00:00,300,296,4,1.9802512950343343,5.510474357508336,2.799725010351708,98.66666666666667,100.0,4_DEADLINE_EXCEEDED
realization_corridor_2400m_w30_seed50,wo_tp,corridor_2400m,30,10,50,37053388f7bd1eacf25f871122c4d16ea5a284fc,9885c1b7b396aa6c99cefbd5114379d2dc4f5ab8b37d4e5ac7d376cd255d20bc,f427576914ea7ca656124ae7ff36b93d7288234820e3ea2bb220f661475f3562,3f35e685bc857551fa852b1687901958f33f4a2609378ab5882869e38dfe0763,2026-09-04T14:27:31.091471+00:00,300,296,4,2.0015961219153633,5.566694843675738,6.614837101465482,98.66666666666667,100.0,4_DEADLINE_EXCEEDED
realization_corridor_2400m_w30_seed50,wo_co,corridor_2400m,30,10,50,37053388f7bd1eacf25f871122c4d16ea5a284fc,9885c1b7b396aa6c99cefbd5114379d2dc4f5ab8b37d4e5ac7d376cd255d20bc,f427576914ea7ca656124ae7ff36b93d7288234820e3ea2bb220f661475f3562,3f35e685bc857551fa852b1687901958f33f4a2609378ab5882869e38dfe0763,2026-09-04T14:27:32.262434+00:00,300,296,4,1.9767377352169633,5.497800685911461,0.296149875189284,98.66666666666667,0.0,4_DEADLINE_EXCEEDED
realization_corridor_2400m_w30_seed51,CoTOP,corridor_2400m,30,10,51,37053388f7bd1eacf25f871122c4d16ea5a284fc,9885c1b7b396aa6c99cefbd5114379d2dc4f5ab8b37d4e5ac7d376cd255d20bc,f427576914ea7ca656124ae7ff36b93d7288234820e3ea2bb220f661475f3562,2c83e6ad70a1baafe076027efd90eedb920bd15c68576b493245a360ed83013f,2026-09-04T14:27:33.472098+00:00,300,291,9,2.1169535966540023,5.692334492884723,4.030344100149675,97.0,100.0,9_DEADLINE_EXCEEDED
realization_corridor_2400m_w30_seed51,DDQN,corridor_2400m,30,10,51,37053388f7bd1eacf25f871122c4d16ea5a284fc,9885c1b7b396aa6c99cefbd5114379d2dc4f5ab8b37d4e5ac7d376cd255d20bc,f427576914ea7ca656124ae7ff36b93d7288234820e3ea2bb220f661475f3562,2c83e6ad70a1baafe076027efd90eedb920bd15c68576b493245a360ed83013f,2026-09-04T14:27:34.594946+00:00,300,293,7,2.0634217513243187,5.647999106859721,2.0886513036835526,97.66666666666667,37.333333333333336,7_DEADLINE_EXCEEDED
realization_corridor_2400m_w30_seed51,Local,corridor_2400m,30,10,51,37053388f7bd1eacf25f871122c4d16ea5a284fc,9885c1b7b396aa6c99cefbd5114379d2dc4f5ab8b37d4e5ac7d376cd255d20bc,f427576914ea7ca656124ae7ff36b93d7288234820e3ea2bb220f661475f3562,2c83e6ad70a1baafe076027efd90eedb920bd15c68576b493245a360ed83013f,2026-09-04T14:27:35.692976+00:00,300,293,7,2.054685619954997,5.592387006610794,0.2884131972037155,97.66666666666667,0.0,7_DEADLINE_EXCEEDED
realization_corridor_2400m_w30_seed51,Greedy,corridor_2400m,30,10,51,37053388f7bd1eacf25f871122c4d16ea5a284fc,9885c1b7b396aa6c99cefbd5114379d2dc4f5ab8b37d4e5ac7d376cd255d20bc,f427576914ea7ca656124ae7ff36b93d7288234820e3ea2bb220f661475f3562,2c83e6ad70a1baafe076027efd90eedb920bd15c68576b493245a360ed83013f,2026-09-04T14:27:36.927883+00:00,300,293,7,2.0594880856998192,5.6272362249309165,7.119767867363808,97.66666666666667,84.33333333333334,7_DEADLINE_EXCEEDED
realization_corridor_2400m_w30_seed51,wo_md,corridor_2400m,30,10,51,37053388f7bd1eacf25f871122c4d16ea5a284fc,9885c1b7b396aa6c99cefbd5114379d2dc4f5ab8b37d4e5ac7d376cd255d20bc,f427576914ea7ca656124ae7ff36b93d7288234820e3ea2bb220f661475f3562,2c83e6ad70a1baafe076027efd90eedb920bd15c68576b493245a360ed83013f,2026-09-04T14:27:37.009224+00:00,300,293,7,2.0776845007444495,5.654922122614712,2.1889158472441825,97.66666666666667,100.0,7_DEADLINE_EXCEEDED
realization_corridor_2400m_w30_seed51,wo_tp,corridor_2400m,30,10,51,37053388f7bd1eacf25f871122c4d16ea5a284fc,9885c1b7b396aa6c99cefbd5114379d2dc4f5ab8b37d4e5ac7d376cd255d20bc,f427576914ea7ca656124ae7ff36b93d7288234820e3ea2bb220f661475f3562,2c83e6ad70a1baafe076027efd90eedb920bd15c68576b493245a360ed83013f,2026-09-04T14:27:38.121577+00:00,300,292,8,2.090100849616661,5.660222230509776,5.81702122145165,97.33333333333334,100.0,8_DEADLINE_EXCEEDED
realization_corridor_2400m_w30_seed51,wo_co,corridor_2400m,30,10,51,37053388f7bd1eacf25f871122c4d16ea5a284fc,9885c1b7b396aa6c99cefbd5114379d2dc4f5ab8b37d4e5ac7d376cd255d20bc,f427576914ea7ca656124ae7ff36b93d7288234820e3ea2bb220f661475f3562,2c83e6ad70a1baafe076027efd90eedb920bd15c68576b493245a360ed83013f,2026-09-04T14:27:39.238452+00:00,300,293,7,2.054685619954997,5.592387006610794,0.2884131972037155,97.66666666666667,0.0,7_DEADLINE_EXCEEDED
realization_corridor_2400m_w40_42,CoTOP,corridor_2400m,40,10,42,37053388f7bd1eacf25f871122c4d16ea5a284fc,9885c1b7b396aa6c99cefbd5114379d2dc4f5ab8b37d4e5ac7d376cd255d20bc,f427576914ea7ca656124ae7ff36b93d7288234820e3ea2bb220f661475f3562,06711051f37b7c21eefbdafea3c03d5530fd928862e4ee02b7a2d391bac6c4dd,2026-09-04T14:27:40.438836+00:00,400,395,5,2.1157892276557577,5.280229983953911,4.0364909470774,98.75,100.0,5_DEADLINE_EXCEEDED
realization_corridor_2400m_w40_42,DDQN,corridor_2400m,40,10,42,37053388f7bd1eacf25f871122c4d16ea5a284fc,9885c1b7b396aa6c99cefbd5114379d2dc4f5ab8b37d4e5ac7d376cd255d20bc,f427576914ea7ca656124ae7ff36b93d7288234820e3ea2bb220f661475f3562,06711051f37b7c21eefbdafea3c03d5530fd928862e4ee02b7a2d391bac6c4dd,2026-09-04T14:27:41.591240+00:00,400,395,5,2.0835249837878753,5.253915359166403,2.601400120363203,98.75,44.0,5_DEADLINE_EXCEEDED
realization_corridor_2400m_w40_42,Local,corridor_2400m,40,10,42,37053388f7bd1eacf25f871122c4d16ea5a284fc,9885c1b7b396aa6c99cefbd5114379d2dc4f5ab8b37d4e5ac7d376cd255d20bc,f427576914ea7ca656124ae7ff36b93d7288234820e3ea2bb220f661475f3562,06711051f37b7c21eefbdafea3c03d5530fd928862e4ee02b7a2d391bac6c4dd,2026-09-04T14:27:42.740082+00:00,400,397,3,2.084423549929313,5.165586461978737,0.2963309984027338,99.25,0.0,3_DEADLINE_EXCEEDED
realization_corridor_2400m_w40_42,Greedy,corridor_2400m,40,10,42,37053388f7bd1eacf25f871122c4d16ea5a284fc,9885c1b7b396aa6c99cefbd5114379d2dc4f5ab8b37d4e5ac7d376cd255d20bc,f427576914ea7ca656124ae7ff36b93d7288234820e3ea2bb220f661475f3562,06711051f37b7c21eefbdafea3c03d5530fd928862e4ee02b7a2d391bac6c4dd,2026-09-04T14:27:43.885928+00:00,400,396,4,2.060307082976175,5.18488124984141,7.163616852338089,99.0,85.75,4_DEADLINE_EXCEEDED
realization_corridor_2400m_w40_42,wo_md,corridor_2400m,40,10,42,37053388f7bd1eacf25f871122c4d16ea5a284fc,9885c1b7b396aa6c99cefbd5114379d2dc4f5ab8b37d4e5ac7d376cd255d20bc,f427576914ea7ca656124ae7ff36b93d7288234820e3ea2bb220f661475f3562,06711051f37b7c21eefbdafea3c03d5530fd928862e4ee02b7a2d391bac6c4dd,2026-09-04T14:27:44.082846+00:00,400,397,3,2.081610088245285,5.2002903658882635,2.1806747962930286,99.25,100.0,3_DEADLINE_EXCEEDED
realization_corridor_2400m_w40_42,wo_tp,corridor_2400m,40,10,42,37053388f7bd1eacf25f871122c4d16ea5a284fc,9885c1b7b396aa6c99cefbd5114379d2dc4f5ab8b37d4e5ac7d376cd255d20bc,f427576914ea7ca656124ae7ff36b93d7288234820e3ea2bb220f661475f3562,06711051f37b7c21eefbdafea3c03d5530fd928862e4ee02b7a2d391bac6c4dd,2026-09-04T14:27:45.252778+00:00,400,395,5,2.0965538125915564,5.274582277418803,6.354907112434736,98.75,100.0,5_DEADLINE_EXCEEDED
realization_corridor_2400m_w40_42,wo_co,corridor_2400m,40,10,42,37053388f7bd1eacf25f871122c4d16ea5a284fc,9885c1b7b396aa6c99cefbd5114379d2dc4f5ab8b37d4e5ac7d376cd255d20bc,f427576914ea7ca656124ae7ff36b93d7288234820e3ea2bb220f661475f3562,06711051f37b7c21eefbdafea3c03d5530fd928862e4ee02b7a2d391bac6c4dd,2026-09-04T14:27:46.370202+00:00,400,397,3,2.084423549929313,5.165586461978737,0.2963309984027338,99.25,0.0,3_DEADLINE_EXCEEDED
realization_corridor_2400m_w40_43,CoTOP,corridor_2400m,40,10,43,37053388f7bd1eacf25f871122c4d16ea5a284fc,9885c1b7b396aa6c99cefbd5114379d2dc4f5ab8b37d4e5ac7d376cd255d20bc,f427576914ea7ca656124ae7ff36b93d7288234820e3ea2bb220f661475f3562,ce238db746640afb18db10717654acdd2c5d0d371b43a187e523e2448b7a075a,2026-09-04T14:27:47.541364+00:00,400,391,9,2.1538894134406585,5.513573369223208,3.9447512330676044,97.75,100.0,9_DEADLINE_EXCEEDED
realization_corridor_2400m_w40_43,DDQN,corridor_2400m,40,10,43,37053388f7bd1eacf25f871122c4d16ea5a284fc,9885c1b7b396aa6c99cefbd5114379d2dc4f5ab8b37d4e5ac7d376cd255d20bc,f427576914ea7ca656124ae7ff36b93d7288234820e3ea2bb220f661475f3562,ce238db746640afb18db10717654acdd2c5d0d371b43a187e523e2448b7a075a,2026-09-04T14:27:48.786110+00:00,400,393,7,2.101397734676218,5.4871375283383435,2.6657248882567957,98.25,45.75,7_DEADLINE_EXCEEDED
realization_corridor_2400m_w40_43,Local,corridor_2400m,40,10,43,37053388f7bd1eacf25f871122c4d16ea5a284fc,9885c1b7b396aa6c99cefbd5114379d2dc4f5ab8b37d4e5ac7d376cd255d20bc,f427576914ea7ca656124ae7ff36b93d7288234820e3ea2bb220f661475f3562,ce238db746640afb18db10717654acdd2c5d0d371b43a187e523e2448b7a075a,2026-09-04T14:27:49.951476+00:00,400,397,3,2.084910773743733,5.406423035990253,0.29120401539736906,99.25,0.0,3_DEADLINE_EXCEEDED
realization_corridor_2400m_w40_43,Greedy,corridor_2400m,40,10,43,37053388f7bd1eacf25f871122c4d16ea5a284fc,9885c1b7b396aa6c99cefbd5114379d2dc4f5ab8b37d4e5ac7d376cd255d20bc,f427576914ea7ca656124ae7ff36b93d7288234820e3ea2bb220f661475f3562,ce238db746640afb18db10717654acdd2c5d0d371b43a187e523e2448b7a075a,2026-09-04T14:27:51.183992+00:00,400,396,4,2.045540815775477,5.442100989533004,6.883615919339275,99.0,88.0,4_DEADLINE_EXCEEDED
realization_corridor_2400m_w40_43,wo_md,corridor_2400m,40,10,43,37053388f7bd1eacf25f871122c4d16ea5a284fc,9885c1b7b396aa6c99cefbd5114379d2dc4f5ab8b37d4e5ac7d376cd255d20bc,f427576914ea7ca656124ae7ff36b93d7288234820e3ea2bb220f661475f3562,ce238db746640afb18db10717654acdd2c5d0d371b43a187e523e2448b7a075a,2026-09-04T14:27:51.363674+00:00,400,395,5,2.1108716223320863,5.467290338772409,2.1264530395997014,98.75,100.0,5_DEADLINE_EXCEEDED
realization_corridor_2400m_w40_43,wo_tp,corridor_2400m,40,10,43,37053388f7bd1eacf25f871122c4d16ea5a284fc,9885c1b7b396aa6c99cefbd5114379d2dc4f5ab8b37d4e5ac7d376cd255d20bc,f427576914ea7ca656124ae7ff36b93d7288234820e3ea2bb220f661475f3562,ce238db746640afb18db10717654acdd2c5d0d371b43a187e523e2448b7a075a,2026-09-04T14:27:52.419433+00:00,400,393,7,2.106118325767387,5.502933650918313,5.919383363573856,98.25,100.0,7_DEADLINE_EXCEEDED
realization_corridor_2400m_w40_43,wo_co,corridor_2400m,40,10,43,37053388f7bd1eacf25f871122c4d16ea5a284fc,9885c1b7b396aa6c99cefbd5114379d2dc4f5ab8b37d4e5ac7d376cd255d20bc,f427576914ea7ca656124ae7ff36b93d7288234820e3ea2bb220f661475f3562,ce238db746640afb18db10717654acdd2c5d0d371b43a187e523e2448b7a075a,2026-09-04T14:27:53.596573+00:00,400,397,3,2.084910773743733,5.406423035990253,0.29120401539736906,99.25,0.0,3_DEADLINE_EXCEEDED
realization_corridor_2400m_w40_44,CoTOP,corridor_2400m,40,10,44,37053388f7bd1eacf25f871122c4d16ea5a284fc,9885c1b7b396aa6c99cefbd5114379d2dc4f5ab8b37d4e5ac7d376cd255d20bc,f427576914ea7ca656124ae7ff36b93d7288234820e3ea2bb220f661475f3562,1c70bdc5ba018ddcb7fcdc62a278ea1228722c0b95dbe66c0405446ff252c0a0,2026-09-04T14:27:54.825188+00:00,400,393,7,2.1156488473056463,5.344171208430938,4.000700193906067,98.25,100.0,7_DEADLINE_EXCEEDED
realization_corridor_2400m_w40_44,DDQN,corridor_2400m,40,10,44,37053388f7bd1eacf25f871122c4d16ea5a284fc,9885c1b7b396aa6c99cefbd5114379d2dc4f5ab8b37d4e5ac7d376cd255d20bc,f427576914ea7ca656124ae7ff36b93d7288234820e3ea2bb220f661475f3562,1c70bdc5ba018ddcb7fcdc62a278ea1228722c0b95dbe66c0405446ff252c0a0,2026-09-04T14:27:56.007710+00:00,400,395,5,2.0600975581532617,5.191407866055067,2.0202874641703623,98.75,33.75,5_DEADLINE_EXCEEDED
realization_corridor_2400m_w40_44,Local,corridor_2400m,40,10,44,37053388f7bd1eacf25f871122c4d16ea5a284fc,9885c1b7b396aa6c99cefbd5114379d2dc4f5ab8b37d4e5ac7d376cd255d20bc,f427576914ea7ca656124ae7ff36b93d7288234820e3ea2bb220f661475f3562,1c70bdc5ba018ddcb7fcdc62a278ea1228722c0b95dbe66c0405446ff252c0a0,2026-09-04T14:27:57.151016+00:00,400,395,5,2.0428345844287223,5.195801886998832,0.28849422483524684,98.75,0.0,5_DEADLINE_EXCEEDED
realization_corridor_2400m_w40_44,Greedy,corridor_2400m,40,10,44,37053388f7bd1eacf25f871122c4d16ea5a284fc,9885c1b7b396aa6c99cefbd5114379d2dc4f5ab8b37d4e5ac7d376cd255d20bc,f427576914ea7ca656124ae7ff36b93d7288234820e3ea2bb220f661475f3562,1c70bdc5ba018ddcb7fcdc62a278ea1228722c0b95dbe66c0405446ff252c0a0,2026-09-04T14:27:58.288976+00:00,400,395,5,2.02940986201601,5.234396200215499,7.222761730657208,98.75,87.5,5_DEADLINE_EXCEEDED
realization_corridor_2400m_w40_44,wo_md,corridor_2400m,40,10,44,37053388f7bd1eacf25f871122c4d16ea5a284fc,9885c1b7b396aa6c99cefbd5114379d2dc4f5ab8b37d4e5ac7d376cd255d20bc,f427576914ea7ca656124ae7ff36b93d7288234820e3ea2bb220f661475f3562,1c70bdc5ba018ddcb7fcdc62a278ea1228722c0b95dbe66c0405446ff252c0a0,2026-09-04T14:27:58.485054+00:00,400,395,5,2.068727268015621,5.291757139682419,2.1679670014821264,98.75,100.0,5_DEADLINE_EXCEEDED
realization_corridor_2400m_w40_44,wo_tp,corridor_2400m,40,10,44,37053388f7bd1eacf25f871122c4d16ea5a284fc,9885c1b7b396aa6c99cefbd5114379d2dc4f5ab8b37d4e5ac7d376cd255d20bc,f427576914ea7ca656124ae7ff36b93d7288234820e3ea2bb220f661475f3562,1c70bdc5ba018ddcb7fcdc62a278ea1228722c0b95dbe66c0405446ff252c0a0,2026-09-04T14:27:59.633790+00:00,400,394,6,2.0796757198036544,5.296202794319956,6.242140068345866,98.5,100.0,6_DEADLINE_EXCEEDED
realization_corridor_2400m_w40_44,wo_co,corridor_2400m,40,10,44,37053388f7bd1eacf25f871122c4d16ea5a284fc,9885c1b7b396aa6c99cefbd5114379d2dc4f5ab8b37d4e5ac7d376cd255d20bc,f427576914ea7ca656124ae7ff36b93d7288234820e3ea2bb220f661475f3562,1c70bdc5ba018ddcb7fcdc62a278ea1228722c0b95dbe66c0405446ff252c0a0,2026-09-04T14:28:00.766877+00:00,400,395,5,2.0428345844287223,5.195801886998832,0.28849422483524684,98.75,0.0,5_DEADLINE_EXCEEDED
realization_corridor_2400m_w40_45,CoTOP,corridor_2400m,40,10,45,37053388f7bd1eacf25f871122c4d16ea5a284fc,9885c1b7b396aa6c99cefbd5114379d2dc4f5ab8b37d4e5ac7d376cd255d20bc,f427576914ea7ca656124ae7ff36b93d7288234820e3ea2bb220f661475f3562,a9550c34900850ef87abdbfa4fe447b44c7bf925335f9dbcd4f10b0a8330eeb4,2026-09-04T14:28:02.098480+00:00,400,394,6,2.020265263768148,5.1968705177562,4.997464214253084,98.5,100.0,6_DEADLINE_EXCEEDED
realization_corridor_2400m_w40_45,DDQN,corridor_2400m,40,10,45,37053388f7bd1eacf25f871122c4d16ea5a284fc,9885c1b7b396aa6c99cefbd5114379d2dc4f5ab8b37d4e5ac7d376cd255d20bc,f427576914ea7ca656124ae7ff36b93d7288234820e3ea2bb220f661475f3562,a9550c34900850ef87abdbfa4fe447b44c7bf925335f9dbcd4f10b0a8330eeb4,2026-09-04T14:28:03.373752+00:00,400,397,3,1.9618760511030644,5.164070886419171,2.4897438018322915,99.25,42.0,3_DEADLINE_EXCEEDED
realization_corridor_2400m_w40_45,Local,corridor_2400m,40,10,45,37053388f7bd1eacf25f871122c4d16ea5a284fc,9885c1b7b396aa6c99cefbd5114379d2dc4f5ab8b37d4e5ac7d376cd255d20bc,f427576914ea7ca656124ae7ff36b93d7288234820e3ea2bb220f661475f3562,a9550c34900850ef87abdbfa4fe447b44c7bf925335f9dbcd4f10b0a8330eeb4,2026-09-04T14:28:04.588111+00:00,400,398,2,1.9576425126374069,5.095997561800316,0.29792220558634985,99.5,0.0,2_DEADLINE_EXCEEDED
realization_corridor_2400m_w40_45,Greedy,corridor_2400m,40,10,45,37053388f7bd1eacf25f871122c4d16ea5a284fc,9885c1b7b396aa6c99cefbd5114379d2dc4f5ab8b37d4e5ac7d376cd255d20bc,f427576914ea7ca656124ae7ff36b93d7288234820e3ea2bb220f661475f3562,a9550c34900850ef87abdbfa4fe447b44c7bf925335f9dbcd4f10b0a8330eeb4,2026-09-04T14:28:05.831145+00:00,400,396,4,1.9334830063764314,5.10375794844685,6.99588958648772,99.0,84.75,4_DEADLINE_EXCEEDED
realization_corridor_2400m_w40_45,wo_md,corridor_2400m,40,10,45,37053388f7bd1eacf25f871122c4d16ea5a284fc,9885c1b7b396aa6c99cefbd5114379d2dc4f5ab8b37d4e5ac7d376cd255d20bc,f427576914ea7ca656124ae7ff36b93d7288234820e3ea2bb220f661475f3562,a9550c34900850ef87abdbfa4fe447b44c7bf925335f9dbcd4f10b0a8330eeb4,2026-09-04T14:28:06.041101+00:00,400,396,4,1.9688103423813865,5.110087488902077,2.653595042206328,99.0,100.0,4_DEADLINE_EXCEEDED
realization_corridor_2400m_w40_45,wo_tp,corridor_2400m,40,10,45,37053388f7bd1eacf25f871122c4d16ea5a284fc,9885c1b7b396aa6c99cefbd5114379d2dc4f5ab8b37d4e5ac7d376cd255d20bc,f427576914ea7ca656124ae7ff36b93d7288234820e3ea2bb220f661475f3562,a9550c34900850ef87abdbfa4fe447b44c7bf925335f9dbcd4f10b0a8330eeb4,2026-09-04T14:28:07.268282+00:00,400,394,6,1.9884535035175264,5.17851057121671,6.713520920119724,98.5,100.0,6_DEADLINE_EXCEEDED
realization_corridor_2400m_w40_45,wo_co,corridor_2400m,40,10,45,37053388f7bd1eacf25f871122c4d16ea5a284fc,9885c1b7b396aa6c99cefbd5114379d2dc4f5ab8b37d4e5ac7d376cd255d20bc,f427576914ea7ca656124ae7ff36b93d7288234820e3ea2bb220f661475f3562,a9550c34900850ef87abdbfa4fe447b44c7bf925335f9dbcd4f10b0a8330eeb4,2026-09-04T14:28:08.496839+00:00,400,398,2,1.9576425126374069,5.095997561800316,0.29792220558634985,99.5,0.0,2_DEADLINE_EXCEEDED
realization_corridor_2400m_w40_46,CoTOP,corridor_2400m,40,10,46,37053388f7bd1eacf25f871122c4d16ea5a284fc,9885c1b7b396aa6c99cefbd5114379d2dc4f5ab8b37d4e5ac7d376cd255d20bc,f427576914ea7ca656124ae7ff36b93d7288234820e3ea2bb220f661475f3562,dc687754fb9690a917a15d69ecbc77f83310c826edc3c7a931fc897ec02154cd,2026-09-04T14:28:09.666802+00:00,400,396,4,2.1164544045481177,5.137851565345983,3.9807024405606604,99.0,100.0,4_DEADLINE_EXCEEDED
realization_corridor_2400m_w40_46,DDQN,corridor_2400m,40,10,46,37053388f7bd1eacf25f871122c4d16ea5a284fc,9885c1b7b396aa6c99cefbd5114379d2dc4f5ab8b37d4e5ac7d376cd255d20bc,f427576914ea7ca656124ae7ff36b93d7288234820e3ea2bb220f661475f3562,dc687754fb9690a917a15d69ecbc77f83310c826edc3c7a931fc897ec02154cd,2026-09-04T14:28:10.883896+00:00,400,396,4,2.0657481164464735,5.011403585562456,2.7233115801286965,99.0,43.0,4_DEADLINE_EXCEEDED
realization_corridor_2400m_w40_46,Local,corridor_2400m,40,10,46,37053388f7bd1eacf25f871122c4d16ea5a284fc,9885c1b7b396aa6c99cefbd5114379d2dc4f5ab8b37d4e5ac7d376cd255d20bc,f427576914ea7ca656124ae7ff36b93d7288234820e3ea2bb220f661475f3562,dc687754fb9690a917a15d69ecbc77f83310c826edc3c7a931fc897ec02154cd,2026-09-04T14:28:12.003125+00:00,400,397,3,2.0460715643847585,4.992388818223684,0.2936577869102063,99.25,0.0,3_DEADLINE_EXCEEDED
realization_corridor_2400m_w40_46,Greedy,corridor_2400m,40,10,46,37053388f7bd1eacf25f871122c4d16ea5a284fc,9885c1b7b396aa6c99cefbd5114379d2dc4f5ab8b37d4e5ac7d376cd255d20bc,f427576914ea7ca656124ae7ff36b93d7288234820e3ea2bb220f661475f3562,dc687754fb9690a917a15d69ecbc77f83310c826edc3c7a931fc897ec02154cd,2026-09-04T14:28:13.136471+00:00,400,396,4,2.028742254155091,5.030976000902955,7.10749871014074,99.0,84.5,4_DEADLINE_EXCEEDED
realization_corridor_2400m_w40_46,wo_md,corridor_2400m,40,10,46,37053388f7bd1eacf25f871122c4d16ea5a284fc,9885c1b7b396aa6c99cefbd5114379d2dc4f5ab8b37d4e5ac7d376cd255d20bc,f427576914ea7ca656124ae7ff36b93d7288234820e3ea2bb220f661475f3562,dc687754fb9690a917a15d69ecbc77f83310c826edc3c7a931fc897ec02154cd,2026-09-04T14:28:13.226370+00:00,400,396,4,2.074246823174381,5.064261835055174,2.15037661080562,99.0,100.0,4_DEADLINE_EXCEEDED
realization_corridor_2400m_w40_46,wo_tp,corridor_2400m,40,10,46,37053388f7bd1eacf25f871122c4d16ea5a284fc,9885c1b7b396aa6c99cefbd5114379d2dc4f5ab8b37d4e5ac7d376cd255d20bc,f427576914ea7ca656124ae7ff36b93d7288234820e3ea2bb220f661475f3562,dc687754fb9690a917a15d69ecbc77f83310c826edc3c7a931fc897ec02154cd,2026-09-04T14:28:14.486576+00:00,400,396,4,2.0821752822860304,5.0957574977267415,6.362689912214382,99.0,100.0,4_DEADLINE_EXCEEDED
realization_corridor_2400m_w40_46,wo_co,corridor_2400m,40,10,46,37053388f7bd1eacf25f871122c4d16ea5a284fc,9885c1b7b396aa6c99cefbd5114379d2dc4f5ab8b37d4e5ac7d376cd255d20bc,f427576914ea7ca656124ae7ff36b93d7288234820e3ea2bb220f661475f3562,dc687754fb9690a917a15d69ecbc77f83310c826edc3c7a931fc897ec02154cd,2026-09-04T14:28:15.598163+00:00,400,397,3,2.0460715643847585,4.992388818223684,0.2936577869102063,99.25,0.0,3_DEADLINE_EXCEEDED
realization_corridor_2400m_w40_seed47,CoTOP,corridor_2400m,40,10,47,37053388f7bd1eacf25f871122c4d16ea5a284fc,9885c1b7b396aa6c99cefbd5114379d2dc4f5ab8b37d4e5ac7d376cd255d20bc,f427576914ea7ca656124ae7ff36b93d7288234820e3ea2bb220f661475f3562,967648a3fb5bf636c0093510403e864b6663cc6db80a43fa90723c304628767e,2026-09-04T14:28:16.815893+00:00,400,389,11,1.9866273244222357,5.328490304759403,5.194222307923118,97.25,100.0,11_DEADLINE_EXCEEDED
realization_corridor_2400m_w40_seed47,DDQN,corridor_2400m,40,10,47,37053388f7bd1eacf25f871122c4d16ea5a284fc,9885c1b7b396aa6c99cefbd5114379d2dc4f5ab8b37d4e5ac7d376cd255d20bc,f427576914ea7ca656124ae7ff36b93d7288234820e3ea2bb220f661475f3562,967648a3fb5bf636c0093510403e864b6663cc6db80a43fa90723c304628767e,2026-09-04T14:28:18.022506+00:00,400,390,10,1.9429095991385756,5.317688354849652,2.8285173532196484,97.5,43.25,10_DEADLINE_EXCEEDED
realization_corridor_2400m_w40_seed47,Local,corridor_2400m,40,10,47,37053388f7bd1eacf25f871122c4d16ea5a284fc,9885c1b7b396aa6c99cefbd5114379d2dc4f5ab8b37d4e5ac7d376cd255d20bc,f427576914ea7ca656124ae7ff36b93d7288234820e3ea2bb220f661475f3562,967648a3fb5bf636c0093510403e864b6663cc6db80a43fa90723c304628767e,2026-09-04T14:28:19.179754+00:00,400,391,9,1.9484791961323658,5.200738486996384,0.29613382919729275,97.75,0.0,9_DEADLINE_EXCEEDED
realization_corridor_2400m_w40_seed47,Greedy,corridor_2400m,40,10,47,37053388f7bd1eacf25f871122c4d16ea5a284fc,9885c1b7b396aa6c99cefbd5114379d2dc4f5ab8b37d4e5ac7d376cd255d20bc,f427576914ea7ca656124ae7ff36b93d7288234820e3ea2bb220f661475f3562,967648a3fb5bf636c0093510403e864b6663cc6db80a43fa90723c304628767e,2026-09-04T14:28:20.336000+00:00,400,392,8,1.9205688899304914,5.26015358445487,7.067294268461795,98.0,86.5,8_DEADLINE_EXCEEDED
realization_corridor_2400m_w40_seed47,wo_md,corridor_2400m,40,10,47,37053388f7bd1eacf25f871122c4d16ea5a284fc,9885c1b7b396aa6c99cefbd5114379d2dc4f5ab8b37d4e5ac7d376cd255d20bc,f427576914ea7ca656124ae7ff36b93d7288234820e3ea2bb220f661475f3562,967648a3fb5bf636c0093510403e864b6663cc6db80a43fa90723c304628767e,2026-09-04T14:28:20.538944+00:00,400,391,9,1.9433796390957372,5.244863774078877,2.766779870933648,97.75,100.0,9_DEADLINE_EXCEEDED
realization_corridor_2400m_w40_seed47,wo_tp,corridor_2400m,40,10,47,37053388f7bd1eacf25f871122c4d16ea5a284fc,9885c1b7b396aa6c99cefbd5114379d2dc4f5ab8b37d4e5ac7d376cd255d20bc,f427576914ea7ca656124ae7ff36b93d7288234820e3ea2bb220f661475f3562,967648a3fb5bf636c0093510403e864b6663cc6db80a43fa90723c304628767e,2026-09-04T14:28:21.747893+00:00,400,389,11,1.9631098797452367,5.313918086236134,6.63863412966173,97.25,100.0,11_DEADLINE_EXCEEDED
realization_corridor_2400m_w40_seed47,wo_co,corridor_2400m,40,10,47,37053388f7bd1eacf25f871122c4d16ea5a284fc,9885c1b7b396aa6c99cefbd5114379d2dc4f5ab8b37d4e5ac7d376cd255d20bc,f427576914ea7ca656124ae7ff36b93d7288234820e3ea2bb220f661475f3562,967648a3fb5bf636c0093510403e864b6663cc6db80a43fa90723c304628767e,2026-09-04T14:28:23.005579+00:00,400,391,9,1.9484791961323658,5.200738486996384,0.29613382919729275,97.75,0.0,9_DEADLINE_EXCEEDED
realization_corridor_2400m_w40_seed48,CoTOP,corridor_2400m,40,10,48,37053388f7bd1eacf25f871122c4d16ea5a284fc,9885c1b7b396aa6c99cefbd5114379d2dc4f5ab8b37d4e5ac7d376cd255d20bc,f427576914ea7ca656124ae7ff36b93d7288234820e3ea2bb220f661475f3562,a6933bd6f3309c7ed62f584457a1de5b65e379254ac6143044d4fa7d135ec10a,2026-09-04T14:28:24.204500+00:00,400,392,8,2.070675627411106,5.234698526853543,3.8979443556778857,98.0,100.0,8_DEADLINE_EXCEEDED
realization_corridor_2400m_w40_seed48,DDQN,corridor_2400m,40,10,48,37053388f7bd1eacf25f871122c4d16ea5a284fc,9885c1b7b396aa6c99cefbd5114379d2dc4f5ab8b37d4e5ac7d376cd255d20bc,f427576914ea7ca656124ae7ff36b93d7288234820e3ea2bb220f661475f3562,a6933bd6f3309c7ed62f584457a1de5b65e379254ac6143044d4fa7d135ec10a,2026-09-04T14:28:25.367912+00:00,400,393,7,2.033068853362809,5.234698526853543,2.284061371007081,98.25,47.25,7_DEADLINE_EXCEEDED
realization_corridor_2400m_w40_seed48,Local,corridor_2400m,40,10,48,37053388f7bd1eacf25f871122c4d16ea5a284fc,9885c1b7b396aa6c99cefbd5114379d2dc4f5ab8b37d4e5ac7d376cd255d20bc,f427576914ea7ca656124ae7ff36b93d7288234820e3ea2bb220f661475f3562,a6933bd6f3309c7ed62f584457a1de5b65e379254ac6143044d4fa7d135ec10a,2026-09-04T14:28:26.461738+00:00,400,393,7,2.040471090148208,5.234698526853543,0.31020116966029065,98.25,0.0,7_DEADLINE_EXCEEDED
realization_corridor_2400m_w40_seed48,Greedy,corridor_2400m,40,10,48,37053388f7bd1eacf25f871122c4d16ea5a284fc,9885c1b7b396aa6c99cefbd5114379d2dc4f5ab8b37d4e5ac7d376cd255d20bc,f427576914ea7ca656124ae7ff36b93d7288234820e3ea2bb220f661475f3562,a6933bd6f3309c7ed62f584457a1de5b65e379254ac6143044d4fa7d135ec10a,2026-09-04T14:28:27.584109+00:00,400,393,7,2.0073465496661806,5.21546707682899,7.132237636127727,98.25,85.75,7_DEADLINE_EXCEEDED
realization_corridor_2400m_w40_seed48,wo_md,corridor_2400m,40,10,48,37053388f7bd1eacf25f871122c4d16ea5a284fc,9885c1b7b396aa6c99cefbd5114379d2dc4f5ab8b37d4e5ac7d376cd255d20bc,f427576914ea7ca656124ae7ff36b93d7288234820e3ea2bb220f661475f3562,a6933bd6f3309c7ed62f584457a1de5b65e379254ac6143044d4fa7d135ec10a,2026-09-04T14:28:27.674141+00:00,400,393,7,2.036229444535073,5.234698526853543,2.109761696974701,98.25,100.0,7_DEADLINE_EXCEEDED
realization_corridor_2400m_w40_seed48,wo_tp,corridor_2400m,40,10,48,37053388f7bd1eacf25f871122c4d16ea5a284fc,9885c1b7b396aa6c99cefbd5114379d2dc4f5ab8b37d4e5ac7d376cd255d20bc,f427576914ea7ca656124ae7ff36b93d7288234820e3ea2bb220f661475f3562,a6933bd6f3309c7ed62f584457a1de5b65e379254ac6143044d4fa7d135ec10a,2026-09-04T14:28:28.893042+00:00,400,392,8,2.0456681872606395,5.265632055773791,6.168898129330684,98.0,100.0,8_DEADLINE_EXCEEDED
realization_corridor_2400m_w40_seed48,wo_co,corridor_2400m,40,10,48,37053388f7bd1eacf25f871122c4d16ea5a284fc,9885c1b7b396aa6c99cefbd5114379d2dc4f5ab8b37d4e5ac7d376cd255d20bc,f427576914ea7ca656124ae7ff36b93d7288234820e3ea2bb220f661475f3562,a6933bd6f3309c7ed62f584457a1de5b65e379254ac6143044d4fa7d135ec10a,2026-09-04T14:28:30.003582+00:00,400,393,7,2.040471090148208,5.234698526853543,0.31020116966029065,98.25,0.0,7_DEADLINE_EXCEEDED
realization_corridor_2400m_w40_seed49,CoTOP,corridor_2400m,40,10,49,37053388f7bd1eacf25f871122c4d16ea5a284fc,9885c1b7b396aa6c99cefbd5114379d2dc4f5ab8b37d4e5ac7d376cd255d20bc,f427576914ea7ca656124ae7ff36b93d7288234820e3ea2bb220f661475f3562,9634e76dad4b7fc48f38a0e7d0f7ee5d773c5243b65239d2c7e85b90e554aeff,2026-09-04T14:28:31.250585+00:00,400,395,5,2.0064720917114363,5.300871282248382,5.02533927980035,98.75,100.0,5_DEADLINE_EXCEEDED
realization_corridor_2400m_w40_seed49,DDQN,corridor_2400m,40,10,49,37053388f7bd1eacf25f871122c4d16ea5a284fc,9885c1b7b396aa6c99cefbd5114379d2dc4f5ab8b37d4e5ac7d376cd255d20bc,f427576914ea7ca656124ae7ff36b93d7288234820e3ea2bb220f661475f3562,9634e76dad4b7fc48f38a0e7d0f7ee5d773c5243b65239d2c7e85b90e554aeff,2026-09-04T14:28:32.451554+00:00,400,396,4,1.9510842307155414,5.1956558323871125,2.860554573067384,99.0,45.25,4_DEADLINE_EXCEEDED
realization_corridor_2400m_w40_seed49,Local,corridor_2400m,40,10,49,37053388f7bd1eacf25f871122c4d16ea5a284fc,9885c1b7b396aa6c99cefbd5114379d2dc4f5ab8b37d4e5ac7d376cd255d20bc,f427576914ea7ca656124ae7ff36b93d7288234820e3ea2bb220f661475f3562,9634e76dad4b7fc48f38a0e7d0f7ee5d773c5243b65239d2c7e85b90e554aeff,2026-09-04T14:28:33.614085+00:00,400,399,1,1.943207806074379,5.160354745373949,0.29050188486749995,99.75,0.0,1_DEADLINE_EXCEEDED
realization_corridor_2400m_w40_seed49,Greedy,corridor_2400m,40,10,49,37053388f7bd1eacf25f871122c4d16ea5a284fc,9885c1b7b396aa6c99cefbd5114379d2dc4f5ab8b37d4e5ac7d376cd255d20bc,f427576914ea7ca656124ae7ff36b93d7288234820e3ea2bb220f661475f3562,9634e76dad4b7fc48f38a0e7d0f7ee5d773c5243b65239d2c7e85b90e554aeff,2026-09-04T14:28:34.809295+00:00,400,398,2,1.9207085375277626,5.2168758821076615,7.022395466744971,99.5,86.0,2_DEADLINE_EXCEEDED
realization_corridor_2400m_w40_seed49,wo_md,corridor_2400m,40,10,49,37053388f7bd1eacf25f871122c4d16ea5a284fc,9885c1b7b396aa6c99cefbd5114379d2dc4f5ab8b37d4e5ac7d376cd255d20bc,f427576914ea7ca656124ae7ff36b93d7288234820e3ea2bb220f661475f3562,9634e76dad4b7fc48f38a0e7d0f7ee5d773c5243b65239d2c7e85b90e554aeff,2026-09-04T14:28:34.903158+00:00,400,398,2,1.9568309847726704,5.203821125291061,2.672531748794104,99.5,100.0,2_DEADLINE_EXCEEDED
realization_corridor_2400m_w40_seed49,wo_tp,corridor_2400m,40,10,49,37053388f7bd1eacf25f871122c4d16ea5a284fc,9885c1b7b396aa6c99cefbd5114379d2dc4f5ab8b37d4e5ac7d376cd255d20bc,f427576914ea7ca656124ae7ff36b93d7288234820e3ea2bb220f661475f3562,9634e76dad4b7fc48f38a0e7d0f7ee5d773c5243b65239d2c7e85b90e554aeff,2026-09-04T14:28:36.124541+00:00,400,397,3,1.9722430039700243,5.2586326056028785,6.686599228609232,99.25,100.0,3_DEADLINE_EXCEEDED
realization_corridor_2400m_w40_seed49,wo_co,corridor_2400m,40,10,49,37053388f7bd1eacf25f871122c4d16ea5a284fc,9885c1b7b396aa6c99cefbd5114379d2dc4f5ab8b37d4e5ac7d376cd255d20bc,f427576914ea7ca656124ae7ff36b93d7288234820e3ea2bb220f661475f3562,9634e76dad4b7fc48f38a0e7d0f7ee5d773c5243b65239d2c7e85b90e554aeff,2026-09-04T14:28:37.397441+00:00,400,399,1,1.943207806074379,5.160354745373949,0.29050188486749995,99.75,0.0,1_DEADLINE_EXCEEDED
realization_corridor_2400m_w40_seed50,CoTOP,corridor_2400m,40,10,50,37053388f7bd1eacf25f871122c4d16ea5a284fc,9885c1b7b396aa6c99cefbd5114379d2dc4f5ab8b37d4e5ac7d376cd255d20bc,f427576914ea7ca656124ae7ff36b93d7288234820e3ea2bb220f661475f3562,b8ecfcaeb468102fb2cc739833eb741fa1706415f03d21b801f9ba2688b5f610,2026-09-04T14:28:38.607542+00:00,400,395,5,2.046356584068059,5.512819781744943,5.062179957404498,98.75,100.0,5_DEADLINE_EXCEEDED
realization_corridor_2400m_w40_seed50,DDQN,corridor_2400m,40,10,50,37053388f7bd1eacf25f871122c4d16ea5a284fc,9885c1b7b396aa6c99cefbd5114379d2dc4f5ab8b37d4e5ac7d376cd255d20bc,f427576914ea7ca656124ae7ff36b93d7288234820e3ea2bb220f661475f3562,b8ecfcaeb468102fb2cc739833eb741fa1706415f03d21b801f9ba2688b5f610,2026-09-04T14:28:39.805471+00:00,400,395,5,2.002773174552191,5.512054225746169,3.171089130575157,98.75,48.25,5_DEADLINE_EXCEEDED
realization_corridor_2400m_w40_seed50,Local,corridor_2400m,40,10,50,37053388f7bd1eacf25f871122c4d16ea5a284fc,9885c1b7b396aa6c99cefbd5114379d2dc4f5ab8b37d4e5ac7d376cd255d20bc,f427576914ea7ca656124ae7ff36b93d7288234820e3ea2bb220f661475f3562,b8ecfcaeb468102fb2cc739833eb741fa1706415f03d21b801f9ba2688b5f610,2026-09-04T14:28:40.975896+00:00,400,396,4,2.004914599712361,5.440064321628538,0.2984589112458319,99.0,0.0,4_DEADLINE_EXCEEDED
realization_corridor_2400m_w40_seed50,Greedy,corridor_2400m,40,10,50,37053388f7bd1eacf25f871122c4d16ea5a284fc,9885c1b7b396aa6c99cefbd5114379d2dc4f5ab8b37d4e5ac7d376cd255d20bc,f427576914ea7ca656124ae7ff36b93d7288234820e3ea2bb220f661475f3562,b8ecfcaeb468102fb2cc739833eb741fa1706415f03d21b801f9ba2688b5f610,2026-09-04T14:28:42.170150+00:00,400,396,4,1.9788744454955511,5.474742805504422,7.182354746558207,99.0,85.0,4_DEADLINE_EXCEEDED
realization_corridor_2400m_w40_seed50,wo_md,corridor_2400m,40,10,50,37053388f7bd1eacf25f871122c4d16ea5a284fc,9885c1b7b396aa6c99cefbd5114379d2dc4f5ab8b37d4e5ac7d376cd255d20bc,f427576914ea7ca656124ae7ff36b93d7288234820e3ea2bb220f661475f3562,b8ecfcaeb468102fb2cc739833eb741fa1706415f03d21b801f9ba2688b5f610,2026-09-04T14:28:42.254628+00:00,400,396,4,2.0010319121711984,5.495703896762394,2.6863377808704856,99.0,100.0,4_DEADLINE_EXCEEDED
realization_corridor_2400m_w40_seed50,wo_tp,corridor_2400m,40,10,50,37053388f7bd1eacf25f871122c4d16ea5a284fc,9885c1b7b396aa6c99cefbd5114379d2dc4f5ab8b37d4e5ac7d376cd255d20bc,f427576914ea7ca656124ae7ff36b93d7288234820e3ea2bb220f661475f3562,b8ecfcaeb468102fb2cc739833eb741fa1706415f03d21b801f9ba2688b5f610,2026-09-04T14:28:43.447061+00:00,400,395,5,2.0223055326471013,5.565591860367606,6.843928701209909,98.75,100.0,5_DEADLINE_EXCEEDED
realization_corridor_2400m_w40_seed50,wo_co,corridor_2400m,40,10,50,37053388f7bd1eacf25f871122c4d16ea5a284fc,9885c1b7b396aa6c99cefbd5114379d2dc4f5ab8b37d4e5ac7d376cd255d20bc,f427576914ea7ca656124ae7ff36b93d7288234820e3ea2bb220f661475f3562,b8ecfcaeb468102fb2cc739833eb741fa1706415f03d21b801f9ba2688b5f610,2026-09-04T14:28:44.619149+00:00,400,396,4,2.004914599712361,5.440064321628538,0.2984589112458319,99.0,0.0,4_DEADLINE_EXCEEDED
realization_corridor_2400m_w40_seed51,CoTOP,corridor_2400m,40,10,51,37053388f7bd1eacf25f871122c4d16ea5a284fc,9885c1b7b396aa6c99cefbd5114379d2dc4f5ab8b37d4e5ac7d376cd255d20bc,f427576914ea7ca656124ae7ff36b93d7288234820e3ea2bb220f661475f3562,5823d1befd07544b1f9a7a641868dbd5615e02b5ec94aed7d6c2a3051d70b654,2026-09-04T14:28:45.952421+00:00,400,389,11,2.151763299402217,5.63654503261511,3.995879623160665,97.25,100.0,11_DEADLINE_EXCEEDED
realization_corridor_2400m_w40_seed51,DDQN,corridor_2400m,40,10,51,37053388f7bd1eacf25f871122c4d16ea5a284fc,9885c1b7b396aa6c99cefbd5114379d2dc4f5ab8b37d4e5ac7d376cd255d20bc,f427576914ea7ca656124ae7ff36b93d7288234820e3ea2bb220f661475f3562,5823d1befd07544b1f9a7a641868dbd5615e02b5ec94aed7d6c2a3051d70b654,2026-09-04T14:28:47.180730+00:00,400,390,10,2.098642973813106,5.585528250535891,2.1815016838869092,97.5,38.25,10_DEADLINE_EXCEEDED
realization_corridor_2400m_w40_seed51,Local,corridor_2400m,40,10,51,37053388f7bd1eacf25f871122c4d16ea5a284fc,9885c1b7b396aa6c99cefbd5114379d2dc4f5ab8b37d4e5ac7d376cd255d20bc,f427576914ea7ca656124ae7ff36b93d7288234820e3ea2bb220f661475f3562,5823d1befd07544b1f9a7a641868dbd5615e02b5ec94aed7d6c2a3051d70b654,2026-09-04T14:28:48.329828+00:00,400,390,10,2.083343972486194,5.569247878161785,0.286589916666603,97.5,0.0,10_DEADLINE_EXCEEDED
realization_corridor_2400m_w40_seed51,Greedy,corridor_2400m,40,10,51,37053388f7bd1eacf25f871122c4d16ea5a284fc,9885c1b7b396aa6c99cefbd5114379d2dc4f5ab8b37d4e5ac7d376cd255d20bc,f427576914ea7ca656124ae7ff36b93d7288234820e3ea2bb220f661475f3562,5823d1befd07544b1f9a7a641868dbd5615e02b5ec94aed7d6c2a3051d70b654,2026-09-04T14:28:49.388775+00:00,400,389,11,2.068648091208271,5.599921447712448,7.2155075852805695,97.25,86.25,11_DEADLINE_EXCEEDED
realization_corridor_2400m_w40_seed51,wo_md,corridor_2400m,40,10,51,37053388f7bd1eacf25f871122c4d16ea5a284fc,9885c1b7b396aa6c99cefbd5114379d2dc4f5ab8b37d4e5ac7d376cd255d20bc,f427576914ea7ca656124ae7ff36b93d7288234820e3ea2bb220f661475f3562,5823d1befd07544b1f9a7a641868dbd5615e02b5ec94aed7d6c2a3051d70b654,2026-09-04T14:28:49.495858+00:00,400,390,10,2.109311496704415,5.571701127486257,2.1467982112965647,97.5,100.0,10_DEADLINE_EXCEEDED
realization_corridor_2400m_w40_seed51,wo_tp,corridor_2400m,40,10,51,37053388f7bd1eacf25f871122c4d16ea5a284fc,9885c1b7b396aa6c99cefbd5114379d2dc4f5ab8b37d4e5ac7d376cd255d20bc,f427576914ea7ca656124ae7ff36b93d7288234820e3ea2bb220f661475f3562,5823d1befd07544b1f9a7a641868dbd5615e02b5ec94aed7d6c2a3051d70b654,2026-09-04T14:28:50.594814+00:00,400,389,11,2.1186782360496266,5.602649858740781,6.330639058877955,97.25,100.0,11_DEADLINE_EXCEEDED
realization_corridor_2400m_w40_seed51,wo_co,corridor_2400m,40,10,51,37053388f7bd1eacf25f871122c4d16ea5a284fc,9885c1b7b396aa6c99cefbd5114379d2dc4f5ab8b37d4e5ac7d376cd255d20bc,f427576914ea7ca656124ae7ff36b93d7288234820e3ea2bb220f661475f3562,5823d1befd07544b1f9a7a641868dbd5615e02b5ec94aed7d6c2a3051d70b654,2026-09-04T14:28:51.600062+00:00,400,390,10,2.083343972486194,5.569247878161785,0.286589916666603,97.5,0.0,10_DEADLINE_EXCEEDED
realization_grid_200m_w20_42,CoTOP,grid_200m,20,10,42,37053388f7bd1eacf25f871122c4d16ea5a284fc,9885c1b7b396aa6c99cefbd5114379d2dc4f5ab8b37d4e5ac7d376cd255d20bc,f427576914ea7ca656124ae7ff36b93d7288234820e3ea2bb220f661475f3562,a8da4ce99a3ed874a8d14eb6f334632103224883a7704a2117534e8ca858cdfa,2026-09-04T14:28:52.551869+00:00,200,200,0,0.660271996014831,1.039016119579072,0.9413690095018211,100.0,99.0,NONE
realization_grid_200m_w20_42,DDQN,grid_200m,20,10,42,37053388f7bd1eacf25f871122c4d16ea5a284fc,9885c1b7b396aa6c99cefbd5114379d2dc4f5ab8b37d4e5ac7d376cd255d20bc,f427576914ea7ca656124ae7ff36b93d7288234820e3ea2bb220f661475f3562,a8da4ce99a3ed874a8d14eb6f334632103224883a7704a2117534e8ca858cdfa,2026-09-04T14:28:53.753896+00:00,200,200,0,0.6590294366125556,1.0461301848900164,0.8012524684893644,100.0,42.5,NONE
realization_grid_200m_w20_42,Local,grid_200m,20,10,42,37053388f7bd1eacf25f871122c4d16ea5a284fc,9885c1b7b396aa6c99cefbd5114379d2dc4f5ab8b37d4e5ac7d376cd255d20bc,f427576914ea7ca656124ae7ff36b93d7288234820e3ea2bb220f661475f3562,a8da4ce99a3ed874a8d14eb6f334632103224883a7704a2117534e8ca858cdfa,2026-09-04T14:28:54.660240+00:00,200,200,0,0.6636042213192309,1.0304490909889397,0.2862263154298333,100.0,0.0,NONE
realization_grid_200m_w20_42,Greedy,grid_200m,20,10,42,37053388f7bd1eacf25f871122c4d16ea5a284fc,9885c1b7b396aa6c99cefbd5114379d2dc4f5ab8b37d4e5ac7d376cd255d20bc,f427576914ea7ca656124ae7ff36b93d7288234820e3ea2bb220f661475f3562,a8da4ce99a3ed874a8d14eb6f334632103224883a7704a2117534e8ca858cdfa,2026-09-04T14:28:55.524075+00:00,200,200,0,0.6448824012635231,1.0480782553639583,3.1752936059493067,100.0,87.5,NONE
realization_grid_200m_w20_42,wo_md,grid_200m,20,10,42,37053388f7bd1eacf25f871122c4d16ea5a284fc,9885c1b7b396aa6c99cefbd5114379d2dc4f5ab8b37d4e5ac7d376cd255d20bc,f427576914ea7ca656124ae7ff36b93d7288234820e3ea2bb220f661475f3562,a8da4ce99a3ed874a8d14eb6f334632103224883a7704a2117534e8ca858cdfa,2026-09-04T14:28:55.571394+00:00,200,200,0,0.6567586349385105,1.0258592567890588,0.7123266550355308,100.0,99.0,NONE
realization_grid_200m_w20_42,wo_tp,grid_200m,20,10,42,37053388f7bd1eacf25f871122c4d16ea5a284fc,9885c1b7b396aa6c99cefbd5114379d2dc4f5ab8b37d4e5ac7d376cd255d20bc,f427576914ea7ca656124ae7ff36b93d7288234820e3ea2bb220f661475f3562,a8da4ce99a3ed874a8d14eb6f334632103224883a7704a2117534e8ca858cdfa,2026-09-04T14:28:56.390063+00:00,200,200,0,0.6594143469677469,1.053162974900927,1.2201978340964637,100.0,100.0,NONE
realization_grid_200m_w20_42,wo_co,grid_200m,20,10,42,37053388f7bd1eacf25f871122c4d16ea5a284fc,9885c1b7b396aa6c99cefbd5114379d2dc4f5ab8b37d4e5ac7d376cd255d20bc,f427576914ea7ca656124ae7ff36b93d7288234820e3ea2bb220f661475f3562,a8da4ce99a3ed874a8d14eb6f334632103224883a7704a2117534e8ca858cdfa,2026-09-04T14:28:57.198968+00:00,200,200,0,0.6636042213192309,1.0304490909889397,0.2862263154298333,100.0,0.0,NONE
realization_grid_200m_w20_43,CoTOP,grid_200m,20,10,43,37053388f7bd1eacf25f871122c4d16ea5a284fc,9885c1b7b396aa6c99cefbd5114379d2dc4f5ab8b37d4e5ac7d376cd255d20bc,f427576914ea7ca656124ae7ff36b93d7288234820e3ea2bb220f661475f3562,e31eb04b48a7312bb56f210f70415d62b484795687d109427d9ed1363903bcb7,2026-09-04T14:28:57.998978+00:00,200,200,0,0.6414712757793878,0.9881722453907992,1.0001744592095454,100.0,99.5,NONE
realization_grid_200m_w20_43,DDQN,grid_200m,20,10,43,37053388f7bd1eacf25f871122c4d16ea5a284fc,9885c1b7b396aa6c99cefbd5114379d2dc4f5ab8b37d4e5ac7d376cd255d20bc,f427576914ea7ca656124ae7ff36b93d7288234820e3ea2bb220f661475f3562,e31eb04b48a7312bb56f210f70415d62b484795687d109427d9ed1363903bcb7,2026-09-04T14:28:58.806651+00:00,200,200,0,0.637669270069138,0.9881722453907992,0.6915671207851688,100.0,32.0,NONE
realization_grid_200m_w20_43,Local,grid_200m,20,10,43,37053388f7bd1eacf25f871122c4d16ea5a284fc,9885c1b7b396aa6c99cefbd5114379d2dc4f5ab8b37d4e5ac7d376cd255d20bc,f427576914ea7ca656124ae7ff36b93d7288234820e3ea2bb220f661475f3562,e31eb04b48a7312bb56f210f70415d62b484795687d109427d9ed1363903bcb7,2026-09-04T14:28:59.576500+00:00,200,200,0,0.642919495063858,0.9881722453907992,0.2741101993036568,100.0,0.0,NONE
realization_grid_200m_w20_43,Greedy,grid_200m,20,10,43,37053388f7bd1eacf25f871122c4d16ea5a284fc,9885c1b7b396aa6c99cefbd5114379d2dc4f5ab8b37d4e5ac7d376cd255d20bc,f427576914ea7ca656124ae7ff36b93d7288234820e3ea2bb220f661475f3562,e31eb04b48a7312bb56f210f70415d62b484795687d109427d9ed1363903bcb7,2026-09-04T14:29:00.335655+00:00,200,200,0,0.6230886331003701,1.0184779942580295,3.127370471241156,100.0,88.5,NONE
realization_grid_200m_w20_43,wo_md,grid_200m,20,10,43,37053388f7bd1eacf25f871122c4d16ea5a284fc,9885c1b7b396aa6c99cefbd5114379d2dc4f5ab8b37d4e5ac7d376cd255d20bc,f427576914ea7ca656124ae7ff36b93d7288234820e3ea2bb220f661475f3562,e31eb04b48a7312bb56f210f70415d62b484795687d109427d9ed1363903bcb7,2026-09-04T14:29:00.374409+00:00,200,200,0,0.6367799999958002,0.9881722453907992,0.7538449817385613,100.0,99.5,NONE
realization_grid_200m_w20_43,wo_tp,grid_200m,20,10,43,37053388f7bd1eacf25f871122c4d16ea5a284fc,9885c1b7b396aa6c99cefbd5114379d2dc4f5ab8b37d4e5ac7d376cd255d20bc,f427576914ea7ca656124ae7ff36b93d7288234820e3ea2bb220f661475f3562,e31eb04b48a7312bb56f210f70415d62b484795687d109427d9ed1363903bcb7,2026-09-04T14:29:01.160379+00:00,200,200,0,0.6367087147639894,1.0043095044525547,1.2541333703354196,100.0,100.0,NONE
realization_grid_200m_w20_43,wo_co,grid_200m,20,10,43,37053388f7bd1eacf25f871122c4d16ea5a284fc,9885c1b7b396aa6c99cefbd5114379d2dc4f5ab8b37d4e5ac7d376cd255d20bc,f427576914ea7ca656124ae7ff36b93d7288234820e3ea2bb220f661475f3562,e31eb04b48a7312bb56f210f70415d62b484795687d109427d9ed1363903bcb7,2026-09-04T14:29:01.893567+00:00,200,200,0,0.642919495063858,0.9881722453907992,0.2741101993036568,100.0,0.0,NONE
realization_grid_200m_w20_44,CoTOP,grid_200m,20,10,44,37053388f7bd1eacf25f871122c4d16ea5a284fc,9885c1b7b396aa6c99cefbd5114379d2dc4f5ab8b37d4e5ac7d376cd255d20bc,f427576914ea7ca656124ae7ff36b93d7288234820e3ea2bb220f661475f3562,e024511ac1d2a4933a9b6fb14e0e68102efbc6764454fbdd2bb4387172fb61dd,2026-09-04T14:29:02.676614+00:00,200,200,0,0.6316997344790352,0.9766959141372878,0.9064599137048162,100.0,100.0,NONE
realization_grid_200m_w20_44,DDQN,grid_200m,20,10,44,37053388f7bd1eacf25f871122c4d16ea5a284fc,9885c1b7b396aa6c99cefbd5114379d2dc4f5ab8b37d4e5ac7d376cd255d20bc,f427576914ea7ca656124ae7ff36b93d7288234820e3ea2bb220f661475f3562,e024511ac1d2a4933a9b6fb14e0e68102efbc6764454fbdd2bb4387172fb61dd,2026-09-04T14:29:03.562781+00:00,200,200,0,0.6291494081834631,0.977329263585022,0.6509669235033164,100.0,36.5,NONE
realization_grid_200m_w20_44,Local,grid_200m,20,10,44,37053388f7bd1eacf25f871122c4d16ea5a284fc,9885c1b7b396aa6c99cefbd5114379d2dc4f5ab8b37d4e5ac7d376cd255d20bc,f427576914ea7ca656124ae7ff36b93d7288234820e3ea2bb220f661475f3562,e024511ac1d2a4933a9b6fb14e0e68102efbc6764454fbdd2bb4387172fb61dd,2026-09-04T14:29:04.343809+00:00,200,200,0,0.6333336205661629,0.9766959141372878,0.2661304660860628,100.0,0.0,NONE
realization_grid_200m_w20_44,Greedy,grid_200m,20,10,44,37053388f7bd1eacf25f871122c4d16ea5a284fc,9885c1b7b396aa6c99cefbd5114379d2dc4f5ab8b37d4e5ac7d376cd255d20bc,f427576914ea7ca656124ae7ff36b93d7288234820e3ea2bb220f661475f3562,e024511ac1d2a4933a9b6fb14e0e68102efbc6764454fbdd2bb4387172fb61dd,2026-09-04T14:29:05.106835+00:00,200,200,0,0.6154651482884524,0.9914222650930742,3.0034680504267066,100.0,87.5,NONE
realization_grid_200m_w20_44,wo_md,grid_200m,20,10,44,37053388f7bd1eacf25f871122c4d16ea5a284fc,9885c1b7b396aa6c99cefbd5114379d2dc4f5ab8b37d4e5ac7d376cd255d20bc,f427576914ea7ca656124ae7ff36b93d7288234820e3ea2bb220f661475f3562,e024511ac1d2a4933a9b6fb14e0e68102efbc6764454fbdd2bb4387172fb61dd,2026-09-04T14:29:05.142405+00:00,200,200,0,0.6270366022559106,0.9766959141372878,0.6844449040707462,100.0,100.0,NONE
realization_grid_200m_w20_44,wo_tp,grid_200m,20,10,44,37053388f7bd1eacf25f871122c4d16ea5a284fc,9885c1b7b396aa6c99cefbd5114379d2dc4f5ab8b37d4e5ac7d376cd255d20bc,f427576914ea7ca656124ae7ff36b93d7288234820e3ea2bb220f661475f3562,e024511ac1d2a4933a9b6fb14e0e68102efbc6764454fbdd2bb4387172fb61dd,2026-09-04T14:29:05.893945+00:00,200,200,0,0.6286519498726332,0.9934958652568283,1.1945213636913257,100.0,100.0,NONE
realization_grid_200m_w20_44,wo_co,grid_200m,20,10,44,37053388f7bd1eacf25f871122c4d16ea5a284fc,9885c1b7b396aa6c99cefbd5114379d2dc4f5ab8b37d4e5ac7d376cd255d20bc,f427576914ea7ca656124ae7ff36b93d7288234820e3ea2bb220f661475f3562,e024511ac1d2a4933a9b6fb14e0e68102efbc6764454fbdd2bb4387172fb61dd,2026-09-04T14:29:06.626434+00:00,200,200,0,0.6333336205661629,0.9766959141372878,0.2661304660860628,100.0,0.0,NONE
realization_grid_200m_w20_45,CoTOP,grid_200m,20,10,45,37053388f7bd1eacf25f871122c4d16ea5a284fc,9885c1b7b396aa6c99cefbd5114379d2dc4f5ab8b37d4e5ac7d376cd255d20bc,f427576914ea7ca656124ae7ff36b93d7288234820e3ea2bb220f661475f3562,8fae691a7d4403db2c85398ce8793fd241bdbb8a02187e631badad45e28e64bc,2026-09-04T14:29:07.424562+00:00,200,200,0,0.6486126828262593,0.9954974554392065,0.9276157278794892,100.0,99.5,NONE
realization_grid_200m_w20_45,DDQN,grid_200m,20,10,45,37053388f7bd1eacf25f871122c4d16ea5a284fc,9885c1b7b396aa6c99cefbd5114379d2dc4f5ab8b37d4e5ac7d376cd255d20bc,f427576914ea7ca656124ae7ff36b93d7288234820e3ea2bb220f661475f3562,8fae691a7d4403db2c85398ce8793fd241bdbb8a02187e631badad45e28e64bc,2026-09-04T14:29:08.209824+00:00,200,200,0,0.64367707908003,0.9986730515787917,0.8258430101205768,100.0,36.0,NONE
realization_grid_200m_w20_45,Local,grid_200m,20,10,45,37053388f7bd1eacf25f871122c4d16ea5a284fc,9885c1b7b396aa6c99cefbd5114379d2dc4f5ab8b37d4e5ac7d376cd255d20bc,f427576914ea7ca656124ae7ff36b93d7288234820e3ea2bb220f661475f3562,8fae691a7d4403db2c85398ce8793fd241bdbb8a02187e631badad45e28e64bc,2026-09-04T14:29:09.004642+00:00,200,200,0,0.6507339760045525,0.9954974554392065,0.2970549022854683,100.0,0.0,NONE
realization_grid_200m_w20_45,Greedy,grid_200m,20,10,45,37053388f7bd1eacf25f871122c4d16ea5a284fc,9885c1b7b396aa6c99cefbd5114379d2dc4f5ab8b37d4e5ac7d376cd255d20bc,f427576914ea7ca656124ae7ff36b93d7288234820e3ea2bb220f661475f3562,8fae691a7d4403db2c85398ce8793fd241bdbb8a02187e631badad45e28e64bc,2026-09-04T14:29:09.778900+00:00,200,200,0,0.6287382921142789,1.024287069746182,3.089409999106642,100.0,85.5,NONE
realization_grid_200m_w20_45,wo_md,grid_200m,20,10,45,37053388f7bd1eacf25f871122c4d16ea5a284fc,9885c1b7b396aa6c99cefbd5114379d2dc4f5ab8b37d4e5ac7d376cd255d20bc,f427576914ea7ca656124ae7ff36b93d7288234820e3ea2bb220f661475f3562,8fae691a7d4403db2c85398ce8793fd241bdbb8a02187e631badad45e28e64bc,2026-09-04T14:29:09.826160+00:00,200,200,0,0.6432741730677916,0.9954974554392065,0.7129393949239997,100.0,99.5,NONE
realization_grid_200m_w20_45,wo_tp,grid_200m,20,10,45,37053388f7bd1eacf25f871122c4d16ea5a284fc,9885c1b7b396aa6c99cefbd5114379d2dc4f5ab8b37d4e5ac7d376cd255d20bc,f427576914ea7ca656124ae7ff36b93d7288234820e3ea2bb220f661475f3562,8fae691a7d4403db2c85398ce8793fd241bdbb8a02187e631badad45e28e64bc,2026-09-04T14:29:10.593728+00:00,200,200,0,0.6455194128566766,1.0197833880140017,1.1678961422135306,100.0,100.0,NONE
realization_grid_200m_w20_45,wo_co,grid_200m,20,10,45,37053388f7bd1eacf25f871122c4d16ea5a284fc,9885c1b7b396aa6c99cefbd5114379d2dc4f5ab8b37d4e5ac7d376cd255d20bc,f427576914ea7ca656124ae7ff36b93d7288234820e3ea2bb220f661475f3562,8fae691a7d4403db2c85398ce8793fd241bdbb8a02187e631badad45e28e64bc,2026-09-04T14:29:11.371536+00:00,200,200,0,0.6507339760045525,0.9954974554392065,0.2970549022854683,100.0,0.0,NONE
realization_grid_200m_w20_46,CoTOP,grid_200m,20,10,46,37053388f7bd1eacf25f871122c4d16ea5a284fc,9885c1b7b396aa6c99cefbd5114379d2dc4f5ab8b37d4e5ac7d376cd255d20bc,f427576914ea7ca656124ae7ff36b93d7288234820e3ea2bb220f661475f3562,aa472acef9b1e2caa6ea22899fbbc437d529a36e00b6a85dc0bf0b1af017afa4,2026-09-04T14:29:12.160375+00:00,200,200,0,0.6544521442495901,1.0035980907514561,0.8883853801537981,100.0,100.0,NONE
realization_grid_200m_w20_46,DDQN,grid_200m,20,10,46,37053388f7bd1eacf25f871122c4d16ea5a284fc,9885c1b7b396aa6c99cefbd5114379d2dc4f5ab8b37d4e5ac7d376cd255d20bc,f427576914ea7ca656124ae7ff36b93d7288234820e3ea2bb220f661475f3562,aa472acef9b1e2caa6ea22899fbbc437d529a36e00b6a85dc0bf0b1af017afa4,2026-09-04T14:29:13.060502+00:00,200,200,0,0.6495890547236879,1.0058711512276481,0.7969450184785372,100.0,37.0,NONE
realization_grid_200m_w20_46,Local,grid_200m,20,10,46,37053388f7bd1eacf25f871122c4d16ea5a284fc,9885c1b7b396aa6c99cefbd5114379d2dc4f5ab8b37d4e5ac7d376cd255d20bc,f427576914ea7ca656124ae7ff36b93d7288234820e3ea2bb220f661475f3562,aa472acef9b1e2caa6ea22899fbbc437d529a36e00b6a85dc0bf0b1af017afa4,2026-09-04T14:29:13.873473+00:00,200,200,0,0.6564455434000418,1.0035980907514561,0.28166492718625136,100.0,0.0,NONE
realization_grid_200m_w20_46,Greedy,grid_200m,20,10,46,37053388f7bd1eacf25f871122c4d16ea5a284fc,9885c1b7b396aa6c99cefbd5114379d2dc4f5ab8b37d4e5ac7d376cd255d20bc,f427576914ea7ca656124ae7ff36b93d7288234820e3ea2bb220f661475f3562,aa472acef9b1e2caa6ea22899fbbc437d529a36e00b6a85dc0bf0b1af017afa4,2026-09-04T14:29:14.691641+00:00,200,200,0,0.6383924416074146,1.0433825123499558,3.234849582327335,100.0,89.5,NONE
realization_grid_200m_w20_46,wo_md,grid_200m,20,10,46,37053388f7bd1eacf25f871122c4d16ea5a284fc,9885c1b7b396aa6c99cefbd5114379d2dc4f5ab8b37d4e5ac7d376cd255d20bc,f427576914ea7ca656124ae7ff36b93d7288234820e3ea2bb220f661475f3562,aa472acef9b1e2caa6ea22899fbbc437d529a36e00b6a85dc0bf0b1af017afa4,2026-09-04T14:29:14.736538+00:00,200,200,0,0.6498126208940533,1.0035980907514561,0.685380230103773,100.0,100.0,NONE
realization_grid_200m_w20_46,wo_tp,grid_200m,20,10,46,37053388f7bd1eacf25f871122c4d16ea5a284fc,9885c1b7b396aa6c99cefbd5114379d2dc4f5ab8b37d4e5ac7d376cd255d20bc,f427576914ea7ca656124ae7ff36b93d7288234820e3ea2bb220f661475f3562,aa472acef9b1e2caa6ea22899fbbc437d529a36e00b6a85dc0bf0b1af017afa4,2026-09-04T14:29:15.516202+00:00,200,200,0,0.6521650431526615,1.0340308355777243,1.331841006069905,100.0,100.0,NONE
realization_grid_200m_w20_46,wo_co,grid_200m,20,10,46,37053388f7bd1eacf25f871122c4d16ea5a284fc,9885c1b7b396aa6c99cefbd5114379d2dc4f5ab8b37d4e5ac7d376cd255d20bc,f427576914ea7ca656124ae7ff36b93d7288234820e3ea2bb220f661475f3562,aa472acef9b1e2caa6ea22899fbbc437d529a36e00b6a85dc0bf0b1af017afa4,2026-09-04T14:29:16.291967+00:00,200,200,0,0.6564455434000418,1.0035980907514561,0.28166492718625136,100.0,0.0,NONE
realization_grid_200m_w20_seed47,CoTOP,grid_200m,20,10,47,37053388f7bd1eacf25f871122c4d16ea5a284fc,9885c1b7b396aa6c99cefbd5114379d2dc4f5ab8b37d4e5ac7d376cd255d20bc,f427576914ea7ca656124ae7ff36b93d7288234820e3ea2bb220f661475f3562,3cdf11673187d597401c2fc022de6cdf5ba2561f6bc1524c09d3145428f85316,2026-09-04T14:29:17.038213+00:00,200,200,0,0.6344002603428243,0.955729845849628,0.9485232185275584,100.0,100.0,NONE
realization_grid_200m_w20_seed47,DDQN,grid_200m,20,10,47,37053388f7bd1eacf25f871122c4d16ea5a284fc,9885c1b7b396aa6c99cefbd5114379d2dc4f5ab8b37d4e5ac7d376cd255d20bc,f427576914ea7ca656124ae7ff36b93d7288234820e3ea2bb220f661475f3562,3cdf11673187d597401c2fc022de6cdf5ba2561f6bc1524c09d3145428f85316,2026-09-04T14:29:17.804226+00:00,200,200,0,0.6300144673561845,0.9630303948212522,0.8400414924006028,100.0,38.0,NONE
realization_grid_200m_w20_seed47,Local,grid_200m,20,10,47,37053388f7bd1eacf25f871122c4d16ea5a284fc,9885c1b7b396aa6c99cefbd5114379d2dc4f5ab8b37d4e5ac7d376cd255d20bc,f427576914ea7ca656124ae7ff36b93d7288234820e3ea2bb220f661475f3562,3cdf11673187d597401c2fc022de6cdf5ba2561f6bc1524c09d3145428f85316,2026-09-04T14:29:18.543276+00:00,200,200,0,0.6356748874563425,0.955729845849628,0.2862461897271332,100.0,0.0,NONE
realization_grid_200m_w20_seed47,Greedy,grid_200m,20,10,47,37053388f7bd1eacf25f871122c4d16ea5a284fc,9885c1b7b396aa6c99cefbd5114379d2dc4f5ab8b37d4e5ac7d376cd255d20bc,f427576914ea7ca656124ae7ff36b93d7288234820e3ea2bb220f661475f3562,3cdf11673187d597401c2fc022de6cdf5ba2561f6bc1524c09d3145428f85316,2026-09-04T14:29:19.342920+00:00,200,200,0,0.6140365487596778,0.9782373000318242,3.0409590617317575,100.0,86.0,NONE
realization_grid_200m_w20_seed47,wo_md,grid_200m,20,10,47,37053388f7bd1eacf25f871122c4d16ea5a284fc,9885c1b7b396aa6c99cefbd5114379d2dc4f5ab8b37d4e5ac7d376cd255d20bc,f427576914ea7ca656124ae7ff36b93d7288234820e3ea2bb220f661475f3562,3cdf11673187d597401c2fc022de6cdf5ba2561f6bc1524c09d3145428f85316,2026-09-04T14:29:19.390721+00:00,200,200,0,0.6295579284722648,0.955729845849628,0.7337335870733446,100.0,100.0,NONE
realization_grid_200m_w20_seed47,wo_tp,grid_200m,20,10,47,37053388f7bd1eacf25f871122c4d16ea5a284fc,9885c1b7b396aa6c99cefbd5114379d2dc4f5ab8b37d4e5ac7d376cd255d20bc,f427576914ea7ca656124ae7ff36b93d7288234820e3ea2bb220f661475f3562,3cdf11673187d597401c2fc022de6cdf5ba2561f6bc1524c09d3145428f85316,2026-09-04T14:29:20.153653+00:00,200,200,0,0.633376650311174,1.01563721151325,1.249007725821727,100.0,100.0,NONE
realization_grid_200m_w20_seed47,wo_co,grid_200m,20,10,47,37053388f7bd1eacf25f871122c4d16ea5a284fc,9885c1b7b396aa6c99cefbd5114379d2dc4f5ab8b37d4e5ac7d376cd255d20bc,f427576914ea7ca656124ae7ff36b93d7288234820e3ea2bb220f661475f3562,3cdf11673187d597401c2fc022de6cdf5ba2561f6bc1524c09d3145428f85316,2026-09-04T14:29:20.890069+00:00,200,200,0,0.6356748874563425,0.955729845849628,0.2862461897271332,100.0,0.0,NONE
realization_grid_200m_w20_seed48,CoTOP,grid_200m,20,10,48,37053388f7bd1eacf25f871122c4d16ea5a284fc,9885c1b7b396aa6c99cefbd5114379d2dc4f5ab8b37d4e5ac7d376cd255d20bc,f427576914ea7ca656124ae7ff36b93d7288234820e3ea2bb220f661475f3562,0bbff03f9f099996a15d5bd6d70141233161de94f38c091dc803af7eac602329,2026-09-04T14:29:21.662770+00:00,200,200,0,0.6488661344100336,0.9798637836506878,0.9666702740977883,100.0,100.0,NONE
realization_grid_200m_w20_seed48,DDQN,grid_200m,20,10,48,37053388f7bd1eacf25f871122c4d16ea5a284fc,9885c1b7b396aa6c99cefbd5114379d2dc4f5ab8b37d4e5ac7d376cd255d20bc,f427576914ea7ca656124ae7ff36b93d7288234820e3ea2bb220f661475f3562,0bbff03f9f099996a15d5bd6d70141233161de94f38c091dc803af7eac602329,2026-09-04T14:29:22.501380+00:00,200,200,0,0.6444283156926898,0.9852567546185016,0.867447754743393,100.0,37.0,NONE
realization_grid_200m_w20_seed48,Local,grid_200m,20,10,48,37053388f7bd1eacf25f871122c4d16ea5a284fc,9885c1b7b396aa6c99cefbd5114379d2dc4f5ab8b37d4e5ac7d376cd255d20bc,f427576914ea7ca656124ae7ff36b93d7288234820e3ea2bb220f661475f3562,0bbff03f9f099996a15d5bd6d70141233161de94f38c091dc803af7eac602329,2026-09-04T14:29:23.364392+00:00,200,200,0,0.6513117517868516,0.9798637836506878,0.3009330800544729,100.0,0.0,NONE
realization_grid_200m_w20_seed48,Greedy,grid_200m,20,10,48,37053388f7bd1eacf25f871122c4d16ea5a284fc,9885c1b7b396aa6c99cefbd5114379d2dc4f5ab8b37d4e5ac7d376cd255d20bc,f427576914ea7ca656124ae7ff36b93d7288234820e3ea2bb220f661475f3562,0bbff03f9f099996a15d5bd6d70141233161de94f38c091dc803af7eac602329,2026-09-04T14:29:24.335288+00:00,200,200,0,0.6280245032590467,0.9987484867918915,3.274915328175602,100.0,90.0,NONE
realization_grid_200m_w20_seed48,wo_md,grid_200m,20,10,48,37053388f7bd1eacf25f871122c4d16ea5a284fc,9885c1b7b396aa6c99cefbd5114379d2dc4f5ab8b37d4e5ac7d376cd255d20bc,f427576914ea7ca656124ae7ff36b93d7288234820e3ea2bb220f661475f3562,0bbff03f9f099996a15d5bd6d70141233161de94f38c091dc803af7eac602329,2026-09-04T14:29:24.376971+00:00,200,200,0,0.6436301435310152,0.9798637836506878,0.7399758339231588,100.0,100.0,NONE
realization_grid_200m_w20_seed48,wo_tp,grid_200m,20,10,48,37053388f7bd1eacf25f871122c4d16ea5a284fc,9885c1b7b396aa6c99cefbd5114379d2dc4f5ab8b37d4e5ac7d376cd255d20bc,f427576914ea7ca656124ae7ff36b93d7288234820e3ea2bb220f661475f3562,0bbff03f9f099996a15d5bd6d70141233161de94f38c091dc803af7eac602329,2026-09-04T14:29:25.174831+00:00,200,200,0,0.6423387228840443,1.0060795291580185,1.3997114130278994,100.0,100.0,NONE
realization_grid_200m_w20_seed48,wo_co,grid_200m,20,10,48,37053388f7bd1eacf25f871122c4d16ea5a284fc,9885c1b7b396aa6c99cefbd5114379d2dc4f5ab8b37d4e5ac7d376cd255d20bc,f427576914ea7ca656124ae7ff36b93d7288234820e3ea2bb220f661475f3562,0bbff03f9f099996a15d5bd6d70141233161de94f38c091dc803af7eac602329,2026-09-04T14:29:25.924557+00:00,200,200,0,0.6513117517868516,0.9798637836506878,0.3009330800544729,100.0,0.0,NONE
realization_grid_200m_w20_seed49,CoTOP,grid_200m,20,10,49,37053388f7bd1eacf25f871122c4d16ea5a284fc,9885c1b7b396aa6c99cefbd5114379d2dc4f5ab8b37d4e5ac7d376cd255d20bc,f427576914ea7ca656124ae7ff36b93d7288234820e3ea2bb220f661475f3562,6a64639e21d4f3e76a60915870be61ee5bafbd2cd434df11e18d032c140415eb,2026-09-04T14:29:26.706082+00:00,200,200,0,0.6306071299806321,0.9839887622497847,0.8898733252778877,100.0,100.0,NONE
realization_grid_200m_w20_seed49,DDQN,grid_200m,20,10,49,37053388f7bd1eacf25f871122c4d16ea5a284fc,9885c1b7b396aa6c99cefbd5114379d2dc4f5ab8b37d4e5ac7d376cd255d20bc,f427576914ea7ca656124ae7ff36b93d7288234820e3ea2bb220f661475f3562,6a64639e21d4f3e76a60915870be61ee5bafbd2cd434df11e18d032c140415eb,2026-09-04T14:29:27.509560+00:00,200,200,0,0.6255477162472908,0.9784675319220998,0.8139469148763365,100.0,39.0,NONE
realization_grid_200m_w20_seed49,Local,grid_200m,20,10,49,37053388f7bd1eacf25f871122c4d16ea5a284fc,9885c1b7b396aa6c99cefbd5114379d2dc4f5ab8b37d4e5ac7d376cd255d20bc,f427576914ea7ca656124ae7ff36b93d7288234820e3ea2bb220f661475f3562,6a64639e21d4f3e76a60915870be61ee5bafbd2cd434df11e18d032c140415eb,2026-09-04T14:29:28.279247+00:00,200,200,0,0.632162622676328,0.9839887622497847,0.27780707565367246,100.0,0.0,NONE
realization_grid_200m_w20_seed49,Greedy,grid_200m,20,10,49,37053388f7bd1eacf25f871122c4d16ea5a284fc,9885c1b7b396aa6c99cefbd5114379d2dc4f5ab8b37d4e5ac7d376cd255d20bc,f427576914ea7ca656124ae7ff36b93d7288234820e3ea2bb220f661475f3562,6a64639e21d4f3e76a60915870be61ee5bafbd2cd434df11e18d032c140415eb,2026-09-04T14:29:29.083424+00:00,200,200,0,0.6123693063198853,0.9862633862477754,2.9894721004595795,100.0,87.0,NONE
realization_grid_200m_w20_seed49,wo_md,grid_200m,20,10,49,37053388f7bd1eacf25f871122c4d16ea5a284fc,9885c1b7b396aa6c99cefbd5114379d2dc4f5ab8b37d4e5ac7d376cd255d20bc,f427576914ea7ca656124ae7ff36b93d7288234820e3ea2bb220f661475f3562,6a64639e21d4f3e76a60915870be61ee5bafbd2cd434df11e18d032c140415eb,2026-09-04T14:29:29.126794+00:00,200,200,0,0.6255156294562585,0.9839887622497847,0.6863935673924408,100.0,100.0,NONE
realization_grid_200m_w20_seed49,wo_tp,grid_200m,20,10,49,37053388f7bd1eacf25f871122c4d16ea5a284fc,9885c1b7b396aa6c99cefbd5114379d2dc4f5ab8b37d4e5ac7d376cd255d20bc,f427576914ea7ca656124ae7ff36b93d7288234820e3ea2bb220f661475f3562,6a64639e21d4f3e76a60915870be61ee5bafbd2cd434df11e18d032c140415eb,2026-09-04T14:29:29.921489+00:00,200,200,0,0.6276606086994073,1.0339808901198617,1.2408042914466575,100.0,100.0,NONE
realization_grid_200m_w20_seed49,wo_co,grid_200m,20,10,49,37053388f7bd1eacf25f871122c4d16ea5a284fc,9885c1b7b396aa6c99cefbd5114379d2dc4f5ab8b37d4e5ac7d376cd255d20bc,f427576914ea7ca656124ae7ff36b93d7288234820e3ea2bb220f661475f3562,6a64639e21d4f3e76a60915870be61ee5bafbd2cd434df11e18d032c140415eb,2026-09-04T14:29:30.684932+00:00,200,200,0,0.632162622676328,0.9839887622497847,0.27780707565367246,100.0,0.0,NONE
realization_grid_200m_w20_seed50,CoTOP,grid_200m,20,10,50,37053388f7bd1eacf25f871122c4d16ea5a284fc,9885c1b7b396aa6c99cefbd5114379d2dc4f5ab8b37d4e5ac7d376cd255d20bc,f427576914ea7ca656124ae7ff36b93d7288234820e3ea2bb220f661475f3562,12fbb46a3d4dad38c2a44530a1a2cc0171fb051d6ec4ef6c7519ad2c59ab82cc,2026-09-04T14:29:31.497445+00:00,200,200,0,0.6626779965949998,1.0211173355757721,0.9285037541703276,100.0,100.0,NONE
realization_grid_200m_w20_seed50,DDQN,grid_200m,20,10,50,37053388f7bd1eacf25f871122c4d16ea5a284fc,9885c1b7b396aa6c99cefbd5114379d2dc4f5ab8b37d4e5ac7d376cd255d20bc,f427576914ea7ca656124ae7ff36b93d7288234820e3ea2bb220f661475f3562,12fbb46a3d4dad38c2a44530a1a2cc0171fb051d6ec4ef6c7519ad2c59ab82cc,2026-09-04T14:29:32.299405+00:00,200,200,0,0.6574111258191604,1.0198344931572665,0.8418212059169125,100.0,34.0,NONE
realization_grid_200m_w20_seed50,Local,grid_200m,20,10,50,37053388f7bd1eacf25f871122c4d16ea5a284fc,9885c1b7b396aa6c99cefbd5114379d2dc4f5ab8b37d4e5ac7d376cd255d20bc,f427576914ea7ca656124ae7ff36b93d7288234820e3ea2bb220f661475f3562,12fbb46a3d4dad38c2a44530a1a2cc0171fb051d6ec4ef6c7519ad2c59ab82cc,2026-09-04T14:29:33.092725+00:00,200,200,0,0.6644230876307554,1.0211173355757721,0.2852528116379087,100.0,0.0,NONE
realization_grid_200m_w20_seed50,Greedy,grid_200m,20,10,50,37053388f7bd1eacf25f871122c4d16ea5a284fc,9885c1b7b396aa6c99cefbd5114379d2dc4f5ab8b37d4e5ac7d376cd255d20bc,f427576914ea7ca656124ae7ff36b93d7288234820e3ea2bb220f661475f3562,12fbb46a3d4dad38c2a44530a1a2cc0171fb051d6ec4ef6c7519ad2c59ab82cc,2026-09-04T14:29:33.884396+00:00,200,200,0,0.6449875259215986,1.0484929389537416,3.274795641074943,100.0,89.5,NONE
realization_grid_200m_w20_seed50,wo_md,grid_200m,20,10,50,37053388f7bd1eacf25f871122c4d16ea5a284fc,9885c1b7b396aa6c99cefbd5114379d2dc4f5ab8b37d4e5ac7d376cd255d20bc,f427576914ea7ca656124ae7ff36b93d7288234820e3ea2bb220f661475f3562,12fbb46a3d4dad38c2a44530a1a2cc0171fb051d6ec4ef6c7519ad2c59ab82cc,2026-09-04T14:29:34.039220+00:00,200,200,0,0.6578593069518953,1.0211173355757721,0.7044640826203598,100.0,100.0,NONE
realization_grid_200m_w20_seed50,wo_tp,grid_200m,20,10,50,37053388f7bd1eacf25f871122c4d16ea5a284fc,9885c1b7b396aa6c99cefbd5114379d2dc4f5ab8b37d4e5ac7d376cd255d20bc,f427576914ea7ca656124ae7ff36b93d7288234820e3ea2bb220f661475f3562,12fbb46a3d4dad38c2a44530a1a2cc0171fb051d6ec4ef6c7519ad2c59ab82cc,2026-09-04T14:29:34.864359+00:00,200,200,0,0.6584276968053984,1.0349141114218403,1.3642091663431017,100.0,100.0,NONE
realization_grid_200m_w20_seed50,wo_co,grid_200m,20,10,50,37053388f7bd1eacf25f871122c4d16ea5a284fc,9885c1b7b396aa6c99cefbd5114379d2dc4f5ab8b37d4e5ac7d376cd255d20bc,f427576914ea7ca656124ae7ff36b93d7288234820e3ea2bb220f661475f3562,12fbb46a3d4dad38c2a44530a1a2cc0171fb051d6ec4ef6c7519ad2c59ab82cc,2026-09-04T14:29:35.647984+00:00,200,200,0,0.6644230876307554,1.0211173355757721,0.2852528116379087,100.0,0.0,NONE
realization_grid_200m_w20_seed51,CoTOP,grid_200m,20,10,51,37053388f7bd1eacf25f871122c4d16ea5a284fc,9885c1b7b396aa6c99cefbd5114379d2dc4f5ab8b37d4e5ac7d376cd255d20bc,f427576914ea7ca656124ae7ff36b93d7288234820e3ea2bb220f661475f3562,c10cb5275eec2396074d1cd29354a2c1a7804964cc0b8f61f81dc12f9308c3ec,2026-09-04T14:29:36.476894+00:00,200,200,0,0.6476584673616392,1.0104681181609674,0.928655230682422,100.0,99.5,NONE
realization_grid_200m_w20_seed51,DDQN,grid_200m,20,10,51,37053388f7bd1eacf25f871122c4d16ea5a284fc,9885c1b7b396aa6c99cefbd5114379d2dc4f5ab8b37d4e5ac7d376cd255d20bc,f427576914ea7ca656124ae7ff36b93d7288234820e3ea2bb220f661475f3562,c10cb5275eec2396074d1cd29354a2c1a7804964cc0b8f61f81dc12f9308c3ec,2026-09-04T14:29:37.285949+00:00,200,200,0,0.6433182094485798,1.008451519589372,0.8579632999699061,100.0,36.5,NONE
realization_grid_200m_w20_seed51,Local,grid_200m,20,10,51,37053388f7bd1eacf25f871122c4d16ea5a284fc,9885c1b7b396aa6c99cefbd5114379d2dc4f5ab8b37d4e5ac7d376cd255d20bc,f427576914ea7ca656124ae7ff36b93d7288234820e3ea2bb220f661475f3562,c10cb5275eec2396074d1cd29354a2c1a7804964cc0b8f61f81dc12f9308c3ec,2026-09-04T14:29:38.045792+00:00,200,200,0,0.6486460427384125,1.0104681181609674,0.2802307933031292,100.0,0.0,NONE
realization_grid_200m_w20_seed51,Greedy,grid_200m,20,10,51,37053388f7bd1eacf25f871122c4d16ea5a284fc,9885c1b7b396aa6c99cefbd5114379d2dc4f5ab8b37d4e5ac7d376cd255d20bc,f427576914ea7ca656124ae7ff36b93d7288234820e3ea2bb220f661475f3562,c10cb5275eec2396074d1cd29354a2c1a7804964cc0b8f61f81dc12f9308c3ec,2026-09-04T14:29:38.813935+00:00,200,200,0,0.6292194745798988,1.0421331345341833,3.1371411781538256,100.0,88.5,NONE
realization_grid_200m_w20_seed51,wo_md,grid_200m,20,10,51,37053388f7bd1eacf25f871122c4d16ea5a284fc,9885c1b7b396aa6c99cefbd5114379d2dc4f5ab8b37d4e5ac7d376cd255d20bc,f427576914ea7ca656124ae7ff36b93d7288234820e3ea2bb220f661475f3562,c10cb5275eec2396074d1cd29354a2c1a7804964cc0b8f61f81dc12f9308c3ec,2026-09-04T14:29:38.857950+00:00,200,200,0,0.6432969385768132,1.0104681181609674,0.7039354787494244,100.0,99.5,NONE
realization_grid_200m_w20_seed51,wo_tp,grid_200m,20,10,51,37053388f7bd1eacf25f871122c4d16ea5a284fc,9885c1b7b396aa6c99cefbd5114379d2dc4f5ab8b37d4e5ac7d376cd255d20bc,f427576914ea7ca656124ae7ff36b93d7288234820e3ea2bb220f661475f3562,c10cb5275eec2396074d1cd29354a2c1a7804964cc0b8f61f81dc12f9308c3ec,2026-09-04T14:29:39.681369+00:00,200,200,0,0.644772987272006,1.0454229338157541,1.3233266999652256,100.0,100.0,NONE
realization_grid_200m_w20_seed51,wo_co,grid_200m,20,10,51,37053388f7bd1eacf25f871122c4d16ea5a284fc,9885c1b7b396aa6c99cefbd5114379d2dc4f5ab8b37d4e5ac7d376cd255d20bc,f427576914ea7ca656124ae7ff36b93d7288234820e3ea2bb220f661475f3562,c10cb5275eec2396074d1cd29354a2c1a7804964cc0b8f61f81dc12f9308c3ec,2026-09-04T14:29:40.435896+00:00,200,200,0,0.6486460427384125,1.0104681181609674,0.2802307933031292,100.0,0.0,NONE
realization_grid_200m_w30_42,CoTOP,grid_200m,30,10,42,37053388f7bd1eacf25f871122c4d16ea5a284fc,9885c1b7b396aa6c99cefbd5114379d2dc4f5ab8b37d4e5ac7d376cd255d20bc,f427576914ea7ca656124ae7ff36b93d7288234820e3ea2bb220f661475f3562,32aee6919d8d71451883bf6e35e138ab72d21babff98728b2d1d273cb4b3355d,2026-09-04T14:29:41.277767+00:00,300,300,0,0.6740763437027395,1.013497074138992,0.9571877483394663,100.0,100.0,NONE
realization_grid_200m_w30_42,DDQN,grid_200m,30,10,42,37053388f7bd1eacf25f871122c4d16ea5a284fc,9885c1b7b396aa6c99cefbd5114379d2dc4f5ab8b37d4e5ac7d376cd255d20bc,f427576914ea7ca656124ae7ff36b93d7288234820e3ea2bb220f661475f3562,32aee6919d8d71451883bf6e35e138ab72d21babff98728b2d1d273cb4b3355d,2026-09-04T14:29:42.112764+00:00,300,300,0,0.66549982221497,1.013497074138992,0.7388622546919572,100.0,39.0,NONE
realization_grid_200m_w30_42,Local,grid_200m,30,10,42,37053388f7bd1eacf25f871122c4d16ea5a284fc,9885c1b7b396aa6c99cefbd5114379d2dc4f5ab8b37d4e5ac7d376cd255d20bc,f427576914ea7ca656124ae7ff36b93d7288234820e3ea2bb220f661475f3562,32aee6919d8d71451883bf6e35e138ab72d21babff98728b2d1d273cb4b3355d,2026-09-04T14:29:42.922277+00:00,300,300,0,0.6782907506345437,1.013497074138992,0.2897779118688253,100.0,0.0,NONE
realization_grid_200m_w30_42,Greedy,grid_200m,30,10,42,37053388f7bd1eacf25f871122c4d16ea5a284fc,9885c1b7b396aa6c99cefbd5114379d2dc4f5ab8b37d4e5ac7d376cd255d20bc,f427576914ea7ca656124ae7ff36b93d7288234820e3ea2bb220f661475f3562,32aee6919d8d71451883bf6e35e138ab72d21babff98728b2d1d273cb4b3355d,2026-09-04T14:29:43.762058+00:00,300,300,0,0.6351701670317762,1.029539860926435,3.19122321874777,100.0,89.33333333333333,NONE
realization_grid_200m_w30_42,wo_md,grid_200m,30,10,42,37053388f7bd1eacf25f871122c4d16ea5a284fc,9885c1b7b396aa6c99cefbd5114379d2dc4f5ab8b37d4e5ac7d376cd255d20bc,f427576914ea7ca656124ae7ff36b93d7288234820e3ea2bb220f661475f3562,32aee6919d8d71451883bf6e35e138ab72d21babff98728b2d1d273cb4b3355d,2026-09-04T14:29:43.920251+00:00,300,300,0,0.6677879541363918,1.013497074138992,0.7260286432356482,100.0,100.0,NONE
realization_grid_200m_w30_42,wo_tp,grid_200m,30,10,42,37053388f7bd1eacf25f871122c4d16ea5a284fc,9885c1b7b396aa6c99cefbd5114379d2dc4f5ab8b37d4e5ac7d376cd255d20bc,f427576914ea7ca656124ae7ff36b93d7288234820e3ea2bb220f661475f3562,32aee6919d8d71451883bf6e35e138ab72d21babff98728b2d1d273cb4b3355d,2026-09-04T14:29:44.824134+00:00,300,300,0,0.662178055156406,1.0548664159579277,1.4703639197069904,100.0,100.0,NONE
realization_grid_200m_w30_42,wo_co,grid_200m,30,10,42,37053388f7bd1eacf25f871122c4d16ea5a284fc,9885c1b7b396aa6c99cefbd5114379d2dc4f5ab8b37d4e5ac7d376cd255d20bc,f427576914ea7ca656124ae7ff36b93d7288234820e3ea2bb220f661475f3562,32aee6919d8d71451883bf6e35e138ab72d21babff98728b2d1d273cb4b3355d,2026-09-04T14:29:45.632294+00:00,300,300,0,0.6782907506345437,1.013497074138992,0.2897779118688253,100.0,0.0,NONE
realization_grid_200m_w30_43,CoTOP,grid_200m,30,10,43,37053388f7bd1eacf25f871122c4d16ea5a284fc,9885c1b7b396aa6c99cefbd5114379d2dc4f5ab8b37d4e5ac7d376cd255d20bc,f427576914ea7ca656124ae7ff36b93d7288234820e3ea2bb220f661475f3562,c30ace34300085764bc6626e87c687359ea9e99eb8826c0fed6c444166df38f0,2026-09-04T14:29:46.428687+00:00,300,300,0,0.6732199163135156,1.02373630817382,0.9024425548982886,100.0,100.0,NONE
realization_grid_200m_w30_43,DDQN,grid_200m,30,10,43,37053388f7bd1eacf25f871122c4d16ea5a284fc,9885c1b7b396aa6c99cefbd5114379d2dc4f5ab8b37d4e5ac7d376cd255d20bc,f427576914ea7ca656124ae7ff36b93d7288234820e3ea2bb220f661475f3562,c30ace34300085764bc6626e87c687359ea9e99eb8826c0fed6c444166df38f0,2026-09-04T14:29:47.242377+00:00,300,300,0,0.6632100409585424,1.0191911364526371,0.9476817225597093,100.0,40.0,NONE
realization_grid_200m_w30_43,Local,grid_200m,30,10,43,37053388f7bd1eacf25f871122c4d16ea5a284fc,9885c1b7b396aa6c99cefbd5114379d2dc4f5ab8b37d4e5ac7d376cd255d20bc,f427576914ea7ca656124ae7ff36b93d7288234820e3ea2bb220f661475f3562,c30ace34300085764bc6626e87c687359ea9e99eb8826c0fed6c444166df38f0,2026-09-04T14:29:47.998326+00:00,300,300,0,0.6766048691457273,1.02373630817382,0.2721686814223114,100.0,0.0,NONE
realization_grid_200m_w30_43,Greedy,grid_200m,30,10,43,37053388f7bd1eacf25f871122c4d16ea5a284fc,9885c1b7b396aa6c99cefbd5114379d2dc4f5ab8b37d4e5ac7d376cd255d20bc,f427576914ea7ca656124ae7ff36b93d7288234820e3ea2bb220f661475f3562,c30ace34300085764bc6626e87c687359ea9e99eb8826c0fed6c444166df38f0,2026-09-04T14:29:48.796958+00:00,300,300,0,0.6352238835654298,0.9801196144845593,3.139660935253019,100.0,88.66666666666667,NONE
realization_grid_200m_w30_43,wo_md,grid_200m,30,10,43,37053388f7bd1eacf25f871122c4d16ea5a284fc,9885c1b7b396aa6c99cefbd5114379d2dc4f5ab8b37d4e5ac7d376cd255d20bc,f427576914ea7ca656124ae7ff36b93d7288234820e3ea2bb220f661475f3562,c30ace34300085764bc6626e87c687359ea9e99eb8826c0fed6c444166df38f0,2026-09-04T14:29:48.855730+00:00,300,300,0,0.6674264916697825,1.02373630817382,0.6810976777217839,100.0,100.0,NONE
realization_grid_200m_w30_43,wo_tp,grid_200m,30,10,43,37053388f7bd1eacf25f871122c4d16ea5a284fc,9885c1b7b396aa6c99cefbd5114379d2dc4f5ab8b37d4e5ac7d376cd255d20bc,f427576914ea7ca656124ae7ff36b93d7288234820e3ea2bb220f661475f3562,c30ace34300085764bc6626e87c687359ea9e99eb8826c0fed6c444166df38f0,2026-09-04T14:29:49.661273+00:00,300,300,0,0.6569207956360225,1.051380264542066,1.4988023816642282,100.0,100.0,NONE
realization_grid_200m_w30_43,wo_co,grid_200m,30,10,43,37053388f7bd1eacf25f871122c4d16ea5a284fc,9885c1b7b396aa6c99cefbd5114379d2dc4f5ab8b37d4e5ac7d376cd255d20bc,f427576914ea7ca656124ae7ff36b93d7288234820e3ea2bb220f661475f3562,c30ace34300085764bc6626e87c687359ea9e99eb8826c0fed6c444166df38f0,2026-09-04T14:29:50.436419+00:00,300,300,0,0.6766048691457273,1.02373630817382,0.2721686814223114,100.0,0.0,NONE
realization_grid_200m_w30_44,CoTOP,grid_200m,30,10,44,37053388f7bd1eacf25f871122c4d16ea5a284fc,9885c1b7b396aa6c99cefbd5114379d2dc4f5ab8b37d4e5ac7d376cd255d20bc,f427576914ea7ca656124ae7ff36b93d7288234820e3ea2bb220f661475f3562,aa7f46f0ffa273b33c019701f1a52143efd5a86411e0cf28a505e0fe6f98a68b,2026-09-04T14:29:51.202766+00:00,300,300,0,0.6553958752581556,0.9881374127813786,0.9067330162311468,100.0,100.0,NONE
realization_grid_200m_w30_44,DDQN,grid_200m,30,10,44,37053388f7bd1eacf25f871122c4d16ea5a284fc,9885c1b7b396aa6c99cefbd5114379d2dc4f5ab8b37d4e5ac7d376cd255d20bc,f427576914ea7ca656124ae7ff36b93d7288234820e3ea2bb220f661475f3562,aa7f46f0ffa273b33c019701f1a52143efd5a86411e0cf28a505e0fe6f98a68b,2026-09-04T14:29:51.957858+00:00,300,300,0,0.6482238862445048,0.9881374127813786,0.7893770345027205,100.0,43.0,NONE
realization_grid_200m_w30_44,Local,grid_200m,30,10,44,37053388f7bd1eacf25f871122c4d16ea5a284fc,9885c1b7b396aa6c99cefbd5114379d2dc4f5ab8b37d4e5ac7d376cd255d20bc,f427576914ea7ca656124ae7ff36b93d7288234820e3ea2bb220f661475f3562,aa7f46f0ffa273b33c019701f1a52143efd5a86411e0cf28a505e0fe6f98a68b,2026-09-04T14:29:52.737065+00:00,300,300,0,0.6584622257419317,0.9881374127813786,0.2713886193468348,100.0,0.0,NONE
realization_grid_200m_w30_44,Greedy,grid_200m,30,10,44,37053388f7bd1eacf25f871122c4d16ea5a284fc,9885c1b7b396aa6c99cefbd5114379d2dc4f5ab8b37d4e5ac7d376cd255d20bc,f427576914ea7ca656124ae7ff36b93d7288234820e3ea2bb220f661475f3562,aa7f46f0ffa273b33c019701f1a52143efd5a86411e0cf28a505e0fe6f98a68b,2026-09-04T14:29:53.489282+00:00,300,300,0,0.6179937420634654,0.9971826178926578,3.1268587302234234,100.0,90.0,NONE
realization_grid_200m_w30_44,wo_md,grid_200m,30,10,44,37053388f7bd1eacf25f871122c4d16ea5a284fc,9885c1b7b396aa6c99cefbd5114379d2dc4f5ab8b37d4e5ac7d376cd255d20bc,f427576914ea7ca656124ae7ff36b93d7288234820e3ea2bb220f661475f3562,aa7f46f0ffa273b33c019701f1a52143efd5a86411e0cf28a505e0fe6f98a68b,2026-09-04T14:29:53.548975+00:00,300,300,0,0.6489353791745216,0.9881374127813786,0.6863934680785035,100.0,100.0,NONE
realization_grid_200m_w30_44,wo_tp,grid_200m,30,10,44,37053388f7bd1eacf25f871122c4d16ea5a284fc,9885c1b7b396aa6c99cefbd5114379d2dc4f5ab8b37d4e5ac7d376cd255d20bc,f427576914ea7ca656124ae7ff36b93d7288234820e3ea2bb220f661475f3562,aa7f46f0ffa273b33c019701f1a52143efd5a86411e0cf28a505e0fe6f98a68b,2026-09-04T14:29:54.537762+00:00,300,300,0,0.640043004599752,1.041693473566482,1.4584551828151506,100.0,100.0,NONE
realization_grid_200m_w30_44,wo_co,grid_200m,30,10,44,37053388f7bd1eacf25f871122c4d16ea5a284fc,9885c1b7b396aa6c99cefbd5114379d2dc4f5ab8b37d4e5ac7d376cd255d20bc,f427576914ea7ca656124ae7ff36b93d7288234820e3ea2bb220f661475f3562,aa7f46f0ffa273b33c019701f1a52143efd5a86411e0cf28a505e0fe6f98a68b,2026-09-04T14:29:55.333118+00:00,300,300,0,0.6584622257419317,0.9881374127813786,0.2713886193468348,100.0,0.0,NONE
realization_grid_200m_w30_45,CoTOP,grid_200m,30,10,45,37053388f7bd1eacf25f871122c4d16ea5a284fc,9885c1b7b396aa6c99cefbd5114379d2dc4f5ab8b37d4e5ac7d376cd255d20bc,f427576914ea7ca656124ae7ff36b93d7288234820e3ea2bb220f661475f3562,de75ab8e6c15f61f385143bff37110df4222c088a602836b7109ce21d59a8fc2,2026-09-04T14:29:56.171192+00:00,300,300,0,0.6707800077775342,1.0111097291462612,0.9255469464405386,100.0,100.0,NONE
realization_grid_200m_w30_45,DDQN,grid_200m,30,10,45,37053388f7bd1eacf25f871122c4d16ea5a284fc,9885c1b7b396aa6c99cefbd5114379d2dc4f5ab8b37d4e5ac7d376cd255d20bc,f427576914ea7ca656124ae7ff36b93d7288234820e3ea2bb220f661475f3562,de75ab8e6c15f61f385143bff37110df4222c088a602836b7109ce21d59a8fc2,2026-09-04T14:29:56.953104+00:00,300,300,0,0.6645001041506817,1.0081273294136261,0.6403284837023552,100.0,39.0,NONE
realization_grid_200m_w30_45,Local,grid_200m,30,10,45,37053388f7bd1eacf25f871122c4d16ea5a284fc,9885c1b7b396aa6c99cefbd5114379d2dc4f5ab8b37d4e5ac7d376cd255d20bc,f427576914ea7ca656124ae7ff36b93d7288234820e3ea2bb220f661475f3562,de75ab8e6c15f61f385143bff37110df4222c088a602836b7109ce21d59a8fc2,2026-09-04T14:29:57.737773+00:00,300,300,0,0.6743013862327684,1.0143743102849259,0.29163701636268774,100.0,0.0,NONE
realization_grid_200m_w30_45,Greedy,grid_200m,30,10,45,37053388f7bd1eacf25f871122c4d16ea5a284fc,9885c1b7b396aa6c99cefbd5114379d2dc4f5ab8b37d4e5ac7d376cd255d20bc,f427576914ea7ca656124ae7ff36b93d7288234820e3ea2bb220f661475f3562,de75ab8e6c15f61f385143bff37110df4222c088a602836b7109ce21d59a8fc2,2026-09-04T14:29:58.526946+00:00,300,300,0,0.6294134318632736,1.0104873305005573,3.1307613055738854,100.0,88.33333333333333,NONE
realization_grid_200m_w30_45,wo_md,grid_200m,30,10,45,37053388f7bd1eacf25f871122c4d16ea5a284fc,9885c1b7b396aa6c99cefbd5114379d2dc4f5ab8b37d4e5ac7d376cd255d20bc,f427576914ea7ca656124ae7ff36b93d7288234820e3ea2bb220f661475f3562,de75ab8e6c15f61f385143bff37110df4222c088a602836b7109ce21d59a8fc2,2026-09-04T14:29:58.585597+00:00,300,300,0,0.6639857277305045,1.0142065529479853,0.7089717160794963,100.0,100.0,NONE
realization_grid_200m_w30_45,wo_tp,grid_200m,30,10,45,37053388f7bd1eacf25f871122c4d16ea5a284fc,9885c1b7b396aa6c99cefbd5114379d2dc4f5ab8b37d4e5ac7d376cd255d20bc,f427576914ea7ca656124ae7ff36b93d7288234820e3ea2bb220f661475f3562,de75ab8e6c15f61f385143bff37110df4222c088a602836b7109ce21d59a8fc2,2026-09-04T14:29:59.435569+00:00,300,300,0,0.6596548615904552,1.0228561787578325,1.5192313709236172,100.0,100.0,NONE
realization_grid_200m_w30_45,wo_co,grid_200m,30,10,45,37053388f7bd1eacf25f871122c4d16ea5a284fc,9885c1b7b396aa6c99cefbd5114379d2dc4f5ab8b37d4e5ac7d376cd255d20bc,f427576914ea7ca656124ae7ff36b93d7288234820e3ea2bb220f661475f3562,de75ab8e6c15f61f385143bff37110df4222c088a602836b7109ce21d59a8fc2,2026-09-04T14:30:00.216740+00:00,300,300,0,0.6743013862327684,1.0143743102849259,0.29163701636268774,100.0,0.0,NONE
realization_grid_200m_w30_46,CoTOP,grid_200m,30,10,46,37053388f7bd1eacf25f871122c4d16ea5a284fc,9885c1b7b396aa6c99cefbd5114379d2dc4f5ab8b37d4e5ac7d376cd255d20bc,f427576914ea7ca656124ae7ff36b93d7288234820e3ea2bb220f661475f3562,4fc08257e157d11df2717bf3a44adf91cb50971be0248ca638b169d94f7ad033,2026-09-04T14:30:00.971589+00:00,300,300,0,0.6662774486234364,1.014639832009004,0.9615175953376579,100.0,100.0,NONE
realization_grid_200m_w30_46,DDQN,grid_200m,30,10,46,37053388f7bd1eacf25f871122c4d16ea5a284fc,9885c1b7b396aa6c99cefbd5114379d2dc4f5ab8b37d4e5ac7d376cd255d20bc,f427576914ea7ca656124ae7ff36b93d7288234820e3ea2bb220f661475f3562,4fc08257e157d11df2717bf3a44adf91cb50971be0248ca638b169d94f7ad033,2026-09-04T14:30:01.775535+00:00,300,300,0,0.66083599930383,1.0219717372698134,0.7966061918223921,100.0,38.0,NONE
realization_grid_200m_w30_46,Local,grid_200m,30,10,46,37053388f7bd1eacf25f871122c4d16ea5a284fc,9885c1b7b396aa6c99cefbd5114379d2dc4f5ab8b37d4e5ac7d376cd255d20bc,f427576914ea7ca656124ae7ff36b93d7288234820e3ea2bb220f661475f3562,4fc08257e157d11df2717bf3a44adf91cb50971be0248ca638b169d94f7ad033,2026-09-04T14:30:02.547499+00:00,300,300,0,0.6692360270737456,1.0193086737622585,0.279780698543827,100.0,0.0,NONE
realization_grid_200m_w30_46,Greedy,grid_200m,30,10,46,37053388f7bd1eacf25f871122c4d16ea5a284fc,9885c1b7b396aa6c99cefbd5114379d2dc4f5ab8b37d4e5ac7d376cd255d20bc,f427576914ea7ca656124ae7ff36b93d7288234820e3ea2bb220f661475f3562,4fc08257e157d11df2717bf3a44adf91cb50971be0248ca638b169d94f7ad033,2026-09-04T14:30:03.325713+00:00,300,300,0,0.627729575384568,1.0110664912895144,3.1954659887177144,100.0,89.66666666666666,NONE
realization_grid_200m_w30_46,wo_md,grid_200m,30,10,46,37053388f7bd1eacf25f871122c4d16ea5a284fc,9885c1b7b396aa6c99cefbd5114379d2dc4f5ab8b37d4e5ac7d376cd255d20bc,f427576914ea7ca656124ae7ff36b93d7288234820e3ea2bb220f661475f3562,4fc08257e157d11df2717bf3a44adf91cb50971be0248ca638b169d94f7ad033,2026-09-04T14:30:03.382175+00:00,300,300,0,0.6609430883496962,1.016874577077519,0.739751733257749,100.0,100.0,NONE
realization_grid_200m_w30_46,wo_tp,grid_200m,30,10,46,37053388f7bd1eacf25f871122c4d16ea5a284fc,9885c1b7b396aa6c99cefbd5114379d2dc4f5ab8b37d4e5ac7d376cd255d20bc,f427576914ea7ca656124ae7ff36b93d7288234820e3ea2bb220f661475f3562,4fc08257e157d11df2717bf3a44adf91cb50971be0248ca638b169d94f7ad033,2026-09-04T14:30:04.267869+00:00,300,300,0,0.6528297221374143,1.0425315610947956,1.4479079981592937,100.0,100.0,NONE
realization_grid_200m_w30_46,wo_co,grid_200m,30,10,46,37053388f7bd1eacf25f871122c4d16ea5a284fc,9885c1b7b396aa6c99cefbd5114379d2dc4f5ab8b37d4e5ac7d376cd255d20bc,f427576914ea7ca656124ae7ff36b93d7288234820e3ea2bb220f661475f3562,4fc08257e157d11df2717bf3a44adf91cb50971be0248ca638b169d94f7ad033,2026-09-04T14:30:05.073824+00:00,300,300,0,0.6692360270737456,1.0193086737622585,0.279780698543827,100.0,0.0,NONE
realization_grid_200m_w30_seed47,CoTOP,grid_200m,30,10,47,37053388f7bd1eacf25f871122c4d16ea5a284fc,9885c1b7b396aa6c99cefbd5114379d2dc4f5ab8b37d4e5ac7d376cd255d20bc,f427576914ea7ca656124ae7ff36b93d7288234820e3ea2bb220f661475f3562,11e5656bd17a343fbd09308565e61a9929205d8f58996ad4337956e51f8438dc,2026-09-04T14:30:05.843908+00:00,300,300,0,0.6642241118449974,0.9829683017863513,0.9281965947520248,100.0,100.0,NONE
realization_grid_200m_w30_seed47,DDQN,grid_200m,30,10,47,37053388f7bd1eacf25f871122c4d16ea5a284fc,9885c1b7b396aa6c99cefbd5114379d2dc4f5ab8b37d4e5ac7d376cd255d20bc,f427576914ea7ca656124ae7ff36b93d7288234820e3ea2bb220f661475f3562,11e5656bd17a343fbd09308565e61a9929205d8f58996ad4337956e51f8438dc,2026-09-04T14:30:06.608026+00:00,300,300,0,0.6551543933963939,0.9841006621097604,0.9698797931941814,100.0,41.333333333333336,NONE
realization_grid_200m_w30_seed47,Local,grid_200m,30,10,47,37053388f7bd1eacf25f871122c4d16ea5a284fc,9885c1b7b396aa6c99cefbd5114379d2dc4f5ab8b37d4e5ac7d376cd255d20bc,f427576914ea7ca656124ae7ff36b93d7288234820e3ea2bb220f661475f3562,11e5656bd17a343fbd09308565e61a9929205d8f58996ad4337956e51f8438dc,2026-09-04T14:30:07.348930+00:00,300,300,0,0.6686606594439441,0.983916954084204,0.28672692551961004,100.0,0.0,NONE
realization_grid_200m_w30_seed47,Greedy,grid_200m,30,10,47,37053388f7bd1eacf25f871122c4d16ea5a284fc,9885c1b7b396aa6c99cefbd5114379d2dc4f5ab8b37d4e5ac7d376cd255d20bc,f427576914ea7ca656124ae7ff36b93d7288234820e3ea2bb220f661475f3562,11e5656bd17a343fbd09308565e61a9929205d8f58996ad4337956e51f8438dc,2026-09-04T14:30:08.130881+00:00,300,300,0,0.6233410615256442,1.0022023708937948,3.1652535906137595,100.0,89.66666666666666,NONE
realization_grid_200m_w30_seed47,wo_md,grid_200m,30,10,47,37053388f7bd1eacf25f871122c4d16ea5a284fc,9885c1b7b396aa6c99cefbd5114379d2dc4f5ab8b37d4e5ac7d376cd255d20bc,f427576914ea7ca656124ae7ff36b93d7288234820e3ea2bb220f661475f3562,11e5656bd17a343fbd09308565e61a9929205d8f58996ad4337956e51f8438dc,2026-09-04T14:30:08.187210+00:00,300,300,0,0.6578561372618529,0.9829683017863513,0.7060906433892935,100.0,100.0,NONE
realization_grid_200m_w30_seed47,wo_tp,grid_200m,30,10,47,37053388f7bd1eacf25f871122c4d16ea5a284fc,9885c1b7b396aa6c99cefbd5114379d2dc4f5ab8b37d4e5ac7d376cd255d20bc,f427576914ea7ca656124ae7ff36b93d7288234820e3ea2bb220f661475f3562,11e5656bd17a343fbd09308565e61a9929205d8f58996ad4337956e51f8438dc,2026-09-04T14:30:08.940912+00:00,300,300,0,0.6494352484599216,1.0333290696823778,1.4461958689433967,100.0,100.0,NONE
realization_grid_200m_w30_seed47,wo_co,grid_200m,30,10,47,37053388f7bd1eacf25f871122c4d16ea5a284fc,9885c1b7b396aa6c99cefbd5114379d2dc4f5ab8b37d4e5ac7d376cd255d20bc,f427576914ea7ca656124ae7ff36b93d7288234820e3ea2bb220f661475f3562,11e5656bd17a343fbd09308565e61a9929205d8f58996ad4337956e51f8438dc,2026-09-04T14:30:09.679164+00:00,300,300,0,0.6686606594439441,0.983916954084204,0.28672692551961004,100.0,0.0,NONE
realization_grid_200m_w30_seed48,CoTOP,grid_200m,30,10,48,37053388f7bd1eacf25f871122c4d16ea5a284fc,9885c1b7b396aa6c99cefbd5114379d2dc4f5ab8b37d4e5ac7d376cd255d20bc,f427576914ea7ca656124ae7ff36b93d7288234820e3ea2bb220f661475f3562,a8a82d735a5c827791e06308f5a2c5bc69cd0ca7372c20a8cb924f9a83d13f51,2026-09-04T14:30:10.556287+00:00,300,300,0,0.6681686506252099,0.9887780040088596,1.0149288298942807,100.0,100.0,NONE
realization_grid_200m_w30_seed48,DDQN,grid_200m,30,10,48,37053388f7bd1eacf25f871122c4d16ea5a284fc,9885c1b7b396aa6c99cefbd5114379d2dc4f5ab8b37d4e5ac7d376cd255d20bc,f427576914ea7ca656124ae7ff36b93d7288234820e3ea2bb220f661475f3562,a8a82d735a5c827791e06308f5a2c5bc69cd0ca7372c20a8cb924f9a83d13f51,2026-09-04T14:30:11.395158+00:00,300,300,0,0.6617377747392578,0.989035165275422,0.8868348731773331,100.0,36.666666666666664,NONE
realization_grid_200m_w30_seed48,Local,grid_200m,30,10,48,37053388f7bd1eacf25f871122c4d16ea5a284fc,9885c1b7b396aa6c99cefbd5114379d2dc4f5ab8b37d4e5ac7d376cd255d20bc,f427576914ea7ca656124ae7ff36b93d7288234820e3ea2bb220f661475f3562,a8a82d735a5c827791e06308f5a2c5bc69cd0ca7372c20a8cb924f9a83d13f51,2026-09-04T14:30:12.165762+00:00,300,300,0,0.6741251157569602,0.9887780040088596,0.29599815902413174,100.0,0.0,NONE
realization_grid_200m_w30_seed48,Greedy,grid_200m,30,10,48,37053388f7bd1eacf25f871122c4d16ea5a284fc,9885c1b7b396aa6c99cefbd5114379d2dc4f5ab8b37d4e5ac7d376cd255d20bc,f427576914ea7ca656124ae7ff36b93d7288234820e3ea2bb220f661475f3562,a8a82d735a5c827791e06308f5a2c5bc69cd0ca7372c20a8cb924f9a83d13f51,2026-09-04T14:30:12.960656+00:00,300,300,0,0.6245502658093681,1.00275019622239,3.1264521251760047,100.0,88.33333333333333,NONE
realization_grid_200m_w30_seed48,wo_md,grid_200m,30,10,48,37053388f7bd1eacf25f871122c4d16ea5a284fc,9885c1b7b396aa6c99cefbd5114379d2dc4f5ab8b37d4e5ac7d376cd255d20bc,f427576914ea7ca656124ae7ff36b93d7288234820e3ea2bb220f661475f3562,a8a82d735a5c827791e06308f5a2c5bc69cd0ca7372c20a8cb924f9a83d13f51,2026-09-04T14:30:13.017883+00:00,300,300,0,0.6626578780796321,0.9887780040088596,0.7673601949533106,100.0,100.0,NONE
realization_grid_200m_w30_seed48,wo_tp,grid_200m,30,10,48,37053388f7bd1eacf25f871122c4d16ea5a284fc,9885c1b7b396aa6c99cefbd5114379d2dc4f5ab8b37d4e5ac7d376cd255d20bc,f427576914ea7ca656124ae7ff36b93d7288234820e3ea2bb220f661475f3562,a8a82d735a5c827791e06308f5a2c5bc69cd0ca7372c20a8cb924f9a83d13f51,2026-09-04T14:30:13.910512+00:00,300,300,0,0.6516560979038978,1.0259165206397467,1.5098627992479599,100.0,100.0,NONE
realization_grid_200m_w30_seed48,wo_co,grid_200m,30,10,48,37053388f7bd1eacf25f871122c4d16ea5a284fc,9885c1b7b396aa6c99cefbd5114379d2dc4f5ab8b37d4e5ac7d376cd255d20bc,f427576914ea7ca656124ae7ff36b93d7288234820e3ea2bb220f661475f3562,a8a82d735a5c827791e06308f5a2c5bc69cd0ca7372c20a8cb924f9a83d13f51,2026-09-04T14:30:14.699052+00:00,300,300,0,0.6741251157569602,0.9887780040088596,0.29599815902413174,100.0,0.0,NONE
realization_grid_200m_w30_seed49,CoTOP,grid_200m,30,10,49,37053388f7bd1eacf25f871122c4d16ea5a284fc,9885c1b7b396aa6c99cefbd5114379d2dc4f5ab8b37d4e5ac7d376cd255d20bc,f427576914ea7ca656124ae7ff36b93d7288234820e3ea2bb220f661475f3562,3b33f1b5e356f107d1d06438ba17e1072bbc7322b8295d882f9e14a50125d143,2026-09-04T14:30:15.506886+00:00,300,300,0,0.6579748207118822,1.0247592977231073,0.8953869773314524,100.0,100.0,NONE
realization_grid_200m_w30_seed49,DDQN,grid_200m,30,10,49,37053388f7bd1eacf25f871122c4d16ea5a284fc,9885c1b7b396aa6c99cefbd5114379d2dc4f5ab8b37d4e5ac7d376cd255d20bc,f427576914ea7ca656124ae7ff36b93d7288234820e3ea2bb220f661475f3562,3b33f1b5e356f107d1d06438ba17e1072bbc7322b8295d882f9e14a50125d143,2026-09-04T14:30:16.316986+00:00,300,300,0,0.6499429073419513,1.0225912250482492,0.8113923432250754,100.0,42.66666666666667,NONE
realization_grid_200m_w30_seed49,Local,grid_200m,30,10,49,37053388f7bd1eacf25f871122c4d16ea5a284fc,9885c1b7b396aa6c99cefbd5114379d2dc4f5ab8b37d4e5ac7d376cd255d20bc,f427576914ea7ca656124ae7ff36b93d7288234820e3ea2bb220f661475f3562,3b33f1b5e356f107d1d06438ba17e1072bbc7322b8295d882f9e14a50125d143,2026-09-04T14:30:17.093659+00:00,300,300,0,0.6616729119115484,1.0276853974806728,0.27945575618242136,100.0,0.0,NONE
realization_grid_200m_w30_seed49,Greedy,grid_200m,30,10,49,37053388f7bd1eacf25f871122c4d16ea5a284fc,9885c1b7b396aa6c99cefbd5114379d2dc4f5ab8b37d4e5ac7d376cd255d20bc,f427576914ea7ca656124ae7ff36b93d7288234820e3ea2bb220f661475f3562,3b33f1b5e356f107d1d06438ba17e1072bbc7322b8295d882f9e14a50125d143,2026-09-04T14:30:17.858126+00:00,300,300,0,0.6183240522295764,0.9970351790261146,3.048432268708541,100.0,88.0,NONE
realization_grid_200m_w30_seed49,wo_md,grid_200m,30,10,49,37053388f7bd1eacf25f871122c4d16ea5a284fc,9885c1b7b396aa6c99cefbd5114379d2dc4f5ab8b37d4e5ac7d376cd255d20bc,f427576914ea7ca656124ae7ff36b93d7288234820e3ea2bb220f661475f3562,3b33f1b5e356f107d1d06438ba17e1072bbc7322b8295d882f9e14a50125d143,2026-09-04T14:30:17.917499+00:00,300,300,0,0.6518672521731529,1.0247592977231073,0.6875275288569097,100.0,100.0,NONE
realization_grid_200m_w30_seed49,wo_tp,grid_200m,30,10,49,37053388f7bd1eacf25f871122c4d16ea5a284fc,9885c1b7b396aa6c99cefbd5114379d2dc4f5ab8b37d4e5ac7d376cd255d20bc,f427576914ea7ca656124ae7ff36b93d7288234820e3ea2bb220f661475f3562,3b33f1b5e356f107d1d06438ba17e1072bbc7322b8295d882f9e14a50125d143,2026-09-04T14:30:18.701031+00:00,300,300,0,0.6447276322910307,1.0500038384571695,1.393083842275294,100.0,100.0,NONE
realization_grid_200m_w30_seed49,wo_co,grid_200m,30,10,49,37053388f7bd1eacf25f871122c4d16ea5a284fc,9885c1b7b396aa6c99cefbd5114379d2dc4f5ab8b37d4e5ac7d376cd255d20bc,f427576914ea7ca656124ae7ff36b93d7288234820e3ea2bb220f661475f3562,3b33f1b5e356f107d1d06438ba17e1072bbc7322b8295d882f9e14a50125d143,2026-09-04T14:30:19.464396+00:00,300,300,0,0.6616729119115484,1.0276853974806728,0.27945575618242136,100.0,0.0,NONE
realization_grid_200m_w30_seed50,CoTOP,grid_200m,30,10,50,37053388f7bd1eacf25f871122c4d16ea5a284fc,9885c1b7b396aa6c99cefbd5114379d2dc4f5ab8b37d4e5ac7d376cd255d20bc,f427576914ea7ca656124ae7ff36b93d7288234820e3ea2bb220f661475f3562,a760449c812516dfb8d1bb53d06a1e3276e0d73d71c68b117e4b82791e68bf02,2026-09-04T14:30:20.302827+00:00,300,300,0,0.6831970588684171,1.0268174788931284,0.9126020450070144,100.0,100.0,NONE
realization_grid_200m_w30_seed50,DDQN,grid_200m,30,10,50,37053388f7bd1eacf25f871122c4d16ea5a284fc,9885c1b7b396aa6c99cefbd5114379d2dc4f5ab8b37d4e5ac7d376cd255d20bc,f427576914ea7ca656124ae7ff36b93d7288234820e3ea2bb220f661475f3562,a760449c812516dfb8d1bb53d06a1e3276e0d73d71c68b117e4b82791e68bf02,2026-09-04T14:30:21.118064+00:00,300,300,0,0.6740904786186055,1.0106074074544285,0.9376627615094689,100.0,44.666666666666664,NONE
realization_grid_200m_w30_seed50,Local,grid_200m,30,10,50,37053388f7bd1eacf25f871122c4d16ea5a284fc,9885c1b7b396aa6c99cefbd5114379d2dc4f5ab8b37d4e5ac7d376cd255d20bc,f427576914ea7ca656124ae7ff36b93d7288234820e3ea2bb220f661475f3562,a760449c812516dfb8d1bb53d06a1e3276e0d73d71c68b117e4b82791e68bf02,2026-09-04T14:30:21.910304+00:00,300,300,0,0.6867405134553046,1.0268174788931284,0.2832499029716674,100.0,0.0,NONE
realization_grid_200m_w30_seed50,Greedy,grid_200m,30,10,50,37053388f7bd1eacf25f871122c4d16ea5a284fc,9885c1b7b396aa6c99cefbd5114379d2dc4f5ab8b37d4e5ac7d376cd255d20bc,f427576914ea7ca656124ae7ff36b93d7288234820e3ea2bb220f661475f3562,a760449c812516dfb8d1bb53d06a1e3276e0d73d71c68b117e4b82791e68bf02,2026-09-04T14:30:22.695210+00:00,300,300,0,0.6439045938036014,1.0465435898406183,3.1801866246550428,100.0,88.33333333333333,NONE
realization_grid_200m_w30_seed50,wo_md,grid_200m,30,10,50,37053388f7bd1eacf25f871122c4d16ea5a284fc,9885c1b7b396aa6c99cefbd5114379d2dc4f5ab8b37d4e5ac7d376cd255d20bc,f427576914ea7ca656124ae7ff36b93d7288234820e3ea2bb220f661475f3562,a760449c812516dfb8d1bb53d06a1e3276e0d73d71c68b117e4b82791e68bf02,2026-09-04T14:30:22.755078+00:00,300,300,0,0.6773008410055781,1.0268174788931284,0.7015956912957042,100.0,100.0,NONE
realization_grid_200m_w30_seed50,wo_tp,grid_200m,30,10,50,37053388f7bd1eacf25f871122c4d16ea5a284fc,9885c1b7b396aa6c99cefbd5114379d2dc4f5ab8b37d4e5ac7d376cd255d20bc,f427576914ea7ca656124ae7ff36b93d7288234820e3ea2bb220f661475f3562,a760449c812516dfb8d1bb53d06a1e3276e0d73d71c68b117e4b82791e68bf02,2026-09-04T14:30:23.664271+00:00,300,300,0,0.6680304672032347,1.0733996051110481,1.5045056145908642,100.0,100.0,NONE
realization_grid_200m_w30_seed50,wo_co,grid_200m,30,10,50,37053388f7bd1eacf25f871122c4d16ea5a284fc,9885c1b7b396aa6c99cefbd5114379d2dc4f5ab8b37d4e5ac7d376cd255d20bc,f427576914ea7ca656124ae7ff36b93d7288234820e3ea2bb220f661475f3562,a760449c812516dfb8d1bb53d06a1e3276e0d73d71c68b117e4b82791e68bf02,2026-09-04T14:30:24.426493+00:00,300,300,0,0.6867405134553046,1.0268174788931284,0.2832499029716674,100.0,0.0,NONE
realization_grid_200m_w30_seed51,CoTOP,grid_200m,30,10,51,37053388f7bd1eacf25f871122c4d16ea5a284fc,9885c1b7b396aa6c99cefbd5114379d2dc4f5ab8b37d4e5ac7d376cd255d20bc,f427576914ea7ca656124ae7ff36b93d7288234820e3ea2bb220f661475f3562,f5c84fa8da0b2aec435e5aa29926c8ffc40eb97ea7e720a9eed0d5bf62827c90,2026-09-04T14:30:25.226222+00:00,300,300,0,0.6719181383837891,1.0439687827366961,0.8925018897030232,100.0,100.0,NONE
realization_grid_200m_w30_seed51,DDQN,grid_200m,30,10,51,37053388f7bd1eacf25f871122c4d16ea5a284fc,9885c1b7b396aa6c99cefbd5114379d2dc4f5ab8b37d4e5ac7d376cd255d20bc,f427576914ea7ca656124ae7ff36b93d7288234820e3ea2bb220f661475f3562,f5c84fa8da0b2aec435e5aa29926c8ffc40eb97ea7e720a9eed0d5bf62827c90,2026-09-04T14:30:26.025064+00:00,300,300,0,0.6639536401788917,1.0433365999271178,0.7601329143903732,100.0,37.333333333333336,NONE
realization_grid_200m_w30_seed51,Local,grid_200m,30,10,51,37053388f7bd1eacf25f871122c4d16ea5a284fc,9885c1b7b396aa6c99cefbd5114379d2dc4f5ab8b37d4e5ac7d376cd255d20bc,f427576914ea7ca656124ae7ff36b93d7288234820e3ea2bb220f661475f3562,f5c84fa8da0b2aec435e5aa29926c8ffc40eb97ea7e720a9eed0d5bf62827c90,2026-09-04T14:30:26.828858+00:00,300,300,0,0.6752349171522755,1.0439687827366961,0.2746186901756882,100.0,0.0,NONE
realization_grid_200m_w30_seed51,Greedy,grid_200m,30,10,51,37053388f7bd1eacf25f871122c4d16ea5a284fc,9885c1b7b396aa6c99cefbd5114379d2dc4f5ab8b37d4e5ac7d376cd255d20bc,f427576914ea7ca656124ae7ff36b93d7288234820e3ea2bb220f661475f3562,f5c84fa8da0b2aec435e5aa29926c8ffc40eb97ea7e720a9eed0d5bf62827c90,2026-09-04T14:30:27.640618+00:00,300,300,0,0.6336655021305444,1.0680646118472548,3.132567327485721,100.0,89.0,NONE
realization_grid_200m_w30_seed51,wo_md,grid_200m,30,10,51,37053388f7bd1eacf25f871122c4d16ea5a284fc,9885c1b7b396aa6c99cefbd5114379d2dc4f5ab8b37d4e5ac7d376cd255d20bc,f427576914ea7ca656124ae7ff36b93d7288234820e3ea2bb220f661475f3562,f5c84fa8da0b2aec435e5aa29926c8ffc40eb97ea7e720a9eed0d5bf62827c90,2026-09-04T14:30:27.695572+00:00,300,300,0,0.6657078863222488,1.0439687827366961,0.6822114113609498,100.0,100.0,NONE
realization_grid_200m_w30_seed51,wo_tp,grid_200m,30,10,51,37053388f7bd1eacf25f871122c4d16ea5a284fc,9885c1b7b396aa6c99cefbd5114379d2dc4f5ab8b37d4e5ac7d376cd255d20bc,f427576914ea7ca656124ae7ff36b93d7288234820e3ea2bb220f661475f3562,f5c84fa8da0b2aec435e5aa29926c8ffc40eb97ea7e720a9eed0d5bf62827c90,2026-09-04T14:30:28.494650+00:00,300,300,0,0.6597974171226442,1.0681041418104342,1.5244115628821466,100.0,100.0,NONE
realization_grid_200m_w30_seed51,wo_co,grid_200m,30,10,51,37053388f7bd1eacf25f871122c4d16ea5a284fc,9885c1b7b396aa6c99cefbd5114379d2dc4f5ab8b37d4e5ac7d376cd255d20bc,f427576914ea7ca656124ae7ff36b93d7288234820e3ea2bb220f661475f3562,f5c84fa8da0b2aec435e5aa29926c8ffc40eb97ea7e720a9eed0d5bf62827c90,2026-09-04T14:30:29.286139+00:00,300,300,0,0.6752349171522755,1.0439687827366961,0.2746186901756882,100.0,0.0,NONE
realization_grid_200m_w40_42,CoTOP,grid_200m,40,10,42,37053388f7bd1eacf25f871122c4d16ea5a284fc,9885c1b7b396aa6c99cefbd5114379d2dc4f5ab8b37d4e5ac7d376cd255d20bc,f427576914ea7ca656124ae7ff36b93d7288234820e3ea2bb220f661475f3562,6e92439f1b38705e21439490a9837376ff406931ff92523fdf7e0031d537c6ce,2026-09-04T14:30:30.152120+00:00,400,400,0,0.7014570095491919,1.0332899151526198,0.9013044580814145,100.0,100.0,NONE
realization_grid_200m_w40_42,DDQN,grid_200m,40,10,42,37053388f7bd1eacf25f871122c4d16ea5a284fc,9885c1b7b396aa6c99cefbd5114379d2dc4f5ab8b37d4e5ac7d376cd255d20bc,f427576914ea7ca656124ae7ff36b93d7288234820e3ea2bb220f661475f3562,6e92439f1b38705e21439490a9837376ff406931ff92523fdf7e0031d537c6ce,2026-09-04T14:30:30.981554+00:00,400,400,0,0.6932090560909373,1.0427458259474918,0.7373529795997363,100.0,44.0,NONE
realization_grid_200m_w40_42,Local,grid_200m,40,10,42,37053388f7bd1eacf25f871122c4d16ea5a284fc,9885c1b7b396aa6c99cefbd5114379d2dc4f5ab8b37d4e5ac7d376cd255d20bc,f427576914ea7ca656124ae7ff36b93d7288234820e3ea2bb220f661475f3562,6e92439f1b38705e21439490a9837376ff406931ff92523fdf7e0031d537c6ce,2026-09-04T14:30:31.815624+00:00,400,400,0,0.7066728244826007,1.0332899151526198,0.28255349114826667,100.0,0.0,NONE
realization_grid_200m_w40_42,Greedy,grid_200m,40,10,42,37053388f7bd1eacf25f871122c4d16ea5a284fc,9885c1b7b396aa6c99cefbd5114379d2dc4f5ab8b37d4e5ac7d376cd255d20bc,f427576914ea7ca656124ae7ff36b93d7288234820e3ea2bb220f661475f3562,6e92439f1b38705e21439490a9837376ff406931ff92523fdf7e0031d537c6ce,2026-09-04T14:30:32.685711+00:00,400,400,0,0.6416922581325956,1.0347174159521808,3.2344642712871687,100.0,90.0,NONE
realization_grid_200m_w40_42,wo_md,grid_200m,40,10,42,37053388f7bd1eacf25f871122c4d16ea5a284fc,9885c1b7b396aa6c99cefbd5114379d2dc4f5ab8b37d4e5ac7d376cd255d20bc,f427576914ea7ca656124ae7ff36b93d7288234820e3ea2bb220f661475f3562,6e92439f1b38705e21439490a9837376ff406931ff92523fdf7e0031d537c6ce,2026-09-04T14:30:32.856750+00:00,400,400,0,0.6947387683705898,1.0332899151526198,0.6923208432630177,100.0,100.0,NONE
realization_grid_200m_w40_42,wo_tp,grid_200m,40,10,42,37053388f7bd1eacf25f871122c4d16ea5a284fc,9885c1b7b396aa6c99cefbd5114379d2dc4f5ab8b37d4e5ac7d376cd255d20bc,f427576914ea7ca656124ae7ff36b93d7288234820e3ea2bb220f661475f3562,6e92439f1b38705e21439490a9837376ff406931ff92523fdf7e0031d537c6ce,2026-09-04T14:30:33.686268+00:00,400,400,0,0.6749182700362265,1.0844813971197766,1.6571026954071215,100.0,100.0,NONE
realization_grid_200m_w40_42,wo_co,grid_200m,40,10,42,37053388f7bd1eacf25f871122c4d16ea5a284fc,9885c1b7b396aa6c99cefbd5114379d2dc4f5ab8b37d4e5ac7d376cd255d20bc,f427576914ea7ca656124ae7ff36b93d7288234820e3ea2bb220f661475f3562,6e92439f1b38705e21439490a9837376ff406931ff92523fdf7e0031d537c6ce,2026-09-04T14:30:34.486275+00:00,400,400,0,0.7066728244826007,1.0332899151526198,0.28255349114826667,100.0,0.0,NONE
realization_grid_200m_w40_43,CoTOP,grid_200m,40,10,43,37053388f7bd1eacf25f871122c4d16ea5a284fc,9885c1b7b396aa6c99cefbd5114379d2dc4f5ab8b37d4e5ac7d376cd255d20bc,f427576914ea7ca656124ae7ff36b93d7288234820e3ea2bb220f661475f3562,ca19498c68c5decbcc2d3c9d2aa873ef3d727ddb0f70a66ef52402cf7d4f20f9,2026-09-04T14:30:35.304672+00:00,400,400,0,0.6934827326830043,1.044442167099687,0.8772236456607267,100.0,100.0,NONE
realization_grid_200m_w40_43,DDQN,grid_200m,40,10,43,37053388f7bd1eacf25f871122c4d16ea5a284fc,9885c1b7b396aa6c99cefbd5114379d2dc4f5ab8b37d4e5ac7d376cd255d20bc,f427576914ea7ca656124ae7ff36b93d7288234820e3ea2bb220f661475f3562,ca19498c68c5decbcc2d3c9d2aa873ef3d727ddb0f70a66ef52402cf7d4f20f9,2026-09-04T14:30:36.134300+00:00,400,400,0,0.684636492829239,1.0233146119630525,0.7195502097301634,100.0,45.75,NONE
realization_grid_200m_w40_43,Local,grid_200m,40,10,43,37053388f7bd1eacf25f871122c4d16ea5a284fc,9885c1b7b396aa6c99cefbd5114379d2dc4f5ab8b37d4e5ac7d376cd255d20bc,f427576914ea7ca656124ae7ff36b93d7288234820e3ea2bb220f661475f3562,ca19498c68c5decbcc2d3c9d2aa873ef3d727ddb0f70a66ef52402cf7d4f20f9,2026-09-04T14:30:36.928775+00:00,400,400,0,0.7003244275142957,1.044442167099687,0.27756128638402955,100.0,0.0,NONE
realization_grid_200m_w40_43,Greedy,grid_200m,40,10,43,37053388f7bd1eacf25f871122c4d16ea5a284fc,9885c1b7b396aa6c99cefbd5114379d2dc4f5ab8b37d4e5ac7d376cd255d20bc,f427576914ea7ca656124ae7ff36b93d7288234820e3ea2bb220f661475f3562,ca19498c68c5decbcc2d3c9d2aa873ef3d727ddb0f70a66ef52402cf7d4f20f9,2026-09-04T14:30:37.702418+00:00,400,400,0,0.6331403542702676,1.0059371788829368,3.0858542209328097,100.0,88.25,NONE
realization_grid_200m_w40_43,wo_md,grid_200m,40,10,43,37053388f7bd1eacf25f871122c4d16ea5a284fc,9885c1b7b396aa6c99cefbd5114379d2dc4f5ab8b37d4e5ac7d376cd255d20bc,f427576914ea7ca656124ae7ff36b93d7288234820e3ea2bb220f661475f3562,ca19498c68c5decbcc2d3c9d2aa873ef3d727ddb0f70a66ef52402cf7d4f20f9,2026-09-04T14:30:37.769596+00:00,400,400,0,0.686639095048203,1.044442167099687,0.6710953957068441,100.0,100.0,NONE
realization_grid_200m_w40_43,wo_tp,grid_200m,40,10,43,37053388f7bd1eacf25f871122c4d16ea5a284fc,9885c1b7b396aa6c99cefbd5114379d2dc4f5ab8b37d4e5ac7d376cd255d20bc,f427576914ea7ca656124ae7ff36b93d7288234820e3ea2bb220f661475f3562,ca19498c68c5decbcc2d3c9d2aa873ef3d727ddb0f70a66ef52402cf7d4f20f9,2026-09-04T14:30:38.576626+00:00,400,400,0,0.667544609960524,1.0625220834000568,1.7063900441240536,100.0,100.0,NONE
realization_grid_200m_w40_43,wo_co,grid_200m,40,10,43,37053388f7bd1eacf25f871122c4d16ea5a284fc,9885c1b7b396aa6c99cefbd5114379d2dc4f5ab8b37d4e5ac7d376cd255d20bc,f427576914ea7ca656124ae7ff36b93d7288234820e3ea2bb220f661475f3562,ca19498c68c5decbcc2d3c9d2aa873ef3d727ddb0f70a66ef52402cf7d4f20f9,2026-09-04T14:30:39.344062+00:00,400,400,0,0.7003244275142957,1.044442167099687,0.27756128638402955,100.0,0.0,NONE
realization_grid_200m_w40_44,CoTOP,grid_200m,40,10,44,37053388f7bd1eacf25f871122c4d16ea5a284fc,9885c1b7b396aa6c99cefbd5114379d2dc4f5ab8b37d4e5ac7d376cd255d20bc,f427576914ea7ca656124ae7ff36b93d7288234820e3ea2bb220f661475f3562,519d90ef11e71b1f4cffdc865e32afe109046f77a4668e5b78d544a7fb6e400b,2026-09-04T14:30:40.135058+00:00,400,400,0,0.6820063209021988,0.9916213174242463,0.9088361089094076,100.0,100.0,NONE
realization_grid_200m_w40_44,DDQN,grid_200m,40,10,44,37053388f7bd1eacf25f871122c4d16ea5a284fc,9885c1b7b396aa6c99cefbd5114379d2dc4f5ab8b37d4e5ac7d376cd255d20bc,f427576914ea7ca656124ae7ff36b93d7288234820e3ea2bb220f661475f3562,519d90ef11e71b1f4cffdc865e32afe109046f77a4668e5b78d544a7fb6e400b,2026-09-04T14:30:40.899124+00:00,400,400,0,0.678463749020473,0.9943571437719924,0.6327424618119301,100.0,33.75,NONE
realization_grid_200m_w40_44,Local,grid_200m,40,10,44,37053388f7bd1eacf25f871122c4d16ea5a284fc,9885c1b7b396aa6c99cefbd5114379d2dc4f5ab8b37d4e5ac7d376cd255d20bc,f427576914ea7ca656124ae7ff36b93d7288234820e3ea2bb220f661475f3562,519d90ef11e71b1f4cffdc865e32afe109046f77a4668e5b78d544a7fb6e400b,2026-09-04T14:30:41.697983+00:00,400,400,0,0.6884186886081008,0.9943571437719924,0.27495006587704063,100.0,0.0,NONE
realization_grid_200m_w40_44,Greedy,grid_200m,40,10,44,37053388f7bd1eacf25f871122c4d16ea5a284fc,9885c1b7b396aa6c99cefbd5114379d2dc4f5ab8b37d4e5ac7d376cd255d20bc,f427576914ea7ca656124ae7ff36b93d7288234820e3ea2bb220f661475f3562,519d90ef11e71b1f4cffdc865e32afe109046f77a4668e5b78d544a7fb6e400b,2026-09-04T14:30:42.445069+00:00,400,400,0,0.6247414898926947,0.9979426511354282,3.1307762527553775,100.0,89.5,NONE
realization_grid_200m_w40_44,wo_md,grid_200m,40,10,44,37053388f7bd1eacf25f871122c4d16ea5a284fc,9885c1b7b396aa6c99cefbd5114379d2dc4f5ab8b37d4e5ac7d376cd255d20bc,f427576914ea7ca656124ae7ff36b93d7288234820e3ea2bb220f661475f3562,519d90ef11e71b1f4cffdc865e32afe109046f77a4668e5b78d544a7fb6e400b,2026-09-04T14:30:42.512909+00:00,400,400,0,0.6755292319049039,0.9917378558206331,0.6914741834720863,100.0,100.0,NONE
realization_grid_200m_w40_44,wo_tp,grid_200m,40,10,44,37053388f7bd1eacf25f871122c4d16ea5a284fc,9885c1b7b396aa6c99cefbd5114379d2dc4f5ab8b37d4e5ac7d376cd255d20bc,f427576914ea7ca656124ae7ff36b93d7288234820e3ea2bb220f661475f3562,519d90ef11e71b1f4cffdc865e32afe109046f77a4668e5b78d544a7fb6e400b,2026-09-04T14:30:43.374203+00:00,400,400,0,0.6574881272805362,1.049119041800752,1.551690812303838,100.0,100.0,NONE
realization_grid_200m_w40_44,wo_co,grid_200m,40,10,44,37053388f7bd1eacf25f871122c4d16ea5a284fc,9885c1b7b396aa6c99cefbd5114379d2dc4f5ab8b37d4e5ac7d376cd255d20bc,f427576914ea7ca656124ae7ff36b93d7288234820e3ea2bb220f661475f3562,519d90ef11e71b1f4cffdc865e32afe109046f77a4668e5b78d544a7fb6e400b,2026-09-04T14:30:44.106119+00:00,400,400,0,0.6884186886081008,0.9943571437719924,0.27495006587704063,100.0,0.0,NONE
realization_grid_200m_w40_45,CoTOP,grid_200m,40,10,45,37053388f7bd1eacf25f871122c4d16ea5a284fc,9885c1b7b396aa6c99cefbd5114379d2dc4f5ab8b37d4e5ac7d376cd255d20bc,f427576914ea7ca656124ae7ff36b93d7288234820e3ea2bb220f661475f3562,dad26682a78ac5a65c816487680d6333cf13da30e317b3bfcdef6a4817d169ba,2026-09-04T14:30:44.932070+00:00,400,400,0,0.6914000685083344,0.9925046188437954,0.8664387113697453,100.0,100.0,NONE
realization_grid_200m_w40_45,DDQN,grid_200m,40,10,45,37053388f7bd1eacf25f871122c4d16ea5a284fc,9885c1b7b396aa6c99cefbd5114379d2dc4f5ab8b37d4e5ac7d376cd255d20bc,f427576914ea7ca656124ae7ff36b93d7288234820e3ea2bb220f661475f3562,dad26682a78ac5a65c816487680d6333cf13da30e317b3bfcdef6a4817d169ba,2026-09-04T14:30:45.724239+00:00,400,400,0,0.6851389373347998,0.9925046188437954,0.5973982866913699,100.0,42.0,NONE
realization_grid_200m_w40_45,Local,grid_200m,40,10,45,37053388f7bd1eacf25f871122c4d16ea5a284fc,9885c1b7b396aa6c99cefbd5114379d2dc4f5ab8b37d4e5ac7d376cd255d20bc,f427576914ea7ca656124ae7ff36b93d7288234820e3ea2bb220f661475f3562,dad26682a78ac5a65c816487680d6333cf13da30e317b3bfcdef6a4817d169ba,2026-09-04T14:30:46.535799+00:00,400,400,0,0.6972449298559849,0.9925046188437954,0.28531822975853566,100.0,0.0,NONE
realization_grid_200m_w40_45,Greedy,grid_200m,40,10,45,37053388f7bd1eacf25f871122c4d16ea5a284fc,9885c1b7b396aa6c99cefbd5114379d2dc4f5ab8b37d4e5ac7d376cd255d20bc,f427576914ea7ca656124ae7ff36b93d7288234820e3ea2bb220f661475f3562,dad26682a78ac5a65c816487680d6333cf13da30e317b3bfcdef6a4817d169ba,2026-09-04T14:30:47.323022+00:00,400,400,0,0.6296368875363388,0.9974521283185791,3.183327574665612,100.0,90.25,NONE
realization_grid_200m_w40_45,wo_md,grid_200m,40,10,45,37053388f7bd1eacf25f871122c4d16ea5a284fc,9885c1b7b396aa6c99cefbd5114379d2dc4f5ab8b37d4e5ac7d376cd255d20bc,f427576914ea7ca656124ae7ff36b93d7288234820e3ea2bb220f661475f3562,dad26682a78ac5a65c816487680d6333cf13da30e317b3bfcdef6a4817d169ba,2026-09-04T14:30:47.389153+00:00,400,400,0,0.6839187133662494,0.9925046188437954,0.677227732585473,100.0,100.0,NONE
realization_grid_200m_w40_45,wo_tp,grid_200m,40,10,45,37053388f7bd1eacf25f871122c4d16ea5a284fc,9885c1b7b396aa6c99cefbd5114379d2dc4f5ab8b37d4e5ac7d376cd255d20bc,f427576914ea7ca656124ae7ff36b93d7288234820e3ea2bb220f661475f3562,dad26682a78ac5a65c816487680d6333cf13da30e317b3bfcdef6a4817d169ba,2026-09-04T14:30:48.199282+00:00,400,400,0,0.6665682044688188,1.0484578907496271,1.595699850341391,100.0,100.0,NONE
realization_grid_200m_w40_45,wo_co,grid_200m,40,10,45,37053388f7bd1eacf25f871122c4d16ea5a284fc,9885c1b7b396aa6c99cefbd5114379d2dc4f5ab8b37d4e5ac7d376cd255d20bc,f427576914ea7ca656124ae7ff36b93d7288234820e3ea2bb220f661475f3562,dad26682a78ac5a65c816487680d6333cf13da30e317b3bfcdef6a4817d169ba,2026-09-04T14:30:48.946082+00:00,400,400,0,0.6972449298559849,0.9925046188437954,0.28531822975853566,100.0,0.0,NONE
realization_grid_200m_w40_46,CoTOP,grid_200m,40,10,46,37053388f7bd1eacf25f871122c4d16ea5a284fc,9885c1b7b396aa6c99cefbd5114379d2dc4f5ab8b37d4e5ac7d376cd255d20bc,f427576914ea7ca656124ae7ff36b93d7288234820e3ea2bb220f661475f3562,c71ea073465716fcac69eb8c48bddbec7858ec24fa1a7b9c9196dc70e1797ef2,2026-09-04T14:30:49.754569+00:00,400,400,0,0.698263471238231,1.0236693081734125,0.9052065698937158,100.0,100.0,NONE
realization_grid_200m_w40_46,DDQN,grid_200m,40,10,46,37053388f7bd1eacf25f871122c4d16ea5a284fc,9885c1b7b396aa6c99cefbd5114379d2dc4f5ab8b37d4e5ac7d376cd255d20bc,f427576914ea7ca656124ae7ff36b93d7288234820e3ea2bb220f661475f3562,c71ea073465716fcac69eb8c48bddbec7858ec24fa1a7b9c9196dc70e1797ef2,2026-09-04T14:30:50.559086+00:00,400,400,0,0.6916523237561668,1.0277422607684017,0.7184049504024004,100.0,43.25,NONE
realization_grid_200m_w40_46,Local,grid_200m,40,10,46,37053388f7bd1eacf25f871122c4d16ea5a284fc,9885c1b7b396aa6c99cefbd5114379d2dc4f5ab8b37d4e5ac7d376cd255d20bc,f427576914ea7ca656124ae7ff36b93d7288234820e3ea2bb220f661475f3562,c71ea073465716fcac69eb8c48bddbec7858ec24fa1a7b9c9196dc70e1797ef2,2026-09-04T14:30:51.312578+00:00,400,400,0,0.7045920148560932,1.0244254240962836,0.2802429914149196,100.0,0.0,NONE
realization_grid_200m_w40_46,Greedy,grid_200m,40,10,46,37053388f7bd1eacf25f871122c4d16ea5a284fc,9885c1b7b396aa6c99cefbd5114379d2dc4f5ab8b37d4e5ac7d376cd255d20bc,f427576914ea7ca656124ae7ff36b93d7288234820e3ea2bb220f661475f3562,c71ea073465716fcac69eb8c48bddbec7858ec24fa1a7b9c9196dc70e1797ef2,2026-09-04T14:30:52.193124+00:00,400,400,0,0.6393912412587369,1.011092369109338,3.193293239215609,100.0,89.5,NONE
realization_grid_200m_w40_46,wo_md,grid_200m,40,10,46,37053388f7bd1eacf25f871122c4d16ea5a284fc,9885c1b7b396aa6c99cefbd5114379d2dc4f5ab8b37d4e5ac7d376cd255d20bc,f427576914ea7ca656124ae7ff36b93d7288234820e3ea2bb220f661475f3562,c71ea073465716fcac69eb8c48bddbec7858ec24fa1a7b9c9196dc70e1797ef2,2026-09-04T14:30:52.381051+00:00,400,400,0,0.6909748582104013,1.0236693081734125,0.6943131230360473,100.0,100.0,NONE
realization_grid_200m_w40_46,wo_tp,grid_200m,40,10,46,37053388f7bd1eacf25f871122c4d16ea5a284fc,9885c1b7b396aa6c99cefbd5114379d2dc4f5ab8b37d4e5ac7d376cd255d20bc,f427576914ea7ca656124ae7ff36b93d7288234820e3ea2bb220f661475f3562,c71ea073465716fcac69eb8c48bddbec7858ec24fa1a7b9c9196dc70e1797ef2,2026-09-04T14:30:53.287137+00:00,400,400,0,0.6719676716827766,1.0440023648664936,1.6684742238482004,100.0,100.0,NONE
realization_grid_200m_w40_46,wo_co,grid_200m,40,10,46,37053388f7bd1eacf25f871122c4d16ea5a284fc,9885c1b7b396aa6c99cefbd5114379d2dc4f5ab8b37d4e5ac7d376cd255d20bc,f427576914ea7ca656124ae7ff36b93d7288234820e3ea2bb220f661475f3562,c71ea073465716fcac69eb8c48bddbec7858ec24fa1a7b9c9196dc70e1797ef2,2026-09-04T14:30:54.129765+00:00,400,400,0,0.7045920148560932,1.0244254240962836,0.2802429914149196,100.0,0.0,NONE
realization_grid_200m_w40_seed47,CoTOP,grid_200m,40,10,47,37053388f7bd1eacf25f871122c4d16ea5a284fc,9885c1b7b396aa6c99cefbd5114379d2dc4f5ab8b37d4e5ac7d376cd255d20bc,f427576914ea7ca656124ae7ff36b93d7288234820e3ea2bb220f661475f3562,6e6b0018d12a299819ff84d3a2e15a5f218e3fa32b03a16b1cac7dce7dbce762,2026-09-04T14:30:54.980438+00:00,400,400,0,0.6865656889260202,1.000309318446206,0.9493120221723663,100.0,100.0,NONE
realization_grid_200m_w40_seed47,DDQN,grid_200m,40,10,47,37053388f7bd1eacf25f871122c4d16ea5a284fc,9885c1b7b396aa6c99cefbd5114379d2dc4f5ab8b37d4e5ac7d376cd255d20bc,f427576914ea7ca656124ae7ff36b93d7288234820e3ea2bb220f661475f3562,6e6b0018d12a299819ff84d3a2e15a5f218e3fa32b03a16b1cac7dce7dbce762,2026-09-04T14:30:55.819638+00:00,400,400,0,0.677978726548327,1.0025828613169827,0.6980724126470867,100.0,43.25,NONE
realization_grid_200m_w40_seed47,Local,grid_200m,40,10,47,37053388f7bd1eacf25f871122c4d16ea5a284fc,9885c1b7b396aa6c99cefbd5114379d2dc4f5ab8b37d4e5ac7d376cd255d20bc,f427576914ea7ca656124ae7ff36b93d7288234820e3ea2bb220f661475f3562,6e6b0018d12a299819ff84d3a2e15a5f218e3fa32b03a16b1cac7dce7dbce762,2026-09-04T14:30:56.616387+00:00,400,400,0,0.6950546801767268,1.0025828613169827,0.2835995840377364,100.0,0.0,NONE
realization_grid_200m_w40_seed47,Greedy,grid_200m,40,10,47,37053388f7bd1eacf25f871122c4d16ea5a284fc,9885c1b7b396aa6c99cefbd5114379d2dc4f5ab8b37d4e5ac7d376cd255d20bc,f427576914ea7ca656124ae7ff36b93d7288234820e3ea2bb220f661475f3562,6e6b0018d12a299819ff84d3a2e15a5f218e3fa32b03a16b1cac7dce7dbce762,2026-09-04T14:30:57.472156+00:00,400,400,0,0.6260107877609421,1.0059179118607593,3.119227754884397,100.0,89.0,NONE
realization_grid_200m_w40_seed47,wo_md,grid_200m,40,10,47,37053388f7bd1eacf25f871122c4d16ea5a284fc,9885c1b7b396aa6c99cefbd5114379d2dc4f5ab8b37d4e5ac7d376cd255d20bc,f427576914ea7ca656124ae7ff36b93d7288234820e3ea2bb220f661475f3562,6e6b0018d12a299819ff84d3a2e15a5f218e3fa32b03a16b1cac7dce7dbce762,2026-09-04T14:30:57.544410+00:00,400,400,0,0.680218868032135,1.0000870431458477,0.7221167123535241,100.0,100.0,NONE
realization_grid_200m_w40_seed47,wo_tp,grid_200m,40,10,47,37053388f7bd1eacf25f871122c4d16ea5a284fc,9885c1b7b396aa6c99cefbd5114379d2dc4f5ab8b37d4e5ac7d376cd255d20bc,f427576914ea7ca656124ae7ff36b93d7288234820e3ea2bb220f661475f3562,6e6b0018d12a299819ff84d3a2e15a5f218e3fa32b03a16b1cac7dce7dbce762,2026-09-04T14:30:58.319089+00:00,400,400,0,0.662561669241702,1.0526092582657127,1.5745566930567316,100.0,100.0,NONE
realization_grid_200m_w40_seed47,wo_co,grid_200m,40,10,47,37053388f7bd1eacf25f871122c4d16ea5a284fc,9885c1b7b396aa6c99cefbd5114379d2dc4f5ab8b37d4e5ac7d376cd255d20bc,f427576914ea7ca656124ae7ff36b93d7288234820e3ea2bb220f661475f3562,6e6b0018d12a299819ff84d3a2e15a5f218e3fa32b03a16b1cac7dce7dbce762,2026-09-04T14:30:59.092178+00:00,400,400,0,0.6950546801767268,1.0025828613169827,0.2835995840377364,100.0,0.0,NONE
realization_grid_200m_w40_seed48,CoTOP,grid_200m,40,10,48,37053388f7bd1eacf25f871122c4d16ea5a284fc,9885c1b7b396aa6c99cefbd5114379d2dc4f5ab8b37d4e5ac7d376cd255d20bc,f427576914ea7ca656124ae7ff36b93d7288234820e3ea2bb220f661475f3562,515ad4031e8a00fead9cfbf5e36eac7386060247ce0332a08c02664ee7786d78,2026-09-04T14:30:59.918151+00:00,400,400,0,0.6976495413796081,0.9945349603515622,0.8895476395596834,100.0,100.0,NONE
realization_grid_200m_w40_seed48,DDQN,grid_200m,40,10,48,37053388f7bd1eacf25f871122c4d16ea5a284fc,9885c1b7b396aa6c99cefbd5114379d2dc4f5ab8b37d4e5ac7d376cd255d20bc,f427576914ea7ca656124ae7ff36b93d7288234820e3ea2bb220f661475f3562,515ad4031e8a00fead9cfbf5e36eac7386060247ce0332a08c02664ee7786d78,2026-09-04T14:31:00.742514+00:00,400,400,0,0.6861838142366729,0.9929161652451772,0.6538741843736591,100.0,47.5,NONE
realization_grid_200m_w40_seed48,Local,grid_200m,40,10,48,37053388f7bd1eacf25f871122c4d16ea5a284fc,9885c1b7b396aa6c99cefbd5114379d2dc4f5ab8b37d4e5ac7d376cd255d20bc,f427576914ea7ca656124ae7ff36b93d7288234820e3ea2bb220f661475f3562,515ad4031e8a00fead9cfbf5e36eac7386060247ce0332a08c02664ee7786d78,2026-09-04T14:31:01.537060+00:00,400,400,0,0.7039272983511554,0.9945349603515622,0.29683573174232014,100.0,0.0,NONE
realization_grid_200m_w40_seed48,Greedy,grid_200m,40,10,48,37053388f7bd1eacf25f871122c4d16ea5a284fc,9885c1b7b396aa6c99cefbd5114379d2dc4f5ab8b37d4e5ac7d376cd255d20bc,f427576914ea7ca656124ae7ff36b93d7288234820e3ea2bb220f661475f3562,515ad4031e8a00fead9cfbf5e36eac7386060247ce0332a08c02664ee7786d78,2026-09-04T14:31:02.366299+00:00,400,400,0,0.6288737033518838,0.9871255189215977,3.1237943130809924,100.0,89.0,NONE
realization_grid_200m_w40_seed48,wo_md,grid_200m,40,10,48,37053388f7bd1eacf25f871122c4d16ea5a284fc,9885c1b7b396aa6c99cefbd5114379d2dc4f5ab8b37d4e5ac7d376cd255d20bc,f427576914ea7ca656124ae7ff36b93d7288234820e3ea2bb220f661475f3562,515ad4031e8a00fead9cfbf5e36eac7386060247ce0332a08c02664ee7786d78,2026-09-04T14:31:02.552881+00:00,400,400,0,0.690388403647307,0.9945349603515622,0.6933554338395144,100.0,100.0,NONE
realization_grid_200m_w40_seed48,wo_tp,grid_200m,40,10,48,37053388f7bd1eacf25f871122c4d16ea5a284fc,9885c1b7b396aa6c99cefbd5114379d2dc4f5ab8b37d4e5ac7d376cd255d20bc,f427576914ea7ca656124ae7ff36b93d7288234820e3ea2bb220f661475f3562,515ad4031e8a00fead9cfbf5e36eac7386060247ce0332a08c02664ee7786d78,2026-09-04T14:31:03.390744+00:00,400,400,0,0.6660599081487494,1.0540234732559726,1.5244558446256449,100.0,100.0,NONE
realization_grid_200m_w40_seed48,wo_co,grid_200m,40,10,48,37053388f7bd1eacf25f871122c4d16ea5a284fc,9885c1b7b396aa6c99cefbd5114379d2dc4f5ab8b37d4e5ac7d376cd255d20bc,f427576914ea7ca656124ae7ff36b93d7288234820e3ea2bb220f661475f3562,515ad4031e8a00fead9cfbf5e36eac7386060247ce0332a08c02664ee7786d78,2026-09-04T14:31:04.178985+00:00,400,400,0,0.7039272983511554,0.9945349603515622,0.29683573174232014,100.0,0.0,NONE
realization_grid_200m_w40_seed49,CoTOP,grid_200m,40,10,49,37053388f7bd1eacf25f871122c4d16ea5a284fc,9885c1b7b396aa6c99cefbd5114379d2dc4f5ab8b37d4e5ac7d376cd255d20bc,f427576914ea7ca656124ae7ff36b93d7288234820e3ea2bb220f661475f3562,f956fb6250bbe529591d38c69ffd6ad86b9f38f4cd9ea930f357749b3da757ff,2026-09-04T14:31:04.962589+00:00,400,400,0,0.6870040849953508,1.0106054515558465,0.8592961619352647,100.0,100.0,NONE
realization_grid_200m_w40_seed49,DDQN,grid_200m,40,10,49,37053388f7bd1eacf25f871122c4d16ea5a284fc,9885c1b7b396aa6c99cefbd5114379d2dc4f5ab8b37d4e5ac7d376cd255d20bc,f427576914ea7ca656124ae7ff36b93d7288234820e3ea2bb220f661475f3562,f956fb6250bbe529591d38c69ffd6ad86b9f38f4cd9ea930f357749b3da757ff,2026-09-04T14:31:05.765891+00:00,400,400,0,0.6746597640788699,1.0041387814368252,0.7858135351774981,100.0,45.25,NONE
realization_grid_200m_w40_seed49,Local,grid_200m,40,10,49,37053388f7bd1eacf25f871122c4d16ea5a284fc,9885c1b7b396aa6c99cefbd5114379d2dc4f5ab8b37d4e5ac7d376cd255d20bc,f427576914ea7ca656124ae7ff36b93d7288234820e3ea2bb220f661475f3562,f956fb6250bbe529591d38c69ffd6ad86b9f38f4cd9ea930f357749b3da757ff,2026-09-04T14:31:06.580174+00:00,400,400,0,0.6921664831676081,1.0126436419476714,0.2779914716384322,100.0,0.0,NONE
realization_grid_200m_w40_seed49,Greedy,grid_200m,40,10,49,37053388f7bd1eacf25f871122c4d16ea5a284fc,9885c1b7b396aa6c99cefbd5114379d2dc4f5ab8b37d4e5ac7d376cd255d20bc,f427576914ea7ca656124ae7ff36b93d7288234820e3ea2bb220f661475f3562,f956fb6250bbe529591d38c69ffd6ad86b9f38f4cd9ea930f357749b3da757ff,2026-09-04T14:31:07.357758+00:00,400,400,0,0.6250474300425866,0.994499471322146,3.0923508026196727,100.0,89.5,NONE
realization_grid_200m_w40_seed49,wo_md,grid_200m,40,10,49,37053388f7bd1eacf25f871122c4d16ea5a284fc,9885c1b7b396aa6c99cefbd5114379d2dc4f5ab8b37d4e5ac7d376cd255d20bc,f427576914ea7ca656124ae7ff36b93d7288234820e3ea2bb220f661475f3562,f956fb6250bbe529591d38c69ffd6ad86b9f38f4cd9ea930f357749b3da757ff,2026-09-04T14:31:07.430015+00:00,400,400,0,0.6796430414580896,1.0106054515558465,0.6648582683141047,100.0,100.0,NONE
realization_grid_200m_w40_seed49,wo_tp,grid_200m,40,10,49,37053388f7bd1eacf25f871122c4d16ea5a284fc,9885c1b7b396aa6c99cefbd5114379d2dc4f5ab8b37d4e5ac7d376cd255d20bc,f427576914ea7ca656124ae7ff36b93d7288234820e3ea2bb220f661475f3562,f956fb6250bbe529591d38c69ffd6ad86b9f38f4cd9ea930f357749b3da757ff,2026-09-04T14:31:08.242192+00:00,400,400,0,0.659603586554624,1.0530621965432883,1.5087985702668683,100.0,100.0,NONE
realization_grid_200m_w40_seed49,wo_co,grid_200m,40,10,49,37053388f7bd1eacf25f871122c4d16ea5a284fc,9885c1b7b396aa6c99cefbd5114379d2dc4f5ab8b37d4e5ac7d376cd255d20bc,f427576914ea7ca656124ae7ff36b93d7288234820e3ea2bb220f661475f3562,f956fb6250bbe529591d38c69ffd6ad86b9f38f4cd9ea930f357749b3da757ff,2026-09-04T14:31:09.004548+00:00,400,400,0,0.6921664831676081,1.0126436419476714,0.2779914716384322,100.0,0.0,NONE
realization_grid_200m_w40_seed50,CoTOP,grid_200m,40,10,50,37053388f7bd1eacf25f871122c4d16ea5a284fc,9885c1b7b396aa6c99cefbd5114379d2dc4f5ab8b37d4e5ac7d376cd255d20bc,f427576914ea7ca656124ae7ff36b93d7288234820e3ea2bb220f661475f3562,dd891e52b4078e4643b953146ba2f1cc2a7514c700cc6a456c72850223102c72,2026-09-04T14:31:09.832594+00:00,400,400,0,0.707985095193591,1.0398681600315576,0.865286688109056,100.0,100.0,NONE
realization_grid_200m_w40_seed50,DDQN,grid_200m,40,10,50,37053388f7bd1eacf25f871122c4d16ea5a284fc,9885c1b7b396aa6c99cefbd5114379d2dc4f5ab8b37d4e5ac7d376cd255d20bc,f427576914ea7ca656124ae7ff36b93d7288234820e3ea2bb220f661475f3562,dd891e52b4078e4643b953146ba2f1cc2a7514c700cc6a456c72850223102c72,2026-09-04T14:31:10.640384+00:00,400,400,0,0.6952496301347193,1.0377303180804651,0.8327421848948277,100.0,48.25,NONE
realization_grid_200m_w40_seed50,Local,grid_200m,40,10,50,37053388f7bd1eacf25f871122c4d16ea5a284fc,9885c1b7b396aa6c99cefbd5114379d2dc4f5ab8b37d4e5ac7d376cd255d20bc,f427576914ea7ca656124ae7ff36b93d7288234820e3ea2bb220f661475f3562,dd891e52b4078e4643b953146ba2f1cc2a7514c700cc6a456c72850223102c72,2026-09-04T14:31:11.437809+00:00,400,400,0,0.7133075561301959,1.0398681600315576,0.28554284081001025,100.0,0.0,NONE
realization_grid_200m_w40_seed50,Greedy,grid_200m,40,10,50,37053388f7bd1eacf25f871122c4d16ea5a284fc,9885c1b7b396aa6c99cefbd5114379d2dc4f5ab8b37d4e5ac7d376cd255d20bc,f427576914ea7ca656124ae7ff36b93d7288234820e3ea2bb220f661475f3562,dd891e52b4078e4643b953146ba2f1cc2a7514c700cc6a456c72850223102c72,2026-09-04T14:31:12.275102+00:00,400,400,0,0.645760509070475,1.0424942994071031,3.19029084710019,100.0,89.0,NONE
realization_grid_200m_w40_seed50,wo_md,grid_200m,40,10,50,37053388f7bd1eacf25f871122c4d16ea5a284fc,9885c1b7b396aa6c99cefbd5114379d2dc4f5ab8b37d4e5ac7d376cd255d20bc,f427576914ea7ca656124ae7ff36b93d7288234820e3ea2bb220f661475f3562,dd891e52b4078e4643b953146ba2f1cc2a7514c700cc6a456c72850223102c72,2026-09-04T14:31:12.337241+00:00,400,400,0,0.7003879992151855,1.0398681600315576,0.6735345315998958,100.0,100.0,NONE
realization_grid_200m_w40_seed50,wo_tp,grid_200m,40,10,50,37053388f7bd1eacf25f871122c4d16ea5a284fc,9885c1b7b396aa6c99cefbd5114379d2dc4f5ab8b37d4e5ac7d376cd255d20bc,f427576914ea7ca656124ae7ff36b93d7288234820e3ea2bb220f661475f3562,dd891e52b4078e4643b953146ba2f1cc2a7514c700cc6a456c72850223102c72,2026-09-04T14:31:13.237725+00:00,400,400,0,0.6832927608502899,1.0828562839539635,1.6023866802474829,100.0,100.0,NONE
realization_grid_200m_w40_seed50,wo_co,grid_200m,40,10,50,37053388f7bd1eacf25f871122c4d16ea5a284fc,9885c1b7b396aa6c99cefbd5114379d2dc4f5ab8b37d4e5ac7d376cd255d20bc,f427576914ea7ca656124ae7ff36b93d7288234820e3ea2bb220f661475f3562,dd891e52b4078e4643b953146ba2f1cc2a7514c700cc6a456c72850223102c72,2026-09-04T14:31:14.034294+00:00,400,400,0,0.7133075561301959,1.0398681600315576,0.28554284081001025,100.0,0.0,NONE
realization_grid_200m_w40_seed51,CoTOP,grid_200m,40,10,51,37053388f7bd1eacf25f871122c4d16ea5a284fc,9885c1b7b396aa6c99cefbd5114379d2dc4f5ab8b37d4e5ac7d376cd255d20bc,f427576914ea7ca656124ae7ff36b93d7288234820e3ea2bb220f661475f3562,19a5860d15fb30b8cfc38549484f6d95abb5b253d3768ea2c16113c10e6e422f,2026-09-04T14:31:14.847898+00:00,400,400,0,0.6930190889727906,1.052739585554435,0.8628964735940227,100.0,100.0,NONE
realization_grid_200m_w40_seed51,DDQN,grid_200m,40,10,51,37053388f7bd1eacf25f871122c4d16ea5a284fc,9885c1b7b396aa6c99cefbd5114379d2dc4f5ab8b37d4e5ac7d376cd255d20bc,f427576914ea7ca656124ae7ff36b93d7288234820e3ea2bb220f661475f3562,19a5860d15fb30b8cfc38549484f6d95abb5b253d3768ea2c16113c10e6e422f,2026-09-04T14:31:15.668118+00:00,400,400,0,0.6843481694077951,1.0516234692032236,0.674912616073916,100.0,38.25,NONE
realization_grid_200m_w40_seed51,Local,grid_200m,40,10,51,37053388f7bd1eacf25f871122c4d16ea5a284fc,9885c1b7b396aa6c99cefbd5114379d2dc4f5ab8b37d4e5ac7d376cd255d20bc,f427576914ea7ca656124ae7ff36b93d7288234820e3ea2bb220f661475f3562,19a5860d15fb30b8cfc38549484f6d95abb5b253d3768ea2c16113c10e6e422f,2026-09-04T14:31:16.443770+00:00,400,400,0,0.6979711799475364,1.052739585554435,0.27273618874121636,100.0,0.0,NONE
realization_grid_200m_w40_seed51,Greedy,grid_200m,40,10,51,37053388f7bd1eacf25f871122c4d16ea5a284fc,9885c1b7b396aa6c99cefbd5114379d2dc4f5ab8b37d4e5ac7d376cd255d20bc,f427576914ea7ca656124ae7ff36b93d7288234820e3ea2bb220f661475f3562,19a5860d15fb30b8cfc38549484f6d95abb5b253d3768ea2c16113c10e6e422f,2026-09-04T14:31:17.260901+00:00,400,400,0,0.6347971873021009,1.0412431300161062,3.1683849964044803,100.0,90.0,NONE
realization_grid_200m_w40_seed51,wo_md,grid_200m,40,10,51,37053388f7bd1eacf25f871122c4d16ea5a284fc,9885c1b7b396aa6c99cefbd5114379d2dc4f5ab8b37d4e5ac7d376cd255d20bc,f427576914ea7ca656124ae7ff36b93d7288234820e3ea2bb220f661475f3562,19a5860d15fb30b8cfc38549484f6d95abb5b253d3768ea2c16113c10e6e422f,2026-09-04T14:31:17.340971+00:00,400,400,0,0.6861495228759782,1.052739585554435,0.6674511578307076,100.0,100.0,NONE
realization_grid_200m_w40_seed51,wo_tp,grid_200m,40,10,51,37053388f7bd1eacf25f871122c4d16ea5a284fc,9885c1b7b396aa6c99cefbd5114379d2dc4f5ab8b37d4e5ac7d376cd255d20bc,f427576914ea7ca656124ae7ff36b93d7288234820e3ea2bb220f661475f3562,19a5860d15fb30b8cfc38549484f6d95abb5b253d3768ea2c16113c10e6e422f,2026-09-04T14:31:18.138000+00:00,400,400,0,0.6700874589132237,1.0946506481290599,1.5619643443368216,100.0,100.0,NONE
realization_grid_200m_w40_seed51,wo_co,grid_200m,40,10,51,37053388f7bd1eacf25f871122c4d16ea5a284fc,9885c1b7b396aa6c99cefbd5114379d2dc4f5ab8b37d4e5ac7d376cd255d20bc,f427576914ea7ca656124ae7ff36b93d7288234820e3ea2bb220f661475f3562,19a5860d15fb30b8cfc38549484f6d95abb5b253d3768ea2c16113c10e6e422f,2026-09-04T14:31:18.909593+00:00,400,400,0,0.6979711799475364,1.052739585554435,0.27273618874121636,100.0,0.0,NONE
