run_id,algorithm,scenario,workload,seed,status,realization_sha256,checkpoint_sha256,git_sha,tasks_generated,tasks_completed,tasks_failed,completion_ratio,mean_delay_s,std_delay_s,mean_energy_j,std_energy_j,comm_delay_s,comp_delay_s,wait_delay_s,comm_energy_j,comp_energy_j,local_energy_j,r2r_energy_j,total_reward,fail_deadlines,fail_coverages,fail_duals,fail_departures,param_immutable
corridor_2400m_CoTOP_w20_seed42,CoTOP,corridor_2400m,w20,42,COMPLETED,f06fda410fdea551aae2cc024389d8de42630a73f2d504a19ec1fb4b747224a6,,441296f18f1eddf09c399ac1840827d5a48b034d,200,193,7,0.965,2.0739186676163177,1.6259602071781107,4.204020742970283,5.6567801194085465,2.023243285214282,0.0055255200796399,0.0451498623223962,1.6816082971881137,1.6816082971881137,0.0,0.8408041485940568,-1248.5872942564054,0,7,0,0,True
corridor_2400m_DDQN_w20_seed42,DDQN,corridor_2400m,w20,42,COMPLETED,f06fda410fdea551aae2cc024389d8de42630a73f2d504a19ec1fb4b747224a6,de20ba23342bb0ae73c8d3f178fd38b46f4b14e100371a0925090f674a656827,441296f18f1eddf09c399ac1840827d5a48b034d,200,193,7,0.965,2.067412322037985,1.5967165918143995,6.754210396144597,4.495989105998534,2.0487451817460247,0.0052399271847144,0.013427213107246,2.716917974561817,2.692543868795452,0.0304676322079556,1.3447485527873284,-1533.8413522386795,0,7,0,0,True
corridor_2400m_Greedy_w20_seed42,Greedy,corridor_2400m,w20,42,COMPLETED,f06fda410fdea551aae2cc024389d8de42630a73f2d504a19ec1fb4b747224a6,,441296f18f1eddf09c399ac1840827d5a48b034d,200,193,7,0.965,2.0639223869258982,1.6021033393181292,7.219614589600078,4.246780889457983,2.05339922368058,0.0050778894367444,0.0054452738085743,2.909422085279596,2.874900086176293,0.0431524988791289,1.4352924181441895,-1570.172542257554,0,7,0,0,True
corridor_2400m_Local_w20_seed42,Local,corridor_2400m,w20,42,COMPLETED,f06fda410fdea551aae2cc024389d8de42630a73f2d504a19ec1fb4b747224a6,,441296f18f1eddf09c399ac1840827d5a48b034d,200,193,7,0.965,2.04136596953117,1.600761361268482,0.3000039329119527,0.1308543881899872,1.9842031171136985,0.0056032380348163,0.0515596143826552,0.2700035396207574,0.0300003932911952,0.3000039329119527,0.0,-911.9519707449458,0,7,0,0,True
corridor_2400m_CoTOP_w20_seed43,CoTOP,corridor_2400m,w20,43,COMPLETED,52a594aa777255afb0bda1c2b2373e272cbf926223556329585fd800730c4604,,441296f18f1eddf09c399ac1840827d5a48b034d,200,196,4,0.98,2.0483372359509397,1.5357727565410562,4.487671864827666,5.404077141819798,1.9880795055063043,0.0051567191278637,0.055101011316771,1.799995460160328,1.7921127173935103,0.0098534284585219,0.8955636872738291,-1009.1714545924098,0,4,0,0,True
corridor_2400m_DDQN_w20_seed43,DDQN,corridor_2400m,w20,43,COMPLETED,52a594aa777255afb0bda1c2b2373e272cbf926223556329585fd800730c4604,72d303cc45b87f6f977aaefe0ce39f7ea88480788659d53d8c4e79d0fe715f81,441296f18f1eddf09c399ac1840827d5a48b034d,200,197,3,0.985,2.0150287015993347,1.521538352365241,0.5004116758119302,1.7381496063880897,1.9482069036161471,0.0053652023703649,0.0614565956128228,0.3022774925671707,0.1388969769793329,0.2042256444847971,0.0592372062654266,-520.7522579591515,0,3,0,0,True
corridor_2400m_Greedy_w20_seed43,Greedy,corridor_2400m,w20,43,COMPLETED,52a594aa777255afb0bda1c2b2373e272cbf926223556329585fd800730c4604,,441296f18f1eddf09c399ac1840827d5a48b034d,200,196,4,0.98,2.027646799359078,1.522543061182025,6.972160994082484,4.023297296401903,2.012924396798853,0.0045420681311366,0.0101803344290884,2.803364405936635,2.780164392650809,0.029000016607283,1.38863219549504,-1261.2636810156353,0,4,0,0,True
corridor_2400m_Local_w20_seed43,Local,corridor_2400m,w20,43,COMPLETED,52a594aa777255afb0bda1c2b2373e272cbf926223556329585fd800730c4604,,441296f18f1eddf09c399ac1840827d5a48b034d,200,197,3,0.985,2.0142848110771028,1.5179204708260896,0.2877209184786763,0.1251226866748282,1.9460799960428148,0.0053652023703649,0.0628396126639233,0.2589488266308087,0.0287720918478676,0.2877209184786763,0.0,-520.86977790039,0,3,0,0,True
corridor_2400m_CoTOP_w20_seed44,CoTOP,corridor_2400m,w20,44,COMPLETED,805b00e6ec8c010f4a340d5e45c5cce35fc48264d889b507bc198891b5bf460f,,441296f18f1eddf09c399ac1840827d5a48b034d,200,198,2,0.99,2.0136399248285675,1.490871959400442,8.081912015403205,2.9542430413208765,1.9761235781035145,0.0047102100434753,0.0328061366815773,3.2327648061612813,3.2327648061612813,0.0,1.6163824030806406,-1193.8699653589283,0,2,0,0,True
corridor_2400m_DDQN_w20_seed44,DDQN,corridor_2400m,w20,44,COMPLETED,805b00e6ec8c010f4a340d5e45c5cce35fc48264d889b507bc198891b5bf460f,2e333f94fcf21dd963780b5b64b92544b0dd1cfe46a56a6d2f91d76702be8767,441296f18f1eddf09c399ac1840827d5a48b034d,200,198,2,0.99,1.954198844733148,1.5027881265989362,0.4914505964427496,1.5119670177757931,1.9002189639139104,0.0052067980086758,0.0487730828105621,0.301860393131142,0.1334121458446745,0.2105603091080844,0.056178057466933,-427.82791860681294,0,2,0,0,True
corridor_2400m_Greedy_w20_seed44,Greedy,corridor_2400m,w20,44,COMPLETED,805b00e6ec8c010f4a340d5e45c5cce35fc48264d889b507bc198891b5bf460f,,441296f18f1eddf09c399ac1840827d5a48b034d,200,198,2,0.99,1.979584913868224,1.5043875650815353,7.095644216818511,4.077755081902075,1.966260900117668,0.0047224598626177,0.0086015538879376,2.85728868775093,2.826839086113289,0.0380620020470509,1.411516442954292,-1087.6779924984828,0,2,0,0,True
corridor_2400m_Local_w20_seed44,Local,corridor_2400m,w20,44,COMPLETED,805b00e6ec8c010f4a340d5e45c5cce35fc48264d889b507bc198891b5bf460f,,441296f18f1eddf09c399ac1840827d5a48b034d,200,198,2,0.99,1.9523747220594847,1.4995347769921872,0.2793208771009959,0.1329506086037636,1.8980976667204923,0.0052067980086758,0.0490702573303162,0.2513887893908963,0.0279320877100996,0.2793208771009959,0.0,-417.00316434646055,0,2,0,0,True
corridor_2400m_CoTOP_w20_seed45,CoTOP,corridor_2400m,w20,45,COMPLETED,b09d0411e658043b9e5b6039b0a7de65796ce3152226026f3be0f28f44a74fd7,,441296f18f1eddf09c399ac1840827d5a48b034d,200,195,5,0.975,1.9634501201343493,1.5568039857415932,7.21212839454542,3.980476590720736,1.9279400231317905,0.0054312976053231,0.0300787993972359,2.8848513578181683,2.8848513578181683,0.0,1.442425678909084,-1370.6833749322773,0,5,0,0,True
corridor_2400m_DDQN_w20_seed45,DDQN,corridor_2400m,w20,45,COMPLETED,b09d0411e658043b9e5b6039b0a7de65796ce3152226026f3be0f28f44a74fd7,f176c0ff7ee00bcef65f53d1676e94ee7e2a7701fe11d01c16252d5655b11c6b,441296f18f1eddf09c399ac1840827d5a48b034d,200,197,3,0.985,1.9196450711606543,1.551706896868902,0.3917857455477632,1.1563708446297998,1.8597365966418136,0.0058229312839836,0.0540855432348571,0.2483608262988856,0.101726381371237,0.1832930561595607,0.0416985378776405,-513.4105781359284,0,3,0,0,True
corridor_2400m_Greedy_w20_seed45,Greedy,corridor_2400m,w20,45,COMPLETED,b09d0411e658043b9e5b6039b0a7de65796ce3152226026f3be0f28f44a74fd7,,441296f18f1eddf09c399ac1840827d5a48b034d,200,195,5,0.975,1.936711238736456,1.5556676315173517,6.817272554475994,4.558646295546823,1.923991464731096,0.005284814553739,0.0074349594516207,2.749979912646275,2.7130664872768726,0.0461417817117531,1.3542261545528484,-1330.4373040690582,0,5,0,0,True
corridor_2400m_Local_w20_seed45,Local,corridor_2400m,w20,45,COMPLETED,b09d0411e658043b9e5b6039b0a7de65796ce3152226026f3be0f28f44a74fd7,,441296f18f1eddf09c399ac1840827d5a48b034d,200,197,3,0.985,1.918816263813968,1.5499149738738756,0.3097357251635624,0.1351121996727163,1.858916096437972,0.0058229312839836,0.0540772360920122,0.2787621526472062,0.0309735725163562,0.3097357251635624,0.0,-513.4080859930748,0,3,0,0,True
corridor_2400m_CoTOP_w20_seed46,CoTOP,corridor_2400m,w20,46,COMPLETED,04ef7c838e8795c5894976cdfac799704524a1893e32ae121dae50ab5b3d7343,,441296f18f1eddf09c399ac1840827d5a48b034d,200,195,5,0.975,2.0033232102668457,1.5883399074659927,0.97902628518066,2.1202968763480854,1.956573458177678,0.0054364302950497,0.0413133217941182,0.5233129242023915,0.3125890679941875,0.2634048202602549,0.143124292984081,-782.5627514125423,0,5,0,0,True
corridor_2400m_DDQN_w20_seed46,DDQN,corridor_2400m,w20,46,COMPLETED,04ef7c838e8795c5894976cdfac799704524a1893e32ae121dae50ab5b3d7343,8597ebddba8abbdac22b529d924d9eb734f59acde10870b8f33ba523c4f05728,441296f18f1eddf09c399ac1840827d5a48b034d,200,196,4,0.98,2.007772172655569,1.5920883157302796,0.6366216044294658,2.161502205083212,1.953149411370166,0.0055133996726872,0.0491093616127156,0.3467628298356258,0.1993801289334826,0.1842283761276789,0.0904786456603573,-622.7381709837745,0,4,0,0,True
corridor_2400m_Greedy_w20_seed46,Greedy,corridor_2400m,w20,46,COMPLETED,04ef7c838e8795c5894976cdfac799704524a1893e32ae121dae50ab5b3d7343,,441296f18f1eddf09c399ac1840827d5a48b034d,200,195,5,0.975,2.033224125426783,1.5898523494828258,7.238843651456364,4.390052321220262,2.0191716318404347,0.0050092309846934,0.0090432626016543,2.9169065529305853,2.8827160051737213,0.0427381846960793,1.4392210933520568,-1386.733386168425,0,5,0,0,True
corridor_2400m_Local_w20_seed46,Local,corridor_2400m,w20,46,COMPLETED,04ef7c838e8795c5894976cdfac799704524a1893e32ae121dae50ab5b3d7343,,441296f18f1eddf09c399ac1840827d5a48b034d,200,195,5,0.975,2.0066860568603,1.5875317390438433,0.2951673323208539,0.1391951977157963,1.94973486864908,0.0055133996726872,0.051437788538533,0.2656505990887685,0.0295167332320853,0.2951673323208539,0.0,-714.5131407859071,0,5,0,0,True
corridor_2400m_CoTOP_w20_seed47,CoTOP,corridor_2400m,w20,47,COMPLETED,50af9e828670c1407dcb0ebe449032456bdc6adca8450a9be42aec0f04c41523,,441296f18f1eddf09c399ac1840827d5a48b034d,200,199,1,0.995,1.879644882768684,1.437021196948317,7.812539537215725,3.2118293397705218,1.855157605029773,0.0050527325851101,0.0194345451538008,3.1250158148862903,3.1250158148862903,0.0,1.5625079074431452,-1062.1330329728662,0,1,0,0,True
corridor_2400m_DDQN_w20_seed47,DDQN,corridor_2400m,w20,47,COMPLETED,50af9e828670c1407dcb0ebe449032456bdc6adca8450a9be42aec0f04c41523,,441296f18f1eddf09c399ac1840827d5a48b034d,200,199,1,0.995,1.879644882768684,1.437021196948317,7.812539537215725,3.2118293397705218,1.855157605029773,0.0050527325851101,0.0194345451538008,3.1250158148862903,3.1250158148862903,0.0,1.5625079074431452,-1062.1330329728662,0,1,0,0,True
corridor_2400m_Greedy_w20_seed47,Greedy,corridor_2400m,w20,47,COMPLETED,50af9e828670c1407dcb0ebe449032456bdc6adca8450a9be42aec0f04c41523,,441296f18f1eddf09c399ac1840827d5a48b034d,200,199,1,0.995,1.858527737092715,1.4439700628731735,7.08463884601108,4.28894285711557,1.847878598117726,0.0050669301418758,0.0055822088331124,2.854663170738163,2.8213709590041947,0.0416152646674604,1.4086047162687243,-984.2401777658536,0,1,0,0,True
corridor_2400m_Local_w20_seed47,Local,corridor_2400m,w20,47,COMPLETED,50af9e828670c1407dcb0ebe449032456bdc6adca8450a9be42aec0f04c41523,,441296f18f1eddf09c399ac1840827d5a48b034d,200,199,1,0.995,1.83885606233674,1.4422531630361688,0.2982780014759372,0.1382338847009069,1.780014989672375,0.0056095570315842,0.0532315156327804,0.2684502013283435,0.0298278001475937,0.2982780014759372,0.0,-310.6450545613833,0,1,0,0,True
corridor_2400m_CoTOP_w20_seed48,CoTOP,corridor_2400m,w20,48,COMPLETED,9757e1a7d84034e343dc030c3e6c8a5c6860300a600f680f82b581bd2d517bff,,441296f18f1eddf09c399ac1840827d5a48b034d,200,196,4,0.98,2.028109517036401,1.476554191224159,7.385454552109888,4.7934635753275,1.99899526147484,0.0053187490727077,0.0237955064888538,2.954181820843955,2.954181820843955,0.0,1.4770909104219776,-1318.6323530497216,0,4,0,0,True
corridor_2400m_DDQN_w20_seed48,DDQN,corridor_2400m,w20,48,COMPLETED,9757e1a7d84034e343dc030c3e6c8a5c6860300a600f680f82b581bd2d517bff,,441296f18f1eddf09c399ac1840827d5a48b034d,200,196,4,0.98,2.028109517036401,1.476554191224159,7.385454552109888,4.7934635753275,1.99899526147484,0.0053187490727077,0.0237955064888538,2.954181820843955,2.954181820843955,0.0,1.4770909104219776,-1318.6323530497216,0,4,0,0,True
corridor_2400m_Greedy_w20_seed48,Greedy,corridor_2400m,w20,48,COMPLETED,9757e1a7d84034e343dc030c3e6c8a5c6860300a600f680f82b581bd2d517bff,,441296f18f1eddf09c399ac1840827d5a48b034d,200,196,4,0.98,2.011337301883653,1.4979702885359134,7.463506249964748,4.34460570360434,1.9997757784533885,0.0053510547314713,0.0062104686987935,3.009731093805887,2.9708053436939075,0.048657187639975,1.4829698124649549,-1308.4931025076853,0,4,0,0,True
corridor_2400m_Local_w20_seed48,Local,corridor_2400m,w20,48,COMPLETED,9757e1a7d84034e343dc030c3e6c8a5c6860300a600f680f82b581bd2d517bff,,441296f18f1eddf09c399ac1840827d5a48b034d,200,196,4,0.98,1.991701198509607,1.4925906695770013,0.3143369745217004,0.1320571063392469,1.9282840856989576,0.0059010826732942,0.0575160301373549,0.2829032770695304,0.03143369745217,0.3143369745217004,0.0,-618.2248416963132,0,4,0,0,True
corridor_2400m_CoTOP_w20_seed49,CoTOP,corridor_2400m,w20,49,COMPLETED,9d50cb88a164bf17221658f0a03647330463f75de2718ebb6db631731380901a,,441296f18f1eddf09c399ac1840827d5a48b034d,200,199,1,0.995,1.9400471374969528,1.5274693792498617,6.141556662845617,5.403701479610513,1.8859567216157709,0.0048580391781109,0.0492323767030714,2.4566226651382466,2.4566226651382466,0.0,1.2283113325691233,-904.9638179730122,0,1,0,0,True
corridor_2400m_DDQN_w20_seed49,DDQN,corridor_2400m,w20,49,COMPLETED,9d50cb88a164bf17221658f0a03647330463f75de2718ebb6db631731380901a,,441296f18f1eddf09c399ac1840827d5a48b034d,200,199,1,0.995,1.9400471374969528,1.5274693792498617,6.141556662845617,5.403701479610513,1.8859567216157709,0.0048580391781109,0.0492323767030714,2.4566226651382466,2.4566226651382466,0.0,1.2283113325691233,-904.9638179730122,0,1,0,0,True
corridor_2400m_Greedy_w20_seed49,Greedy,corridor_2400m,w20,49,COMPLETED,9d50cb88a164bf17221658f0a03647330463f75de2718ebb6db631731380901a,,441296f18f1eddf09c399ac1840827d5a48b034d,200,199,1,0.995,1.9031830317458007,1.5490909973256857,6.66648020626578,4.001594150197532,1.8912059570499724,0.0048895345975653,0.0070875400982632,2.687877830304344,2.653820633827493,0.0425714955960638,1.3247817421339434,-947.6422914360812,0,1,0,0,True
corridor_2400m_Local_w20_seed49,Local,corridor_2400m,w20,49,COMPLETED,9d50cb88a164bf17221658f0a03647330463f75de2718ebb6db631731380901a,,441296f18f1eddf09c399ac1840827d5a48b034d,200,199,1,0.995,1.8836514510679925,1.546865814777169,0.2903219639375891,0.1276662380499375,1.8274443746266904,0.0054409504038264,0.0507661260374754,0.2612897675438301,0.0290321963937589,0.2903219639375891,0.0,-314.21568853875755,0,1,0,0,True
corridor_2400m_CoTOP_w20_seed50,CoTOP,corridor_2400m,w20,50,COMPLETED,849bbd6262223a1eaf11801a36215c5bcc20e3ebaceaab44474c99a38821e3d9,,441296f18f1eddf09c399ac1840827d5a48b034d,200,196,4,0.98,1.9818017494852096,1.654375014005952,4.6116175406370425,5.260967848210197,1.955905701199574,0.0052564155998808,0.0206396326857551,1.890985561020765,1.816843889395248,0.0926770895318968,0.9037880902210292,-1040.1600871961716,0,4,0,0,True
corridor_2400m_DDQN_w20_seed50,DDQN,corridor_2400m,w20,50,COMPLETED,849bbd6262223a1eaf11801a36215c5bcc20e3ebaceaab44474c99a38821e3d9,,441296f18f1eddf09c399ac1840827d5a48b034d,200,196,4,0.98,1.9818017494852096,1.654375014005952,4.6116175406370425,5.260967848210197,1.955905701199574,0.0052564155998808,0.0206396326857551,1.890985561020765,1.816843889395248,0.0926770895318968,0.9037880902210292,-1040.1600871961716,0,4,0,0,True
corridor_2400m_Greedy_w20_seed50,Greedy,corridor_2400m,w20,50,COMPLETED,849bbd6262223a1eaf11801a36215c5bcc20e3ebaceaab44474c99a38821e3d9,,441296f18f1eddf09c399ac1840827d5a48b034d,200,196,4,0.98,1.9933002631589092,1.6579896951006703,7.281043052326202,4.228758886443408,1.9825999563164656,0.0050139131446367,0.0056863936978069,2.9322778020579108,2.900500872254024,0.0397211622548581,1.448264378014269,-1287.055499740578,0,4,0,0,True
corridor_2400m_Local_w20_seed50,Local,corridor_2400m,w20,50,COMPLETED,849bbd6262223a1eaf11801a36215c5bcc20e3ebaceaab44474c99a38821e3d9,,441296f18f1eddf09c399ac1840827d5a48b034d,200,196,4,0.98,1.971743021143073,1.6561640468185554,0.2983260109730319,0.1273792313128623,1.912772785902934,0.00558396566228,0.0533862695778599,0.2684934098757287,0.0298326010973031,0.2983260109730319,0.0,-614.1353026630416,0,4,0,0,True
corridor_2400m_CoTOP_w20_seed51,CoTOP,corridor_2400m,w20,51,COMPLETED,2935371bd9ebe8c927b5d43ef91fe24e1c705a78645f3886de56da3ef04b4230,,441296f18f1eddf09c399ac1840827d5a48b034d,200,199,1,0.995,2.085536377717744,1.545858624060823,7.962968113379389,3.723099992619089,2.040874681690328,0.0048970905959573,0.0397646054314598,3.1851872453517545,3.1851872453517545,0.0,1.5925936226758772,-1097.8713238518833,0,1,0,0,True
corridor_2400m_DDQN_w20_seed51,DDQN,corridor_2400m,w20,51,COMPLETED,2935371bd9ebe8c927b5d43ef91fe24e1c705a78645f3886de56da3ef04b4230,,441296f18f1eddf09c399ac1840827d5a48b034d,200,199,1,0.995,2.085536377717744,1.545858624060823,7.962968113379389,3.723099992619089,2.040874681690328,0.0048970905959573,0.0397646054314598,3.1851872453517545,3.1851872453517545,0.0,1.5925936226758772,-1097.8713238518833,0,1,0,0,True
corridor_2400m_Greedy_w20_seed51,Greedy,corridor_2400m,w20,51,COMPLETED,2935371bd9ebe8c927b5d43ef91fe24e1c705a78645f3886de56da3ef04b4230,,441296f18f1eddf09c399ac1840827d5a48b034d,200,199,1,0.995,2.044608269169775,1.5553554133672407,6.988134428523741,4.265048555342294,2.0311263448417707,0.0048923676416168,0.0085895566863877,2.8171849642696394,2.782095055693411,0.0438623857202856,1.388854408560691,-994.421636317544,0,1,0,0,True
corridor_2400m_Local_w20_seed51,Local,corridor_2400m,w20,51,COMPLETED,2935371bd9ebe8c927b5d43ef91fe24e1c705a78645f3886de56da3ef04b4230,,441296f18f1eddf09c399ac1840827d5a48b034d,200,200,0,1.0,2.021490937288677,1.553860271357261,0.2939592422486318,0.1333562369709906,1.9641845929790196,0.0054863479263768,0.051819996383281,0.2645633180237686,0.0293959242248631,0.2939592422486318,0.0,-231.54501795373088,0,0,0,0,True
corridor_2400m_CoTOP_w30_seed42,CoTOP,corridor_2400m,w30,42,COMPLETED,9aac6a3cd75c839bda90bca65a2422b6d8fec6298bb8a34b9bc77fa056ceefc1,,441296f18f1eddf09c399ac1840827d5a48b034d,300,299,1,0.9966666666666668,2.039643836320144,1.540015155316747,4.39658087802512,4.993797952555566,2.000279419367278,0.0054602711207432,0.0339041458321226,1.7842503161059828,1.743261572272487,0.0512359297918703,0.8690689896466498,-1054.2865822160431,0,1,0,0,True
corridor_2400m_DDQN_w30_seed42,DDQN,corridor_2400m,w30,42,COMPLETED,9aac6a3cd75c839bda90bca65a2422b6d8fec6298bb8a34b9bc77fa056ceefc1,,441296f18f1eddf09c399ac1840827d5a48b034d,300,299,1,0.9966666666666668,2.039643836320144,1.540015155316747,4.39658087802512,4.993797952555566,2.000279419367278,0.0054602711207432,0.0339041458321226,1.7842503161059828,1.743261572272487,0.0512359297918703,0.8690689896466498,-1054.2865822160431,0,1,0,0,True
corridor_2400m_Greedy_w30_seed42,Greedy,corridor_2400m,w30,42,COMPLETED,9aac6a3cd75c839bda90bca65a2422b6d8fec6298bb8a34b9bc77fa056ceefc1,,441296f18f1eddf09c399ac1840827d5a48b034d,300,299,1,0.9966666666666668,2.045848323814554,1.5287500641774106,7.467528755857169,4.17190267804115,2.0309888981455995,0.0051371438507381,0.0097222818182172,3.007783246536624,2.9745484558266133,0.0415434883875131,1.4851970534939312,-1517.7525156575225,0,1,0,0,True
corridor_2400m_Local_w30_seed42,Local,corridor_2400m,w30,42,COMPLETED,9aac6a3cd75c839bda90bca65a2422b6d8fec6298bb8a34b9bc77fa056ceefc1,,441296f18f1eddf09c399ac1840827d5a48b034d,300,299,1,0.9966666666666668,2.044980318823019,1.5197447594656217,0.30344480755071,0.1269019645435971,1.9593480586625345,0.0056770265392816,0.0799552336212024,0.273100326795639,0.030344480755071,0.30344480755071,0.0,-449.1814904379938,0,1,0,0,True
corridor_2400m_CoTOP_w30_seed43,CoTOP,corridor_2400m,w30,43,COMPLETED,dae3ddc2916c97039addccf0b7ccd98e3d3141fddfd1075e2f18653b1861069b,,441296f18f1eddf09c399ac1840827d5a48b034d,300,294,6,0.98,2.1458434481347526,1.55398609317042,7.728053286802709,2.8132101670512246,2.0518736693539883,0.0045080630182103,0.089461715762554,3.091221314721084,3.091221314721084,0.0,1.545610657360542,-2033.6563830453545,0,6,0,0,True
corridor_2400m_DDQN_w30_seed43,DDQN,corridor_2400m,w30,43,COMPLETED,dae3ddc2916c97039addccf0b7ccd98e3d3141fddfd1075e2f18653b1861069b,,441296f18f1eddf09c399ac1840827d5a48b034d,300,294,6,0.98,2.1458434481347526,1.55398609317042,7.728053286802709,2.8132101670512246,2.0518736693539883,0.0045080630182103,0.089461715762554,3.091221314721084,3.091221314721084,0.0,1.545610657360542,-2033.6563830453545,0,6,0,0,True
corridor_2400m_Greedy_w30_seed43,Greedy,corridor_2400m,w30,43,COMPLETED,dae3ddc2916c97039addccf0b7ccd98e3d3141fddfd1075e2f18653b1861069b,,441296f18f1eddf09c399ac1840827d5a48b034d,300,295,5,0.9833333333333332,2.064162609782818,1.5824069115536044,6.89360305732517,4.047792847005875,2.043529167059213,0.0045230842455278,0.016110358478077,2.775868402819567,2.7463849149963693,0.0368543597789976,1.3713497395092349,-1799.0595646753015,0,5,0,0,True
corridor_2400m_Local_w30_seed43,Local,corridor_2400m,w30,43,COMPLETED,dae3ddc2916c97039addccf0b7ccd98e3d3141fddfd1075e2f18653b1861069b,,441296f18f1eddf09c399ac1840827d5a48b034d,300,296,4,0.9866666666666668,2.075603248523065,1.5776184802311173,0.2860084749388137,0.1291160127508872,1.9774532212353493,0.0053246788545292,0.0928253484331862,0.2574076274449323,0.0286008474938813,0.2860084749388137,0.0,-741.534328840513,0,4,0,0,True
corridor_2400m_CoTOP_w30_seed44,CoTOP,corridor_2400m,w30,44,COMPLETED,2e7215839ff41c4f9bd7cd524a428cb532657965c2eaabbe5ac5e5a3e39e93e3,,441296f18f1eddf09c399ac1840827d5a48b034d,300,295,5,0.9833333333333332,2.0038374840505497,1.4687152092366116,6.954995820865409,4.475669282172061,1.9533593419157305,0.0049080726257129,0.0455700695091061,2.781998328346164,2.781998328346164,0.0,1.390999164173082,-1816.120379393442,0,5,0,0,True
corridor_2400m_DDQN_w30_seed44,DDQN,corridor_2400m,w30,44,COMPLETED,2e7215839ff41c4f9bd7cd524a428cb532657965c2eaabbe5ac5e5a3e39e93e3,,441296f18f1eddf09c399ac1840827d5a48b034d,300,295,5,0.9833333333333332,2.0038374840505497,1.4687152092366116,6.954995820865409,4.475669282172061,1.9533593419157305,0.0049080726257129,0.0455700695091061,2.781998328346164,2.781998328346164,0.0,1.390999164173082,-1816.120379393442,0,5,0,0,True
corridor_2400m_Greedy_w30_seed44,Greedy,corridor_2400m,w30,44,COMPLETED,2e7215839ff41c4f9bd7cd524a428cb532657965c2eaabbe5ac5e5a3e39e93e3,,441296f18f1eddf09c399ac1840827d5a48b034d,300,296,4,0.9866666666666668,1.972402526687518,1.4766323881330368,6.874216349470947,4.131749669833236,1.9525515472017856,0.0048226280643873,0.015028351421345,2.7722179357365238,2.7361677022194937,0.0450627918962878,1.3658307115149322,-1688.33480344247,0,4,0,0,True
corridor_2400m_Local_w30_seed44,Local,corridor_2400m,w30,44,COMPLETED,2e7215839ff41c4f9bd7cd524a428cb532657965c2eaabbe5ac5e5a3e39e93e3,,441296f18f1eddf09c399ac1840827d5a48b034d,300,296,4,0.9866666666666668,1.9687189153280609,1.4657707640480149,0.2844911862426961,0.1337194929289926,1.886654295569504,0.00531249286574,0.0767521268928173,0.2560420676184264,0.0284491186242696,0.2844911862426961,0.0,-725.5591760576126,0,4,0,0,True
corridor_2400m_CoTOP_w30_seed45,CoTOP,corridor_2400m,w30,45,COMPLETED,f820ccdf1f56a15863c501f5ef482e73f19d133834f3c2390c7641fc1e03155a,,441296f18f1eddf09c399ac1840827d5a48b034d,300,295,5,0.9833333333333332,1.9343985651971665,1.5741616541567685,1.236059134400564,2.537238839907112,1.867791689478585,0.005643429803731,0.0609634459148502,0.6238578979033819,0.4167631072743319,0.2588684882863125,0.1954381292228503,-952.1388904965628,0,5,0,0,True
corridor_2400m_DDQN_w30_seed45,DDQN,corridor_2400m,w30,45,COMPLETED,f820ccdf1f56a15863c501f5ef482e73f19d133834f3c2390c7641fc1e03155a,,441296f18f1eddf09c399ac1840827d5a48b034d,300,295,5,0.9833333333333332,1.9343985651971665,1.5741616541567685,1.236059134400564,2.537238839907112,1.867791689478585,0.005643429803731,0.0609634459148502,0.6238578979033819,0.4167631072743319,0.2588684882863125,0.1954381292228503,-952.1388904965628,0,5,0,0,True
corridor_2400m_Greedy_w30_seed45,Greedy,corridor_2400m,w30,45,COMPLETED,f820ccdf1f56a15863c501f5ef482e73f19d133834f3c2390c7641fc1e03155a,,441296f18f1eddf09c399ac1840827d5a48b034d,300,294,6,0.98,1.9460372999827664,1.573752357207305,7.232340573584594,4.2654976086260135,1.927754503870425,0.0051628232261063,0.0131199728862349,2.915054007826808,2.879665562398056,0.0442355567859391,1.437621003359731,-1918.5537744754472,0,6,0,0,True
corridor_2400m_Local_w30_seed45,Local,corridor_2400m,w30,45,COMPLETED,f820ccdf1f56a15863c501f5ef482e73f19d133834f3c2390c7641fc1e03155a,,441296f18f1eddf09c399ac1840827d5a48b034d,300,295,5,0.9833333333333332,1.945542240883376,1.5680955673395691,0.3043494249091937,0.1371830802124239,1.8584745923836712,0.0057152935797071,0.0813523549199974,0.2739144824182744,0.0304349424909193,0.3043494249091937,0.0,-821.5460682735511,0,5,0,0,True
corridor_2400m_CoTOP_w30_seed46,CoTOP,corridor_2400m,w30,46,COMPLETED,86136e88345f1c18a29118b9ca8bfc848f0f984edc9fb5f2b303b7f02d3acb71,,441296f18f1eddf09c399ac1840827d5a48b034d,300,291,9,0.97,2.0272220523455804,1.5439225708366984,3.2346413206547373,4.200190545504205,1.9810764394293985,0.0052113222700215,0.0409342906461603,1.3664888376010351,1.2502771426584105,0.1452646186782804,0.6178753403952914,-1653.4756153489002,0,9,0,0,True
corridor_2400m_DDQN_w30_seed46,DDQN,corridor_2400m,w30,46,COMPLETED,86136e88345f1c18a29118b9ca8bfc848f0f984edc9fb5f2b303b7f02d3acb71,,441296f18f1eddf09c399ac1840827d5a48b034d,300,291,9,0.97,2.0272220523455804,1.5439225708366984,3.2346413206547373,4.200190545504205,1.9810764394293985,0.0052113222700215,0.0409342906461603,1.3664888376010351,1.2502771426584105,0.1452646186782804,0.6178753403952914,-1653.4756153489002,0,9,0,0,True
corridor_2400m_Greedy_w30_seed46,Greedy,corridor_2400m,w30,46,COMPLETED,86136e88345f1c18a29118b9ca8bfc848f0f984edc9fb5f2b303b7f02d3acb71,,441296f18f1eddf09c399ac1840827d5a48b034d,300,290,10,0.9666666666666668,2.043694978472746,1.5478433707447343,7.4864304339481,4.186755548351542,2.023594330562332,0.0049795010042554,0.0151211469061582,3.0115112556828127,2.9844087243170976,0.0338781642071442,1.4905104539481917,-2344.4722613131776,0,10,0,0,True
corridor_2400m_Local_w30_seed46,Local,corridor_2400m,w30,46,COMPLETED,86136e88345f1c18a29118b9ca8bfc848f0f984edc9fb5f2b303b7f02d3acb71,,441296f18f1eddf09c399ac1840827d5a48b034d,300,292,8,0.9733333333333334,2.0354051970125946,1.5405790689112575,0.2934423902432155,0.1361533912786364,1.9516644501252831,0.0054785149148392,0.0782622319724723,0.264098151218894,0.0293442390243215,0.2934423902432155,0.0,-1124.116575179434,0,8,0,0,True
corridor_2400m_CoTOP_w30_seed47,CoTOP,corridor_2400m,w30,47,COMPLETED,624cc23feef90e3f271228ceff8c0e8836438c34b191dc57eaf905ca503988aa,,441296f18f1eddf09c399ac1840827d5a48b034d,300,295,5,0.9833333333333332,1.9486270064841849,1.5179653386220724,7.792598072815759,3.4187283958011734,1.9029555543785093,0.0050284718551628,0.0406429802505122,3.1170392291263034,3.1170392291263034,0.0,1.5585196145631517,-1914.1015332611532,0,5,0,0,True
corridor_2400m_DDQN_w30_seed47,DDQN,corridor_2400m,w30,47,COMPLETED,624cc23feef90e3f271228ceff8c0e8836438c34b191dc57eaf905ca503988aa,,441296f18f1eddf09c399ac1840827d5a48b034d,300,295,5,0.9833333333333332,1.9486270064841849,1.5179653386220724,7.792598072815759,3.4187283958011734,1.9029555543785093,0.0050284718551628,0.0406429802505122,3.1170392291263034,3.1170392291263034,0.0,1.5585196145631517,-1914.1015332611532,0,5,0,0,True
corridor_2400m_Greedy_w30_seed47,Greedy,corridor_2400m,w30,47,COMPLETED,624cc23feef90e3f271228ceff8c0e8836438c34b191dc57eaf905ca503988aa,,441296f18f1eddf09c399ac1840827d5a48b034d,300,296,4,0.9866666666666668,1.91085606982682,1.5272269395711808,7.083536957047493,4.207947627830343,1.895864943220827,0.0050503366828364,0.0099407899231563,2.854135734539436,2.8209822117867347,0.0414419034408762,1.4084190107213237,-1712.8519150598909,0,4,0,0,True
corridor_2400m_Local_w30_seed47,Local,corridor_2400m,w30,47,COMPLETED,624cc23feef90e3f271228ceff8c0e8836438c34b191dc57eaf905ca503988aa,,441296f18f1eddf09c399ac1840827d5a48b034d,300,297,3,0.99,1.9157951387005503,1.522235198436545,0.299198270312176,0.1352664281994152,1.8280215563534736,0.0056183610949728,0.0821552212521035,0.2692784432809585,0.0299198270312176,0.299198270312176,0.0,-623.0362638945227,0,3,0,0,True
corridor_2400m_CoTOP_w30_seed48,CoTOP,corridor_2400m,w30,48,COMPLETED,fa306d0184da1ab0e8a7e0dec852c43be28871954050c4ca57c88d780dfea564,,441296f18f1eddf09c399ac1840827d5a48b034d,300,295,5,0.9833333333333332,1.9902773040910908,1.5080092818241613,3.834748671306056,3.606478240299837,1.949015538251127,0.0054658378868453,0.0357959279531188,1.6033197999201163,1.492247269683806,0.1388406627953881,0.7391816017021335,-1357.4188897147526,0,5,0,0,True
corridor_2400m_DDQN_w30_seed48,DDQN,corridor_2400m,w30,48,COMPLETED,fa306d0184da1ab0e8a7e0dec852c43be28871954050c4ca57c88d780dfea564,,441296f18f1eddf09c399ac1840827d5a48b034d,300,295,5,0.9833333333333332,1.9902773040910908,1.5080092818241613,3.834748671306056,3.606478240299837,1.949015538251127,0.0054658378868453,0.0357959279531188,1.6033197999201163,1.492247269683806,0.1388406627953881,0.7391816017021335,-1357.4188897147526,0,5,0,0,True
corridor_2400m_Greedy_w30_seed48,Greedy,corridor_2400m,w30,48,COMPLETED,fa306d0184da1ab0e8a7e0dec852c43be28871954050c4ca57c88d780dfea564,,441296f18f1eddf09c399ac1840827d5a48b034d,300,295,5,0.9833333333333332,1.995539381478377,1.513817308375373,6.894913203756009,4.319338646134947,1.9796171835756264,0.0052576561720616,0.010664541730689,2.779593550976404,2.744988319818004,0.0432565389480002,1.3703313329616018,-1786.5544617503422,0,5,0,0,True
corridor_2400m_Local_w30_seed48,Local,corridor_2400m,w30,48,COMPLETED,fa306d0184da1ab0e8a7e0dec852c43be28871954050c4ca57c88d780dfea564,,441296f18f1eddf09c399ac1840827d5a48b034d,300,295,5,0.9833333333333332,2.006005144648316,1.5060516819831955,0.3093169593130452,0.1333567869637282,1.9137612211311967,0.0058035869420346,0.0864403365750845,0.2783852633817407,0.0309316959313045,0.3093169593130452,0.0,-830.9549851705461,0,5,0,0,True
corridor_2400m_CoTOP_w30_seed49,CoTOP,corridor_2400m,w30,49,COMPLETED,1e4923ce97c5e3104e6efb9d7711ffd828a6f726b25a2273cbb2ad869db6fd22,,441296f18f1eddf09c399ac1840827d5a48b034d,300,297,3,0.99,1.904336294437591,1.5377778047855255,0.6678351174088283,1.878955907089077,1.8272317367051096,0.005433890331032,0.0716706674014492,0.4035684407741942,0.1852734106771336,0.2728687876213257,0.0789932659575005,-676.431596857977,0,3,0,0,True
corridor_2400m_DDQN_w30_seed49,DDQN,corridor_2400m,w30,49,COMPLETED,1e4923ce97c5e3104e6efb9d7711ffd828a6f726b25a2273cbb2ad869db6fd22,,441296f18f1eddf09c399ac1840827d5a48b034d,300,297,3,0.99,1.904336294437591,1.5377778047855255,0.6678351174088283,1.878955907089077,1.8272317367051096,0.005433890331032,0.0716706674014492,0.4035684407741942,0.1852734106771336,0.2728687876213257,0.0789932659575005,-676.431596857977,0,3,0,0,True
corridor_2400m_Greedy_w30_seed49,Greedy,corridor_2400m,w30,49,COMPLETED,1e4923ce97c5e3104e6efb9d7711ffd828a6f726b25a2273cbb2ad869db6fd22,,441296f18f1eddf09c399ac1840827d5a48b034d,300,298,2,0.9933333333333332,1.905307409628873,1.5431438745086663,6.74765834440784,4.195371694400135,1.8880299689751,0.0049276988263327,0.0123497418274403,2.7220086527186047,2.685296148789855,0.0458906299109374,1.3403535428993805,-1486.2147700718658,0,2,0,0,True
corridor_2400m_Local_w30_seed49,Local,corridor_2400m,w30,49,COMPLETED,1e4923ce97c5e3104e6efb9d7711ffd828a6f726b25a2273cbb2ad869db6fd22,,441296f18f1eddf09c399ac1840827d5a48b034d,300,297,3,0.99,1.9077061626650356,1.536762934053972,0.2919160886899563,0.1308672730172953,1.823472546417921,0.0054736272645155,0.0787599889825987,0.2627244798209606,0.0291916088689956,0.2919160886899563,0.0,-620.5492227842627,0,3,0,0,True
corridor_2400m_CoTOP_w30_seed50,CoTOP,corridor_2400m,w30,50,COMPLETED,3f35e685bc857551fa852b1687901958f33f4a2609378ab5882869e38dfe0763,,441296f18f1eddf09c399ac1840827d5a48b034d,300,296,4,0.9866666666666668,2.0439095978803,1.5953591310128905,7.936462302972889,2.8028213480079267,1.968161344595628,0.0049731689185376,0.0707750843661337,3.174894396181682,3.174399236193639,0.0006189499850533,1.587168670597567,-1858.6963199028428,0,4,0,0,True
corridor_2400m_DDQN_w30_seed50,DDQN,corridor_2400m,w30,50,COMPLETED,3f35e685bc857551fa852b1687901958f33f4a2609378ab5882869e38dfe0763,,441296f18f1eddf09c399ac1840827d5a48b034d,300,296,4,0.9866666666666668,2.0439095978803,1.5953591310128905,7.936462302972889,2.8028213480079267,1.968161344595628,0.0049731689185376,0.0707750843661337,3.174894396181682,3.174399236193639,0.0006189499850533,1.587168670597567,-1858.6963199028428,0,4,0,0,True
corridor_2400m_Greedy_w30_seed50,Greedy,corridor_2400m,w30,50,COMPLETED,3f35e685bc857551fa852b1687901958f33f4a2609378ab5882869e38dfe0763,,441296f18f1eddf09c399ac1840827d5a48b034d,300,296,4,0.9866666666666668,1.976718976283673,1.6092998949655477,7.328516056472342,4.317292134493558,1.9620818821306227,0.0049884837373399,0.0096486104157103,2.951449332412307,2.919380676694914,0.0400858196467408,1.45768604736512,-1753.5523265610468,0,4,0,0,True
corridor_2400m_Local_w30_seed50,Local,corridor_2400m,w30,50,COMPLETED,3f35e685bc857551fa852b1687901958f33f4a2609378ab5882869e38dfe0763,,441296f18f1eddf09c399ac1840827d5a48b034d,300,296,4,0.9866666666666668,1.9767377352169635,1.6034905106420567,0.296149875189284,0.1275023126794093,1.8917582203177925,0.0055446458597221,0.0794348690394491,0.2665348876703555,0.0296149875189283,0.296149875189284,0.0,-728.2454434225028,0,4,0,0,True
corridor_2400m_CoTOP_w30_seed51,CoTOP,corridor_2400m,w30,51,COMPLETED,2c83e6ad70a1baafe076027efd90eedb920bd15c68576b493245a360ed83013f,,441296f18f1eddf09c399ac1840827d5a48b034d,300,291,9,0.97,2.109926506216388,1.6259767092094706,6.365322886302902,4.100640701632586,2.032563594904302,0.0048373082611995,0.0725256030508863,2.5636156106519112,2.535637280842711,0.0349729122615002,1.2660699948082803,-2077.53191331943,0,9,0,0,True
corridor_2400m_DDQN_w30_seed51,DDQN,corridor_2400m,w30,51,COMPLETED,2c83e6ad70a1baafe076027efd90eedb920bd15c68576b493245a360ed83013f,,441296f18f1eddf09c399ac1840827d5a48b034d,300,291,9,0.97,2.109926506216388,1.6259767092094706,6.365322886302902,4.100640701632586,2.032563594904302,0.0048373082611995,0.0725256030508863,2.5636156106519112,2.535637280842711,0.0349729122615002,1.2660699948082803,-2077.53191331943,0,9,0,0,True
corridor_2400m_Greedy_w30_seed51,Greedy,corridor_2400m,w30,51,COMPLETED,2c83e6ad70a1baafe076027efd90eedb920bd15c68576b493245a360ed83013f,,441296f18f1eddf09c399ac1840827d5a48b034d,300,293,7,0.9766666666666668,2.0594880856998192,1.6243581845655268,7.119767867363808,4.445500057553634,2.040108044714912,0.0047919009434545,0.0145881400414533,2.8685002711200256,2.8355512724408207,0.0411862483490062,1.4157163238029602,-2014.498213841318,0,7,0,0,True
corridor_2400m_Local_w30_seed51,Local,corridor_2400m,w30,51,COMPLETED,2c83e6ad70a1baafe076027efd90eedb920bd15c68576b493245a360ed83013f,,441296f18f1eddf09c399ac1840827d5a48b034d,300,293,7,0.9766666666666668,2.054685619954997,1.6193729544347109,0.2884131972037155,0.1334238607216674,1.9717944980133104,0.0053739050444716,0.0775172168972149,0.2595718774833439,0.0288413197203715,0.2884131972037155,0.0,-1028.9374570414288,0,7,0,0,True
corridor_2400m_CoTOP_w40_seed42,CoTOP,corridor_2400m,w40,42,COMPLETED,06711051f37b7c21eefbdafea3c03d5530fd928862e4ee02b7a2d391bac6c4dd,,441296f18f1eddf09c399ac1840827d5a48b034d,400,396,4,0.99,2.101928618882976,1.5190518134107829,7.109938550147014,5.344687720449916,2.0410189035433906,0.0050267447134574,0.0558829706261272,2.843975420058805,2.843975420058805,0.0,1.4219877100294025,-2213.721937375442,0,4,0,0,True
corridor_2400m_DDQN_w40_seed42,DDQN,corridor_2400m,w40,42,COMPLETED,06711051f37b7c21eefbdafea3c03d5530fd928862e4ee02b7a2d391bac6c4dd,,441296f18f1eddf09c399ac1840827d5a48b034d,400,396,4,0.99,2.101928618882976,1.5190518134107829,7.109938550147014,5.344687720449916,2.0410189035433906,0.0050267447134574,0.0558829706261272,2.843975420058805,2.843975420058805,0.0,1.4219877100294025,-2213.721937375442,0,4,0,0,True
corridor_2400m_Greedy_w40_seed42,Greedy,corridor_2400m,w40,42,COMPLETED,06711051f37b7c21eefbdafea3c03d5530fd928862e4ee02b7a2d391bac6c4dd,,441296f18f1eddf09c399ac1840827d5a48b034d,400,396,4,0.99,2.060307082976175,1.5458024711042773,7.163616852338089,4.157539639361183,2.0415556865653017,0.0049851471749545,0.0137662492359192,2.885199426890904,2.853595129361834,0.0395053719113371,1.4248222960853505,-2206.288098916742,0,4,0,0,True
corridor_2400m_Local_w40_seed42,Local,corridor_2400m,w40,42,COMPLETED,06711051f37b7c21eefbdafea3c03d5530fd928862e4ee02b7a2d391bac6c4dd,,441296f18f1eddf09c399ac1840827d5a48b034d,400,397,3,0.9925,2.084423549929313,1.5356984991138891,0.2963309984027338,0.1305537594873654,1.972882828025948,0.0055320434024494,0.1060086785009152,0.2666978985624604,0.0296330998402733,0.2963309984027338,0.0,-766.4910979468084,0,3,0,0,True
corridor_2400m_CoTOP_w40_seed43,CoTOP,corridor_2400m,w40,43,COMPLETED,ce238db746640afb18db10717654acdd2c5d0d371b43a187e523e2448b7a075a,,441296f18f1eddf09c399ac1840827d5a48b034d,400,397,3,0.9925,2.0715173115644245,1.577300301978088,0.7184920686935871,1.5551857557911204,1.9564310179038649,0.0053511637046139,0.1097351299559458,0.4215764905368251,0.2068890296418006,0.2683593261187807,0.0900265485149612,-848.3667781792119,0,3,0,0,True
corridor_2400m_DDQN_w40_seed43,DDQN,corridor_2400m,w40,43,COMPLETED,ce238db746640afb18db10717654acdd2c5d0d371b43a187e523e2448b7a075a,,441296f18f1eddf09c399ac1840827d5a48b034d,400,397,3,0.9925,2.0715173115644245,1.577300301978088,0.7184920686935871,1.5551857557911204,1.9564310179038649,0.0053511637046139,0.1097351299559458,0.4215764905368251,0.2068890296418006,0.2683593261187807,0.0900265485149612,-848.3667781792119,0,3,0,0,True
corridor_2400m_Greedy_w40_seed43,Greedy,corridor_2400m,w40,43,COMPLETED,ce238db746640afb18db10717654acdd2c5d0d371b43a187e523e2448b7a075a,,441296f18f1eddf09c399ac1840827d5a48b034d,400,396,4,0.99,2.045540815775477,1.5878996359424116,6.883615919339275,4.017847640159316,2.018082256410322,0.0046537371222131,0.0228048222429419,2.771565214285216,2.7425750598060072,0.0362376930990103,1.3694756452480532,-2149.352474180579,0,4,0,0,True
corridor_2400m_Local_w40_seed43,Local,corridor_2400m,w40,43,COMPLETED,ce238db746640afb18db10717654acdd2c5d0d371b43a187e523e2448b7a075a,,441296f18f1eddf09c399ac1840827d5a48b034d,400,397,3,0.9925,2.084910773743733,1.5751763122164282,0.291204015397369,0.1259967068880734,1.9521581373709025,0.0054336486804732,0.127318987692357,0.2620836138576322,0.0291204015397369,0.291204015397369,0.0,-765.58785995583,0,3,0,0,True
corridor_2400m_CoTOP_w40_seed44,CoTOP,corridor_2400m,w40,44,COMPLETED,1c70bdc5ba018ddcb7fcdc62a278ea1228722c0b95dbe66c0405446ff252c0a0,,441296f18f1eddf09c399ac1840827d5a48b034d,400,395,5,0.9875,2.141233901880572,1.4701214824758222,7.122999818984973,5.426543993654948,2.0021208652238003,0.00488950628823,0.1342235303685419,2.849525327471623,2.8490046876674096,0.0006507997552669,1.4244698038459416,-2337.017789893566,0,5,0,0,True
corridor_2400m_DDQN_w40_seed44,DDQN,corridor_2400m,w40,44,COMPLETED,1c70bdc5ba018ddcb7fcdc62a278ea1228722c0b95dbe66c0405446ff252c0a0,,441296f18f1eddf09c399ac1840827d5a48b034d,400,395,5,0.9875,2.141233901880572,1.4701214824758222,7.122999818984973,5.426543993654948,2.0021208652238003,0.00488950628823,0.1342235303685419,2.849525327471623,2.8490046876674096,0.0006507997552669,1.4244698038459416,-2337.017789893566,0,5,0,0,True
corridor_2400m_Greedy_w40_seed44,Greedy,corridor_2400m,w40,44,COMPLETED,1c70bdc5ba018ddcb7fcdc62a278ea1228722c0b95dbe66c0405446ff252c0a0,,441296f18f1eddf09c399ac1840827d5a48b034d,400,395,5,0.9875,2.02940986201601,1.5246945524848357,7.222761730657208,4.124367512117182,2.0031184843405225,0.0049051034527848,0.0213862742227022,2.906515186228571,2.8786583958834706,0.0348209879313755,1.4375881485451665,-2300.4608136182155,0,5,0,0,True
corridor_2400m_Local_w40_seed44,Local,corridor_2400m,w40,44,COMPLETED,1c70bdc5ba018ddcb7fcdc62a278ea1228722c0b95dbe66c0405446ff252c0a0,,441296f18f1eddf09c399ac1840827d5a48b034d,400,395,5,0.9875,2.0428345844287223,1.5138119053572032,0.2884942248352468,0.131862645188744,1.9337758092823032,0.0053831293348484,0.1036756458115704,0.2596448023517221,0.0288494224835246,0.2884942248352468,0.0,-950.5173279622232,0,5,0,0,True
corridor_2400m_CoTOP_w40_seed45,CoTOP,corridor_2400m,w40,45,COMPLETED,a9550c34900850ef87abdbfa4fe447b44c7bf925335f9dbcd4f10b0a8330eeb4,,441296f18f1eddf09c399ac1840827d5a48b034d,400,395,5,0.9875,1.958522165669759,1.5313882568069423,6.092962316421767,4.679440669564435,1.9016786425341343,0.0051521171042194,0.0516914060314051,2.443374360982057,2.433471265920697,0.0123788688267003,1.2161166895190134,-2065.54730034253,0,5,0,0,True
corridor_2400m_DDQN_w40_seed45,DDQN,corridor_2400m,w40,45,COMPLETED,a9550c34900850ef87abdbfa4fe447b44c7bf925335f9dbcd4f10b0a8330eeb4,,441296f18f1eddf09c399ac1840827d5a48b034d,400,395,5,0.9875,1.958522165669759,1.5313882568069423,6.092962316421767,4.679440669564435,1.9016786425341343,0.0051521171042194,0.0516914060314051,2.443374360982057,2.433471265920697,0.0123788688267003,1.2161166895190134,-2065.54730034253,0,5,0,0,True
corridor_2400m_Greedy_w40_seed45,Greedy,corridor_2400m,w40,45,COMPLETED,a9550c34900850ef87abdbfa4fe447b44c7bf925335f9dbcd4f10b0a8330eeb4,,441296f18f1eddf09c399ac1840827d5a48b034d,400,396,4,0.99,1.9334830063764317,1.523938129786209,6.99588958648772,4.147415941179891,1.9107079152347937,0.0050142660001691,0.0177608251414683,2.819013570657737,2.7859611929574988,0.0413154721252981,1.3909148228724846,-2157.9677101396005,0,4,0,0,True
corridor_2400m_Local_w40_seed45,Local,corridor_2400m,w40,45,COMPLETED,a9550c34900850ef87abdbfa4fe447b44c7bf925335f9dbcd4f10b0a8330eeb4,,441296f18f1eddf09c399ac1840827d5a48b034d,400,398,2,0.995,1.9576425126374069,1.5188906900004702,0.2979222055863498,0.1355618510628381,1.8437282414257803,0.0055896984634418,0.1083245727481843,0.2681299850277149,0.0297922205586349,0.2979222055863498,0.0,-644.9810081219479,0,2,0,0,True
corridor_2400m_CoTOP_w40_seed46,CoTOP,corridor_2400m,w40,46,COMPLETED,dc687754fb9690a917a15d69ecbc77f83310c826edc3c7a931fc897ec02154cd,,441296f18f1eddf09c399ac1840827d5a48b034d,400,397,3,0.9925,2.033560969095704,1.4654586366977087,5.353472554083489,4.25919697739652,1.9854005567850992,0.0051227689691529,0.0430376433414515,2.186693681865264,2.114206225494275,0.0906093204637361,1.052572646723951,-1762.7790517869782,0,3,0,0,True
corridor_2400m_DDQN_w40_seed46,DDQN,corridor_2400m,w40,46,COMPLETED,dc687754fb9690a917a15d69ecbc77f83310c826edc3c7a931fc897ec02154cd,,441296f18f1eddf09c399ac1840827d5a48b034d,400,397,3,0.9925,2.033560969095704,1.4654586366977087,5.353472554083489,4.25919697739652,1.9854005567850992,0.0051227689691529,0.0430376433414515,2.186693681865264,2.114206225494275,0.0906093204637361,1.052572646723951,-1762.7790517869782,0,3,0,0,True
corridor_2400m_Greedy_w40_seed46,Greedy,corridor_2400m,w40,46,COMPLETED,dc687754fb9690a917a15d69ecbc77f83310c826edc3c7a931fc897ec02154cd,,441296f18f1eddf09c399ac1840827d5a48b034d,400,396,4,0.99,2.028742254155091,1.4712064412782444,7.10749871014074,4.314217598450656,2.002940818345672,0.0049551413177398,0.0208462944916793,2.864282070427354,2.830229932233662,0.0425651727421145,1.412986707479725,-2199.03418295611,0,4,0,0,True
corridor_2400m_Local_w40_seed46,Local,corridor_2400m,w40,46,COMPLETED,dc687754fb9690a917a15d69ecbc77f83310c826edc3c7a931fc897ec02154cd,,441296f18f1eddf09c399ac1840827d5a48b034d,400,397,3,0.9925,2.0460715643847585,1.4606088516244964,0.2936577869102063,0.129683303479224,1.9348024091133669,0.0054861952563814,0.1057829600150103,0.2642920082191856,0.0293657786910206,0.2936577869102063,0.0,-758.5856907100257,0,3,0,0,True
corridor_2400m_CoTOP_w40_seed47,CoTOP,corridor_2400m,w40,47,COMPLETED,967648a3fb5bf636c0093510403e864b6663cc6db80a43fa90723c304628767e,,441296f18f1eddf09c399ac1840827d5a48b034d,400,390,10,0.975,1.9951008843970013,1.5402080479995637,7.4048647894401025,3.527169558297045,1.904806716925329,0.0049934318335473,0.0853007356381249,2.9619459157760413,2.9619459157760413,0.0,1.4809729578880206,-2777.5914629139934,0,10,0,0,True
corridor_2400m_DDQN_w40_seed47,DDQN,corridor_2400m,w40,47,COMPLETED,967648a3fb5bf636c0093510403e864b6663cc6db80a43fa90723c304628767e,,441296f18f1eddf09c399ac1840827d5a48b034d,400,390,10,0.975,1.9951008843970013,1.5402080479995637,7.4048647894401025,3.527169558297045,1.904806716925329,0.0049934318335473,0.0853007356381249,2.9619459157760413,2.9619459157760413,0.0,1.4809729578880206,-2777.5914629139934,0,10,0,0,True
corridor_2400m_Greedy_w40_seed47,Greedy,corridor_2400m,w40,47,COMPLETED,967648a3fb5bf636c0093510403e864b6663cc6db80a43fa90723c304628767e,,441296f18f1eddf09c399ac1840827d5a48b034d,400,392,8,0.98,1.9205688899304916,1.5483868883664285,7.067294268461795,4.05343966349013,1.9014310117155464,0.0050098304543025,0.0141280477606425,2.8474222932832536,2.8146149558455966,0.0410091717970723,1.4052570193329443,-2527.891112873785,0,8,0,0,True
corridor_2400m_Local_w40_seed47,Local,corridor_2400m,w40,47,COMPLETED,967648a3fb5bf636c0093510403e864b6663cc6db80a43fa90723c304628767e,,441296f18f1eddf09c399ac1840827d5a48b034d,400,391,9,0.9775,1.9484791961323655,1.538194995073682,0.2961338291972927,0.134595960216788,1.833719407322901,0.0055559327024812,0.109203856106983,0.2665204462775635,0.0296133829197292,0.2961338291972927,0.0,-1320.8514610631769,0,9,0,0,True
corridor_2400m_CoTOP_w40_seed48,CoTOP,corridor_2400m,w40,48,COMPLETED,a6933bd6f3309c7ed62f584457a1de5b65e379254ac6143044d4fa7d135ec10a,,441296f18f1eddf09c399ac1840827d5a48b034d,400,392,8,0.98,2.026866024330845,1.481796705677638,5.58304113931641,4.955569442425333,1.971547892707092,0.005488948826985,0.0498291827967677,2.2935883132626937,2.196993341204886,0.1207437150722595,1.09245948484883,-2251.6881936914097,0,8,0,0,True
corridor_2400m_DDQN_w40_seed48,DDQN,corridor_2400m,w40,48,COMPLETED,a6933bd6f3309c7ed62f584457a1de5b65e379254ac6143044d4fa7d135ec10a,,441296f18f1eddf09c399ac1840827d5a48b034d,400,392,8,0.98,2.026866024330845,1.481796705677638,5.58304113931641,4.955569442425333,1.971547892707092,0.005488948826985,0.0498291827967677,2.2935883132626937,2.196993341204886,0.1207437150722595,1.09245948484883,-2251.6881936914097,0,8,0,0,True
corridor_2400m_Greedy_w40_seed48,Greedy,corridor_2400m,w40,48,COMPLETED,a6933bd6f3309c7ed62f584457a1de5b65e379254ac6143044d4fa7d135ec10a,,441296f18f1eddf09c399ac1840827d5a48b034d,400,393,7,0.9825,2.0073465496661806,1.4949751934870126,7.132237636127727,4.272702065511423,1.9870398576752053,0.0052364806508652,0.0150702113401099,2.873834492479743,2.8403313916339004,0.0418788760573043,1.4180717520140849,-2459.1484567716725,0,7,0,0,True
corridor_2400m_Local_w40_seed48,Local,corridor_2400m,w40,48,COMPLETED,a6933bd6f3309c7ed62f584457a1de5b65e379254ac6143044d4fa7d135ec10a,,441296f18f1eddf09c399ac1840827d5a48b034d,400,393,7,0.9825,2.040471090148208,1.4796230830664348,0.3102011696602906,0.1304835064821156,1.9188194930105311,0.0058202594946037,0.1158313376430734,0.2791810526942616,0.031020116966029,0.3102011696602906,0.0,-1147.8774438395226,0,7,0,0,True
corridor_2400m_CoTOP_w40_seed49,CoTOP,corridor_2400m,w40,49,COMPLETED,9634e76dad4b7fc48f38a0e7d0f7ee5d773c5243b65239d2c7e85b90e554aeff,,441296f18f1eddf09c399ac1840827d5a48b034d,400,398,2,0.995,1.959893986518188,1.5442140403024371,6.944174446342511,4.206442005200365,1.8972853580249704,0.0048801461988155,0.0577284822944015,2.779233920479914,2.77673129337126,0.0031282838858184,1.3882092324913389,-1964.4629311625797,0,2,0,0,True
corridor_2400m_DDQN_w40_seed49,DDQN,corridor_2400m,w40,49,COMPLETED,9634e76dad4b7fc48f38a0e7d0f7ee5d773c5243b65239d2c7e85b90e554aeff,,441296f18f1eddf09c399ac1840827d5a48b034d,400,398,2,0.995,1.959893986518188,1.5442140403024371,6.944174446342511,4.206442005200365,1.8972853580249704,0.0048801461988155,0.0577284822944015,2.779233920479914,2.77673129337126,0.0031282838858184,1.3882092324913389,-1964.4629311625797,0,2,0,0,True
corridor_2400m_Greedy_w40_seed49,Greedy,corridor_2400m,w40,49,COMPLETED,9634e76dad4b7fc48f38a0e7d0f7ee5d773c5243b65239d2c7e85b90e554aeff,,441296f18f1eddf09c399ac1840827d5a48b034d,400,398,2,0.995,1.9207085375277624,1.5596118239658714,7.022395466744971,4.112266693381415,1.898067568228995,0.0048853278476254,0.0177556414511422,2.828378683911235,2.797305888370041,0.0388409944264929,1.3967108944636957,-1970.3144723451865,0,2,0,0,True
corridor_2400m_Local_w40_seed49,Local,corridor_2400m,w40,49,COMPLETED,9634e76dad4b7fc48f38a0e7d0f7ee5d773c5243b65239d2c7e85b90e554aeff,,441296f18f1eddf09c399ac1840827d5a48b034d,400,399,1,0.9975,1.943207806074379,1.5458789496541676,0.2905018848674999,0.1338329475646412,1.83074863241022,0.0054438879708679,0.1070152856932905,0.2614516963807499,0.0290501884867499,0.2905018848674999,0.0,-543.5854965186279,0,1,0,0,True
corridor_2400m_CoTOP_w40_seed50,CoTOP,corridor_2400m,w40,50,COMPLETED,b8ecfcaeb468102fb2cc739833eb741fa1706415f03d21b801f9ba2688b5f610,,441296f18f1eddf09c399ac1840827d5a48b034d,400,396,4,0.99,1.9890922255224863,1.608957848308186,1.1775623660907244,2.496915251706149,1.899841448349968,0.0055041481283706,0.0837466290441472,0.6005771556294228,0.3932936209204101,0.2591044183862658,0.1836915895408917,-1020.4508431230104,0,4,0,0,True
corridor_2400m_DDQN_w40_seed50,DDQN,corridor_2400m,w40,50,COMPLETED,b8ecfcaeb468102fb2cc739833eb741fa1706415f03d21b801f9ba2688b5f610,,441296f18f1eddf09c399ac1840827d5a48b034d,400,396,4,0.99,1.9890922255224863,1.608957848308186,1.1775623660907244,2.496915251706149,1.899841448349968,0.0055041481283706,0.0837466290441472,0.6005771556294228,0.3932936209204101,0.2591044183862658,0.1836915895408917,-1020.4508431230104,0,4,0,0,True
corridor_2400m_Greedy_w40_seed50,Greedy,corridor_2400m,w40,50,COMPLETED,b8ecfcaeb468102fb2cc739833eb741fa1706415f03d21b801f9ba2688b5f610,,441296f18f1eddf09c399ac1840827d5a48b034d,400,396,4,0.99,1.9788744454955511,1.6149769059665489,7.182354746558207,4.375232924282098,1.9598893721546429,0.0050211479652605,0.0139639253756475,2.8928140540537424,2.8610186053650084,0.039744310860917,1.4285220871394584,-2192.209577985011,0,4,0,0,True
corridor_2400m_Local_w40_seed50,Local,corridor_2400m,w40,50,COMPLETED,b8ecfcaeb468102fb2cc739833eb741fa1706415f03d21b801f9ba2688b5f610,,441296f18f1eddf09c399ac1840827d5a48b034d,400,396,4,0.99,2.004914599712361,1.6045887111565131,0.2984589112458319,0.1291656794987039,1.891050413801519,0.0055909681421563,0.1082732177686855,0.2686130201212487,0.0298458911245831,0.2984589112458319,0.0,-847.7946269920069,0,4,0,0,True
corridor_2400m_CoTOP_w40_seed51,CoTOP,corridor_2400m,w40,51,COMPLETED,5823d1befd07544b1f9a7a641868dbd5615e02b5ec94aed7d6c2a3051d70b654,,441296f18f1eddf09c399ac1840827d5a48b034d,400,390,10,0.975,2.1271852204350536,1.5689270655348129,7.261811180519742,5.191789281236474,2.0447965324850386,0.0047635727911408,0.0776251151588742,2.904724472207897,2.904724472207897,0.0,1.4523622361039483,-2846.590130317268,0,10,0,0,True
corridor_2400m_DDQN_w40_seed51,DDQN,corridor_2400m,w40,51,COMPLETED,5823d1befd07544b1f9a7a641868dbd5615e02b5ec94aed7d6c2a3051d70b654,,441296f18f1eddf09c399ac1840827d5a48b034d,400,390,10,0.975,2.1271852204350536,1.5689270655348129,7.261811180519742,5.191789281236474,2.0447965324850386,0.0047635727911408,0.0776251151588742,2.904724472207897,2.904724472207897,0.0,1.4523622361039483,-2846.590130317268,0,10,0,0,True
corridor_2400m_Greedy_w40_seed51,Greedy,corridor_2400m,w40,51,COMPLETED,5823d1befd07544b1f9a7a641868dbd5615e02b5ec94aed7d6c2a3051d70b654,,441296f18f1eddf09c399ac1840827d5a48b034d,400,389,11,0.9725,2.068648091208271,1.6008294356123385,7.2155075852805695,4.196846893310172,2.044333496532647,0.0047796922330155,0.0195349024426086,2.905516910297531,2.874614708401046,0.0386277523706061,1.4353759665819923,-2866.3799179001303,0,11,0,0,True
corridor_2400m_Local_w40_seed51,Local,corridor_2400m,w40,51,COMPLETED,5823d1befd07544b1f9a7a641868dbd5615e02b5ec94aed7d6c2a3051d70b654,,441296f18f1eddf09c399ac1840827d5a48b034d,400,390,10,0.975,2.083343972486194,1.5942929961776724,0.286589916666603,0.1307784904117967,1.9750443198465075,0.0053367894693627,0.1029628631703241,0.2579309249999426,0.0286589916666603,0.286589916666603,0.0,-1442.8590868036592,0,10,0,0,True
grid_200m_CoTOP_w20_seed42,CoTOP,grid_200m,w20,42,COMPLETED,a8da4ce99a3ed874a8d14eb6f334632103224883a7704a2117534e8ca858cdfa,,441296f18f1eddf09c399ac1840827d5a48b034d,200,200,0,1.0,0.6613123468919904,0.2571915545810362,0.9460467687886448,1.2280314014718503,0.6130395734353474,0.0052244939557173,0.0430482795009256,0.378418707515458,0.378418707515458,0.0,0.189209353757729,-160.7359115680636,0,0,0,0,True
grid_200m_DDQN_w20_seed42,DDQN,grid_200m,w20,42,COMPLETED,a8da4ce99a3ed874a8d14eb6f334632103224883a7704a2117534e8ca858cdfa,2c78ef50523fcc49280ad9b6574f4feea7fcd7315a7217488c1d6176748afd1a,441296f18f1eddf09c399ac1840827d5a48b034d,200,200,0,1.0,0.6590294366125556,0.264041883089084,0.8012524684893644,1.4287262180739224,0.6115916304323546,0.0055194200081094,0.0419183861720914,0.4049522816202565,0.2698302108610393,0.1689025884490214,0.1264699760080685,-146.02819051019205,0,0,0,0,True
grid_200m_Greedy_w20_seed42,Greedy,grid_200m,w20,42,COMPLETED,a8da4ce99a3ed874a8d14eb6f334632103224883a7704a2117534e8ca858cdfa,,441296f18f1eddf09c399ac1840827d5a48b034d,200,200,0,1.0,0.6448824012635231,0.2724563275885885,3.1752936059493067,1.7093484025678214,0.635332041806954,0.0045278529738366,0.0050225064827323,1.2875853873052083,1.2596366754244313,0.0349358898509713,0.628071543219667,-382.0176007212829,0,0,0,0,True
grid_200m_Local_w20_seed42,Local,grid_200m,w20,42,COMPLETED,a8da4ce99a3ed874a8d14eb6f334632103224883a7704a2117534e8ca858cdfa,,441296f18f1eddf09c399ac1840827d5a48b034d,200,200,0,1.0,0.6636042213192309,0.2570670367884926,0.2862263154298333,0.1296654631243457,0.6064413689017593,0.0056032380348163,0.0515596143826552,0.25760368388685,0.0286226315429833,0.2862263154298333,0.0,-94.98305367490649,0,0,0,0,True
grid_200m_CoTOP_w20_seed43,CoTOP,grid_200m,w20,43,COMPLETED,e31eb04b48a7312bb56f210f70415d62b484795687d109427d9ed1363903bcb7,,441296f18f1eddf09c399ac1840827d5a48b034d,200,200,0,1.0,0.6327832841866481,0.2399055771216546,1.3520267657626217,1.4980630410264686,0.595787244205451,0.0048973896016583,0.0320986503795388,0.5452846172958932,0.538126359710542,0.0089478219816889,0.2686157887561866,-198.481004994927,0,0,0,0,True
grid_200m_DDQN_w20_seed43,DDQN,grid_200m,w20,43,COMPLETED,e31eb04b48a7312bb56f210f70415d62b484795687d109427d9ed1363903bcb7,72d303cc45b87f6f977aaefe0ce39f7ea88480788659d53d8c4e79d0fe715f81,441296f18f1eddf09c399ac1840827d5a48b034d,200,200,0,1.0,0.6389603004969655,0.2449652912788058,0.8926998014454557,1.6560060109680197,0.5911939745622794,0.0053004610897068,0.0424658648449793,0.454491368930741,0.298633051566647,0.1948228967051174,0.1395753809480676,-153.16601019424215,0,0,0,0,True
grid_200m_Greedy_w20_seed43,Greedy,grid_200m,w20,43,COMPLETED,e31eb04b48a7312bb56f210f70415d62b484795687d109427d9ed1363903bcb7,,441296f18f1eddf09c399ac1840827d5a48b034d,200,200,0,1.0,0.6230886331003701,0.2521700241418464,3.127370471241156,1.6165774087584637,0.6135406812602363,0.0043010637157924,0.0052468881243413,1.2666334386990887,1.2415370383748865,0.0313705004052529,0.6191999941671805,-375.0459104341524,0,0,0,0,True
grid_200m_Local_w20_seed43,Local,grid_200m,w20,43,COMPLETED,e31eb04b48a7312bb56f210f70415d62b484795687d109427d9ed1363903bcb7,,441296f18f1eddf09c399ac1840827d5a48b034d,200,200,0,1.0,0.642919495063858,0.2378576386789333,0.2741101993036568,0.1227427580645573,0.5850080785408613,0.0053652023703649,0.0525462141526317,0.2466991793732911,0.0274110199303656,0.2741101993036568,0.0,-91.70296943675147,0,0,0,0,True
grid_200m_CoTOP_w20_seed44,CoTOP,grid_200m,w20,44,COMPLETED,e024511ac1d2a4933a9b6fb14e0e68102efbc6764454fbdd2bb4387172fb61dd,,441296f18f1eddf09c399ac1840827d5a48b034d,200,200,0,1.0,0.6367917317050834,0.2496890750402516,3.594399292050996,1.4203175348898074,0.6123392534868203,0.0042288405725448,0.0202236376457182,1.4377597168203986,1.4377597168203986,0.0,0.7188798584101993,-423.11910237560784,0,0,0,0,True
grid_200m_DDQN_w20_seed44,DDQN,grid_200m,w20,44,COMPLETED,e024511ac1d2a4933a9b6fb14e0e68102efbc6764454fbdd2bb4387172fb61dd,2e333f94fcf21dd963780b5b64b92544b0dd1cfe46a56a6d2f91d76702be8767,441296f18f1eddf09c399ac1840827d5a48b034d,200,200,0,1.0,0.6319453703585602,0.2386262905525684,0.3702780326260369,0.6353410272506888,0.5800980408925708,0.0051347385179156,0.0467125909480739,0.248535943027871,0.087856375063941,0.2008494599549123,0.0338857145342249,-100.22234029845976,0,0,0,0,True
grid_200m_Greedy_w20_seed44,Greedy,grid_200m,w20,44,COMPLETED,e024511ac1d2a4933a9b6fb14e0e68102efbc6764454fbdd2bb4387172fb61dd,,441296f18f1eddf09c399ac1840827d5a48b034d,200,200,0,1.0,0.6154651482884524,0.2500587187437693,3.0034680504267066,1.6097564697752471,0.6064299410705773,0.0042548227450146,0.0047803844728603,1.2170249046648465,1.1920046094741847,0.0312753689883269,0.594438536287676,-361.89331987151576,0,0,0,0,True
grid_200m_Local_w20_seed44,Local,grid_200m,w20,44,COMPLETED,e024511ac1d2a4933a9b6fb14e0e68102efbc6764454fbdd2bb4387172fb61dd,,441296f18f1eddf09c399ac1840827d5a48b034d,200,200,0,1.0,0.6333336205661629,0.2351389551750632,0.2661304660860628,0.1329468779055495,0.579056565227171,0.0052067980086758,0.0490702573303162,0.2395174194774564,0.0266130466086062,0.2661304660860628,0.0,-89.94640866522258,0,0,0,0,True
grid_200m_CoTOP_w20_seed45,CoTOP,grid_200m,w20,45,COMPLETED,8fae691a7d4403db2c85398ce8793fd241bdbb8a02187e631badad45e28e64bc,,441296f18f1eddf09c399ac1840827d5a48b034d,200,200,0,1.0,0.646081845947794,0.2533730748268036,2.9949706490913104,1.863783088690278,0.6178129660966151,0.0049082310183544,0.0233606488328245,1.197988259636524,1.197988259636524,0.0,0.598994129818262,-364.1052495039106,0,0,0,0,True
grid_200m_DDQN_w20_seed45,DDQN,grid_200m,w20,45,COMPLETED,8fae691a7d4403db2c85398ce8793fd241bdbb8a02187e631badad45e28e64bc,f176c0ff7ee00bcef65f53d1676e94ee7e2a7701fe11d01c16252d5655b11c6b,441296f18f1eddf09c399ac1840827d5a48b034d,200,200,0,1.0,0.6463884533318333,0.2404944782923672,0.6745968067245397,1.1942747803230205,0.5946092276729473,0.0056338023965461,0.0461454232623398,0.3579024585593539,0.217000481168093,0.176127471739076,0.0996938669970927,-132.0985260056373,0,0,0,0,True
grid_200m_Greedy_w20_seed45,Greedy,grid_200m,w20,45,COMPLETED,8fae691a7d4403db2c85398ce8793fd241bdbb8a02187e631badad45e28e64bc,,441296f18f1eddf09c399ac1840827d5a48b034d,200,200,0,1.0,0.6287382921142789,0.2528056279044869,3.089409999106642,1.748467805861945,0.6187573595967684,0.004688306541446,0.0052926259760644,1.2525784915222795,1.2256753045148832,0.0336289837592456,0.6111562030694793,-371.81482912209214,0,0,0,0,True
grid_200m_Local_w20_seed45,Local,grid_200m,w20,45,COMPLETED,8fae691a7d4403db2c85398ce8793fd241bdbb8a02187e631badad45e28e64bc,,441296f18f1eddf09c399ac1840827d5a48b034d,200,200,0,1.0,0.6507339760045525,0.2329711618390686,0.2970549022854683,0.1342641033757959,0.5908338086285566,0.0058229312839836,0.0540772360920122,0.2673494120569215,0.0297054902285468,0.2970549022854683,0.0,-94.77888782900207,0,0,0,0,True
grid_200m_CoTOP_w20_seed46,CoTOP,grid_200m,w20,46,COMPLETED,aa472acef9b1e2caa6ea22899fbbc437d529a36e00b6a85dc0bf0b1af017afa4,,441296f18f1eddf09c399ac1840827d5a48b034d,200,200,0,1.0,0.6492243187835014,0.2543193088001419,0.5853018589454834,0.9726454264479024,0.6025307245064139,0.0053629805945595,0.0413306136825279,0.3597442224891236,0.1587466562316352,0.2512469578218605,0.0668109802247245,-123.45261777289844,0,0,0,0,True
grid_200m_DDQN_w20_seed46,DDQN,grid_200m,w20,46,COMPLETED,aa472acef9b1e2caa6ea22899fbbc437d529a36e00b6a85dc0bf0b1af017afa4,8597ebddba8abbdac22b529d924d9eb734f59acde10870b8f33ba523c4f05728,441296f18f1eddf09c399ac1840827d5a48b034d,200,200,0,1.0,0.6523609272579631,0.2543871103127909,0.7967813610834193,1.4803006609643172,0.6046455195277932,0.0054110842013056,0.0423043235288643,0.4068791663361313,0.2658125712917096,0.1763332438055271,0.1240896234555784,-144.9142288341383,0,0,0,0,True
grid_200m_Greedy_w20_seed46,Greedy,grid_200m,w20,46,COMPLETED,aa472acef9b1e2caa6ea22899fbbc437d529a36e00b6a85dc0bf0b1af017afa4,,441296f18f1eddf09c399ac1840827d5a48b034d,200,200,0,1.0,0.6383924416074146,0.2683084047952155,3.234849582327335,1.7248505889489905,0.6290262017402324,0.004477004966315,0.0048892349008671,1.311354804097135,1.2834908502312137,0.0348299423324018,0.6400039279989866,-387.3242023934748,0,0,0,0,True
grid_200m_Local_w20_seed46,Local,grid_200m,w20,46,COMPLETED,aa472acef9b1e2caa6ea22899fbbc437d529a36e00b6a85dc0bf0b1af017afa4,,441296f18f1eddf09c399ac1840827d5a48b034d,200,200,0,1.0,0.6564455434000418,0.2488151260155245,0.2816649271862513,0.1371680405392004,0.5994943551888215,0.0055133996726872,0.051437788538533,0.2534984344676262,0.0281664927186251,0.2816649271862513,0.0,-93.8110470586293,0,0,0,0,True
grid_200m_CoTOP_w20_seed47,CoTOP,grid_200m,w20,47,COMPLETED,3cdf11673187d597401c2fc022de6cdf5ba2561f6bc1524c09d3145428f85316,,441296f18f1eddf09c399ac1840827d5a48b034d,200,200,0,1.0,0.6313550845557623,0.2382410448020523,3.490452163244771,1.538414363388442,0.6088758745271541,0.0045329718481414,0.0179462381804667,1.3961808652979084,1.3961808652979084,0.0,0.6980904326489542,-412.1807247800533,0,0,0,0,True
grid_200m_DDQN_w20_seed47,DDQN,grid_200m,w20,47,COMPLETED,3cdf11673187d597401c2fc022de6cdf5ba2561f6bc1524c09d3145428f85316,,441296f18f1eddf09c399ac1840827d5a48b034d,200,200,0,1.0,0.6313550845557623,0.2382410448020523,3.490452163244771,1.538414363388442,0.6088758745271541,0.0045329718481414,0.0179462381804667,1.3961808652979084,1.3961808652979084,0.0,0.6980904326489542,-412.1807247800533,0,0,0,0,True
grid_200m_Greedy_w20_seed47,Greedy,grid_200m,w20,47,COMPLETED,3cdf11673187d597401c2fc022de6cdf5ba2561f6bc1524c09d3145428f85316,,441296f18f1eddf09c399ac1840827d5a48b034d,200,200,0,1.0,0.6140365487596778,0.2391450940482331,3.040959061731757,1.7168900716323634,0.6043809435120239,0.0045405183335412,0.0051150869141127,1.2345321557312194,1.2054945060695932,0.0362970620770329,0.6009323999309449,-365.49956104914367,0,0,0,0,True
grid_200m_Local_w20_seed47,Local,grid_200m,w20,47,COMPLETED,3cdf11673187d597401c2fc022de6cdf5ba2561f6bc1524c09d3145428f85316,,441296f18f1eddf09c399ac1840827d5a48b034d,200,200,0,1.0,0.6356748874563425,0.2236859416200203,0.2862461897271332,0.13636861882852,0.5768338147919776,0.0056095570315842,0.0532315156327804,0.2576215707544199,0.0286246189727133,0.2862461897271332,0.0,-92.19210771834749,0,0,0,0,True
grid_200m_CoTOP_w20_seed48,CoTOP,grid_200m,w20,48,COMPLETED,0bbff03f9f099996a15d5bd6d70141233161de94f38c091dc803af7eac602329,,441296f18f1eddf09c399ac1840827d5a48b034d,200,200,0,1.0,0.6483346309059734,0.2407929106670372,3.6816600181008736,1.6411425184695718,0.6217019083566667,0.0047486929589287,0.021884029590378,1.4726640072403496,1.4726640072403496,0.0,0.7363320036201748,-432.9994649006845,0,0,0,0,True
grid_200m_DDQN_w20_seed48,DDQN,grid_200m,w20,48,COMPLETED,0bbff03f9f099996a15d5bd6d70141233161de94f38c091dc803af7eac602329,,441296f18f1eddf09c399ac1840827d5a48b034d,200,200,0,1.0,0.6483346309059734,0.2407929106670372,3.6816600181008736,1.6411425184695718,0.6217019083566667,0.0047486929589287,0.021884029590378,1.4726640072403496,1.4726640072403496,0.0,0.7363320036201748,-432.9994649006845,0,0,0,0,True
grid_200m_Greedy_w20_seed48,Greedy,grid_200m,w20,48,COMPLETED,0bbff03f9f099996a15d5bd6d70141233161de94f38c091dc803af7eac602329,,441296f18f1eddf09c399ac1840827d5a48b034d,200,200,0,1.0,0.6280245032590467,0.2427938624353547,3.274915328175602,1.6582880214606648,0.617634461457414,0.0047418339670409,0.0056482078345917,1.3277870229602906,1.299273596256211,0.0356417833800993,0.6478547089591005,-390.2939831434647,0,0,0,0,True
grid_200m_Local_w20_seed48,Local,grid_200m,w20,48,COMPLETED,0bbff03f9f099996a15d5bd6d70141233161de94f38c091dc803af7eac602329,,441296f18f1eddf09c399ac1840827d5a48b034d,200,200,0,1.0,0.6513117517868516,0.2232506001768263,0.3009330800544729,0.1320544266095521,0.5878946389762026,0.0059010826732942,0.0575160301373549,0.2708397720490256,0.0300933080054472,0.3009330800544729,0.0,-95.22448318413252,0,0,0,0,True
grid_200m_CoTOP_w20_seed49,CoTOP,grid_200m,w20,49,COMPLETED,6a64639e21d4f3e76a60915870be61ee5bafbd2cd434df11e18d032c140415eb,,441296f18f1eddf09c399ac1840827d5a48b034d,200,200,0,1.0,0.6512126173499752,0.2428765022812416,3.773385420599011,1.3850828145487126,0.6109113296844795,0.0043089285548319,0.0359923591106635,1.5093541682396046,1.5093541682396046,0.0,0.7546770841198023,-442.4598037948986,0,0,0,0,True
grid_200m_DDQN_w20_seed49,DDQN,grid_200m,w20,49,COMPLETED,6a64639e21d4f3e76a60915870be61ee5bafbd2cd434df11e18d032c140415eb,,441296f18f1eddf09c399ac1840827d5a48b034d,200,200,0,1.0,0.6512126173499752,0.2428765022812416,3.773385420599011,1.3850828145487126,0.6109113296844795,0.0043089285548319,0.0359923591106635,1.5093541682396046,1.5093541682396046,0.0,0.7546770841198023,-442.4598037948986,0,0,0,0,True
grid_200m_Greedy_w20_seed49,Greedy,grid_200m,w20,49,COMPLETED,6a64639e21d4f3e76a60915870be61ee5bafbd2cd434df11e18d032c140415eb,,441296f18f1eddf09c399ac1840827d5a48b034d,200,200,0,1.0,0.6123693063198853,0.2480638245752523,2.9894721004595795,1.5973473112963237,0.6030721964830853,0.0043505146519252,0.0049465951848748,1.2115797229423475,1.1863143105287224,0.0315817655170315,0.5915780669885097,-360.18414067794623,0,0,0,0,True
grid_200m_Local_w20_seed49,Local,grid_200m,w20,49,COMPLETED,6a64639e21d4f3e76a60915870be61ee5bafbd2cd434df11e18d032c140415eb,,441296f18f1eddf09c399ac1840827d5a48b034d,200,200,0,1.0,0.632162622676328,0.2317470795476018,0.2778070756536724,0.1258699640493819,0.5759555462350261,0.0054409504038264,0.0507661260374754,0.2500263680883052,0.0277807075653672,0.2778070756536724,0.0,-90.99696983300004,0,0,0,0,True
grid_200m_CoTOP_w20_seed50,CoTOP,grid_200m,w20,50,COMPLETED,12fbb46a3d4dad38c2a44530a1a2cc0171fb051d6ec4ef6c7519ad2c59ab82cc,,441296f18f1eddf09c399ac1840827d5a48b034d,200,200,0,1.0,0.6467591000288618,0.2612884841403602,2.226926061228188,1.9485164053535728,0.6248695848865183,0.004922783306707,0.0169667318356365,0.9346674041635136,0.8644322366879323,0.0877939593444764,0.4278264203767423,-287.3685161257049,0,0,0,0,True
grid_200m_DDQN_w20_seed50,DDQN,grid_200m,w20,50,COMPLETED,12fbb46a3d4dad38c2a44530a1a2cc0171fb051d6ec4ef6c7519ad2c59ab82cc,,441296f18f1eddf09c399ac1840827d5a48b034d,200,200,0,1.0,0.6467591000288618,0.2612884841403602,2.226926061228188,1.9485164053535728,0.6248695848865183,0.004922783306707,0.0169667318356365,0.9346674041635136,0.8644322366879323,0.0877939593444764,0.4278264203767423,-287.3685161257049,0,0,0,0,True
grid_200m_Greedy_w20_seed50,Greedy,grid_200m,w20,50,COMPLETED,12fbb46a3d4dad38c2a44530a1a2cc0171fb051d6ec4ef6c7519ad2c59ab82cc,,441296f18f1eddf09c399ac1840827d5a48b034d,200,200,0,1.0,0.6449875259215986,0.2663787624247012,3.274795641074943,1.6731837232207676,0.6353482806849859,0.0044510771106911,0.0051881681259216,1.326531639946306,1.2999502263201803,0.0332267670326567,0.6483137748084573,-391.9783166996542,0,0,0,0,True
grid_200m_Local_w20_seed50,Local,grid_200m,w20,50,COMPLETED,12fbb46a3d4dad38c2a44530a1a2cc0171fb051d6ec4ef6c7519ad2c59ab82cc,,441296f18f1eddf09c399ac1840827d5a48b034d,200,200,0,1.0,0.6644230876307554,0.2501348294973669,0.2852528116379087,0.1249611629185212,0.6054528523906155,0.00558396566228,0.0533862695778599,0.2567275304741179,0.0285252811637908,0.2852528116379087,0.0,-94.96758992686644,0,0,0,0,True
grid_200m_CoTOP_w20_seed51,CoTOP,grid_200m,w20,51,COMPLETED,c10cb5275eec2396074d1cd29354a2c1a7804964cc0b8f61f81dc12f9308c3ec,,441296f18f1eddf09c399ac1840827d5a48b034d,200,200,0,1.0,0.6533138463038378,0.2662778405335668,3.397870431730724,1.7575283976895018,0.6225160948130308,0.0044142447570767,0.0263835067337302,1.3591481726922894,1.3591481726922894,0.0,0.6795740863461447,-405.11842780345614,0,0,0,0,True
grid_200m_DDQN_w20_seed51,DDQN,grid_200m,w20,51,COMPLETED,c10cb5275eec2396074d1cd29354a2c1a7804964cc0b8f61f81dc12f9308c3ec,,441296f18f1eddf09c399ac1840827d5a48b034d,200,200,0,1.0,0.6533138463038378,0.2662778405335668,3.397870431730724,1.7575283976895018,0.6225160948130308,0.0044142447570767,0.0263835067337302,1.3591481726922894,1.3591481726922894,0.0,0.6795740863461447,-405.11842780345614,0,0,0,0,True
grid_200m_Greedy_w20_seed51,Greedy,grid_200m,w20,51,COMPLETED,c10cb5275eec2396074d1cd29354a2c1a7804964cc0b8f61f81dc12f9308c3ec,,441296f18f1eddf09c399ac1840827d5a48b034d,200,200,0,1.0,0.6292194745798988,0.2621583970692807,3.1371411781538256,1.6636710892502449,0.6199088022772618,0.0043885098668734,0.0049221624357636,1.2706567804490827,1.245376285748999,0.0316006183751045,0.6211081119557442,-376.6360652733727,0,0,0,0,True
grid_200m_Local_w20_seed51,Local,grid_200m,w20,51,COMPLETED,c10cb5275eec2396074d1cd29354a2c1a7804964cc0b8f61f81dc12f9308c3ec,,441296f18f1eddf09c399ac1840827d5a48b034d,200,200,0,1.0,0.6486460427384125,0.2503730226885349,0.2802307933031292,0.1304666846855363,0.5913396984287548,0.0054863479263768,0.051819996383281,0.2522077139728163,0.0280230793303129,0.2802307933031292,0.0,-92.88768360415418,0,0,0,0,True
grid_200m_CoTOP_w30_seed42,CoTOP,grid_200m,w30,42,COMPLETED,32aee6919d8d71451883bf6e35e138ab72d21babff98728b2d1d273cb4b3355d,,441296f18f1eddf09c399ac1840827d5a48b034d,300,300,0,1.0,0.6471088669771823,0.2417026069057052,1.4360382233082851,1.6478916867542326,0.6041210935884542,0.0051713816541641,0.0378163917345638,0.5989871040507455,0.5596722004868553,0.0491436294548626,0.2773789187706845,-312.47206354282014,0,0,0,0,True
grid_200m_DDQN_w30_seed42,DDQN,grid_200m,w30,42,COMPLETED,32aee6919d8d71451883bf6e35e138ab72d21babff98728b2d1d273cb4b3355d,,441296f18f1eddf09c399ac1840827d5a48b034d,300,300,0,1.0,0.6471088669771823,0.2417026069057052,1.4360382233082851,1.6478916867542326,0.6041210935884542,0.0051713816541641,0.0378163917345638,0.5989871040507455,0.5596722004868553,0.0491436294548626,0.2773789187706845,-312.47206354282014,0,0,0,0,True
grid_200m_Greedy_w30_seed42,Greedy,grid_200m,w30,42,COMPLETED,32aee6919d8d71451883bf6e35e138ab72d21babff98728b2d1d273cb4b3355d,,441296f18f1eddf09c399ac1840827d5a48b034d,300,300,0,1.0,0.6351701670317762,0.2484443296052829,3.19122321874777,1.5843434263805056,0.6216729435428491,0.0045791505452074,0.0089180729437196,1.2920947900366473,1.2671259859765842,0.0312110050750785,0.6320024427345382,-573.9590078669322,0,0,0,0,True
grid_200m_Local_w30_seed42,Local,grid_200m,w30,42,COMPLETED,32aee6919d8d71451883bf6e35e138ab72d21babff98728b2d1d273cb4b3355d,,441296f18f1eddf09c399ac1840827d5a48b034d,300,300,0,1.0,0.6782907506345437,0.2259933466724046,0.2897779118688253,0.1269664375094997,0.5926584904740596,0.0056770265392816,0.0799552336212024,0.2608001206819427,0.0289777911868825,0.2897779118688253,0.0,-145.21029937550543,0,0,0,0,True
grid_200m_CoTOP_w30_seed43,CoTOP,grid_200m,w30,43,COMPLETED,c30ace34300085764bc6626e87c687359ea9e99eb8826c0fed6c444166df38f0,,441296f18f1eddf09c399ac1840827d5a48b034d,300,300,0,1.0,0.6850642333770505,0.2451287737654713,3.690920294497068,1.3966897758106638,0.6276613857158589,0.004282648711593,0.0531201989495985,1.4763681177988273,1.4763681177988273,0.0,0.7381840588994136,-656.397679181118,0,0,0,0,True
grid_200m_DDQN_w30_seed43,DDQN,grid_200m,w30,43,COMPLETED,c30ace34300085764bc6626e87c687359ea9e99eb8826c0fed6c444166df38f0,,441296f18f1eddf09c399ac1840827d5a48b034d,300,300,0,1.0,0.6850642333770505,0.2451287737654713,3.690920294497068,1.3966897758106638,0.6276613857158589,0.004282648711593,0.0531201989495985,1.4763681177988273,1.4763681177988273,0.0,0.7381840588994136,-656.397679181118,0,0,0,0,True
grid_200m_Greedy_w30_seed43,Greedy,grid_200m,w30,43,COMPLETED,c30ace34300085764bc6626e87c687359ea9e99eb8826c0fed6c444166df38f0,,441296f18f1eddf09c399ac1840827d5a48b034d,300,300,0,1.0,0.6352238835654298,0.2575893011080151,3.139660935253019,1.63322324559758,0.6221487921234184,0.0042953345685659,0.0087797568734454,1.2713266232052407,1.2465870246387882,0.0309244982080655,0.6217472874089908,-566.2327228227678,0,0,0,0,True
grid_200m_Local_w30_seed43,Local,grid_200m,w30,43,COMPLETED,c30ace34300085764bc6626e87c687359ea9e99eb8826c0fed6c444166df38f0,,441296f18f1eddf09c399ac1840827d5a48b034d,300,300,0,1.0,0.6766048691457273,0.2396648292982024,0.2721686814223114,0.1264170418639248,0.5934738695851113,0.0053246788545292,0.0778063207060866,0.2449518132800802,0.0272168681422311,0.2721686814223114,0.0,-142.31603258520576,0,0,0,0,True
grid_200m_CoTOP_w30_seed44,CoTOP,grid_200m,w30,44,COMPLETED,aa7f46f0ffa273b33c019701f1a52143efd5a86411e0cf28a505e0fe6f98a68b,,441296f18f1eddf09c399ac1840827d5a48b034d,300,300,0,1.0,0.6403178281735653,0.2480468154650806,3.2760523127302514,1.7763300097842465,0.6064442429172084,0.0044638093074584,0.0294097759488984,1.3104209250921006,1.3104209250921006,0.0,0.6552104625460503,-587.4555211355727,0,0,0,0,True
grid_200m_DDQN_w30_seed44,DDQN,grid_200m,w30,44,COMPLETED,aa7f46f0ffa273b33c019701f1a52143efd5a86411e0cf28a505e0fe6f98a68b,,441296f18f1eddf09c399ac1840827d5a48b034d,300,300,0,1.0,0.6403178281735653,0.2480468154650806,3.2760523127302514,1.7763300097842465,0.6064442429172084,0.0044638093074584,0.0294097759488984,1.3104209250921006,1.3104209250921006,0.0,0.6552104625460503,-587.4555211355727,0,0,0,0,True
grid_200m_Greedy_w30_seed44,Greedy,grid_200m,w30,44,COMPLETED,aa7f46f0ffa273b33c019701f1a52143efd5a86411e0cf28a505e0fe6f98a68b,,441296f18f1eddf09c399ac1840827d5a48b034d,300,300,0,1.0,0.6179937420634654,0.2471072755514586,3.1268587302234234,1.5854178741217049,0.6049523070921402,0.0043268876033393,0.0087145473679857,1.2657422312846642,1.2417442485721923,0.0299974783905902,0.6193722503665665,-561.7278708430331,0,0,0,0,True
grid_200m_Local_w30_seed44,Local,grid_200m,w30,44,COMPLETED,aa7f46f0ffa273b33c019701f1a52143efd5a86411e0cf28a505e0fe6f98a68b,,441296f18f1eddf09c399ac1840827d5a48b034d,300,300,0,1.0,0.6584622257419317,0.2240182371390991,0.2713886193468348,0.1342343857094788,0.5763976059833743,0.00531249286574,0.0767521268928173,0.2442497574121513,0.0271388619346834,0.2713886193468348,0.0,-139.47762676331504,0,0,0,0,True
grid_200m_CoTOP_w30_seed45,CoTOP,grid_200m,w30,45,COMPLETED,de75ab8e6c15f61f385143bff37110df4222c088a602836b7109ce21d59a8fc2,,441296f18f1eddf09c399ac1840827d5a48b034d,300,300,0,1.0,0.6610418737861096,0.2315945019093385,0.5922898237631216,0.8997531105504011,0.5902402658070681,0.0055707053285128,0.0652309026505285,0.3608326978885128,0.16256586847529,0.2478335367665286,0.0688912573993185,-187.99975463238476,0,0,0,0,True
grid_200m_DDQN_w30_seed45,DDQN,grid_200m,w30,45,COMPLETED,de75ab8e6c15f61f385143bff37110df4222c088a602836b7109ce21d59a8fc2,,441296f18f1eddf09c399ac1840827d5a48b034d,300,300,0,1.0,0.6610418737861096,0.2315945019093385,0.5922898237631216,0.8997531105504011,0.5902402658070681,0.0055707053285128,0.0652309026505285,0.3608326978885128,0.16256586847529,0.2478335367665286,0.0688912573993185,-187.99975463238476,0,0,0,0,True
grid_200m_Greedy_w30_seed45,Greedy,grid_200m,w30,45,COMPLETED,de75ab8e6c15f61f385143bff37110df4222c088a602836b7109ce21d59a8fc2,,441296f18f1eddf09c399ac1840827d5a48b034d,300,300,0,1.0,0.6294134318632736,0.2488184131144078,3.130761305573885,1.638490424243981,0.6156249806251757,0.0046162443955336,0.0091722068425642,1.2675799474114915,1.2431392671203922,0.0305508503638739,0.6200420910420024,-564.0262106155743,0,0,0,0,True
grid_200m_Local_w30_seed45,Local,grid_200m,w30,45,COMPLETED,de75ab8e6c15f61f385143bff37110df4222c088a602836b7109ce21d59a8fc2,,441296f18f1eddf09c399ac1840827d5a48b034d,300,300,0,1.0,0.6743013862327684,0.2266257383856325,0.2916370163626877,0.1359630627728957,0.5872337377330638,0.0057152935797071,0.0813523549199974,0.2624733147264189,0.0291637016362687,0.2916370163626877,0.0,-144.89076038931847,0,0,0,0,True
grid_200m_CoTOP_w30_seed46,CoTOP,grid_200m,w30,46,COMPLETED,4fc08257e157d11df2717bf3a44adf91cb50971be0248ca638b169d94f7ad033,,441296f18f1eddf09c399ac1840827d5a48b034d,300,300,0,1.0,0.6334506963190218,0.2430408036954922,1.6029998434409234,1.696265746651806,0.5987274716354049,0.0049315912705059,0.0297916334131108,0.7099911149935632,0.5999252308060532,0.1375823552343872,0.2930834976413072,-335.4675809639918,0,0,0,0,True
grid_200m_DDQN_w30_seed46,DDQN,grid_200m,w30,46,COMPLETED,4fc08257e157d11df2717bf3a44adf91cb50971be0248ca638b169d94f7ad033,,441296f18f1eddf09c399ac1840827d5a48b034d,300,300,0,1.0,0.6334506963190218,0.2430408036954922,1.6029998434409234,1.696265746651806,0.5987274716354049,0.0049315912705059,0.0297916334131108,0.7099911149935632,0.5999252308060532,0.1375823552343872,0.2930834976413072,-335.4675809639918,0,0,0,0,True
grid_200m_Greedy_w30_seed46,Greedy,grid_200m,w30,46,COMPLETED,4fc08257e157d11df2717bf3a44adf91cb50971be0248ca638b169d94f7ad033,,441296f18f1eddf09c399ac1840827d5a48b034d,300,300,0,1.0,0.627729575384568,0.2446959219846182,3.1954659887177144,1.615766979466054,0.6146521330881728,0.0044271472749131,0.0086502950214819,1.294424044344535,1.2684438061726162,0.0324752977148982,0.6325981382005633,-573.4793346153425,0,0,0,0,True
grid_200m_Local_w30_seed46,Local,grid_200m,w30,46,COMPLETED,4fc08257e157d11df2717bf3a44adf91cb50971be0248ca638b169d94f7ad033,,441296f18f1eddf09c399ac1840827d5a48b034d,300,300,0,1.0,0.6692360270737456,0.2252629548597318,0.279780698543827,0.1356615939444916,0.585495280186434,0.0054785149148392,0.0782622319724723,0.2518026286894443,0.0279780698543827,0.279780698543827,0.0,-142.35250884263593,0,0,0,0,True
grid_200m_CoTOP_w30_seed47,CoTOP,grid_200m,w30,47,COMPLETED,11e5656bd17a343fbd09308565e61a9929205d8f58996ad4337956e51f8438dc,,441296f18f1eddf09c399ac1840827d5a48b034d,300,300,0,1.0,0.6522538331194695,0.2397022954666701,3.27393037947968,1.4241145265158877,0.6107591116364685,0.0045811005841196,0.0369136208988812,1.309572151791872,1.309572151791872,0.0,0.654786075895936,-588.9276318898724,0,0,0,0,True
grid_200m_DDQN_w30_seed47,DDQN,grid_200m,w30,47,COMPLETED,11e5656bd17a343fbd09308565e61a9929205d8f58996ad4337956e51f8438dc,,441296f18f1eddf09c399ac1840827d5a48b034d,300,300,0,1.0,0.6522538331194695,0.2397022954666701,3.27393037947968,1.4241145265158877,0.6107591116364685,0.0045811005841196,0.0369136208988812,1.309572151791872,1.309572151791872,0.0,0.654786075895936,-588.9276318898724,0,0,0,0,True
grid_200m_Greedy_w30_seed47,Greedy,grid_200m,w30,47,COMPLETED,11e5656bd17a343fbd09308565e61a9929205d8f58996ad4337956e51f8438dc,,441296f18f1eddf09c399ac1840827d5a48b034d,300,300,0,1.0,0.6233410615256442,0.2448072179342557,3.1652535906137595,1.6296350892082454,0.6096723437478092,0.0045183905808672,0.0091503271969677,1.2811484979098056,1.2570731992469226,0.0300941233286037,0.6270318934570311,-568.2891978209107,0,0,0,0,True
grid_200m_Local_w30_seed47,Local,grid_200m,w30,47,COMPLETED,11e5656bd17a343fbd09308565e61a9929205d8f58996ad4337956e51f8438dc,,441296f18f1eddf09c399ac1840827d5a48b034d,300,300,0,1.0,0.6686606594439441,0.2221623901941069,0.28672692551961,0.1336455694591068,0.5808870770968677,0.0056183610949728,0.0821552212521035,0.258054232967649,0.028672692551961,0.28672692551961,0.0,-143.30813774453324,0,0,0,0,True
grid_200m_CoTOP_w30_seed48,CoTOP,grid_200m,w30,48,COMPLETED,a8a82d735a5c827791e06308f5a2c5bc69cd0ca7372c20a8cb924f9a83d13f51,,441296f18f1eddf09c399ac1840827d5a48b034d,300,300,0,1.0,0.6363849454483966,0.2380399438506178,1.824779312178792,1.5820048534229072,0.5971690037713876,0.0050964274130668,0.0341195142639421,0.795876872035103,0.6903326365733652,0.1319302943271724,0.3385698035703239,-369.1746386440784,0,0,0,0,True
grid_200m_DDQN_w30_seed48,DDQN,grid_200m,w30,48,COMPLETED,a8a82d735a5c827791e06308f5a2c5bc69cd0ca7372c20a8cb924f9a83d13f51,,441296f18f1eddf09c399ac1840827d5a48b034d,300,300,0,1.0,0.6363849454483966,0.2380399438506178,1.824779312178792,1.5820048534229072,0.5971690037713876,0.0050964274130668,0.0341195142639421,0.795876872035103,0.6903326365733652,0.1319302943271724,0.3385698035703239,-369.1746386440784,0,0,0,0,True
grid_200m_Greedy_w30_seed48,Greedy,grid_200m,w30,48,COMPLETED,a8a82d735a5c827791e06308f5a2c5bc69cd0ca7372c20a8cb924f9a83d13f51,,441296f18f1eddf09c399ac1840827d5a48b034d,300,300,0,1.0,0.6245502658093681,0.2441148179302948,3.1264521251760047,1.646452419123995,0.6101857319013597,0.0046739674629676,0.0096905664450407,1.266712022757709,1.240902146458018,0.0322623453746147,0.618837955960278,-562.650358647806,0,0,0,0,True
grid_200m_Local_w30_seed48,Local,grid_200m,w30,48,COMPLETED,a8a82d735a5c827791e06308f5a2c5bc69cd0ca7372c20a8cb924f9a83d13f51,,441296f18f1eddf09c399ac1840827d5a48b034d,300,300,0,1.0,0.6741251157569602,0.2245793292975313,0.2959981590241317,0.1308841781482323,0.581881192239841,0.0058035869420346,0.0864403365750845,0.2663983431217185,0.0295998159024131,0.2959981590241317,0.0,-145.51849121716384,0,0,0,0,True
grid_200m_CoTOP_w30_seed49,CoTOP,grid_200m,w30,49,COMPLETED,3b33f1b5e356f107d1d06438ba17e1072bbc7322b8295d882f9e14a50125d143,,441296f18f1eddf09c399ac1840827d5a48b034d,300,300,0,1.0,0.6552195629310156,0.2339562123509782,0.4740586389579342,0.836088512129386,0.5793853244921895,0.0053745300827598,0.0704597083560663,0.3202088744821345,0.1112722042437972,0.2611708377979216,0.0425775602320025,-169.39173028334258,0,0,0,0,True
grid_200m_DDQN_w30_seed49,DDQN,grid_200m,w30,49,COMPLETED,3b33f1b5e356f107d1d06438ba17e1072bbc7322b8295d882f9e14a50125d143,,441296f18f1eddf09c399ac1840827d5a48b034d,300,300,0,1.0,0.6552195629310156,0.2339562123509782,0.4740586389579342,0.836088512129386,0.5793853244921895,0.0053745300827598,0.0704597083560663,0.3202088744821345,0.1112722042437972,0.2611708377979216,0.0425775602320025,-169.39173028334258,0,0,0,0,True
grid_200m_Greedy_w30_seed49,Greedy,grid_200m,w30,49,COMPLETED,3b33f1b5e356f107d1d06438ba17e1072bbc7322b8295d882f9e14a50125d143,,441296f18f1eddf09c399ac1840827d5a48b034d,300,300,0,1.0,0.6183240522295764,0.2516250915231501,3.048432268708541,1.6268187298733057,0.6051290607896955,0.0043838119039215,0.0088111795359593,1.2345078103844398,1.2102919657428024,0.0302698058020469,0.6036324925812988,-550.0134481407181,0,0,0,0,True
grid_200m_Local_w30_seed49,Local,grid_200m,w30,49,COMPLETED,3b33f1b5e356f107d1d06438ba17e1072bbc7322b8295d882f9e14a50125d143,,441296f18f1eddf09c399ac1840827d5a48b034d,300,300,0,1.0,0.6616729119115484,0.2311269636267165,0.2794557561824213,0.1308548181099443,0.5774392956644344,0.0054736272645155,0.0787599889825987,0.2515101805641792,0.0279455756182421,0.2794557561824213,0.0,-141.16930021409553,0,0,0,0,True
grid_200m_CoTOP_w30_seed50,CoTOP,grid_200m,w30,50,COMPLETED,a760449c812516dfb8d1bb53d06a1e3276e0d73d71c68b117e4b82791e68bf02,,441296f18f1eddf09c399ac1840827d5a48b034d,300,300,0,1.0,0.7020503027739625,0.2444451020048718,3.630239669565602,1.3659065659383898,0.6352308962220726,0.0043962937881604,0.0624231127637293,1.4524059018404254,1.4519098474177297,0.0006200680283697,0.7259239203074463,-649.8434958509351,0,0,0,0,True
grid_200m_DDQN_w30_seed50,DDQN,grid_200m,w30,50,COMPLETED,a760449c812516dfb8d1bb53d06a1e3276e0d73d71c68b117e4b82791e68bf02,,441296f18f1eddf09c399ac1840827d5a48b034d,300,300,0,1.0,0.7020503027739625,0.2444451020048718,3.630239669565602,1.3659065659383898,0.6352308962220726,0.0043962937881604,0.0624231127637293,1.4524059018404254,1.4519098474177297,0.0006200680283697,0.7259239203074463,-649.8434958509351,0,0,0,0,True
grid_200m_Greedy_w30_seed50,Greedy,grid_200m,w30,50,COMPLETED,a760449c812516dfb8d1bb53d06a1e3276e0d73d71c68b117e4b82791e68bf02,,441296f18f1eddf09c399ac1840827d5a48b034d,300,300,0,1.0,0.6439045938036014,0.2552616300476218,3.1801866246550428,1.67173841636162,0.6307303657729671,0.004423397027936,0.0087508310026982,1.287616532630902,1.2627495202006866,0.0310837655377692,0.6298205718234549,-573.6136827687967,0,0,0,0,True
grid_200m_Local_w30_seed50,Local,grid_200m,w30,50,COMPLETED,a760449c812516dfb8d1bb53d06a1e3276e0d73d71c68b117e4b82791e68bf02,,441296f18f1eddf09c399ac1840827d5a48b034d,300,300,0,1.0,0.6867405134553046,0.2338679797440434,0.2832499029716674,0.1255369654048604,0.6017609985561334,0.0055446458597221,0.0794348690394491,0.2549249126745006,0.0283249902971667,0.2832499029716674,0.0,-145.4985624640458,0,0,0,0,True
grid_200m_CoTOP_w30_seed51,CoTOP,grid_200m,w30,51,COMPLETED,f5c84fa8da0b2aec435e5aa29926c8ffc40eb97ea7e720a9eed0d5bf62827c90,,441296f18f1eddf09c399ac1840827d5a48b034d,300,300,0,1.0,0.6711986086464246,0.2637059943514289,2.4113282750633243,1.7798418433548946,0.6137108910594652,0.0046074793849363,0.0528802382020231,0.9813498424557728,0.954440190567064,0.0336370648608859,0.4755382420404878,-462.37903255646194,0,0,0,0,True
grid_200m_DDQN_w30_seed51,DDQN,grid_200m,w30,51,COMPLETED,f5c84fa8da0b2aec435e5aa29926c8ffc40eb97ea7e720a9eed0d5bf62827c90,,441296f18f1eddf09c399ac1840827d5a48b034d,300,300,0,1.0,0.6711986086464246,0.2637059943514289,2.4113282750633243,1.7798418433548946,0.6137108910594652,0.0046074793849363,0.0528802382020231,0.9813498424557728,0.954440190567064,0.0336370648608859,0.4755382420404878,-462.37903255646194,0,0,0,0,True
grid_200m_Greedy_w30_seed51,Greedy,grid_200m,w30,51,COMPLETED,f5c84fa8da0b2aec435e5aa29926c8ffc40eb97ea7e720a9eed0d5bf62827c90,,441296f18f1eddf09c399ac1840827d5a48b034d,300,300,0,1.0,0.6336655021305444,0.2674430059644808,3.132567327485721,1.6539313528254258,0.6209232815836891,0.0042655906085193,0.0084766299383357,1.267927419942096,1.244086637625604,0.0298009778956151,0.6205532699180213,-564.9349244424399,0,0,0,0,True
grid_200m_Local_w30_seed51,Local,grid_200m,w30,51,COMPLETED,f5c84fa8da0b2aec435e5aa29926c8ffc40eb97ea7e720a9eed0d5bf62827c90,,441296f18f1eddf09c399ac1840827d5a48b034d,300,300,0,1.0,0.6752349171522755,0.2468383071144412,0.2746186901756882,0.1296590677681172,0.5923437952105889,0.0053739050444716,0.0775172168972149,0.2471568211581194,0.0274618690175688,0.2746186901756882,0.0,-142.47804109919454,0,0,0,0,True
grid_200m_CoTOP_w40_seed42,CoTOP,grid_200m,w40,42,COMPLETED,6e92439f1b38705e21439490a9837376ff406931ff92523fdf7e0031d537c6ce,,441296f18f1eddf09c399ac1840827d5a48b034d,400,400,0,1.0,0.6807971548284973,0.236709538251089,3.412870139933577,1.6044742821039388,0.626435269067089,0.0045147026269545,0.0498471831344537,1.365148055973431,1.365148055973431,0.0,0.6825740279867155,-818.7334589524145,0,0,0,0,True
grid_200m_DDQN_w40_seed42,DDQN,grid_200m,w40,42,COMPLETED,6e92439f1b38705e21439490a9837376ff406931ff92523fdf7e0031d537c6ce,,441296f18f1eddf09c399ac1840827d5a48b034d,400,400,0,1.0,0.6807971548284973,0.236709538251089,3.412870139933577,1.6044742821039388,0.626435269067089,0.0045147026269545,0.0498471831344537,1.365148055973431,1.365148055973431,0.0,0.6825740279867155,-818.7334589524145,0,0,0,0,True
grid_200m_Greedy_w40_seed42,Greedy,grid_200m,w40,42,COMPLETED,6e92439f1b38705e21439490a9837376ff406931ff92523fdf7e0031d537c6ce,,441296f18f1eddf09c399ac1840827d5a48b034d,400,400,0,1.0,0.6416922581325956,0.2528376247022119,3.2344642712871687,1.5843123553778846,0.6246512103806249,0.0044338625572904,0.0126071851946802,1.3085454768002336,1.284929847543648,0.0295195365707322,0.6409889469432873,-775.2313058839525,0,0,0,0,True
grid_200m_Local_w40_seed42,Local,grid_200m,w40,42,COMPLETED,6e92439f1b38705e21439490a9837376ff406931ff92523fdf7e0031d537c6ce,,441296f18f1eddf09c399ac1840827d5a48b034d,400,400,0,1.0,0.7066728244826007,0.2306868626487686,0.2825534911482666,0.1302235793858224,0.5951321025792359,0.0055320434024494,0.1060086785009152,0.25429814203344,0.0282553491148266,0.2825534911482666,0.0,-197.84526312617348,0,0,0,0,True
grid_200m_CoTOP_w40_seed43,CoTOP,grid_200m,w40,43,COMPLETED,ca19498c68c5decbcc2d3c9d2aa873ef3d727ddb0f70a66ef52402cf7d4f20f9,,441296f18f1eddf09c399ac1840827d5a48b034d,400,400,0,1.0,0.6871302891248989,0.2397052643579961,0.4723990933544278,0.7202696400115918,0.5898336141066527,0.0053285125272951,0.091968162490951,0.3167966037986222,0.1122574574676605,0.2556739329137021,0.0433450320881451,-231.90587649586507,0,0,0,0,True
grid_200m_DDQN_w40_seed43,DDQN,grid_200m,w40,43,COMPLETED,ca19498c68c5decbcc2d3c9d2aa873ef3d727ddb0f70a66ef52402cf7d4f20f9,,441296f18f1eddf09c399ac1840827d5a48b034d,400,400,0,1.0,0.6871302891248989,0.2397052643579961,0.4723990933544278,0.7202696400115918,0.5898336141066527,0.0053285125272951,0.091968162490951,0.3167966037986222,0.1122574574676605,0.2556739329137021,0.0433450320881451,-231.90587649586507,0,0,0,0,True
grid_200m_Greedy_w40_seed43,Greedy,grid_200m,w40,43,COMPLETED,ca19498c68c5decbcc2d3c9d2aa873ef3d727ddb0f70a66ef52402cf7d4f20f9,,441296f18f1eddf09c399ac1840827d5a48b034d,400,400,0,1.0,0.6331403542702676,0.2584052148813575,3.0858542209328097,1.6242487480592167,0.6159681653824365,0.0043712390368768,0.0128009498509542,1.2492540796623604,1.225394253599582,0.0298247825784728,0.6112058876708673,-743.7989150406152,0,0,0,0,True
grid_200m_Local_w40_seed43,Local,grid_200m,w40,43,COMPLETED,ca19498c68c5decbcc2d3c9d2aa873ef3d727ddb0f70a66ef52402cf7d4f20f9,,441296f18f1eddf09c399ac1840827d5a48b034d,400,400,0,1.0,0.7003244275142957,0.2330689023580974,0.2775612863840295,0.1244739324046184,0.5878852360369486,0.0054336486804732,0.1070055427968738,0.2498051577456266,0.0277561286384029,0.2775612863840295,0.0,-195.5771427796649,0,0,0,0,True
grid_200m_CoTOP_w40_seed44,CoTOP,grid_200m,w40,44,COMPLETED,519d90ef11e71b1f4cffdc865e32afe109046f77a4668e5b78d544a7fb6e400b,,441296f18f1eddf09c399ac1840827d5a48b034d,400,400,0,1.0,0.698915577305026,0.2348443609681577,3.7914420058559175,1.4833647639628258,0.6145248328614707,0.0043881837075846,0.0800025607359707,1.516885657651046,1.51639148915716,0.0006177106173573,0.7581648590477121,-898.0715166321886,0,0,0,0,True
grid_200m_DDQN_w40_seed44,DDQN,grid_200m,w40,44,COMPLETED,519d90ef11e71b1f4cffdc865e32afe109046f77a4668e5b78d544a7fb6e400b,,441296f18f1eddf09c399ac1840827d5a48b034d,400,400,0,1.0,0.698915577305026,0.2348443609681577,3.7914420058559175,1.4833647639628258,0.6145248328614707,0.0043881837075846,0.0800025607359707,1.516885657651046,1.51639148915716,0.0006177106173573,0.7581648590477121,-898.0715166321886,0,0,0,0,True
grid_200m_Greedy_w40_seed44,Greedy,grid_200m,w40,44,COMPLETED,519d90ef11e71b1f4cffdc865e32afe109046f77a4668e5b78d544a7fb6e400b,,441296f18f1eddf09c399ac1840827d5a48b034d,400,400,0,1.0,0.6247414898926947,0.2490051807265121,3.130776252755377,1.6233542463649868,0.6079181753304652,0.0044068122985779,0.0124165022636515,1.2681861976646425,1.242785083164656,0.0317513931249828,0.619804971926079,-751.1035485296148,0,0,0,0,True
grid_200m_Local_w40_seed44,Local,grid_200m,w40,44,COMPLETED,519d90ef11e71b1f4cffdc865e32afe109046f77a4668e5b78d544a7fb6e400b,,441296f18f1eddf09c399ac1840827d5a48b034d,400,400,0,1.0,0.6884186886081008,0.2227837762240003,0.2749500658770406,0.1307848854452334,0.5793599134616819,0.0053831293348484,0.1036756458115704,0.2474550592893365,0.027495006587704,0.2749500658770406,0.0,-192.67375089702804,0,0,0,0,True
grid_200m_CoTOP_w40_seed45,CoTOP,grid_200m,w40,45,COMPLETED,dad26682a78ac5a65c816487680d6333cf13da30e317b3bfcdef6a4817d169ba,,441296f18f1eddf09c399ac1840827d5a48b034d,400,400,0,1.0,0.6492926846554506,0.2306300614556095,1.954209938381076,1.6082059172415502,0.6000195757305841,0.0048336677773265,0.0444394411475399,0.7875286189967707,0.778177189165826,0.0116892872886808,0.388504130218479,-520.7005246073056,0,0,0,0,True
grid_200m_DDQN_w40_seed45,DDQN,grid_200m,w40,45,COMPLETED,dad26682a78ac5a65c816487680d6333cf13da30e317b3bfcdef6a4817d169ba,,441296f18f1eddf09c399ac1840827d5a48b034d,400,400,0,1.0,0.6492926846554506,0.2306300614556095,1.954209938381076,1.6082059172415502,0.6000195757305841,0.0048336677773265,0.0444394411475399,0.7875286189967707,0.778177189165826,0.0116892872886808,0.388504130218479,-520.7005246073056,0,0,0,0,True
grid_200m_Greedy_w40_seed45,Greedy,grid_200m,w40,45,COMPLETED,dad26682a78ac5a65c816487680d6333cf13da30e317b3bfcdef6a4817d169ba,,441296f18f1eddf09c399ac1840827d5a48b034d,400,400,0,1.0,0.6296368875363388,0.2439136169850416,3.183327574665612,1.575687904879629,0.6123107520934293,0.0044557459907452,0.0128703894521641,1.2879897138232268,1.2645358194920555,0.0293173679139639,0.6308020413503297,-762.5928924403898,0,0,0,0,True
grid_200m_Local_w40_seed45,Local,grid_200m,w40,45,COMPLETED,dad26682a78ac5a65c816487680d6333cf13da30e317b3bfcdef6a4817d169ba,,441296f18f1eddf09c399ac1840827d5a48b034d,400,400,0,1.0,0.6972449298559849,0.2157603984749679,0.2853182297585356,0.1335694870334006,0.5833306586443586,0.0055896984634418,0.1083245727481844,0.2567864067826821,0.0285318229758535,0.2853182297585356,0.0,-196.51263192290415,0,0,0,0,True
grid_200m_CoTOP_w40_seed46,CoTOP,grid_200m,w40,46,COMPLETED,c71ea073465716fcac69eb8c48bddbec7858ec24fa1a7b9c9196dc70e1797ef2,,441296f18f1eddf09c399ac1840827d5a48b034d,400,400,0,1.0,0.649535261480697,0.2464144947621656,2.48580871961691,1.8296034855699923,0.6153785168667213,0.004715620553325,0.0294411240606504,1.0370678000535738,0.9686769005226782,0.0854886244136197,0.480064019040658,-627.0687962195216,0,0,0,0,True
grid_200m_DDQN_w40_seed46,DDQN,grid_200m,w40,46,COMPLETED,c71ea073465716fcac69eb8c48bddbec7858ec24fa1a7b9c9196dc70e1797ef2,,441296f18f1eddf09c399ac1840827d5a48b034d,400,400,0,1.0,0.649535261480697,0.2464144947621656,2.48580871961691,1.8296034855699923,0.6153785168667213,0.004715620553325,0.0294411240606504,1.0370678000535738,0.9686769005226782,0.0854886244136197,0.480064019040658,-627.0687962195216,0,0,0,0,True
grid_200m_Greedy_w40_seed46,Greedy,grid_200m,w40,46,COMPLETED,c71ea073465716fcac69eb8c48bddbec7858ec24fa1a7b9c9196dc70e1797ef2,,441296f18f1eddf09c399ac1840827d5a48b034d,400,400,0,1.0,0.6393912412587369,0.2490025249922913,3.193293239215609,1.6029464028769642,0.6224533620627084,0.004397935121922,0.0125399440741065,1.2922085698706196,1.268382531175618,0.029782548368752,0.6327021381693714,-766.5368960948693,0,0,0,0,True
grid_200m_Local_w40_seed46,Local,grid_200m,w40,46,COMPLETED,c71ea073465716fcac69eb8c48bddbec7858ec24fa1a7b9c9196dc70e1797ef2,,441296f18f1eddf09c399ac1840827d5a48b034d,400,400,0,1.0,0.7045920148560932,0.2216685308987754,0.2802429914149196,0.1297407215216336,0.5933228595847014,0.0054861952563814,0.1057829600150103,0.2522186922734276,0.0280242991414919,0.2802429914149196,0.0,-196.9670012542028,0,0,0,0,True
grid_200m_CoTOP_w40_seed47,CoTOP,grid_200m,w40,47,COMPLETED,6e6b0018d12a299819ff84d3a2e15a5f218e3fa32b03a16b1cac7dce7dbce762,,441296f18f1eddf09c399ac1840827d5a48b034d,400,400,0,1.0,0.6894952537693513,0.2372310191288144,2.6926009029208524,1.572437712813595,0.6043849045560937,0.0046914544625458,0.0804188947507115,1.077040361168341,1.077040361168341,0.0,0.5385201805841705,-676.4192313380406,0,0,0,0,True
grid_200m_DDQN_w40_seed47,DDQN,grid_200m,w40,47,COMPLETED,6e6b0018d12a299819ff84d3a2e15a5f218e3fa32b03a16b1cac7dce7dbce762,,441296f18f1eddf09c399ac1840827d5a48b034d,400,400,0,1.0,0.6894952537693513,0.2372310191288144,2.6926009029208524,1.572437712813595,0.6043849045560937,0.0046914544625458,0.0804188947507115,1.077040361168341,1.077040361168341,0.0,0.5385201805841705,-676.4192313380406,0,0,0,0,True
grid_200m_Greedy_w40_seed47,Greedy,grid_200m,w40,47,COMPLETED,6e6b0018d12a299819ff84d3a2e15a5f218e3fa32b03a16b1cac7dce7dbce762,,441296f18f1eddf09c399ac1840827d5a48b034d,400,400,0,1.0,0.6260107877609421,0.2447277296912361,3.119227754884397,1.6209124416029377,0.6086511730757291,0.0044530777072993,0.0129065369779135,1.2628047724420783,1.238622899660767,0.0302273409766388,0.6178000827815516,-749.0477085290685,0,0,0,0,True
grid_200m_Local_w40_seed47,Local,grid_200m,w40,47,COMPLETED,6e6b0018d12a299819ff84d3a2e15a5f218e3fa32b03a16b1cac7dce7dbce762,,441296f18f1eddf09c399ac1840827d5a48b034d,400,400,0,1.0,0.6950546801767268,0.2199092456856096,0.2835995840377364,0.1337084716428141,0.5802948913672625,0.0055559327024812,0.109203856106983,0.2552396256339627,0.0283599584037736,0.2835995840377364,0.0,-195.73085284289263,0,0,0,0,True
grid_200m_CoTOP_w40_seed48,CoTOP,grid_200m,w40,48,COMPLETED,515ad4031e8a00fead9cfbf5e36eac7386060247ce0332a08c02664ee7786d78,,441296f18f1eddf09c399ac1840827d5a48b034d,400,400,0,1.0,0.6575630655288606,0.2346942583890013,2.342509280082162,1.9458713313288731,0.6027324366968766,0.0050705075025089,0.0497601213294749,0.9948047309705684,0.9023231006702428,0.1156020378754072,0.445381448441351,-600.0144691222048,0,0,0,0,True
grid_200m_DDQN_w40_seed48,DDQN,grid_200m,w40,48,COMPLETED,515ad4031e8a00fead9cfbf5e36eac7386060247ce0332a08c02664ee7786d78,,441296f18f1eddf09c399ac1840827d5a48b034d,400,400,0,1.0,0.6575630655288606,0.2346942583890013,2.342509280082162,1.9458713313288731,0.6027324366968766,0.0050705075025089,0.0497601213294749,0.9948047309705684,0.9023231006702428,0.1156020378754072,0.445381448441351,-600.0144691222048,0,0,0,0,True
grid_200m_Greedy_w40_seed48,Greedy,grid_200m,w40,48,COMPLETED,515ad4031e8a00fead9cfbf5e36eac7386060247ce0332a08c02664ee7786d78,,441296f18f1eddf09c399ac1840827d5a48b034d,400,400,0,1.0,0.6288737033518838,0.2435387546412868,3.1237943130809924,1.5928283230810598,0.610545287026865,0.0046481629257031,0.0136802533993156,1.264664773932367,1.240429496012415,0.0302940973999402,0.6187000431362104,-750.5336032865752,0,0,0,0,True
grid_200m_Local_w40_seed48,Local,grid_200m,w40,48,COMPLETED,515ad4031e8a00fead9cfbf5e36eac7386060247ce0332a08c02664ee7786d78,,441296f18f1eddf09c399ac1840827d5a48b034d,400,400,0,1.0,0.7039272983511554,0.2161475643332867,0.2968357317423201,0.1296843658312185,0.5822757012134783,0.0058202594946037,0.1158313376430734,0.2671521585680881,0.029683573174232,0.2968357317423201,0.0,-200.152606018695,0,0,0,0,True
grid_200m_CoTOP_w40_seed49,CoTOP,grid_200m,w40,49,COMPLETED,f956fb6250bbe529591d38c69ffd6ad86b9f38f4cd9ea930f357749b3da757ff,,441296f18f1eddf09c399ac1840827d5a48b034d,400,400,0,1.0,0.6589622721883908,0.249011338424555,3.6412242594208304,1.404266550781316,0.6133396373812736,0.0043571290967495,0.0412655057103674,1.4579063064437483,1.455639742163083,0.0028332053508316,0.7276782108139999,-860.0373063218441,0,0,0,0,True
grid_200m_DDQN_w40_seed49,DDQN,grid_200m,w40,49,COMPLETED,f956fb6250bbe529591d38c69ffd6ad86b9f38f4cd9ea930f357749b3da757ff,,441296f18f1eddf09c399ac1840827d5a48b034d,400,400,0,1.0,0.6589622721883908,0.249011338424555,3.6412242594208304,1.404266550781316,0.6133396373812736,0.0043571290967495,0.0412655057103674,1.4579063064437483,1.455639742163083,0.0028332053508316,0.7276782108139999,-860.0373063218441,0,0,0,0,True
grid_200m_Greedy_w40_seed49,Greedy,grid_200m,w40,49,COMPLETED,f956fb6250bbe529591d38c69ffd6ad86b9f38f4cd9ea930f357749b3da757ff,,441296f18f1eddf09c399ac1840827d5a48b034d,400,400,0,1.0,0.6250474300425866,0.2519786875347393,3.0923508026196727,1.5788182433052245,0.607850902813262,0.004361517671203,0.0128350095581215,1.2511760256618596,1.228398898279475,0.0284714092279808,0.6127758786783384,-743.4796465324521,0,0,0,0,True
grid_200m_Local_w40_seed49,Local,grid_200m,w40,49,COMPLETED,f956fb6250bbe529591d38c69ffd6ad86b9f38f4cd9ea930f357749b3da757ff,,441296f18f1eddf09c399ac1840827d5a48b034d,400,400,0,1.0,0.6921664831676081,0.2277157498174051,0.2779914716384322,0.1330652322709287,0.5797073095034496,0.0054438879708679,0.1070152856932906,0.250192324474589,0.0277991471638432,0.2779914716384322,0.0,-194.0315909612081,0,0,0,0,True
grid_200m_CoTOP_w40_seed50,CoTOP,grid_200m,w40,50,COMPLETED,dd891e52b4078e4643b953146ba2f1cc2a7514c700cc6a456c72850223102c72,,441296f18f1eddf09c399ac1840827d5a48b034d,400,400,0,1.0,0.6931375395891999,0.2453286297899024,0.6700872893164171,1.0727231129149792,0.6032888147044182,0.0054267858970808,0.0844219389877008,0.3916842360452142,0.1938453235353785,0.2472986406372946,0.0845577297358245,-272.6449657811236,0,0,0,0,True
grid_200m_DDQN_w40_seed50,DDQN,grid_200m,w40,50,COMPLETED,dd891e52b4078e4643b953146ba2f1cc2a7514c700cc6a456c72850223102c72,,441296f18f1eddf09c399ac1840827d5a48b034d,400,400,0,1.0,0.6931375395891999,0.2453286297899024,0.6700872893164171,1.0727231129149792,0.6032888147044182,0.0054267858970808,0.0844219389877008,0.3916842360452142,0.1938453235353785,0.2472986406372946,0.0845577297358245,-272.6449657811236,0,0,0,0,True
grid_200m_Greedy_w40_seed50,Greedy,grid_200m,w40,50,COMPLETED,dd891e52b4078e4643b953146ba2f1cc2a7514c700cc6a456c72850223102c72,,441296f18f1eddf09c399ac1840827d5a48b034d,400,400,0,1.0,0.645760509070475,0.2596376537532524,3.19029084710019,1.6464505154285354,0.6284908502822558,0.0044881742453862,0.012781484542833,1.2912581978785609,1.2670312234169854,0.0302837180769692,0.6320014258046441,-767.2102712341332,0,0,0,0,True
grid_200m_Local_w40_seed50,Local,grid_200m,w40,50,COMPLETED,dd891e52b4078e4643b953146ba2f1cc2a7514c700cc6a456c72850223102c72,,441296f18f1eddf09c399ac1840827d5a48b034d,400,400,0,1.0,0.7133075561301959,0.2351789978036443,0.2855428408100102,0.1275288290978417,0.5994433702193541,0.0055909681421563,0.1082732177686855,0.2569885567290092,0.028554284081001,0.2855428408100102,0.0,-199.7700793880414,0,0,0,0,True
grid_200m_CoTOP_w40_seed51,CoTOP,grid_200m,w40,51,COMPLETED,19a5860d15fb30b8cfc38549484f6d95abb5b253d3768ea2c16113c10e6e422f,,441296f18f1eddf09c399ac1840827d5a48b034d,400,400,0,1.0,0.6776055298903523,0.2544400376572966,3.5977439833819664,1.6573359675201231,0.6229216052542571,0.0042746075181502,0.050409317117945,1.4390975933527863,1.4390975933527863,0.0,0.7195487966763932,-855.0699026544642,0,0,0,0,True
grid_200m_DDQN_w40_seed51,DDQN,grid_200m,w40,51,COMPLETED,19a5860d15fb30b8cfc38549484f6d95abb5b253d3768ea2c16113c10e6e422f,,441296f18f1eddf09c399ac1840827d5a48b034d,400,400,0,1.0,0.6776055298903523,0.2544400376572966,3.5977439833819664,1.6573359675201231,0.6229216052542571,0.0042746075181502,0.050409317117945,1.4390975933527863,1.4390975933527863,0.0,0.7195487966763932,-855.0699026544642,0,0,0,0,True
grid_200m_Greedy_w40_seed51,Greedy,grid_200m,w40,51,COMPLETED,19a5860d15fb30b8cfc38549484f6d95abb5b253d3768ea2c16113c10e6e422f,,441296f18f1eddf09c399ac1840827d5a48b034d,400,400,0,1.0,0.6347971873021009,0.258719784437814,3.1683849964044803,1.610512699257512,0.6186280153844822,0.004217617628443,0.0119515542891756,1.2810140113480322,1.2591579908900483,0.02732002557248,0.6282129941664001,-760.6364367413166,0,0,0,0,True
grid_200m_Local_w40_seed51,Local,grid_200m,w40,51,COMPLETED,19a5860d15fb30b8cfc38549484f6d95abb5b253d3768ea2c16113c10e6e422f,,441296f18f1eddf09c399ac1840827d5a48b034d,400,400,0,1.0,0.6979711799475364,0.23417492349434,0.2727361887412163,0.1292193998159584,0.5896715273078496,0.0053367894693627,0.1029628631703241,0.2454625698670948,0.0272736188741216,0.2727361887412163,0.0,-194.1414737377504,0,0,0,0,True
