campaign_id,attempt_id,evaluation_id,realization_id,algorithm,scenario,workload,vehicle_count,seed,git_sha,config_hash,checkpoint_hash,realization_hash,environment_manifest_sha256,timestamp_utc,status,total_tasks,completed_tasks,failed_tasks,mean_delay_s,p95_delay_s,mean_energy_j,completion_ratio_pct,collaboration_rate_pct,failure_reasons
cotop_final_2026_01,attempt_001,corridor_2400m_w20_seed42_CoTOP,realization_corridor_2400m_w20_42,CoTOP,corridor_2400m,20,10,42,861f3b94a6d40649c4fc004da8ec795a78506871,9885c1b7b396aa6c99cefbd5114379d2dc4f5ab8b37d4e5ac7d376cd255d20bc,f427576914ea7ca656124ae7ff36b93d7288234820e3ea2bb220f661475f3562,dfbb35402104152e6134968d9c91bb4591889433ca2deca9afc7b75c7c03e242,6045d3bb648bb055c078628b23cc61175a8ac5dfb8219c2a77a485a2762eff6c,2026-09-05T04:44:30.609895+00:00,SUCCESS,200,193,7,2.0691899424713336,5.673870650299156,3.8472302080975296,96.5,99.0,7_DEADLINE_EXCEEDED
cotop_final_2026_01,attempt_001,corridor_2400m_w20_seed42_DDQN,realization_corridor_2400m_w20_42,DDQN,corridor_2400m,20,10,42,861f3b94a6d40649c4fc004da8ec795a78506871,9885c1b7b396aa6c99cefbd5114379d2dc4f5ab8b37d4e5ac7d376cd255d20bc,f427576914ea7ca656124ae7ff36b93d7288234820e3ea2bb220f661475f3562,dfbb35402104152e6134968d9c91bb4591889433ca2deca9afc7b75c7c03e242,6045d3bb648bb055c078628b23cc61175a8ac5dfb8219c2a77a485a2762eff6c,2026-09-05T04:44:31.795273+00:00,SUCCESS,200,193,7,2.0432057967681616,5.6612139959443635,0.8394744154259892,96.5,42.5,7_DEADLINE_EXCEEDED
cotop_final_2026_01,attempt_001,corridor_2400m_w20_seed42_Local,realization_corridor_2400m_w20_42,Local,corridor_2400m,20,10,42,861f3b94a6d40649c4fc004da8ec795a78506871,9885c1b7b396aa6c99cefbd5114379d2dc4f5ab8b37d4e5ac7d376cd255d20bc,f427576914ea7ca656124ae7ff36b93d7288234820e3ea2bb220f661475f3562,dfbb35402104152e6134968d9c91bb4591889433ca2deca9afc7b75c7c03e242,6045d3bb648bb055c078628b23cc61175a8ac5dfb8219c2a77a485a2762eff6c,2026-09-05T04:44:32.809430+00:00,SUCCESS,200,193,7,2.04136596953117,5.62399395088518,0.3000039329119527,96.5,0.0,7_DEADLINE_EXCEEDED
cotop_final_2026_01,attempt_001,corridor_2400m_w20_seed42_Greedy,realization_corridor_2400m_w20_42,Greedy,corridor_2400m,20,10,42,861f3b94a6d40649c4fc004da8ec795a78506871,9885c1b7b396aa6c99cefbd5114379d2dc4f5ab8b37d4e5ac7d376cd255d20bc,f427576914ea7ca656124ae7ff36b93d7288234820e3ea2bb220f661475f3562,dfbb35402104152e6134968d9c91bb4591889433ca2deca9afc7b75c7c03e242,6045d3bb648bb055c078628b23cc61175a8ac5dfb8219c2a77a485a2762eff6c,2026-09-05T04:44:33.852286+00:00,SUCCESS,200,193,7,2.0639223869258982,5.667304780612381,7.219614589600078,96.5,85.0,7_DEADLINE_EXCEEDED
cotop_final_2026_01,attempt_001,corridor_2400m_w20_seed42_wo_md,realization_corridor_2400m_w20_42,wo_md,corridor_2400m,20,10,42,861f3b94a6d40649c4fc004da8ec795a78506871,9885c1b7b396aa6c99cefbd5114379d2dc4f5ab8b37d4e5ac7d376cd255d20bc,f427576914ea7ca656124ae7ff36b93d7288234820e3ea2bb220f661475f3562,dfbb35402104152e6134968d9c91bb4591889433ca2deca9afc7b75c7c03e242,6045d3bb648bb055c078628b23cc61175a8ac5dfb8219c2a77a485a2762eff6c,2026-09-05T04:44:33.928947+00:00,SUCCESS,200,193,7,2.045019706455199,5.626016085623928,2.0862774776975703,96.5,99.0,7_DEADLINE_EXCEEDED
cotop_final_2026_01,attempt_001,corridor_2400m_w20_seed42_wo_tp,realization_corridor_2400m_w20_42,wo_tp,corridor_2400m,20,10,42,861f3b94a6d40649c4fc004da8ec795a78506871,9885c1b7b396aa6c99cefbd5114379d2dc4f5ab8b37d4e5ac7d376cd255d20bc,f427576914ea7ca656124ae7ff36b93d7288234820e3ea2bb220f661475f3562,dfbb35402104152e6134968d9c91bb4591889433ca2deca9afc7b75c7c03e242,6045d3bb648bb055c078628b23cc61175a8ac5dfb8219c2a77a485a2762eff6c,2026-09-05T04:44:34.963504+00:00,SUCCESS,200,193,7,2.0657134189905704,5.695435326993916,4.7823065028252,96.5,100.0,7_DEADLINE_EXCEEDED
cotop_final_2026_01,attempt_001,corridor_2400m_w20_seed42_wo_co,realization_corridor_2400m_w20_42,wo_co,corridor_2400m,20,10,42,861f3b94a6d40649c4fc004da8ec795a78506871,9885c1b7b396aa6c99cefbd5114379d2dc4f5ab8b37d4e5ac7d376cd255d20bc,f427576914ea7ca656124ae7ff36b93d7288234820e3ea2bb220f661475f3562,dfbb35402104152e6134968d9c91bb4591889433ca2deca9afc7b75c7c03e242,6045d3bb648bb055c078628b23cc61175a8ac5dfb8219c2a77a485a2762eff6c,2026-09-05T04:44:36.029928+00:00,SUCCESS,200,193,7,2.04136596953117,5.62399395088518,0.3000039329119527,96.5,0.0,7_DEADLINE_EXCEEDED
cotop_final_2026_01,attempt_001,corridor_2400m_w20_seed43_CoTOP,realization_corridor_2400m_w20_43,CoTOP,corridor_2400m,20,10,43,861f3b94a6d40649c4fc004da8ec795a78506871,9885c1b7b396aa6c99cefbd5114379d2dc4f5ab8b37d4e5ac7d376cd255d20bc,f427576914ea7ca656124ae7ff36b93d7288234820e3ea2bb220f661475f3562,52a594aa777255afb0bda1c2b2373e272cbf926223556329585fd800730c4604,6045d3bb648bb055c078628b23cc61175a8ac5dfb8219c2a77a485a2762eff6c,2026-09-05T04:44:37.115882+00:00,SUCCESS,200,196,4,2.06315693917325,5.130796729461781,4.028758992681835,98.0,99.5,4_DEADLINE_EXCEEDED
cotop_final_2026_01,attempt_001,corridor_2400m_w20_seed43_DDQN,realization_corridor_2400m_w20_43,DDQN,corridor_2400m,20,10,43,861f3b94a6d40649c4fc004da8ec795a78506871,9885c1b7b396aa6c99cefbd5114379d2dc4f5ab8b37d4e5ac7d376cd255d20bc,f427576914ea7ca656124ae7ff36b93d7288234820e3ea2bb220f661475f3562,52a594aa777255afb0bda1c2b2373e272cbf926223556329585fd800730c4604,6045d3bb648bb055c078628b23cc61175a8ac5dfb8219c2a77a485a2762eff6c,2026-09-05T04:44:38.157497+00:00,SUCCESS,200,197,3,2.0241412883397585,5.12692656448298,1.7595615419493649,98.5,32.0,3_DEADLINE_EXCEEDED
cotop_final_2026_01,attempt_001,corridor_2400m_w20_seed43_Local,realization_corridor_2400m_w20_43,Local,corridor_2400m,20,10,43,861f3b94a6d40649c4fc004da8ec795a78506871,9885c1b7b396aa6c99cefbd5114379d2dc4f5ab8b37d4e5ac7d376cd255d20bc,f427576914ea7ca656124ae7ff36b93d7288234820e3ea2bb220f661475f3562,52a594aa777255afb0bda1c2b2373e272cbf926223556329585fd800730c4604,6045d3bb648bb055c078628b23cc61175a8ac5dfb8219c2a77a485a2762eff6c,2026-09-05T04:44:39.365346+00:00,SUCCESS,200,197,3,2.0142848110771028,4.990647591340477,0.28772091847867637,98.5,0.0,3_DEADLINE_EXCEEDED
cotop_final_2026_01,attempt_001,corridor_2400m_w20_seed43_Greedy,realization_corridor_2400m_w20_43,Greedy,corridor_2400m,20,10,43,861f3b94a6d40649c4fc004da8ec795a78506871,9885c1b7b396aa6c99cefbd5114379d2dc4f5ab8b37d4e5ac7d376cd255d20bc,f427576914ea7ca656124ae7ff36b93d7288234820e3ea2bb220f661475f3562,52a594aa777255afb0bda1c2b2373e272cbf926223556329585fd800730c4604,6045d3bb648bb055c078628b23cc61175a8ac5dfb8219c2a77a485a2762eff6c,2026-09-05T04:44:40.412374+00:00,SUCCESS,200,196,4,2.027646799359078,5.050272710963934,6.972160994082484,98.0,88.5,4_DEADLINE_EXCEEDED
cotop_final_2026_01,attempt_001,corridor_2400m_w20_seed43_wo_md,realization_corridor_2400m_w20_43,wo_md,corridor_2400m,20,10,43,861f3b94a6d40649c4fc004da8ec795a78506871,9885c1b7b396aa6c99cefbd5114379d2dc4f5ab8b37d4e5ac7d376cd255d20bc,f427576914ea7ca656124ae7ff36b93d7288234820e3ea2bb220f661475f3562,52a594aa777255afb0bda1c2b2373e272cbf926223556329585fd800730c4604,6045d3bb648bb055c078628b23cc61175a8ac5dfb8219c2a77a485a2762eff6c,2026-09-05T04:44:40.492810+00:00,SUCCESS,200,197,3,2.03268175396301,5.061478825242835,2.188578743906078,98.5,99.5,3_DEADLINE_EXCEEDED
cotop_final_2026_01,attempt_001,corridor_2400m_w20_seed43_wo_tp,realization_corridor_2400m_w20_43,wo_tp,corridor_2400m,20,10,43,861f3b94a6d40649c4fc004da8ec795a78506871,9885c1b7b396aa6c99cefbd5114379d2dc4f5ab8b37d4e5ac7d376cd255d20bc,f427576914ea7ca656124ae7ff36b93d7288234820e3ea2bb220f661475f3562,52a594aa777255afb0bda1c2b2373e272cbf926223556329585fd800730c4604,6045d3bb648bb055c078628b23cc61175a8ac5dfb8219c2a77a485a2762eff6c,2026-09-05T04:44:41.556502+00:00,SUCCESS,200,196,4,2.0437833797592204,5.1002521214588805,4.801089668584847,98.0,100.0,4_DEADLINE_EXCEEDED
cotop_final_2026_01,attempt_001,corridor_2400m_w20_seed43_wo_co,realization_corridor_2400m_w20_43,wo_co,corridor_2400m,20,10,43,861f3b94a6d40649c4fc004da8ec795a78506871,9885c1b7b396aa6c99cefbd5114379d2dc4f5ab8b37d4e5ac7d376cd255d20bc,f427576914ea7ca656124ae7ff36b93d7288234820e3ea2bb220f661475f3562,52a594aa777255afb0bda1c2b2373e272cbf926223556329585fd800730c4604,6045d3bb648bb055c078628b23cc61175a8ac5dfb8219c2a77a485a2762eff6c,2026-09-05T04:44:42.595502+00:00,SUCCESS,200,197,3,2.0142848110771028,4.990647591340477,0.28772091847867637,98.5,0.0,3_DEADLINE_EXCEEDED
cotop_final_2026_01,attempt_001,corridor_2400m_w20_seed44_CoTOP,realization_corridor_2400m_w20_44,CoTOP,corridor_2400m,20,10,44,861f3b94a6d40649c4fc004da8ec795a78506871,9885c1b7b396aa6c99cefbd5114379d2dc4f5ab8b37d4e5ac7d376cd255d20bc,f427576914ea7ca656124ae7ff36b93d7288234820e3ea2bb220f661475f3562,805b00e6ec8c010f4a340d5e45c5cce35fc48264d889b507bc198891b5bf460f,6045d3bb648bb055c078628b23cc61175a8ac5dfb8219c2a77a485a2762eff6c,2026-09-05T04:44:43.644833+00:00,SUCCESS,200,198,2,2.000734085657414,5.245114417934929,3.8433352735653648,99.0,100.0,2_DEADLINE_EXCEEDED
cotop_final_2026_01,attempt_001,corridor_2400m_w20_seed44_DDQN,realization_corridor_2400m_w20_44,DDQN,corridor_2400m,20,10,44,861f3b94a6d40649c4fc004da8ec795a78506871,9885c1b7b396aa6c99cefbd5114379d2dc4f5ab8b37d4e5ac7d376cd255d20bc,f427576914ea7ca656124ae7ff36b93d7288234820e3ea2bb220f661475f3562,805b00e6ec8c010f4a340d5e45c5cce35fc48264d889b507bc198891b5bf460f,6045d3bb648bb055c078628b23cc61175a8ac5dfb8219c2a77a485a2762eff6c,2026-09-05T04:44:44.783052+00:00,SUCCESS,200,198,2,1.9636566571454943,5.096156661056985,2.0311044412238215,99.0,36.5,2_DEADLINE_EXCEEDED
cotop_final_2026_01,attempt_001,corridor_2400m_w20_seed44_Local,realization_corridor_2400m_w20_44,Local,corridor_2400m,20,10,44,861f3b94a6d40649c4fc004da8ec795a78506871,9885c1b7b396aa6c99cefbd5114379d2dc4f5ab8b37d4e5ac7d376cd255d20bc,f427576914ea7ca656124ae7ff36b93d7288234820e3ea2bb220f661475f3562,805b00e6ec8c010f4a340d5e45c5cce35fc48264d889b507bc198891b5bf460f,6045d3bb648bb055c078628b23cc61175a8ac5dfb8219c2a77a485a2762eff6c,2026-09-05T04:44:45.973771+00:00,SUCCESS,200,198,2,1.9523747220594847,5.094485621534351,0.27932087710099596,99.0,0.0,2_DEADLINE_EXCEEDED
cotop_final_2026_01,attempt_001,corridor_2400m_w20_seed44_Greedy,realization_corridor_2400m_w20_44,Greedy,corridor_2400m,20,10,44,861f3b94a6d40649c4fc004da8ec795a78506871,9885c1b7b396aa6c99cefbd5114379d2dc4f5ab8b37d4e5ac7d376cd255d20bc,f427576914ea7ca656124ae7ff36b93d7288234820e3ea2bb220f661475f3562,805b00e6ec8c010f4a340d5e45c5cce35fc48264d889b507bc198891b5bf460f,6045d3bb648bb055c078628b23cc61175a8ac5dfb8219c2a77a485a2762eff6c,2026-09-05T04:44:47.227267+00:00,SUCCESS,200,198,2,1.9795849138682236,5.159576764248891,7.095644216818511,99.0,86.5,2_DEADLINE_EXCEEDED
cotop_final_2026_01,attempt_001,corridor_2400m_w20_seed44_wo_md,realization_corridor_2400m_w20_44,wo_md,corridor_2400m,20,10,44,861f3b94a6d40649c4fc004da8ec795a78506871,9885c1b7b396aa6c99cefbd5114379d2dc4f5ab8b37d4e5ac7d376cd255d20bc,f427576914ea7ca656124ae7ff36b93d7288234820e3ea2bb220f661475f3562,805b00e6ec8c010f4a340d5e45c5cce35fc48264d889b507bc198891b5bf460f,6045d3bb648bb055c078628b23cc61175a8ac5dfb8219c2a77a485a2762eff6c,2026-09-05T04:44:47.295500+00:00,SUCCESS,200,198,2,1.9716193215526203,5.1699720633704755,2.073762271236527,99.0,100.0,2_DEADLINE_EXCEEDED
cotop_final_2026_01,attempt_001,corridor_2400m_w20_seed44_wo_tp,realization_corridor_2400m_w20_44,wo_tp,corridor_2400m,20,10,44,861f3b94a6d40649c4fc004da8ec795a78506871,9885c1b7b396aa6c99cefbd5114379d2dc4f5ab8b37d4e5ac7d376cd255d20bc,f427576914ea7ca656124ae7ff36b93d7288234820e3ea2bb220f661475f3562,805b00e6ec8c010f4a340d5e45c5cce35fc48264d889b507bc198891b5bf460f,6045d3bb648bb055c078628b23cc61175a8ac5dfb8219c2a77a485a2762eff6c,2026-09-05T04:44:48.473586+00:00,SUCCESS,200,198,2,1.9870963142482756,5.269157410938158,4.7514406308857104,99.0,100.0,2_DEADLINE_EXCEEDED
cotop_final_2026_01,attempt_001,corridor_2400m_w20_seed44_wo_co,realization_corridor_2400m_w20_44,wo_co,corridor_2400m,20,10,44,861f3b94a6d40649c4fc004da8ec795a78506871,9885c1b7b396aa6c99cefbd5114379d2dc4f5ab8b37d4e5ac7d376cd255d20bc,f427576914ea7ca656124ae7ff36b93d7288234820e3ea2bb220f661475f3562,805b00e6ec8c010f4a340d5e45c5cce35fc48264d889b507bc198891b5bf460f,6045d3bb648bb055c078628b23cc61175a8ac5dfb8219c2a77a485a2762eff6c,2026-09-05T04:44:49.540530+00:00,SUCCESS,200,198,2,1.9523747220594847,5.094485621534351,0.27932087710099596,99.0,0.0,2_DEADLINE_EXCEEDED
cotop_final_2026_01,attempt_001,corridor_2400m_w20_seed45_CoTOP,realization_corridor_2400m_w20_45,CoTOP,corridor_2400m,20,10,45,861f3b94a6d40649c4fc004da8ec795a78506871,9885c1b7b396aa6c99cefbd5114379d2dc4f5ab8b37d4e5ac7d376cd255d20bc,f427576914ea7ca656124ae7ff36b93d7288234820e3ea2bb220f661475f3562,b09d0411e658043b9e5b6039b0a7de65796ce3152226026f3be0f28f44a74fd7,6045d3bb648bb055c078628b23cc61175a8ac5dfb8219c2a77a485a2762eff6c,2026-09-05T04:44:50.812495+00:00,SUCCESS,200,195,5,1.9700946906438883,5.273410546796897,5.078070478826649,97.5,99.5,5_DEADLINE_EXCEEDED
cotop_final_2026_01,attempt_001,corridor_2400m_w20_seed45_DDQN,realization_corridor_2400m_w20_45,DDQN,corridor_2400m,20,10,45,861f3b94a6d40649c4fc004da8ec795a78506871,9885c1b7b396aa6c99cefbd5114379d2dc4f5ab8b37d4e5ac7d376cd255d20bc,f427576914ea7ca656124ae7ff36b93d7288234820e3ea2bb220f661475f3562,b09d0411e658043b9e5b6039b0a7de65796ce3152226026f3be0f28f44a74fd7,6045d3bb648bb055c078628b23cc61175a8ac5dfb8219c2a77a485a2762eff6c,2026-09-05T04:44:51.947367+00:00,SUCCESS,200,196,4,1.929498116665607,5.3352215188584164,2.911081665630935,98.0,36.0,4_DEADLINE_EXCEEDED
cotop_final_2026_01,attempt_001,corridor_2400m_w20_seed45_Local,realization_corridor_2400m_w20_45,Local,corridor_2400m,20,10,45,861f3b94a6d40649c4fc004da8ec795a78506871,9885c1b7b396aa6c99cefbd5114379d2dc4f5ab8b37d4e5ac7d376cd255d20bc,f427576914ea7ca656124ae7ff36b93d7288234820e3ea2bb220f661475f3562,b09d0411e658043b9e5b6039b0a7de65796ce3152226026f3be0f28f44a74fd7,6045d3bb648bb055c078628b23cc61175a8ac5dfb8219c2a77a485a2762eff6c,2026-09-05T04:44:53.088753+00:00,SUCCESS,200,197,3,1.9188162638139676,5.273410546796897,0.30973572516356246,98.5,0.0,3_DEADLINE_EXCEEDED
cotop_final_2026_01,attempt_001,corridor_2400m_w20_seed45_Greedy,realization_corridor_2400m_w20_45,Greedy,corridor_2400m,20,10,45,861f3b94a6d40649c4fc004da8ec795a78506871,9885c1b7b396aa6c99cefbd5114379d2dc4f5ab8b37d4e5ac7d376cd255d20bc,f427576914ea7ca656124ae7ff36b93d7288234820e3ea2bb220f661475f3562,b09d0411e658043b9e5b6039b0a7de65796ce3152226026f3be0f28f44a74fd7,6045d3bb648bb055c078628b23cc61175a8ac5dfb8219c2a77a485a2762eff6c,2026-09-05T04:44:54.130093+00:00,SUCCESS,200,195,5,1.9367112387364558,5.302743445285519,6.817272554475994,97.5,80.5,5_DEADLINE_EXCEEDED
cotop_final_2026_01,attempt_001,corridor_2400m_w20_seed45_wo_md,realization_corridor_2400m_w20_45,wo_md,corridor_2400m,20,10,45,861f3b94a6d40649c4fc004da8ec795a78506871,9885c1b7b396aa6c99cefbd5114379d2dc4f5ab8b37d4e5ac7d376cd255d20bc,f427576914ea7ca656124ae7ff36b93d7288234820e3ea2bb220f661475f3562,b09d0411e658043b9e5b6039b0a7de65796ce3152226026f3be0f28f44a74fd7,6045d3bb648bb055c078628b23cc61175a8ac5dfb8219c2a77a485a2762eff6c,2026-09-05T04:44:54.197014+00:00,SUCCESS,200,195,5,1.9322343754866347,5.273410546796897,2.706038954169413,97.5,99.5,5_DEADLINE_EXCEEDED
cotop_final_2026_01,attempt_001,corridor_2400m_w20_seed45_wo_tp,realization_corridor_2400m_w20_45,wo_tp,corridor_2400m,20,10,45,861f3b94a6d40649c4fc004da8ec795a78506871,9885c1b7b396aa6c99cefbd5114379d2dc4f5ab8b37d4e5ac7d376cd255d20bc,f427576914ea7ca656124ae7ff36b93d7288234820e3ea2bb220f661475f3562,b09d0411e658043b9e5b6039b0a7de65796ce3152226026f3be0f28f44a74fd7,6045d3bb648bb055c078628b23cc61175a8ac5dfb8219c2a77a485a2762eff6c,2026-09-05T04:44:55.263232+00:00,SUCCESS,200,195,5,1.9560148599489986,5.314229160241502,5.675531312918509,97.5,100.0,5_DEADLINE_EXCEEDED
cotop_final_2026_01,attempt_001,corridor_2400m_w20_seed45_wo_co,realization_corridor_2400m_w20_45,wo_co,corridor_2400m,20,10,45,861f3b94a6d40649c4fc004da8ec795a78506871,9885c1b7b396aa6c99cefbd5114379d2dc4f5ab8b37d4e5ac7d376cd255d20bc,f427576914ea7ca656124ae7ff36b93d7288234820e3ea2bb220f661475f3562,b09d0411e658043b9e5b6039b0a7de65796ce3152226026f3be0f28f44a74fd7,6045d3bb648bb055c078628b23cc61175a8ac5dfb8219c2a77a485a2762eff6c,2026-09-05T04:44:56.336455+00:00,SUCCESS,200,197,3,1.9188162638139676,5.273410546796897,0.30973572516356246,98.5,0.0,3_DEADLINE_EXCEEDED
cotop_final_2026_01,attempt_001,corridor_2400m_w20_seed46_CoTOP,realization_corridor_2400m_w20_46,CoTOP,corridor_2400m,20,10,46,861f3b94a6d40649c4fc004da8ec795a78506871,9885c1b7b396aa6c99cefbd5114379d2dc4f5ab8b37d4e5ac7d376cd255d20bc,f427576914ea7ca656124ae7ff36b93d7288234820e3ea2bb220f661475f3562,04ef7c838e8795c5894976cdfac799704524a1893e32ae121dae50ab5b3d7343,6045d3bb648bb055c078628b23cc61175a8ac5dfb8219c2a77a485a2762eff6c,2026-09-05T04:44:57.347514+00:00,SUCCESS,200,194,6,2.0586957804064827,5.639317127169247,4.0118784647725745,97.0,100.0,6_DEADLINE_EXCEEDED
cotop_final_2026_01,attempt_001,corridor_2400m_w20_seed46_DDQN,realization_corridor_2400m_w20_46,DDQN,corridor_2400m,20,10,46,861f3b94a6d40649c4fc004da8ec795a78506871,9885c1b7b396aa6c99cefbd5114379d2dc4f5ab8b37d4e5ac7d376cd255d20bc,f427576914ea7ca656124ae7ff36b93d7288234820e3ea2bb220f661475f3562,04ef7c838e8795c5894976cdfac799704524a1893e32ae121dae50ab5b3d7343,6045d3bb648bb055c078628b23cc61175a8ac5dfb8219c2a77a485a2762eff6c,2026-09-05T04:44:58.338596+00:00,SUCCESS,200,194,6,2.016003948001983,5.497404053983361,1.9826935768194855,97.0,37.0,6_DEADLINE_EXCEEDED
cotop_final_2026_01,attempt_001,corridor_2400m_w20_seed46_Local,realization_corridor_2400m_w20_46,Local,corridor_2400m,20,10,46,861f3b94a6d40649c4fc004da8ec795a78506871,9885c1b7b396aa6c99cefbd5114379d2dc4f5ab8b37d4e5ac7d376cd255d20bc,f427576914ea7ca656124ae7ff36b93d7288234820e3ea2bb220f661475f3562,04ef7c838e8795c5894976cdfac799704524a1893e32ae121dae50ab5b3d7343,6045d3bb648bb055c078628b23cc61175a8ac5dfb8219c2a77a485a2762eff6c,2026-09-05T04:44:59.336052+00:00,SUCCESS,200,195,5,2.0066860568603,5.493589164377764,0.2951673323208539,97.5,0.0,5_DEADLINE_EXCEEDED
cotop_final_2026_01,attempt_001,corridor_2400m_w20_seed46_Greedy,realization_corridor_2400m_w20_46,Greedy,corridor_2400m,20,10,46,861f3b94a6d40649c4fc004da8ec795a78506871,9885c1b7b396aa6c99cefbd5114379d2dc4f5ab8b37d4e5ac7d376cd255d20bc,f427576914ea7ca656124ae7ff36b93d7288234820e3ea2bb220f661475f3562,04ef7c838e8795c5894976cdfac799704524a1893e32ae121dae50ab5b3d7343,6045d3bb648bb055c078628b23cc61175a8ac5dfb8219c2a77a485a2762eff6c,2026-09-05T04:45:00.494669+00:00,SUCCESS,200,195,5,2.033224125426783,5.5596897969852614,7.238843651456364,97.5,86.0,5_DEADLINE_EXCEEDED
cotop_final_2026_01,attempt_001,corridor_2400m_w20_seed46_wo_md,realization_corridor_2400m_w20_46,wo_md,corridor_2400m,20,10,46,861f3b94a6d40649c4fc004da8ec795a78506871,9885c1b7b396aa6c99cefbd5114379d2dc4f5ab8b37d4e5ac7d376cd255d20bc,f427576914ea7ca656124ae7ff36b93d7288234820e3ea2bb220f661475f3562,04ef7c838e8795c5894976cdfac799704524a1893e32ae121dae50ab5b3d7343,6045d3bb648bb055c078628b23cc61175a8ac5dfb8219c2a77a485a2762eff6c,2026-09-05T04:45:00.556312+00:00,SUCCESS,200,194,6,2.0267764305002207,5.582838727252115,2.1657168255350907,97.0,100.0,6_DEADLINE_EXCEEDED
cotop_final_2026_01,attempt_001,corridor_2400m_w20_seed46_wo_tp,realization_corridor_2400m_w20_46,wo_tp,corridor_2400m,20,10,46,861f3b94a6d40649c4fc004da8ec795a78506871,9885c1b7b396aa6c99cefbd5114379d2dc4f5ab8b37d4e5ac7d376cd255d20bc,f427576914ea7ca656124ae7ff36b93d7288234820e3ea2bb220f661475f3562,04ef7c838e8795c5894976cdfac799704524a1893e32ae121dae50ab5b3d7343,6045d3bb648bb055c078628b23cc61175a8ac5dfb8219c2a77a485a2762eff6c,2026-09-05T04:45:01.598280+00:00,SUCCESS,200,194,6,2.0482704166143706,5.648791927760433,4.977452379921264,97.0,100.0,6_DEADLINE_EXCEEDED
cotop_final_2026_01,attempt_001,corridor_2400m_w20_seed46_wo_co,realization_corridor_2400m_w20_46,wo_co,corridor_2400m,20,10,46,861f3b94a6d40649c4fc004da8ec795a78506871,9885c1b7b396aa6c99cefbd5114379d2dc4f5ab8b37d4e5ac7d376cd255d20bc,f427576914ea7ca656124ae7ff36b93d7288234820e3ea2bb220f661475f3562,04ef7c838e8795c5894976cdfac799704524a1893e32ae121dae50ab5b3d7343,6045d3bb648bb055c078628b23cc61175a8ac5dfb8219c2a77a485a2762eff6c,2026-09-05T04:45:02.630524+00:00,SUCCESS,200,195,5,2.0066860568603,5.493589164377764,0.2951673323208539,97.5,0.0,5_DEADLINE_EXCEEDED
cotop_final_2026_01,attempt_001,corridor_2400m_w20_seed47_CoTOP,realization_corridor_2400m_w20_seed47,CoTOP,corridor_2400m,20,10,47,861f3b94a6d40649c4fc004da8ec795a78506871,9885c1b7b396aa6c99cefbd5114379d2dc4f5ab8b37d4e5ac7d376cd255d20bc,f427576914ea7ca656124ae7ff36b93d7288234820e3ea2bb220f661475f3562,50af9e828670c1407dcb0ebe449032456bdc6adca8450a9be42aec0f04c41523,6045d3bb648bb055c078628b23cc61175a8ac5dfb8219c2a77a485a2762eff6c,2026-09-05T04:45:03.751118+00:00,SUCCESS,200,199,1,1.8815055614065241,4.771803035245514,5.138997090932265,99.5,100.0,1_DEADLINE_EXCEEDED
cotop_final_2026_01,attempt_001,corridor_2400m_w20_seed47_DDQN,realization_corridor_2400m_w20_seed47,DDQN,corridor_2400m,20,10,47,861f3b94a6d40649c4fc004da8ec795a78506871,9885c1b7b396aa6c99cefbd5114379d2dc4f5ab8b37d4e5ac7d376cd255d20bc,f427576914ea7ca656124ae7ff36b93d7288234820e3ea2bb220f661475f3562,50af9e828670c1407dcb0ebe449032456bdc6adca8450a9be42aec0f04c41523,6045d3bb648bb055c078628b23cc61175a8ac5dfb8219c2a77a485a2762eff6c,2026-09-05T04:45:04.897107+00:00,SUCCESS,200,199,1,1.8454698749481226,4.718897040579725,2.3426367998100286,99.5,38.0,1_DEADLINE_EXCEEDED
cotop_final_2026_01,attempt_001,corridor_2400m_w20_seed47_Local,realization_corridor_2400m_w20_seed47,Local,corridor_2400m,20,10,47,861f3b94a6d40649c4fc004da8ec795a78506871,9885c1b7b396aa6c99cefbd5114379d2dc4f5ab8b37d4e5ac7d376cd255d20bc,f427576914ea7ca656124ae7ff36b93d7288234820e3ea2bb220f661475f3562,50af9e828670c1407dcb0ebe449032456bdc6adca8450a9be42aec0f04c41523,6045d3bb648bb055c078628b23cc61175a8ac5dfb8219c2a77a485a2762eff6c,2026-09-05T04:45:05.985113+00:00,SUCCESS,200,199,1,1.8388560623367396,4.718897040579725,0.2982780014759372,99.5,0.0,1_DEADLINE_EXCEEDED
cotop_final_2026_01,attempt_001,corridor_2400m_w20_seed47_Greedy,realization_corridor_2400m_w20_seed47,Greedy,corridor_2400m,20,10,47,861f3b94a6d40649c4fc004da8ec795a78506871,9885c1b7b396aa6c99cefbd5114379d2dc4f5ab8b37d4e5ac7d376cd255d20bc,f427576914ea7ca656124ae7ff36b93d7288234820e3ea2bb220f661475f3562,50af9e828670c1407dcb0ebe449032456bdc6adca8450a9be42aec0f04c41523,6045d3bb648bb055c078628b23cc61175a8ac5dfb8219c2a77a485a2762eff6c,2026-09-05T04:45:07.040280+00:00,SUCCESS,200,199,1,1.8585277370927147,4.781967593150821,7.08463884601108,99.5,85.0,1_DEADLINE_EXCEEDED
cotop_final_2026_01,attempt_001,corridor_2400m_w20_seed47_wo_md,realization_corridor_2400m_w20_seed47,wo_md,corridor_2400m,20,10,47,861f3b94a6d40649c4fc004da8ec795a78506871,9885c1b7b396aa6c99cefbd5114379d2dc4f5ab8b37d4e5ac7d376cd255d20bc,f427576914ea7ca656124ae7ff36b93d7288234820e3ea2bb220f661475f3562,50af9e828670c1407dcb0ebe449032456bdc6adca8450a9be42aec0f04c41523,6045d3bb648bb055c078628b23cc61175a8ac5dfb8219c2a77a485a2762eff6c,2026-09-05T04:45:07.199279+00:00,SUCCESS,200,199,1,1.8468516099486856,4.7715184993905,2.7409680457832817,99.5,100.0,1_DEADLINE_EXCEEDED
cotop_final_2026_01,attempt_001,corridor_2400m_w20_seed47_wo_tp,realization_corridor_2400m_w20_seed47,wo_tp,corridor_2400m,20,10,47,861f3b94a6d40649c4fc004da8ec795a78506871,9885c1b7b396aa6c99cefbd5114379d2dc4f5ab8b37d4e5ac7d376cd255d20bc,f427576914ea7ca656124ae7ff36b93d7288234820e3ea2bb220f661475f3562,50af9e828670c1407dcb0ebe449032456bdc6adca8450a9be42aec0f04c41523,6045d3bb648bb055c078628b23cc61175a8ac5dfb8219c2a77a485a2762eff6c,2026-09-05T04:45:08.230071+00:00,SUCCESS,200,199,1,1.8713157015013728,4.769112316380609,5.695532670803576,99.5,100.0,1_DEADLINE_EXCEEDED
cotop_final_2026_01,attempt_001,corridor_2400m_w20_seed47_wo_co,realization_corridor_2400m_w20_seed47,wo_co,corridor_2400m,20,10,47,861f3b94a6d40649c4fc004da8ec795a78506871,9885c1b7b396aa6c99cefbd5114379d2dc4f5ab8b37d4e5ac7d376cd255d20bc,f427576914ea7ca656124ae7ff36b93d7288234820e3ea2bb220f661475f3562,50af9e828670c1407dcb0ebe449032456bdc6adca8450a9be42aec0f04c41523,6045d3bb648bb055c078628b23cc61175a8ac5dfb8219c2a77a485a2762eff6c,2026-09-05T04:45:09.280177+00:00,SUCCESS,200,199,1,1.8388560623367396,4.718897040579725,0.2982780014759372,99.5,0.0,1_DEADLINE_EXCEEDED
cotop_final_2026_01,attempt_001,corridor_2400m_w20_seed48_CoTOP,realization_corridor_2400m_w20_seed48,CoTOP,corridor_2400m,20,10,48,861f3b94a6d40649c4fc004da8ec795a78506871,9885c1b7b396aa6c99cefbd5114379d2dc4f5ab8b37d4e5ac7d376cd255d20bc,f427576914ea7ca656124ae7ff36b93d7288234820e3ea2bb220f661475f3562,9757e1a7d84034e343dc030c3e6c8a5c6860300a600f680f82b581bd2d517bff,6045d3bb648bb055c078628b23cc61175a8ac5dfb8219c2a77a485a2762eff6c,2026-09-05T04:45:10.370001+00:00,SUCCESS,200,196,4,2.024876832208712,5.344099990267497,4.193574514087303,98.0,100.0,4_DEADLINE_EXCEEDED
cotop_final_2026_01,attempt_001,corridor_2400m_w20_seed48_DDQN,realization_corridor_2400m_w20_seed48,DDQN,corridor_2400m,20,10,48,861f3b94a6d40649c4fc004da8ec795a78506871,9885c1b7b396aa6c99cefbd5114379d2dc4f5ab8b37d4e5ac7d376cd255d20bc,f427576914ea7ca656124ae7ff36b93d7288234820e3ea2bb220f661475f3562,9757e1a7d84034e343dc030c3e6c8a5c6860300a600f680f82b581bd2d517bff,6045d3bb648bb055c078628b23cc61175a8ac5dfb8219c2a77a485a2762eff6c,2026-09-05T04:45:11.415053+00:00,SUCCESS,200,196,4,1.9984057051728241,5.239346585276228,2.4915014692866255,98.0,37.0,4_DEADLINE_EXCEEDED
cotop_final_2026_01,attempt_001,corridor_2400m_w20_seed48_Local,realization_corridor_2400m_w20_seed48,Local,corridor_2400m,20,10,48,861f3b94a6d40649c4fc004da8ec795a78506871,9885c1b7b396aa6c99cefbd5114379d2dc4f5ab8b37d4e5ac7d376cd255d20bc,f427576914ea7ca656124ae7ff36b93d7288234820e3ea2bb220f661475f3562,9757e1a7d84034e343dc030c3e6c8a5c6860300a600f680f82b581bd2d517bff,6045d3bb648bb055c078628b23cc61175a8ac5dfb8219c2a77a485a2762eff6c,2026-09-05T04:45:12.465859+00:00,SUCCESS,200,196,4,1.991701198509607,5.238241251175166,0.31433697452170045,98.0,0.0,4_DEADLINE_EXCEEDED
cotop_final_2026_01,attempt_001,corridor_2400m_w20_seed48_Greedy,realization_corridor_2400m_w20_seed48,Greedy,corridor_2400m,20,10,48,861f3b94a6d40649c4fc004da8ec795a78506871,9885c1b7b396aa6c99cefbd5114379d2dc4f5ab8b37d4e5ac7d376cd255d20bc,f427576914ea7ca656124ae7ff36b93d7288234820e3ea2bb220f661475f3562,9757e1a7d84034e343dc030c3e6c8a5c6860300a600f680f82b581bd2d517bff,6045d3bb648bb055c078628b23cc61175a8ac5dfb8219c2a77a485a2762eff6c,2026-09-05T04:45:13.496787+00:00,SUCCESS,200,196,4,2.011337301883653,5.293183027948644,7.463506249964748,98.0,86.5,4_DEADLINE_EXCEEDED
cotop_final_2026_01,attempt_001,corridor_2400m_w20_seed48_wo_md,realization_corridor_2400m_w20_seed48,wo_md,corridor_2400m,20,10,48,861f3b94a6d40649c4fc004da8ec795a78506871,9885c1b7b396aa6c99cefbd5114379d2dc4f5ab8b37d4e5ac7d376cd255d20bc,f427576914ea7ca656124ae7ff36b93d7288234820e3ea2bb220f661475f3562,9757e1a7d84034e343dc030c3e6c8a5c6860300a600f680f82b581bd2d517bff,6045d3bb648bb055c078628b23cc61175a8ac5dfb8219c2a77a485a2762eff6c,2026-09-05T04:45:13.582577+00:00,SUCCESS,200,196,4,1.9966849735527656,5.284106160178139,2.264949338740303,98.0,100.0,4_DEADLINE_EXCEEDED
cotop_final_2026_01,attempt_001,corridor_2400m_w20_seed48_wo_tp,realization_corridor_2400m_w20_seed48,wo_tp,corridor_2400m,20,10,48,861f3b94a6d40649c4fc004da8ec795a78506871,9885c1b7b396aa6c99cefbd5114379d2dc4f5ab8b37d4e5ac7d376cd255d20bc,f427576914ea7ca656124ae7ff36b93d7288234820e3ea2bb220f661475f3562,9757e1a7d84034e343dc030c3e6c8a5c6860300a600f680f82b581bd2d517bff,6045d3bb648bb055c078628b23cc61175a8ac5dfb8219c2a77a485a2762eff6c,2026-09-05T04:45:14.744122+00:00,SUCCESS,200,196,4,2.015320540196429,5.304797549346799,5.044960180443887,98.0,100.0,4_DEADLINE_EXCEEDED
cotop_final_2026_01,attempt_001,corridor_2400m_w20_seed48_wo_co,realization_corridor_2400m_w20_seed48,wo_co,corridor_2400m,20,10,48,861f3b94a6d40649c4fc004da8ec795a78506871,9885c1b7b396aa6c99cefbd5114379d2dc4f5ab8b37d4e5ac7d376cd255d20bc,f427576914ea7ca656124ae7ff36b93d7288234820e3ea2bb220f661475f3562,9757e1a7d84034e343dc030c3e6c8a5c6860300a600f680f82b581bd2d517bff,6045d3bb648bb055c078628b23cc61175a8ac5dfb8219c2a77a485a2762eff6c,2026-09-05T04:45:15.786524+00:00,SUCCESS,200,196,4,1.991701198509607,5.238241251175166,0.31433697452170045,98.0,0.0,4_DEADLINE_EXCEEDED
cotop_final_2026_01,attempt_001,corridor_2400m_w20_seed49_CoTOP,realization_corridor_2400m_w20_seed49,CoTOP,corridor_2400m,20,10,49,861f3b94a6d40649c4fc004da8ec795a78506871,9885c1b7b396aa6c99cefbd5114379d2dc4f5ab8b37d4e5ac7d376cd255d20bc,f427576914ea7ca656124ae7ff36b93d7288234820e3ea2bb220f661475f3562,9d50cb88a164bf17221658f0a03647330463f75de2718ebb6db631731380901a,6045d3bb648bb055c078628b23cc61175a8ac5dfb8219c2a77a485a2762eff6c,2026-09-05T04:45:16.880674+00:00,SUCCESS,200,199,1,1.9353351511477053,5.270809187205009,5.017698777770679,99.5,100.0,1_DEADLINE_EXCEEDED
cotop_final_2026_01,attempt_001,corridor_2400m_w20_seed49_DDQN,realization_corridor_2400m_w20_seed49,DDQN,corridor_2400m,20,10,49,861f3b94a6d40649c4fc004da8ec795a78506871,9885c1b7b396aa6c99cefbd5114379d2dc4f5ab8b37d4e5ac7d376cd255d20bc,f427576914ea7ca656124ae7ff36b93d7288234820e3ea2bb220f661475f3562,9d50cb88a164bf17221658f0a03647330463f75de2718ebb6db631731380901a,6045d3bb648bb055c078628b23cc61175a8ac5dfb8219c2a77a485a2762eff6c,2026-09-05T04:45:17.996771+00:00,SUCCESS,200,199,1,1.8939921734158551,5.221223988571422,2.4283789490812997,99.5,39.0,1_DEADLINE_EXCEEDED
cotop_final_2026_01,attempt_001,corridor_2400m_w20_seed49_Local,realization_corridor_2400m_w20_seed49,Local,corridor_2400m,20,10,49,861f3b94a6d40649c4fc004da8ec795a78506871,9885c1b7b396aa6c99cefbd5114379d2dc4f5ab8b37d4e5ac7d376cd255d20bc,f427576914ea7ca656124ae7ff36b93d7288234820e3ea2bb220f661475f3562,9d50cb88a164bf17221658f0a03647330463f75de2718ebb6db631731380901a,6045d3bb648bb055c078628b23cc61175a8ac5dfb8219c2a77a485a2762eff6c,2026-09-05T04:45:19.055735+00:00,SUCCESS,200,199,1,1.8836514510679923,5.204045799502698,0.2903219639375891,99.5,0.0,1_DEADLINE_EXCEEDED
cotop_final_2026_01,attempt_001,corridor_2400m_w20_seed49_Greedy,realization_corridor_2400m_w20_seed49,Greedy,corridor_2400m,20,10,49,861f3b94a6d40649c4fc004da8ec795a78506871,9885c1b7b396aa6c99cefbd5114379d2dc4f5ab8b37d4e5ac7d376cd255d20bc,f427576914ea7ca656124ae7ff36b93d7288234820e3ea2bb220f661475f3562,9d50cb88a164bf17221658f0a03647330463f75de2718ebb6db631731380901a,6045d3bb648bb055c078628b23cc61175a8ac5dfb8219c2a77a485a2762eff6c,2026-09-05T04:45:20.178990+00:00,SUCCESS,200,199,1,1.9031830317458007,5.271754458458576,6.66648020626578,99.5,84.0,1_DEADLINE_EXCEEDED
cotop_final_2026_01,attempt_001,corridor_2400m_w20_seed49_wo_md,realization_corridor_2400m_w20_seed49,wo_md,corridor_2400m,20,10,49,861f3b94a6d40649c4fc004da8ec795a78506871,9885c1b7b396aa6c99cefbd5114379d2dc4f5ab8b37d4e5ac7d376cd255d20bc,f427576914ea7ca656124ae7ff36b93d7288234820e3ea2bb220f661475f3562,9d50cb88a164bf17221658f0a03647330463f75de2718ebb6db631731380901a,6045d3bb648bb055c078628b23cc61175a8ac5dfb8219c2a77a485a2762eff6c,2026-09-05T04:45:20.247017+00:00,SUCCESS,200,199,1,1.8991180047844605,5.260067854055459,2.6677757599574106,99.5,100.0,1_DEADLINE_EXCEEDED
cotop_final_2026_01,attempt_001,corridor_2400m_w20_seed49_wo_tp,realization_corridor_2400m_w20_seed49,wo_tp,corridor_2400m,20,10,49,861f3b94a6d40649c4fc004da8ec795a78506871,9885c1b7b396aa6c99cefbd5114379d2dc4f5ab8b37d4e5ac7d376cd255d20bc,f427576914ea7ca656124ae7ff36b93d7288234820e3ea2bb220f661475f3562,9d50cb88a164bf17221658f0a03647330463f75de2718ebb6db631731380901a,6045d3bb648bb055c078628b23cc61175a8ac5dfb8219c2a77a485a2762eff6c,2026-09-05T04:45:21.480084+00:00,SUCCESS,200,199,1,1.9236648048067284,5.273836470221104,5.697177094358658,99.5,100.0,1_DEADLINE_EXCEEDED
cotop_final_2026_01,attempt_001,corridor_2400m_w20_seed49_wo_co,realization_corridor_2400m_w20_seed49,wo_co,corridor_2400m,20,10,49,861f3b94a6d40649c4fc004da8ec795a78506871,9885c1b7b396aa6c99cefbd5114379d2dc4f5ab8b37d4e5ac7d376cd255d20bc,f427576914ea7ca656124ae7ff36b93d7288234820e3ea2bb220f661475f3562,9d50cb88a164bf17221658f0a03647330463f75de2718ebb6db631731380901a,6045d3bb648bb055c078628b23cc61175a8ac5dfb8219c2a77a485a2762eff6c,2026-09-05T04:45:22.530463+00:00,SUCCESS,200,199,1,1.8836514510679923,5.204045799502698,0.2903219639375891,99.5,0.0,1_DEADLINE_EXCEEDED
cotop_final_2026_01,attempt_001,corridor_2400m_w20_seed50_CoTOP,realization_corridor_2400m_w20_seed50,CoTOP,corridor_2400m,20,10,50,861f3b94a6d40649c4fc004da8ec795a78506871,9885c1b7b396aa6c99cefbd5114379d2dc4f5ab8b37d4e5ac7d376cd255d20bc,f427576914ea7ca656124ae7ff36b93d7288234820e3ea2bb220f661475f3562,849bbd6262223a1eaf11801a36215c5bcc20e3ebaceaab44474c99a38821e3d9,6045d3bb648bb055c078628b23cc61175a8ac5dfb8219c2a77a485a2762eff6c,2026-09-05T04:45:23.646794+00:00,SUCCESS,200,196,4,2.016469735378506,5.533825986051192,5.307753745032105,98.0,100.0,4_DEADLINE_EXCEEDED
cotop_final_2026_01,attempt_001,corridor_2400m_w20_seed50_DDQN,realization_corridor_2400m_w20_seed50,DDQN,corridor_2400m,20,10,50,861f3b94a6d40649c4fc004da8ec795a78506871,9885c1b7b396aa6c99cefbd5114379d2dc4f5ab8b37d4e5ac7d376cd255d20bc,f427576914ea7ca656124ae7ff36b93d7288234820e3ea2bb220f661475f3562,849bbd6262223a1eaf11801a36215c5bcc20e3ebaceaab44474c99a38821e3d9,6045d3bb648bb055c078628b23cc61175a8ac5dfb8219c2a77a485a2762eff6c,2026-09-05T04:45:24.780153+00:00,SUCCESS,200,196,4,1.979274658348905,5.508568972252562,2.891766886507386,98.0,34.0,4_DEADLINE_EXCEEDED
cotop_final_2026_01,attempt_001,corridor_2400m_w20_seed50_Local,realization_corridor_2400m_w20_seed50,Local,corridor_2400m,20,10,50,861f3b94a6d40649c4fc004da8ec795a78506871,9885c1b7b396aa6c99cefbd5114379d2dc4f5ab8b37d4e5ac7d376cd255d20bc,f427576914ea7ca656124ae7ff36b93d7288234820e3ea2bb220f661475f3562,849bbd6262223a1eaf11801a36215c5bcc20e3ebaceaab44474c99a38821e3d9,6045d3bb648bb055c078628b23cc61175a8ac5dfb8219c2a77a485a2762eff6c,2026-09-05T04:45:25.880178+00:00,SUCCESS,200,196,4,1.9717430211430735,5.489032167609843,0.2983260109730319,98.0,0.0,4_DEADLINE_EXCEEDED
cotop_final_2026_01,attempt_001,corridor_2400m_w20_seed50_Greedy,realization_corridor_2400m_w20_seed50,Greedy,corridor_2400m,20,10,50,861f3b94a6d40649c4fc004da8ec795a78506871,9885c1b7b396aa6c99cefbd5114379d2dc4f5ab8b37d4e5ac7d376cd255d20bc,f427576914ea7ca656124ae7ff36b93d7288234820e3ea2bb220f661475f3562,849bbd6262223a1eaf11801a36215c5bcc20e3ebaceaab44474c99a38821e3d9,6045d3bb648bb055c078628b23cc61175a8ac5dfb8219c2a77a485a2762eff6c,2026-09-05T04:45:26.946820+00:00,SUCCESS,200,196,4,1.9933002631589094,5.524544751242958,7.281043052326202,98.0,86.0,4_DEADLINE_EXCEEDED
cotop_final_2026_01,attempt_001,corridor_2400m_w20_seed50_wo_md,realization_corridor_2400m_w20_seed50,wo_md,corridor_2400m,20,10,50,861f3b94a6d40649c4fc004da8ec795a78506871,9885c1b7b396aa6c99cefbd5114379d2dc4f5ab8b37d4e5ac7d376cd255d20bc,f427576914ea7ca656124ae7ff36b93d7288234820e3ea2bb220f661475f3562,849bbd6262223a1eaf11801a36215c5bcc20e3ebaceaab44474c99a38821e3d9,6045d3bb648bb055c078628b23cc61175a8ac5dfb8219c2a77a485a2762eff6c,2026-09-05T04:45:27.014680+00:00,SUCCESS,200,196,4,1.9804555269682576,5.489032167609843,2.814235287642519,98.0,100.0,4_DEADLINE_EXCEEDED
cotop_final_2026_01,attempt_001,corridor_2400m_w20_seed50_wo_tp,realization_corridor_2400m_w20_seed50,wo_tp,corridor_2400m,20,10,50,861f3b94a6d40649c4fc004da8ec795a78506871,9885c1b7b396aa6c99cefbd5114379d2dc4f5ab8b37d4e5ac7d376cd255d20bc,f427576914ea7ca656124ae7ff36b93d7288234820e3ea2bb220f661475f3562,849bbd6262223a1eaf11801a36215c5bcc20e3ebaceaab44474c99a38821e3d9,6045d3bb648bb055c078628b23cc61175a8ac5dfb8219c2a77a485a2762eff6c,2026-09-05T04:45:28.097319+00:00,SUCCESS,200,196,4,2.006242358931763,5.511884322147424,5.947846719229926,98.0,100.0,4_DEADLINE_EXCEEDED
cotop_final_2026_01,attempt_001,corridor_2400m_w20_seed50_wo_co,realization_corridor_2400m_w20_seed50,wo_co,corridor_2400m,20,10,50,861f3b94a6d40649c4fc004da8ec795a78506871,9885c1b7b396aa6c99cefbd5114379d2dc4f5ab8b37d4e5ac7d376cd255d20bc,f427576914ea7ca656124ae7ff36b93d7288234820e3ea2bb220f661475f3562,849bbd6262223a1eaf11801a36215c5bcc20e3ebaceaab44474c99a38821e3d9,6045d3bb648bb055c078628b23cc61175a8ac5dfb8219c2a77a485a2762eff6c,2026-09-05T04:45:29.263563+00:00,SUCCESS,200,196,4,1.9717430211430735,5.489032167609843,0.2983260109730319,98.0,0.0,4_DEADLINE_EXCEEDED
cotop_final_2026_01,attempt_001,corridor_2400m_w20_seed51_CoTOP,realization_corridor_2400m_w20_seed51,CoTOP,corridor_2400m,20,10,51,861f3b94a6d40649c4fc004da8ec795a78506871,9885c1b7b396aa6c99cefbd5114379d2dc4f5ab8b37d4e5ac7d376cd255d20bc,f427576914ea7ca656124ae7ff36b93d7288234820e3ea2bb220f661475f3562,2935371bd9ebe8c927b5d43ef91fe24e1c705a78645f3886de56da3ef04b4230,6045d3bb648bb055c078628b23cc61175a8ac5dfb8219c2a77a485a2762eff6c,2026-09-05T04:45:30.314752+00:00,SUCCESS,200,198,2,2.0712247977463267,5.528509661089963,4.014281420215451,99.0,99.5,2_DEADLINE_EXCEEDED
cotop_final_2026_01,attempt_001,corridor_2400m_w20_seed51_DDQN,realization_corridor_2400m_w20_seed51,DDQN,corridor_2400m,20,10,51,861f3b94a6d40649c4fc004da8ec795a78506871,9885c1b7b396aa6c99cefbd5114379d2dc4f5ab8b37d4e5ac7d376cd255d20bc,f427576914ea7ca656124ae7ff36b93d7288234820e3ea2bb220f661475f3562,2935371bd9ebe8c927b5d43ef91fe24e1c705a78645f3886de56da3ef04b4230,6045d3bb648bb055c078628b23cc61175a8ac5dfb8219c2a77a485a2762eff6c,2026-09-05T04:45:31.391482+00:00,SUCCESS,200,200,0,2.040145512113452,5.520010459746387,2.5659743640311503,100.0,36.5,NONE
cotop_final_2026_01,attempt_001,corridor_2400m_w20_seed51_Local,realization_corridor_2400m_w20_seed51,Local,corridor_2400m,20,10,51,861f3b94a6d40649c4fc004da8ec795a78506871,9885c1b7b396aa6c99cefbd5114379d2dc4f5ab8b37d4e5ac7d376cd255d20bc,f427576914ea7ca656124ae7ff36b93d7288234820e3ea2bb220f661475f3562,2935371bd9ebe8c927b5d43ef91fe24e1c705a78645f3886de56da3ef04b4230,6045d3bb648bb055c078628b23cc61175a8ac5dfb8219c2a77a485a2762eff6c,2026-09-05T04:45:32.417974+00:00,SUCCESS,200,200,0,2.021490937288677,5.378896597445465,0.29395924224863185,100.0,0.0,NONE
cotop_final_2026_01,attempt_001,corridor_2400m_w20_seed51_Greedy,realization_corridor_2400m_w20_seed51,Greedy,corridor_2400m,20,10,51,861f3b94a6d40649c4fc004da8ec795a78506871,9885c1b7b396aa6c99cefbd5114379d2dc4f5ab8b37d4e5ac7d376cd255d20bc,f427576914ea7ca656124ae7ff36b93d7288234820e3ea2bb220f661475f3562,2935371bd9ebe8c927b5d43ef91fe24e1c705a78645f3886de56da3ef04b4230,6045d3bb648bb055c078628b23cc61175a8ac5dfb8219c2a77a485a2762eff6c,2026-09-05T04:45:33.497224+00:00,SUCCESS,200,199,1,2.044608269169775,5.446815542189769,6.9881344285237414,99.5,84.0,1_DEADLINE_EXCEEDED
cotop_final_2026_01,attempt_001,corridor_2400m_w20_seed51_wo_md,realization_corridor_2400m_w20_seed51,wo_md,corridor_2400m,20,10,51,861f3b94a6d40649c4fc004da8ec795a78506871,9885c1b7b396aa6c99cefbd5114379d2dc4f5ab8b37d4e5ac7d376cd255d20bc,f427576914ea7ca656124ae7ff36b93d7288234820e3ea2bb220f661475f3562,2935371bd9ebe8c927b5d43ef91fe24e1c705a78645f3886de56da3ef04b4230,6045d3bb648bb055c078628b23cc61175a8ac5dfb8219c2a77a485a2762eff6c,2026-09-05T04:45:33.567880+00:00,SUCCESS,200,199,1,2.041043349471112,5.447967196131285,2.1653552572785943,99.5,99.5,1_DEADLINE_EXCEEDED
cotop_final_2026_01,attempt_001,corridor_2400m_w20_seed51_wo_tp,realization_corridor_2400m_w20_seed51,wo_tp,corridor_2400m,20,10,51,861f3b94a6d40649c4fc004da8ec795a78506871,9885c1b7b396aa6c99cefbd5114379d2dc4f5ab8b37d4e5ac7d376cd255d20bc,f427576914ea7ca656124ae7ff36b93d7288234820e3ea2bb220f661475f3562,2935371bd9ebe8c927b5d43ef91fe24e1c705a78645f3886de56da3ef04b4230,6045d3bb648bb055c078628b23cc61175a8ac5dfb8219c2a77a485a2762eff6c,2026-09-05T04:45:34.613822+00:00,SUCCESS,200,198,2,2.059171097584063,5.505634249511423,4.966079872672074,99.0,100.0,2_DEADLINE_EXCEEDED
cotop_final_2026_01,attempt_001,corridor_2400m_w20_seed51_wo_co,realization_corridor_2400m_w20_seed51,wo_co,corridor_2400m,20,10,51,861f3b94a6d40649c4fc004da8ec795a78506871,9885c1b7b396aa6c99cefbd5114379d2dc4f5ab8b37d4e5ac7d376cd255d20bc,f427576914ea7ca656124ae7ff36b93d7288234820e3ea2bb220f661475f3562,2935371bd9ebe8c927b5d43ef91fe24e1c705a78645f3886de56da3ef04b4230,6045d3bb648bb055c078628b23cc61175a8ac5dfb8219c2a77a485a2762eff6c,2026-09-05T04:45:35.920820+00:00,SUCCESS,200,200,0,2.021490937288677,5.378896597445465,0.29395924224863185,100.0,0.0,NONE
cotop_final_2026_01,attempt_001,corridor_2400m_w30_seed42_CoTOP,realization_corridor_2400m_w30_42,CoTOP,corridor_2400m,30,10,42,861f3b94a6d40649c4fc004da8ec795a78506871,9885c1b7b396aa6c99cefbd5114379d2dc4f5ab8b37d4e5ac7d376cd255d20bc,f427576914ea7ca656124ae7ff36b93d7288234820e3ea2bb220f661475f3562,9aac6a3cd75c839bda90bca65a2422b6d8fec6298bb8a34b9bc77fa056ceefc1,6045d3bb648bb055c078628b23cc61175a8ac5dfb8219c2a77a485a2762eff6c,2026-09-05T04:45:36.997275+00:00,SUCCESS,300,299,1,2.074608288939741,5.236745358973389,3.9404622803555713,99.66666666666667,100.0,1_DEADLINE_EXCEEDED
cotop_final_2026_01,attempt_001,corridor_2400m_w30_seed42_DDQN,realization_corridor_2400m_w30_42,DDQN,corridor_2400m,30,10,42,861f3b94a6d40649c4fc004da8ec795a78506871,9885c1b7b396aa6c99cefbd5114379d2dc4f5ab8b37d4e5ac7d376cd255d20bc,f427576914ea7ca656124ae7ff36b93d7288234820e3ea2bb220f661475f3562,9aac6a3cd75c839bda90bca65a2422b6d8fec6298bb8a34b9bc77fa056ceefc1,6045d3bb648bb055c078628b23cc61175a8ac5dfb8219c2a77a485a2762eff6c,2026-09-05T04:45:38.046784+00:00,SUCCESS,300,299,1,2.0438895917775213,5.133380149804176,2.169953839799194,99.66666666666667,39.0,1_DEADLINE_EXCEEDED
cotop_final_2026_01,attempt_001,corridor_2400m_w30_seed42_Local,realization_corridor_2400m_w30_42,Local,corridor_2400m,30,10,42,861f3b94a6d40649c4fc004da8ec795a78506871,9885c1b7b396aa6c99cefbd5114379d2dc4f5ab8b37d4e5ac7d376cd255d20bc,f427576914ea7ca656124ae7ff36b93d7288234820e3ea2bb220f661475f3562,9aac6a3cd75c839bda90bca65a2422b6d8fec6298bb8a34b9bc77fa056ceefc1,6045d3bb648bb055c078628b23cc61175a8ac5dfb8219c2a77a485a2762eff6c,2026-09-05T04:45:39.080098+00:00,SUCCESS,300,299,1,2.044980318823019,5.132517371657454,0.30344480755071,99.66666666666667,0.0,1_DEADLINE_EXCEEDED
cotop_final_2026_01,attempt_001,corridor_2400m_w30_seed42_Greedy,realization_corridor_2400m_w30_42,Greedy,corridor_2400m,30,10,42,861f3b94a6d40649c4fc004da8ec795a78506871,9885c1b7b396aa6c99cefbd5114379d2dc4f5ab8b37d4e5ac7d376cd255d20bc,f427576914ea7ca656124ae7ff36b93d7288234820e3ea2bb220f661475f3562,9aac6a3cd75c839bda90bca65a2422b6d8fec6298bb8a34b9bc77fa056ceefc1,6045d3bb648bb055c078628b23cc61175a8ac5dfb8219c2a77a485a2762eff6c,2026-09-05T04:45:40.163955+00:00,SUCCESS,300,299,1,2.045848323814554,5.192061222036257,7.467528755857169,99.66666666666667,87.33333333333333,1_DEADLINE_EXCEEDED
cotop_final_2026_01,attempt_001,corridor_2400m_w30_seed42_wo_md,realization_corridor_2400m_w30_42,wo_md,corridor_2400m,30,10,42,861f3b94a6d40649c4fc004da8ec795a78506871,9885c1b7b396aa6c99cefbd5114379d2dc4f5ab8b37d4e5ac7d376cd255d20bc,f427576914ea7ca656124ae7ff36b93d7288234820e3ea2bb220f661475f3562,9aac6a3cd75c839bda90bca65a2422b6d8fec6298bb8a34b9bc77fa056ceefc1,6045d3bb648bb055c078628b23cc61175a8ac5dfb8219c2a77a485a2762eff6c,2026-09-05T04:45:40.230337+00:00,SUCCESS,300,299,1,2.0446754166502092,5.182811480744658,2.1298995113259664,99.66666666666667,100.0,1_DEADLINE_EXCEEDED
cotop_final_2026_01,attempt_001,corridor_2400m_w30_seed42_wo_tp,realization_corridor_2400m_w30_42,wo_tp,corridor_2400m,30,10,42,861f3b94a6d40649c4fc004da8ec795a78506871,9885c1b7b396aa6c99cefbd5114379d2dc4f5ab8b37d4e5ac7d376cd255d20bc,f427576914ea7ca656124ae7ff36b93d7288234820e3ea2bb220f661475f3562,9aac6a3cd75c839bda90bca65a2422b6d8fec6298bb8a34b9bc77fa056ceefc1,6045d3bb648bb055c078628b23cc61175a8ac5dfb8219c2a77a485a2762eff6c,2026-09-05T04:45:41.399851+00:00,SUCCESS,300,299,1,2.063228597028511,5.2425604855794665,5.94843510654679,99.66666666666667,100.0,1_DEADLINE_EXCEEDED
cotop_final_2026_01,attempt_001,corridor_2400m_w30_seed42_wo_co,realization_corridor_2400m_w30_42,wo_co,corridor_2400m,30,10,42,861f3b94a6d40649c4fc004da8ec795a78506871,9885c1b7b396aa6c99cefbd5114379d2dc4f5ab8b37d4e5ac7d376cd255d20bc,f427576914ea7ca656124ae7ff36b93d7288234820e3ea2bb220f661475f3562,9aac6a3cd75c839bda90bca65a2422b6d8fec6298bb8a34b9bc77fa056ceefc1,6045d3bb648bb055c078628b23cc61175a8ac5dfb8219c2a77a485a2762eff6c,2026-09-05T04:45:42.463753+00:00,SUCCESS,300,299,1,2.044980318823019,5.132517371657454,0.30344480755071,99.66666666666667,0.0,1_DEADLINE_EXCEEDED
cotop_final_2026_01,attempt_001,corridor_2400m_w30_seed43_CoTOP,realization_corridor_2400m_w30_43,CoTOP,corridor_2400m,30,10,43,861f3b94a6d40649c4fc004da8ec795a78506871,9885c1b7b396aa6c99cefbd5114379d2dc4f5ab8b37d4e5ac7d376cd255d20bc,f427576914ea7ca656124ae7ff36b93d7288234820e3ea2bb220f661475f3562,dae3ddc2916c97039addccf0b7ccd98e3d3141fddfd1075e2f18653b1861069b,6045d3bb648bb055c078628b23cc61175a8ac5dfb8219c2a77a485a2762eff6c,2026-09-05T04:45:43.680222+00:00,SUCCESS,300,293,7,2.1367725997153326,5.4760482215551445,4.023860518366361,97.66666666666667,100.0,7_DEADLINE_EXCEEDED
cotop_final_2026_01,attempt_001,corridor_2400m_w30_seed43_DDQN,realization_corridor_2400m_w30_43,DDQN,corridor_2400m,30,10,43,861f3b94a6d40649c4fc004da8ec795a78506871,9885c1b7b396aa6c99cefbd5114379d2dc4f5ab8b37d4e5ac7d376cd255d20bc,f427576914ea7ca656124ae7ff36b93d7288234820e3ea2bb220f661475f3562,dae3ddc2916c97039addccf0b7ccd98e3d3141fddfd1075e2f18653b1861069b,6045d3bb648bb055c078628b23cc61175a8ac5dfb8219c2a77a485a2762eff6c,2026-09-05T04:45:44.757040+00:00,SUCCESS,300,295,5,2.0794674263540522,5.4076155424697685,2.463461274053245,98.33333333333333,40.0,5_DEADLINE_EXCEEDED
cotop_final_2026_01,attempt_001,corridor_2400m_w30_seed43_Local,realization_corridor_2400m_w30_43,Local,corridor_2400m,30,10,43,861f3b94a6d40649c4fc004da8ec795a78506871,9885c1b7b396aa6c99cefbd5114379d2dc4f5ab8b37d4e5ac7d376cd255d20bc,f427576914ea7ca656124ae7ff36b93d7288234820e3ea2bb220f661475f3562,dae3ddc2916c97039addccf0b7ccd98e3d3141fddfd1075e2f18653b1861069b,6045d3bb648bb055c078628b23cc61175a8ac5dfb8219c2a77a485a2762eff6c,2026-09-05T04:45:45.813475+00:00,SUCCESS,300,296,4,2.075603248523065,5.4076155424697685,0.2860084749388137,98.66666666666667,0.0,4_DEADLINE_EXCEEDED
cotop_final_2026_01,attempt_001,corridor_2400m_w30_seed43_Greedy,realization_corridor_2400m_w30_43,Greedy,corridor_2400m,30,10,43,861f3b94a6d40649c4fc004da8ec795a78506871,9885c1b7b396aa6c99cefbd5114379d2dc4f5ab8b37d4e5ac7d376cd255d20bc,f427576914ea7ca656124ae7ff36b93d7288234820e3ea2bb220f661475f3562,dae3ddc2916c97039addccf0b7ccd98e3d3141fddfd1075e2f18653b1861069b,6045d3bb648bb055c078628b23cc61175a8ac5dfb8219c2a77a485a2762eff6c,2026-09-05T04:45:47.014296+00:00,SUCCESS,300,295,5,2.064162609782818,5.428726435633069,6.89360305732517,98.33333333333333,87.66666666666667,5_DEADLINE_EXCEEDED
cotop_final_2026_01,attempt_001,corridor_2400m_w30_seed43_wo_md,realization_corridor_2400m_w30_43,wo_md,corridor_2400m,30,10,43,861f3b94a6d40649c4fc004da8ec795a78506871,9885c1b7b396aa6c99cefbd5114379d2dc4f5ab8b37d4e5ac7d376cd255d20bc,f427576914ea7ca656124ae7ff36b93d7288234820e3ea2bb220f661475f3562,dae3ddc2916c97039addccf0b7ccd98e3d3141fddfd1075e2f18653b1861069b,6045d3bb648bb055c078628b23cc61175a8ac5dfb8219c2a77a485a2762eff6c,2026-09-05T04:45:47.081018+00:00,SUCCESS,300,294,6,2.0969205079474933,5.4076155424697685,2.178330253891213,98.0,100.0,6_DEADLINE_EXCEEDED
cotop_final_2026_01,attempt_001,corridor_2400m_w30_seed43_wo_tp,realization_corridor_2400m_w30_43,wo_tp,corridor_2400m,30,10,43,861f3b94a6d40649c4fc004da8ec795a78506871,9885c1b7b396aa6c99cefbd5114379d2dc4f5ab8b37d4e5ac7d376cd255d20bc,f427576914ea7ca656124ae7ff36b93d7288234820e3ea2bb220f661475f3562,dae3ddc2916c97039addccf0b7ccd98e3d3141fddfd1075e2f18653b1861069b,6045d3bb648bb055c078628b23cc61175a8ac5dfb8219c2a77a485a2762eff6c,2026-09-05T04:45:48.146773+00:00,SUCCESS,300,293,7,2.1019706002751612,5.494908848810894,5.648406321282021,97.66666666666667,100.0,7_DEADLINE_EXCEEDED
cotop_final_2026_01,attempt_001,corridor_2400m_w30_seed43_wo_co,realization_corridor_2400m_w30_43,wo_co,corridor_2400m,30,10,43,861f3b94a6d40649c4fc004da8ec795a78506871,9885c1b7b396aa6c99cefbd5114379d2dc4f5ab8b37d4e5ac7d376cd255d20bc,f427576914ea7ca656124ae7ff36b93d7288234820e3ea2bb220f661475f3562,dae3ddc2916c97039addccf0b7ccd98e3d3141fddfd1075e2f18653b1861069b,6045d3bb648bb055c078628b23cc61175a8ac5dfb8219c2a77a485a2762eff6c,2026-09-05T04:45:49.213492+00:00,SUCCESS,300,296,4,2.075603248523065,5.4076155424697685,0.2860084749388137,98.66666666666667,0.0,4_DEADLINE_EXCEEDED
cotop_final_2026_01,attempt_001,corridor_2400m_w30_seed44_CoTOP,realization_corridor_2400m_w30_44,CoTOP,corridor_2400m,30,10,44,861f3b94a6d40649c4fc004da8ec795a78506871,9885c1b7b396aa6c99cefbd5114379d2dc4f5ab8b37d4e5ac7d376cd255d20bc,f427576914ea7ca656124ae7ff36b93d7288234820e3ea2bb220f661475f3562,2e7215839ff41c4f9bd7cd524a428cb532657965c2eaabbe5ac5e5a3e39e93e3,6045d3bb648bb055c078628b23cc61175a8ac5dfb8219c2a77a485a2762eff6c,2026-09-05T04:45:50.397806+00:00,SUCCESS,300,295,5,2.029710214146069,5.288792063286725,3.8650510006436987,98.33333333333333,100.0,5_DEADLINE_EXCEEDED
cotop_final_2026_01,attempt_001,corridor_2400m_w30_seed44_DDQN,realization_corridor_2400m_w30_44,DDQN,corridor_2400m,30,10,44,861f3b94a6d40649c4fc004da8ec795a78506871,9885c1b7b396aa6c99cefbd5114379d2dc4f5ab8b37d4e5ac7d376cd255d20bc,f427576914ea7ca656124ae7ff36b93d7288234820e3ea2bb220f661475f3562,2e7215839ff41c4f9bd7cd524a428cb532657965c2eaabbe5ac5e5a3e39e93e3,6045d3bb648bb055c078628b23cc61175a8ac5dfb8219c2a77a485a2762eff6c,2026-09-05T04:45:51.446096+00:00,SUCCESS,300,295,5,1.9865746861480897,5.129561665447796,2.75575482217588,98.33333333333333,43.0,5_DEADLINE_EXCEEDED
cotop_final_2026_01,attempt_001,corridor_2400m_w30_seed44_Local,realization_corridor_2400m_w30_44,Local,corridor_2400m,30,10,44,861f3b94a6d40649c4fc004da8ec795a78506871,9885c1b7b396aa6c99cefbd5114379d2dc4f5ab8b37d4e5ac7d376cd255d20bc,f427576914ea7ca656124ae7ff36b93d7288234820e3ea2bb220f661475f3562,2e7215839ff41c4f9bd7cd524a428cb532657965c2eaabbe5ac5e5a3e39e93e3,6045d3bb648bb055c078628b23cc61175a8ac5dfb8219c2a77a485a2762eff6c,2026-09-05T04:45:52.479210+00:00,SUCCESS,300,296,4,1.9687189153280606,5.1123763736841665,0.2844911862426961,98.66666666666667,0.0,4_DEADLINE_EXCEEDED
cotop_final_2026_01,attempt_001,corridor_2400m_w30_seed44_Greedy,realization_corridor_2400m_w30_44,Greedy,corridor_2400m,30,10,44,861f3b94a6d40649c4fc004da8ec795a78506871,9885c1b7b396aa6c99cefbd5114379d2dc4f5ab8b37d4e5ac7d376cd255d20bc,f427576914ea7ca656124ae7ff36b93d7288234820e3ea2bb220f661475f3562,2e7215839ff41c4f9bd7cd524a428cb532657965c2eaabbe5ac5e5a3e39e93e3,6045d3bb648bb055c078628b23cc61175a8ac5dfb8219c2a77a485a2762eff6c,2026-09-05T04:45:53.532374+00:00,SUCCESS,300,296,4,1.972402526687518,5.133231855847357,6.874216349470947,98.66666666666667,85.33333333333334,4_DEADLINE_EXCEEDED
cotop_final_2026_01,attempt_001,corridor_2400m_w30_seed44_wo_md,realization_corridor_2400m_w30_44,wo_md,corridor_2400m,30,10,44,861f3b94a6d40649c4fc004da8ec795a78506871,9885c1b7b396aa6c99cefbd5114379d2dc4f5ab8b37d4e5ac7d376cd255d20bc,f427576914ea7ca656124ae7ff36b93d7288234820e3ea2bb220f661475f3562,2e7215839ff41c4f9bd7cd524a428cb532657965c2eaabbe5ac5e5a3e39e93e3,6045d3bb648bb055c078628b23cc61175a8ac5dfb8219c2a77a485a2762eff6c,2026-09-05T04:45:53.613345+00:00,SUCCESS,300,296,4,1.9938554235480974,5.243210417186838,2.082688235502093,98.66666666666667,100.0,4_DEADLINE_EXCEEDED
cotop_final_2026_01,attempt_001,corridor_2400m_w30_seed44_wo_tp,realization_corridor_2400m_w30_44,wo_tp,corridor_2400m,30,10,44,861f3b94a6d40649c4fc004da8ec795a78506871,9885c1b7b396aa6c99cefbd5114379d2dc4f5ab8b37d4e5ac7d376cd255d20bc,f427576914ea7ca656124ae7ff36b93d7288234820e3ea2bb220f661475f3562,2e7215839ff41c4f9bd7cd524a428cb532657965c2eaabbe5ac5e5a3e39e93e3,6045d3bb648bb055c078628b23cc61175a8ac5dfb8219c2a77a485a2762eff6c,2026-09-05T04:45:54.662319+00:00,SUCCESS,300,295,5,2.0018217746893763,5.227310519640818,5.691901378097578,98.33333333333333,100.0,5_DEADLINE_EXCEEDED
cotop_final_2026_01,attempt_001,corridor_2400m_w30_seed44_wo_co,realization_corridor_2400m_w30_44,wo_co,corridor_2400m,30,10,44,861f3b94a6d40649c4fc004da8ec795a78506871,9885c1b7b396aa6c99cefbd5114379d2dc4f5ab8b37d4e5ac7d376cd255d20bc,f427576914ea7ca656124ae7ff36b93d7288234820e3ea2bb220f661475f3562,2e7215839ff41c4f9bd7cd524a428cb532657965c2eaabbe5ac5e5a3e39e93e3,6045d3bb648bb055c078628b23cc61175a8ac5dfb8219c2a77a485a2762eff6c,2026-09-05T04:45:55.680096+00:00,SUCCESS,300,296,4,1.9687189153280606,5.1123763736841665,0.2844911862426961,98.66666666666667,0.0,4_DEADLINE_EXCEEDED
cotop_final_2026_01,attempt_001,corridor_2400m_w30_seed45_CoTOP,realization_corridor_2400m_w30_45,CoTOP,corridor_2400m,30,10,45,861f3b94a6d40649c4fc004da8ec795a78506871,9885c1b7b396aa6c99cefbd5114379d2dc4f5ab8b37d4e5ac7d376cd255d20bc,f427576914ea7ca656124ae7ff36b93d7288234820e3ea2bb220f661475f3562,f820ccdf1f56a15863c501f5ef482e73f19d133834f3c2390c7641fc1e03155a,6045d3bb648bb055c078628b23cc61175a8ac5dfb8219c2a77a485a2762eff6c,2026-09-05T04:45:56.946771+00:00,SUCCESS,300,292,8,2.005522872200157,5.50463150165212,5.180923346973926,97.33333333333334,100.0,8_DEADLINE_EXCEEDED
cotop_final_2026_01,attempt_001,corridor_2400m_w30_seed45_DDQN,realization_corridor_2400m_w30_45,DDQN,corridor_2400m,30,10,45,861f3b94a6d40649c4fc004da8ec795a78506871,9885c1b7b396aa6c99cefbd5114379d2dc4f5ab8b37d4e5ac7d376cd255d20bc,f427576914ea7ca656124ae7ff36b93d7288234820e3ea2bb220f661475f3562,f820ccdf1f56a15863c501f5ef482e73f19d133834f3c2390c7641fc1e03155a,6045d3bb648bb055c078628b23cc61175a8ac5dfb8219c2a77a485a2762eff6c,2026-09-05T04:45:58.097031+00:00,SUCCESS,300,294,6,1.9581340887508774,5.459040998821434,2.4311514507547427,98.0,39.0,6_DEADLINE_EXCEEDED
cotop_final_2026_01,attempt_001,corridor_2400m_w30_seed45_Local,realization_corridor_2400m_w30_45,Local,corridor_2400m,30,10,45,861f3b94a6d40649c4fc004da8ec795a78506871,9885c1b7b396aa6c99cefbd5114379d2dc4f5ab8b37d4e5ac7d376cd255d20bc,f427576914ea7ca656124ae7ff36b93d7288234820e3ea2bb220f661475f3562,f820ccdf1f56a15863c501f5ef482e73f19d133834f3c2390c7641fc1e03155a,6045d3bb648bb055c078628b23cc61175a8ac5dfb8219c2a77a485a2762eff6c,2026-09-05T04:45:59.194176+00:00,SUCCESS,300,295,5,1.9455422408833756,5.391593781835175,0.30434942490919376,98.33333333333333,0.0,5_DEADLINE_EXCEEDED
cotop_final_2026_01,attempt_001,corridor_2400m_w30_seed45_Greedy,realization_corridor_2400m_w30_45,Greedy,corridor_2400m,30,10,45,861f3b94a6d40649c4fc004da8ec795a78506871,9885c1b7b396aa6c99cefbd5114379d2dc4f5ab8b37d4e5ac7d376cd255d20bc,f427576914ea7ca656124ae7ff36b93d7288234820e3ea2bb220f661475f3562,f820ccdf1f56a15863c501f5ef482e73f19d133834f3c2390c7641fc1e03155a,6045d3bb648bb055c078628b23cc61175a8ac5dfb8219c2a77a485a2762eff6c,2026-09-05T04:46:00.296874+00:00,SUCCESS,300,294,6,1.9460372999827662,5.390058479636836,7.232340573584594,98.0,86.0,6_DEADLINE_EXCEEDED
cotop_final_2026_01,attempt_001,corridor_2400m_w30_seed45_wo_md,realization_corridor_2400m_w30_45,wo_md,corridor_2400m,30,10,45,861f3b94a6d40649c4fc004da8ec795a78506871,9885c1b7b396aa6c99cefbd5114379d2dc4f5ab8b37d4e5ac7d376cd255d20bc,f427576914ea7ca656124ae7ff36b93d7288234820e3ea2bb220f661475f3562,f820ccdf1f56a15863c501f5ef482e73f19d133834f3c2390c7641fc1e03155a,6045d3bb648bb055c078628b23cc61175a8ac5dfb8219c2a77a485a2762eff6c,2026-09-05T04:46:00.383626+00:00,SUCCESS,300,293,7,1.9603142252959742,5.458671432197473,2.750726954057765,97.66666666666667,100.0,7_DEADLINE_EXCEEDED
cotop_final_2026_01,attempt_001,corridor_2400m_w30_seed45_wo_tp,realization_corridor_2400m_w30_45,wo_tp,corridor_2400m,30,10,45,861f3b94a6d40649c4fc004da8ec795a78506871,9885c1b7b396aa6c99cefbd5114379d2dc4f5ab8b37d4e5ac7d376cd255d20bc,f427576914ea7ca656124ae7ff36b93d7288234820e3ea2bb220f661475f3562,f820ccdf1f56a15863c501f5ef482e73f19d133834f3c2390c7641fc1e03155a,6045d3bb648bb055c078628b23cc61175a8ac5dfb8219c2a77a485a2762eff6c,2026-09-05T04:46:01.496777+00:00,SUCCESS,300,292,8,1.9781550867880453,5.483048505821707,6.396876388414515,97.33333333333334,100.0,8_DEADLINE_EXCEEDED
cotop_final_2026_01,attempt_001,corridor_2400m_w30_seed45_wo_co,realization_corridor_2400m_w30_45,wo_co,corridor_2400m,30,10,45,861f3b94a6d40649c4fc004da8ec795a78506871,9885c1b7b396aa6c99cefbd5114379d2dc4f5ab8b37d4e5ac7d376cd255d20bc,f427576914ea7ca656124ae7ff36b93d7288234820e3ea2bb220f661475f3562,f820ccdf1f56a15863c501f5ef482e73f19d133834f3c2390c7641fc1e03155a,6045d3bb648bb055c078628b23cc61175a8ac5dfb8219c2a77a485a2762eff6c,2026-09-05T04:46:02.609392+00:00,SUCCESS,300,295,5,1.9455422408833756,5.391593781835175,0.30434942490919376,98.33333333333333,0.0,5_DEADLINE_EXCEEDED
cotop_final_2026_01,attempt_001,corridor_2400m_w30_seed46_CoTOP,realization_corridor_2400m_w30_46,CoTOP,corridor_2400m,30,10,46,861f3b94a6d40649c4fc004da8ec795a78506871,9885c1b7b396aa6c99cefbd5114379d2dc4f5ab8b37d4e5ac7d376cd255d20bc,f427576914ea7ca656124ae7ff36b93d7288234820e3ea2bb220f661475f3562,86136e88345f1c18a29118b9ca8bfc848f0f984edc9fb5f2b303b7f02d3acb71,6045d3bb648bb055c078628b23cc61175a8ac5dfb8219c2a77a485a2762eff6c,2026-09-05T04:46:03.763600+00:00,SUCCESS,300,289,11,2.097598287734112,5.598346972895175,3.9884546606387272,96.33333333333334,100.0,11_DEADLINE_EXCEEDED
cotop_final_2026_01,attempt_001,corridor_2400m_w30_seed46_DDQN,realization_corridor_2400m_w30_46,DDQN,corridor_2400m,30,10,46,861f3b94a6d40649c4fc004da8ec795a78506871,9885c1b7b396aa6c99cefbd5114379d2dc4f5ab8b37d4e5ac7d376cd255d20bc,f427576914ea7ca656124ae7ff36b93d7288234820e3ea2bb220f661475f3562,86136e88345f1c18a29118b9ca8bfc848f0f984edc9fb5f2b303b7f02d3acb71,6045d3bb648bb055c078628b23cc61175a8ac5dfb8219c2a77a485a2762eff6c,2026-09-05T04:46:04.813618+00:00,SUCCESS,300,290,10,2.048644336550562,5.4617151062698195,2.486205873789598,96.66666666666667,38.0,10_DEADLINE_EXCEEDED
cotop_final_2026_01,attempt_001,corridor_2400m_w30_seed46_Local,realization_corridor_2400m_w30_46,Local,corridor_2400m,30,10,46,861f3b94a6d40649c4fc004da8ec795a78506871,9885c1b7b396aa6c99cefbd5114379d2dc4f5ab8b37d4e5ac7d376cd255d20bc,f427576914ea7ca656124ae7ff36b93d7288234820e3ea2bb220f661475f3562,86136e88345f1c18a29118b9ca8bfc848f0f984edc9fb5f2b303b7f02d3acb71,6045d3bb648bb055c078628b23cc61175a8ac5dfb8219c2a77a485a2762eff6c,2026-09-05T04:46:05.896764+00:00,SUCCESS,300,292,8,2.0354051970125946,5.4573467592271445,0.2934423902432155,97.33333333333334,0.0,8_DEADLINE_EXCEEDED
cotop_final_2026_01,attempt_001,corridor_2400m_w30_seed46_Greedy,realization_corridor_2400m_w30_46,Greedy,corridor_2400m,30,10,46,861f3b94a6d40649c4fc004da8ec795a78506871,9885c1b7b396aa6c99cefbd5114379d2dc4f5ab8b37d4e5ac7d376cd255d20bc,f427576914ea7ca656124ae7ff36b93d7288234820e3ea2bb220f661475f3562,86136e88345f1c18a29118b9ca8bfc848f0f984edc9fb5f2b303b7f02d3acb71,6045d3bb648bb055c078628b23cc61175a8ac5dfb8219c2a77a485a2762eff6c,2026-09-05T04:46:06.930144+00:00,SUCCESS,300,290,10,2.043694978472746,5.598346972895175,7.4864304339481,96.66666666666667,88.66666666666667,10_DEADLINE_EXCEEDED
cotop_final_2026_01,attempt_001,corridor_2400m_w30_seed46_wo_md,realization_corridor_2400m_w30_46,wo_md,corridor_2400m,30,10,46,861f3b94a6d40649c4fc004da8ec795a78506871,9885c1b7b396aa6c99cefbd5114379d2dc4f5ab8b37d4e5ac7d376cd255d20bc,f427576914ea7ca656124ae7ff36b93d7288234820e3ea2bb220f661475f3562,86136e88345f1c18a29118b9ca8bfc848f0f984edc9fb5f2b303b7f02d3acb71,6045d3bb648bb055c078628b23cc61175a8ac5dfb8219c2a77a485a2762eff6c,2026-09-05T04:46:06.996973+00:00,SUCCESS,300,291,9,2.0597686105415094,5.524081089145631,2.158742341463343,97.0,100.0,9_DEADLINE_EXCEEDED
cotop_final_2026_01,attempt_001,corridor_2400m_w30_seed46_wo_tp,realization_corridor_2400m_w30_46,wo_tp,corridor_2400m,30,10,46,861f3b94a6d40649c4fc004da8ec795a78506871,9885c1b7b396aa6c99cefbd5114379d2dc4f5ab8b37d4e5ac7d376cd255d20bc,f427576914ea7ca656124ae7ff36b93d7288234820e3ea2bb220f661475f3562,86136e88345f1c18a29118b9ca8bfc848f0f984edc9fb5f2b303b7f02d3acb71,6045d3bb648bb055c078628b23cc61175a8ac5dfb8219c2a77a485a2762eff6c,2026-09-05T04:46:08.078918+00:00,SUCCESS,300,291,9,2.069514244283303,5.6432514189569085,5.855642691134687,97.0,100.0,9_DEADLINE_EXCEEDED
cotop_final_2026_01,attempt_001,corridor_2400m_w30_seed46_wo_co,realization_corridor_2400m_w30_46,wo_co,corridor_2400m,30,10,46,861f3b94a6d40649c4fc004da8ec795a78506871,9885c1b7b396aa6c99cefbd5114379d2dc4f5ab8b37d4e5ac7d376cd255d20bc,f427576914ea7ca656124ae7ff36b93d7288234820e3ea2bb220f661475f3562,86136e88345f1c18a29118b9ca8bfc848f0f984edc9fb5f2b303b7f02d3acb71,6045d3bb648bb055c078628b23cc61175a8ac5dfb8219c2a77a485a2762eff6c,2026-09-05T04:46:09.160801+00:00,SUCCESS,300,292,8,2.0354051970125946,5.4573467592271445,0.2934423902432155,97.33333333333334,0.0,8_DEADLINE_EXCEEDED
cotop_final_2026_01,attempt_001,corridor_2400m_w30_seed47_CoTOP,realization_corridor_2400m_w30_seed47,CoTOP,corridor_2400m,30,10,47,861f3b94a6d40649c4fc004da8ec795a78506871,9885c1b7b396aa6c99cefbd5114379d2dc4f5ab8b37d4e5ac7d376cd255d20bc,f427576914ea7ca656124ae7ff36b93d7288234820e3ea2bb220f661475f3562,624cc23feef90e3f271228ceff8c0e8836438c34b191dc57eaf905ca503988aa,6045d3bb648bb055c078628b23cc61175a8ac5dfb8219c2a77a485a2762eff6c,2026-09-05T04:46:10.330527+00:00,SUCCESS,300,295,5,1.9567637228022525,4.987973585277617,5.039821599858558,98.33333333333333,100.0,5_DEADLINE_EXCEEDED
cotop_final_2026_01,attempt_001,corridor_2400m_w30_seed47_DDQN,realization_corridor_2400m_w30_seed47,DDQN,corridor_2400m,30,10,47,861f3b94a6d40649c4fc004da8ec795a78506871,9885c1b7b396aa6c99cefbd5114379d2dc4f5ab8b37d4e5ac7d376cd255d20bc,f427576914ea7ca656124ae7ff36b93d7288234820e3ea2bb220f661475f3562,624cc23feef90e3f271228ceff8c0e8836438c34b191dc57eaf905ca503988aa,6045d3bb648bb055c078628b23cc61175a8ac5dfb8219c2a77a485a2762eff6c,2026-09-05T04:46:11.647361+00:00,SUCCESS,300,296,4,1.9182104909855962,4.984135058131793,3.019657521698699,98.66666666666667,41.333333333333336,4_DEADLINE_EXCEEDED
cotop_final_2026_01,attempt_001,corridor_2400m_w30_seed47_Local,realization_corridor_2400m_w30_seed47,Local,corridor_2400m,30,10,47,861f3b94a6d40649c4fc004da8ec795a78506871,9885c1b7b396aa6c99cefbd5114379d2dc4f5ab8b37d4e5ac7d376cd255d20bc,f427576914ea7ca656124ae7ff36b93d7288234820e3ea2bb220f661475f3562,624cc23feef90e3f271228ceff8c0e8836438c34b191dc57eaf905ca503988aa,6045d3bb648bb055c078628b23cc61175a8ac5dfb8219c2a77a485a2762eff6c,2026-09-05T04:46:12.746903+00:00,SUCCESS,300,297,3,1.9157951387005505,4.988909597659024,0.29919827031217605,99.0,0.0,3_DEADLINE_EXCEEDED
cotop_final_2026_01,attempt_001,corridor_2400m_w30_seed47_Greedy,realization_corridor_2400m_w30_seed47,Greedy,corridor_2400m,30,10,47,861f3b94a6d40649c4fc004da8ec795a78506871,9885c1b7b396aa6c99cefbd5114379d2dc4f5ab8b37d4e5ac7d376cd255d20bc,f427576914ea7ca656124ae7ff36b93d7288234820e3ea2bb220f661475f3562,624cc23feef90e3f271228ceff8c0e8836438c34b191dc57eaf905ca503988aa,6045d3bb648bb055c078628b23cc61175a8ac5dfb8219c2a77a485a2762eff6c,2026-09-05T04:46:13.850188+00:00,SUCCESS,300,296,4,1.91085606982682,4.97091815916788,7.083536957047493,98.66666666666667,86.0,4_DEADLINE_EXCEEDED
cotop_final_2026_01,attempt_001,corridor_2400m_w30_seed47_wo_md,realization_corridor_2400m_w30_seed47,wo_md,corridor_2400m,30,10,47,861f3b94a6d40649c4fc004da8ec795a78506871,9885c1b7b396aa6c99cefbd5114379d2dc4f5ab8b37d4e5ac7d376cd255d20bc,f427576914ea7ca656124ae7ff36b93d7288234820e3ea2bb220f661475f3562,624cc23feef90e3f271228ceff8c0e8836438c34b191dc57eaf905ca503988aa,6045d3bb648bb055c078628b23cc61175a8ac5dfb8219c2a77a485a2762eff6c,2026-09-05T04:46:13.930132+00:00,SUCCESS,300,296,4,1.917339872024088,4.986076834573977,2.686628264208895,98.66666666666667,100.0,4_DEADLINE_EXCEEDED
cotop_final_2026_01,attempt_001,corridor_2400m_w30_seed47_wo_tp,realization_corridor_2400m_w30_seed47,wo_tp,corridor_2400m,30,10,47,861f3b94a6d40649c4fc004da8ec795a78506871,9885c1b7b396aa6c99cefbd5114379d2dc4f5ab8b37d4e5ac7d376cd255d20bc,f427576914ea7ca656124ae7ff36b93d7288234820e3ea2bb220f661475f3562,624cc23feef90e3f271228ceff8c0e8836438c34b191dc57eaf905ca503988aa,6045d3bb648bb055c078628b23cc61175a8ac5dfb8219c2a77a485a2762eff6c,2026-09-05T04:46:15.030366+00:00,SUCCESS,300,295,5,1.9367482637398659,4.9961733892849605,6.461511201963988,98.33333333333333,100.0,5_DEADLINE_EXCEEDED
cotop_final_2026_01,attempt_001,corridor_2400m_w30_seed47_wo_co,realization_corridor_2400m_w30_seed47,wo_co,corridor_2400m,30,10,47,861f3b94a6d40649c4fc004da8ec795a78506871,9885c1b7b396aa6c99cefbd5114379d2dc4f5ab8b37d4e5ac7d376cd255d20bc,f427576914ea7ca656124ae7ff36b93d7288234820e3ea2bb220f661475f3562,624cc23feef90e3f271228ceff8c0e8836438c34b191dc57eaf905ca503988aa,6045d3bb648bb055c078628b23cc61175a8ac5dfb8219c2a77a485a2762eff6c,2026-09-05T04:46:16.080547+00:00,SUCCESS,300,297,3,1.9157951387005505,4.988909597659024,0.29919827031217605,99.0,0.0,3_DEADLINE_EXCEEDED
cotop_final_2026_01,attempt_001,corridor_2400m_w30_seed48_CoTOP,realization_corridor_2400m_w30_seed48,CoTOP,corridor_2400m,30,10,48,861f3b94a6d40649c4fc004da8ec795a78506871,9885c1b7b396aa6c99cefbd5114379d2dc4f5ab8b37d4e5ac7d376cd255d20bc,f427576914ea7ca656124ae7ff36b93d7288234820e3ea2bb220f661475f3562,fa306d0184da1ab0e8a7e0dec852c43be28871954050c4ca57c88d780dfea564,6045d3bb648bb055c078628b23cc61175a8ac5dfb8219c2a77a485a2762eff6c,2026-09-05T04:46:17.153032+00:00,SUCCESS,300,295,5,2.033585560576399,5.325712793030909,3.9619349802156503,98.33333333333333,100.0,5_DEADLINE_EXCEEDED
cotop_final_2026_01,attempt_001,corridor_2400m_w30_seed48_DDQN,realization_corridor_2400m_w30_seed48,DDQN,corridor_2400m,30,10,48,861f3b94a6d40649c4fc004da8ec795a78506871,9885c1b7b396aa6c99cefbd5114379d2dc4f5ab8b37d4e5ac7d376cd255d20bc,f427576914ea7ca656124ae7ff36b93d7288234820e3ea2bb220f661475f3562,fa306d0184da1ab0e8a7e0dec852c43be28871954050c4ca57c88d780dfea564,6045d3bb648bb055c078628b23cc61175a8ac5dfb8219c2a77a485a2762eff6c,2026-09-05T04:46:18.330642+00:00,SUCCESS,300,295,5,2.0048417356506913,5.189155803928692,2.5490669472867737,98.33333333333333,36.666666666666664,5_DEADLINE_EXCEEDED
cotop_final_2026_01,attempt_001,corridor_2400m_w30_seed48_Local,realization_corridor_2400m_w30_seed48,Local,corridor_2400m,30,10,48,861f3b94a6d40649c4fc004da8ec795a78506871,9885c1b7b396aa6c99cefbd5114379d2dc4f5ab8b37d4e5ac7d376cd255d20bc,f427576914ea7ca656124ae7ff36b93d7288234820e3ea2bb220f661475f3562,fa306d0184da1ab0e8a7e0dec852c43be28871954050c4ca57c88d780dfea564,6045d3bb648bb055c078628b23cc61175a8ac5dfb8219c2a77a485a2762eff6c,2026-09-05T04:46:19.373488+00:00,SUCCESS,300,295,5,2.0060051446483156,5.199132395317298,0.30931695931304526,98.33333333333333,0.0,5_DEADLINE_EXCEEDED
cotop_final_2026_01,attempt_001,corridor_2400m_w30_seed48_Greedy,realization_corridor_2400m_w30_seed48,Greedy,corridor_2400m,30,10,48,861f3b94a6d40649c4fc004da8ec795a78506871,9885c1b7b396aa6c99cefbd5114379d2dc4f5ab8b37d4e5ac7d376cd255d20bc,f427576914ea7ca656124ae7ff36b93d7288234820e3ea2bb220f661475f3562,fa306d0184da1ab0e8a7e0dec852c43be28871954050c4ca57c88d780dfea564,6045d3bb648bb055c078628b23cc61175a8ac5dfb8219c2a77a485a2762eff6c,2026-09-05T04:46:20.427983+00:00,SUCCESS,300,295,5,1.995539381478377,5.200396718798991,6.894913203756009,98.33333333333333,83.66666666666667,5_DEADLINE_EXCEEDED
cotop_final_2026_01,attempt_001,corridor_2400m_w30_seed48_wo_md,realization_corridor_2400m_w30_seed48,wo_md,corridor_2400m,30,10,48,861f3b94a6d40649c4fc004da8ec795a78506871,9885c1b7b396aa6c99cefbd5114379d2dc4f5ab8b37d4e5ac7d376cd255d20bc,f427576914ea7ca656124ae7ff36b93d7288234820e3ea2bb220f661475f3562,fa306d0184da1ab0e8a7e0dec852c43be28871954050c4ca57c88d780dfea564,6045d3bb648bb055c078628b23cc61175a8ac5dfb8219c2a77a485a2762eff6c,2026-09-05T04:46:20.496806+00:00,SUCCESS,300,295,5,2.0035432811477216,5.223777271744614,2.167176926990067,98.33333333333333,100.0,5_DEADLINE_EXCEEDED
cotop_final_2026_01,attempt_001,corridor_2400m_w30_seed48_wo_tp,realization_corridor_2400m_w30_seed48,wo_tp,corridor_2400m,30,10,48,861f3b94a6d40649c4fc004da8ec795a78506871,9885c1b7b396aa6c99cefbd5114379d2dc4f5ab8b37d4e5ac7d376cd255d20bc,f427576914ea7ca656124ae7ff36b93d7288234820e3ea2bb220f661475f3562,fa306d0184da1ab0e8a7e0dec852c43be28871954050c4ca57c88d780dfea564,6045d3bb648bb055c078628b23cc61175a8ac5dfb8219c2a77a485a2762eff6c,2026-09-05T04:46:21.589613+00:00,SUCCESS,300,295,5,2.0166312830164927,5.237572987082932,5.620535714941679,98.33333333333333,100.0,5_DEADLINE_EXCEEDED
cotop_final_2026_01,attempt_001,corridor_2400m_w30_seed48_wo_co,realization_corridor_2400m_w30_seed48,wo_co,corridor_2400m,30,10,48,861f3b94a6d40649c4fc004da8ec795a78506871,9885c1b7b396aa6c99cefbd5114379d2dc4f5ab8b37d4e5ac7d376cd255d20bc,f427576914ea7ca656124ae7ff36b93d7288234820e3ea2bb220f661475f3562,fa306d0184da1ab0e8a7e0dec852c43be28871954050c4ca57c88d780dfea564,6045d3bb648bb055c078628b23cc61175a8ac5dfb8219c2a77a485a2762eff6c,2026-09-05T04:46:22.604379+00:00,SUCCESS,300,295,5,2.0060051446483156,5.199132395317298,0.30931695931304526,98.33333333333333,0.0,5_DEADLINE_EXCEEDED
cotop_final_2026_01,attempt_001,corridor_2400m_w30_seed49_CoTOP,realization_corridor_2400m_w30_seed49,CoTOP,corridor_2400m,30,10,49,861f3b94a6d40649c4fc004da8ec795a78506871,9885c1b7b396aa6c99cefbd5114379d2dc4f5ab8b37d4e5ac7d376cd255d20bc,f427576914ea7ca656124ae7ff36b93d7288234820e3ea2bb220f661475f3562,1e4923ce97c5e3104e6efb9d7711ffd828a6f726b25a2273cbb2ad869db6fd22,6045d3bb648bb055c078628b23cc61175a8ac5dfb8219c2a77a485a2762eff6c,2026-09-05T04:46:23.709675+00:00,SUCCESS,300,297,3,1.964617909524513,5.131175494200176,5.035705805101155,99.0,100.0,3_DEADLINE_EXCEEDED
cotop_final_2026_01,attempt_001,corridor_2400m_w30_seed49_DDQN,realization_corridor_2400m_w30_seed49,DDQN,corridor_2400m,30,10,49,861f3b94a6d40649c4fc004da8ec795a78506871,9885c1b7b396aa6c99cefbd5114379d2dc4f5ab8b37d4e5ac7d376cd255d20bc,f427576914ea7ca656124ae7ff36b93d7288234820e3ea2bb220f661475f3562,1e4923ce97c5e3104e6efb9d7711ffd828a6f726b25a2273cbb2ad869db6fd22,6045d3bb648bb055c078628b23cc61175a8ac5dfb8219c2a77a485a2762eff6c,2026-09-05T04:46:24.780165+00:00,SUCCESS,300,297,3,1.9162437854892123,5.126833294656747,2.760672425484744,99.0,42.66666666666667,3_DEADLINE_EXCEEDED
cotop_final_2026_01,attempt_001,corridor_2400m_w30_seed49_Local,realization_corridor_2400m_w30_seed49,Local,corridor_2400m,30,10,49,861f3b94a6d40649c4fc004da8ec795a78506871,9885c1b7b396aa6c99cefbd5114379d2dc4f5ab8b37d4e5ac7d376cd255d20bc,f427576914ea7ca656124ae7ff36b93d7288234820e3ea2bb220f661475f3562,1e4923ce97c5e3104e6efb9d7711ffd828a6f726b25a2273cbb2ad869db6fd22,6045d3bb648bb055c078628b23cc61175a8ac5dfb8219c2a77a485a2762eff6c,2026-09-05T04:46:25.980420+00:00,SUCCESS,300,297,3,1.9077061626650353,5.1316359438229275,0.2919160886899563,99.0,0.0,3_DEADLINE_EXCEEDED
cotop_final_2026_01,attempt_001,corridor_2400m_w30_seed49_Greedy,realization_corridor_2400m_w30_seed49,Greedy,corridor_2400m,30,10,49,861f3b94a6d40649c4fc004da8ec795a78506871,9885c1b7b396aa6c99cefbd5114379d2dc4f5ab8b37d4e5ac7d376cd255d20bc,f427576914ea7ca656124ae7ff36b93d7288234820e3ea2bb220f661475f3562,1e4923ce97c5e3104e6efb9d7711ffd828a6f726b25a2273cbb2ad869db6fd22,6045d3bb648bb055c078628b23cc61175a8ac5dfb8219c2a77a485a2762eff6c,2026-09-05T04:46:27.113649+00:00,SUCCESS,300,298,2,1.9053074096288731,5.114703367566256,6.7476583444078395,99.33333333333333,83.33333333333334,2_DEADLINE_EXCEEDED
cotop_final_2026_01,attempt_001,corridor_2400m_w30_seed49_wo_md,realization_corridor_2400m_w30_seed49,wo_md,corridor_2400m,30,10,49,861f3b94a6d40649c4fc004da8ec795a78506871,9885c1b7b396aa6c99cefbd5114379d2dc4f5ab8b37d4e5ac7d376cd255d20bc,f427576914ea7ca656124ae7ff36b93d7288234820e3ea2bb220f661475f3562,1e4923ce97c5e3104e6efb9d7711ffd828a6f726b25a2273cbb2ad869db6fd22,6045d3bb648bb055c078628b23cc61175a8ac5dfb8219c2a77a485a2762eff6c,2026-09-05T04:46:27.185448+00:00,SUCCESS,300,297,3,1.9229606854239796,5.128709844065362,2.683093225521688,99.0,100.0,3_DEADLINE_EXCEEDED
cotop_final_2026_01,attempt_001,corridor_2400m_w30_seed49_wo_tp,realization_corridor_2400m_w30_seed49,wo_tp,corridor_2400m,30,10,49,861f3b94a6d40649c4fc004da8ec795a78506871,9885c1b7b396aa6c99cefbd5114379d2dc4f5ab8b37d4e5ac7d376cd255d20bc,f427576914ea7ca656124ae7ff36b93d7288234820e3ea2bb220f661475f3562,1e4923ce97c5e3104e6efb9d7711ffd828a6f726b25a2273cbb2ad869db6fd22,6045d3bb648bb055c078628b23cc61175a8ac5dfb8219c2a77a485a2762eff6c,2026-09-05T04:46:28.383693+00:00,SUCCESS,300,297,3,1.9373676683772107,5.140082047380236,6.267515995356146,99.0,100.0,3_DEADLINE_EXCEEDED
cotop_final_2026_01,attempt_001,corridor_2400m_w30_seed49_wo_co,realization_corridor_2400m_w30_seed49,wo_co,corridor_2400m,30,10,49,861f3b94a6d40649c4fc004da8ec795a78506871,9885c1b7b396aa6c99cefbd5114379d2dc4f5ab8b37d4e5ac7d376cd255d20bc,f427576914ea7ca656124ae7ff36b93d7288234820e3ea2bb220f661475f3562,1e4923ce97c5e3104e6efb9d7711ffd828a6f726b25a2273cbb2ad869db6fd22,6045d3bb648bb055c078628b23cc61175a8ac5dfb8219c2a77a485a2762eff6c,2026-09-05T04:46:29.717930+00:00,SUCCESS,300,297,3,1.9077061626650353,5.1316359438229275,0.2919160886899563,99.0,0.0,3_DEADLINE_EXCEEDED
cotop_final_2026_01,attempt_001,corridor_2400m_w30_seed50_CoTOP,realization_corridor_2400m_w30_seed50,CoTOP,corridor_2400m,30,10,50,861f3b94a6d40649c4fc004da8ec795a78506871,9885c1b7b396aa6c99cefbd5114379d2dc4f5ab8b37d4e5ac7d376cd255d20bc,f427576914ea7ca656124ae7ff36b93d7288234820e3ea2bb220f661475f3562,3f35e685bc857551fa852b1687901958f33f4a2609378ab5882869e38dfe0763,6045d3bb648bb055c078628b23cc61175a8ac5dfb8219c2a77a485a2762eff6c,2026-09-05T04:46:30.963841+00:00,SUCCESS,300,296,4,2.021217560497893,5.577222053745457,5.286858946916095,98.66666666666667,100.0,4_DEADLINE_EXCEEDED
cotop_final_2026_01,attempt_001,corridor_2400m_w30_seed50_DDQN,realization_corridor_2400m_w30_seed50,DDQN,corridor_2400m,30,10,50,861f3b94a6d40649c4fc004da8ec795a78506871,9885c1b7b396aa6c99cefbd5114379d2dc4f5ab8b37d4e5ac7d376cd255d20bc,f427576914ea7ca656124ae7ff36b93d7288234820e3ea2bb220f661475f3562,3f35e685bc857551fa852b1687901958f33f4a2609378ab5882869e38dfe0763,6045d3bb648bb055c078628b23cc61175a8ac5dfb8219c2a77a485a2762eff6c,2026-09-05T04:46:32.192362+00:00,SUCCESS,300,296,4,1.9829401129258644,5.495337170218987,3.6756016176383475,98.66666666666667,44.666666666666664,4_DEADLINE_EXCEEDED
cotop_final_2026_01,attempt_001,corridor_2400m_w30_seed50_Local,realization_corridor_2400m_w30_seed50,Local,corridor_2400m,30,10,50,861f3b94a6d40649c4fc004da8ec795a78506871,9885c1b7b396aa6c99cefbd5114379d2dc4f5ab8b37d4e5ac7d376cd255d20bc,f427576914ea7ca656124ae7ff36b93d7288234820e3ea2bb220f661475f3562,3f35e685bc857551fa852b1687901958f33f4a2609378ab5882869e38dfe0763,6045d3bb648bb055c078628b23cc61175a8ac5dfb8219c2a77a485a2762eff6c,2026-09-05T04:46:33.416248+00:00,SUCCESS,300,296,4,1.9767377352169633,5.497800685911461,0.296149875189284,98.66666666666667,0.0,4_DEADLINE_EXCEEDED
cotop_final_2026_01,attempt_001,corridor_2400m_w30_seed50_Greedy,realization_corridor_2400m_w30_seed50,Greedy,corridor_2400m,30,10,50,861f3b94a6d40649c4fc004da8ec795a78506871,9885c1b7b396aa6c99cefbd5114379d2dc4f5ab8b37d4e5ac7d376cd255d20bc,f427576914ea7ca656124ae7ff36b93d7288234820e3ea2bb220f661475f3562,3f35e685bc857551fa852b1687901958f33f4a2609378ab5882869e38dfe0763,6045d3bb648bb055c078628b23cc61175a8ac5dfb8219c2a77a485a2762eff6c,2026-09-05T04:46:34.580513+00:00,SUCCESS,300,296,4,1.976718976283673,5.539953149279489,7.328516056472342,98.66666666666667,86.0,4_DEADLINE_EXCEEDED
cotop_final_2026_01,attempt_001,corridor_2400m_w30_seed50_wo_md,realization_corridor_2400m_w30_seed50,wo_md,corridor_2400m,30,10,50,861f3b94a6d40649c4fc004da8ec795a78506871,9885c1b7b396aa6c99cefbd5114379d2dc4f5ab8b37d4e5ac7d376cd255d20bc,f427576914ea7ca656124ae7ff36b93d7288234820e3ea2bb220f661475f3562,3f35e685bc857551fa852b1687901958f33f4a2609378ab5882869e38dfe0763,6045d3bb648bb055c078628b23cc61175a8ac5dfb8219c2a77a485a2762eff6c,2026-09-05T04:46:34.656242+00:00,SUCCESS,300,296,4,1.9802512950343343,5.510474357508336,2.799725010351708,98.66666666666667,100.0,4_DEADLINE_EXCEEDED
cotop_final_2026_01,attempt_001,corridor_2400m_w30_seed50_wo_tp,realization_corridor_2400m_w30_seed50,wo_tp,corridor_2400m,30,10,50,861f3b94a6d40649c4fc004da8ec795a78506871,9885c1b7b396aa6c99cefbd5114379d2dc4f5ab8b37d4e5ac7d376cd255d20bc,f427576914ea7ca656124ae7ff36b93d7288234820e3ea2bb220f661475f3562,3f35e685bc857551fa852b1687901958f33f4a2609378ab5882869e38dfe0763,6045d3bb648bb055c078628b23cc61175a8ac5dfb8219c2a77a485a2762eff6c,2026-09-05T04:46:35.875089+00:00,SUCCESS,300,296,4,2.0015961219153633,5.566694843675738,6.614837101465482,98.66666666666667,100.0,4_DEADLINE_EXCEEDED
cotop_final_2026_01,attempt_001,corridor_2400m_w30_seed50_wo_co,realization_corridor_2400m_w30_seed50,wo_co,corridor_2400m,30,10,50,861f3b94a6d40649c4fc004da8ec795a78506871,9885c1b7b396aa6c99cefbd5114379d2dc4f5ab8b37d4e5ac7d376cd255d20bc,f427576914ea7ca656124ae7ff36b93d7288234820e3ea2bb220f661475f3562,3f35e685bc857551fa852b1687901958f33f4a2609378ab5882869e38dfe0763,6045d3bb648bb055c078628b23cc61175a8ac5dfb8219c2a77a485a2762eff6c,2026-09-05T04:46:37.100055+00:00,SUCCESS,300,296,4,1.9767377352169633,5.497800685911461,0.296149875189284,98.66666666666667,0.0,4_DEADLINE_EXCEEDED
cotop_final_2026_01,attempt_001,corridor_2400m_w30_seed51_CoTOP,realization_corridor_2400m_w30_seed51,CoTOP,corridor_2400m,30,10,51,861f3b94a6d40649c4fc004da8ec795a78506871,9885c1b7b396aa6c99cefbd5114379d2dc4f5ab8b37d4e5ac7d376cd255d20bc,f427576914ea7ca656124ae7ff36b93d7288234820e3ea2bb220f661475f3562,2c83e6ad70a1baafe076027efd90eedb920bd15c68576b493245a360ed83013f,6045d3bb648bb055c078628b23cc61175a8ac5dfb8219c2a77a485a2762eff6c,2026-09-05T04:46:38.326547+00:00,SUCCESS,300,291,9,2.1169535966540023,5.692334492884723,4.030344100149675,97.0,100.0,9_DEADLINE_EXCEEDED
cotop_final_2026_01,attempt_001,corridor_2400m_w30_seed51_DDQN,realization_corridor_2400m_w30_seed51,DDQN,corridor_2400m,30,10,51,861f3b94a6d40649c4fc004da8ec795a78506871,9885c1b7b396aa6c99cefbd5114379d2dc4f5ab8b37d4e5ac7d376cd255d20bc,f427576914ea7ca656124ae7ff36b93d7288234820e3ea2bb220f661475f3562,2c83e6ad70a1baafe076027efd90eedb920bd15c68576b493245a360ed83013f,6045d3bb648bb055c078628b23cc61175a8ac5dfb8219c2a77a485a2762eff6c,2026-09-05T04:46:39.455228+00:00,SUCCESS,300,293,7,2.0634217513243187,5.647999106859721,2.0886513036835526,97.66666666666667,37.333333333333336,7_DEADLINE_EXCEEDED
cotop_final_2026_01,attempt_001,corridor_2400m_w30_seed51_Local,realization_corridor_2400m_w30_seed51,Local,corridor_2400m,30,10,51,861f3b94a6d40649c4fc004da8ec795a78506871,9885c1b7b396aa6c99cefbd5114379d2dc4f5ab8b37d4e5ac7d376cd255d20bc,f427576914ea7ca656124ae7ff36b93d7288234820e3ea2bb220f661475f3562,2c83e6ad70a1baafe076027efd90eedb920bd15c68576b493245a360ed83013f,6045d3bb648bb055c078628b23cc61175a8ac5dfb8219c2a77a485a2762eff6c,2026-09-05T04:46:40.430077+00:00,SUCCESS,300,293,7,2.054685619954997,5.592387006610794,0.2884131972037155,97.66666666666667,0.0,7_DEADLINE_EXCEEDED
cotop_final_2026_01,attempt_001,corridor_2400m_w30_seed51_Greedy,realization_corridor_2400m_w30_seed51,Greedy,corridor_2400m,30,10,51,861f3b94a6d40649c4fc004da8ec795a78506871,9885c1b7b396aa6c99cefbd5114379d2dc4f5ab8b37d4e5ac7d376cd255d20bc,f427576914ea7ca656124ae7ff36b93d7288234820e3ea2bb220f661475f3562,2c83e6ad70a1baafe076027efd90eedb920bd15c68576b493245a360ed83013f,6045d3bb648bb055c078628b23cc61175a8ac5dfb8219c2a77a485a2762eff6c,2026-09-05T04:46:41.521272+00:00,SUCCESS,300,293,7,2.0594880856998192,5.6272362249309165,7.119767867363808,97.66666666666667,84.33333333333334,7_DEADLINE_EXCEEDED
cotop_final_2026_01,attempt_001,corridor_2400m_w30_seed51_wo_md,realization_corridor_2400m_w30_seed51,wo_md,corridor_2400m,30,10,51,861f3b94a6d40649c4fc004da8ec795a78506871,9885c1b7b396aa6c99cefbd5114379d2dc4f5ab8b37d4e5ac7d376cd255d20bc,f427576914ea7ca656124ae7ff36b93d7288234820e3ea2bb220f661475f3562,2c83e6ad70a1baafe076027efd90eedb920bd15c68576b493245a360ed83013f,6045d3bb648bb055c078628b23cc61175a8ac5dfb8219c2a77a485a2762eff6c,2026-09-05T04:46:41.602449+00:00,SUCCESS,300,293,7,2.0776845007444495,5.654922122614712,2.1889158472441825,97.66666666666667,100.0,7_DEADLINE_EXCEEDED
cotop_final_2026_01,attempt_001,corridor_2400m_w30_seed51_wo_tp,realization_corridor_2400m_w30_seed51,wo_tp,corridor_2400m,30,10,51,861f3b94a6d40649c4fc004da8ec795a78506871,9885c1b7b396aa6c99cefbd5114379d2dc4f5ab8b37d4e5ac7d376cd255d20bc,f427576914ea7ca656124ae7ff36b93d7288234820e3ea2bb220f661475f3562,2c83e6ad70a1baafe076027efd90eedb920bd15c68576b493245a360ed83013f,6045d3bb648bb055c078628b23cc61175a8ac5dfb8219c2a77a485a2762eff6c,2026-09-05T04:46:42.613599+00:00,SUCCESS,300,292,8,2.090100849616661,5.660222230509776,5.81702122145165,97.33333333333334,100.0,8_DEADLINE_EXCEEDED
cotop_final_2026_01,attempt_001,corridor_2400m_w30_seed51_wo_co,realization_corridor_2400m_w30_seed51,wo_co,corridor_2400m,30,10,51,861f3b94a6d40649c4fc004da8ec795a78506871,9885c1b7b396aa6c99cefbd5114379d2dc4f5ab8b37d4e5ac7d376cd255d20bc,f427576914ea7ca656124ae7ff36b93d7288234820e3ea2bb220f661475f3562,2c83e6ad70a1baafe076027efd90eedb920bd15c68576b493245a360ed83013f,6045d3bb648bb055c078628b23cc61175a8ac5dfb8219c2a77a485a2762eff6c,2026-09-05T04:46:43.603805+00:00,SUCCESS,300,293,7,2.054685619954997,5.592387006610794,0.2884131972037155,97.66666666666667,0.0,7_DEADLINE_EXCEEDED
cotop_final_2026_01,attempt_001,corridor_2400m_w40_seed42_CoTOP,realization_corridor_2400m_w40_42,CoTOP,corridor_2400m,40,10,42,861f3b94a6d40649c4fc004da8ec795a78506871,9885c1b7b396aa6c99cefbd5114379d2dc4f5ab8b37d4e5ac7d376cd255d20bc,f427576914ea7ca656124ae7ff36b93d7288234820e3ea2bb220f661475f3562,06711051f37b7c21eefbdafea3c03d5530fd928862e4ee02b7a2d391bac6c4dd,6045d3bb648bb055c078628b23cc61175a8ac5dfb8219c2a77a485a2762eff6c,2026-09-05T04:46:44.605240+00:00,SUCCESS,400,395,5,2.1157892276557577,5.280229983953911,4.0364909470774,98.75,100.0,5_DEADLINE_EXCEEDED
cotop_final_2026_01,attempt_001,corridor_2400m_w40_seed42_DDQN,realization_corridor_2400m_w40_42,DDQN,corridor_2400m,40,10,42,861f3b94a6d40649c4fc004da8ec795a78506871,9885c1b7b396aa6c99cefbd5114379d2dc4f5ab8b37d4e5ac7d376cd255d20bc,f427576914ea7ca656124ae7ff36b93d7288234820e3ea2bb220f661475f3562,06711051f37b7c21eefbdafea3c03d5530fd928862e4ee02b7a2d391bac6c4dd,6045d3bb648bb055c078628b23cc61175a8ac5dfb8219c2a77a485a2762eff6c,2026-09-05T04:46:45.598533+00:00,SUCCESS,400,395,5,2.0835249837878753,5.253915359166403,2.601400120363203,98.75,44.0,5_DEADLINE_EXCEEDED
cotop_final_2026_01,attempt_001,corridor_2400m_w40_seed42_Local,realization_corridor_2400m_w40_42,Local,corridor_2400m,40,10,42,861f3b94a6d40649c4fc004da8ec795a78506871,9885c1b7b396aa6c99cefbd5114379d2dc4f5ab8b37d4e5ac7d376cd255d20bc,f427576914ea7ca656124ae7ff36b93d7288234820e3ea2bb220f661475f3562,06711051f37b7c21eefbdafea3c03d5530fd928862e4ee02b7a2d391bac6c4dd,6045d3bb648bb055c078628b23cc61175a8ac5dfb8219c2a77a485a2762eff6c,2026-09-05T04:46:46.546050+00:00,SUCCESS,400,397,3,2.084423549929313,5.165586461978737,0.2963309984027338,99.25,0.0,3_DEADLINE_EXCEEDED
cotop_final_2026_01,attempt_001,corridor_2400m_w40_seed42_Greedy,realization_corridor_2400m_w40_42,Greedy,corridor_2400m,40,10,42,861f3b94a6d40649c4fc004da8ec795a78506871,9885c1b7b396aa6c99cefbd5114379d2dc4f5ab8b37d4e5ac7d376cd255d20bc,f427576914ea7ca656124ae7ff36b93d7288234820e3ea2bb220f661475f3562,06711051f37b7c21eefbdafea3c03d5530fd928862e4ee02b7a2d391bac6c4dd,6045d3bb648bb055c078628b23cc61175a8ac5dfb8219c2a77a485a2762eff6c,2026-09-05T04:46:47.562309+00:00,SUCCESS,400,396,4,2.060307082976175,5.18488124984141,7.163616852338089,99.0,85.75,4_DEADLINE_EXCEEDED
cotop_final_2026_01,attempt_001,corridor_2400m_w40_seed42_wo_md,realization_corridor_2400m_w40_42,wo_md,corridor_2400m,40,10,42,861f3b94a6d40649c4fc004da8ec795a78506871,9885c1b7b396aa6c99cefbd5114379d2dc4f5ab8b37d4e5ac7d376cd255d20bc,f427576914ea7ca656124ae7ff36b93d7288234820e3ea2bb220f661475f3562,06711051f37b7c21eefbdafea3c03d5530fd928862e4ee02b7a2d391bac6c4dd,6045d3bb648bb055c078628b23cc61175a8ac5dfb8219c2a77a485a2762eff6c,2026-09-05T04:46:47.736026+00:00,SUCCESS,400,397,3,2.081610088245285,5.2002903658882635,2.1806747962930286,99.25,100.0,3_DEADLINE_EXCEEDED
cotop_final_2026_01,attempt_001,corridor_2400m_w40_seed42_wo_tp,realization_corridor_2400m_w40_42,wo_tp,corridor_2400m,40,10,42,861f3b94a6d40649c4fc004da8ec795a78506871,9885c1b7b396aa6c99cefbd5114379d2dc4f5ab8b37d4e5ac7d376cd255d20bc,f427576914ea7ca656124ae7ff36b93d7288234820e3ea2bb220f661475f3562,06711051f37b7c21eefbdafea3c03d5530fd928862e4ee02b7a2d391bac6c4dd,6045d3bb648bb055c078628b23cc61175a8ac5dfb8219c2a77a485a2762eff6c,2026-09-05T04:46:48.797102+00:00,SUCCESS,400,395,5,2.0965538125915564,5.274582277418803,6.354907112434736,98.75,100.0,5_DEADLINE_EXCEEDED
cotop_final_2026_01,attempt_001,corridor_2400m_w40_seed42_wo_co,realization_corridor_2400m_w40_42,wo_co,corridor_2400m,40,10,42,861f3b94a6d40649c4fc004da8ec795a78506871,9885c1b7b396aa6c99cefbd5114379d2dc4f5ab8b37d4e5ac7d376cd255d20bc,f427576914ea7ca656124ae7ff36b93d7288234820e3ea2bb220f661475f3562,06711051f37b7c21eefbdafea3c03d5530fd928862e4ee02b7a2d391bac6c4dd,6045d3bb648bb055c078628b23cc61175a8ac5dfb8219c2a77a485a2762eff6c,2026-09-05T04:46:49.758933+00:00,SUCCESS,400,397,3,2.084423549929313,5.165586461978737,0.2963309984027338,99.25,0.0,3_DEADLINE_EXCEEDED
cotop_final_2026_01,attempt_001,corridor_2400m_w40_seed43_CoTOP,realization_corridor_2400m_w40_43,CoTOP,corridor_2400m,40,10,43,861f3b94a6d40649c4fc004da8ec795a78506871,9885c1b7b396aa6c99cefbd5114379d2dc4f5ab8b37d4e5ac7d376cd255d20bc,f427576914ea7ca656124ae7ff36b93d7288234820e3ea2bb220f661475f3562,ce238db746640afb18db10717654acdd2c5d0d371b43a187e523e2448b7a075a,6045d3bb648bb055c078628b23cc61175a8ac5dfb8219c2a77a485a2762eff6c,2026-09-05T04:46:50.796868+00:00,SUCCESS,400,391,9,2.1538894134406585,5.513573369223208,3.9447512330676044,97.75,100.0,9_DEADLINE_EXCEEDED
cotop_final_2026_01,attempt_001,corridor_2400m_w40_seed43_DDQN,realization_corridor_2400m_w40_43,DDQN,corridor_2400m,40,10,43,861f3b94a6d40649c4fc004da8ec795a78506871,9885c1b7b396aa6c99cefbd5114379d2dc4f5ab8b37d4e5ac7d376cd255d20bc,f427576914ea7ca656124ae7ff36b93d7288234820e3ea2bb220f661475f3562,ce238db746640afb18db10717654acdd2c5d0d371b43a187e523e2448b7a075a,6045d3bb648bb055c078628b23cc61175a8ac5dfb8219c2a77a485a2762eff6c,2026-09-05T04:46:52.385075+00:00,SUCCESS,400,393,7,2.101397734676218,5.4871375283383435,2.6657248882567957,98.25,45.75,7_DEADLINE_EXCEEDED
cotop_final_2026_01,attempt_001,corridor_2400m_w40_seed43_Local,realization_corridor_2400m_w40_43,Local,corridor_2400m,40,10,43,861f3b94a6d40649c4fc004da8ec795a78506871,9885c1b7b396aa6c99cefbd5114379d2dc4f5ab8b37d4e5ac7d376cd255d20bc,f427576914ea7ca656124ae7ff36b93d7288234820e3ea2bb220f661475f3562,ce238db746640afb18db10717654acdd2c5d0d371b43a187e523e2448b7a075a,6045d3bb648bb055c078628b23cc61175a8ac5dfb8219c2a77a485a2762eff6c,2026-09-05T04:46:53.546956+00:00,SUCCESS,400,397,3,2.084910773743733,5.406423035990253,0.29120401539736906,99.25,0.0,3_DEADLINE_EXCEEDED
cotop_final_2026_01,attempt_001,corridor_2400m_w40_seed43_Greedy,realization_corridor_2400m_w40_43,Greedy,corridor_2400m,40,10,43,861f3b94a6d40649c4fc004da8ec795a78506871,9885c1b7b396aa6c99cefbd5114379d2dc4f5ab8b37d4e5ac7d376cd255d20bc,f427576914ea7ca656124ae7ff36b93d7288234820e3ea2bb220f661475f3562,ce238db746640afb18db10717654acdd2c5d0d371b43a187e523e2448b7a075a,6045d3bb648bb055c078628b23cc61175a8ac5dfb8219c2a77a485a2762eff6c,2026-09-05T04:46:54.615846+00:00,SUCCESS,400,396,4,2.045540815775477,5.442100989533004,6.883615919339275,99.0,88.0,4_DEADLINE_EXCEEDED
cotop_final_2026_01,attempt_001,corridor_2400m_w40_seed43_wo_md,realization_corridor_2400m_w40_43,wo_md,corridor_2400m,40,10,43,861f3b94a6d40649c4fc004da8ec795a78506871,9885c1b7b396aa6c99cefbd5114379d2dc4f5ab8b37d4e5ac7d376cd255d20bc,f427576914ea7ca656124ae7ff36b93d7288234820e3ea2bb220f661475f3562,ce238db746640afb18db10717654acdd2c5d0d371b43a187e523e2448b7a075a,6045d3bb648bb055c078628b23cc61175a8ac5dfb8219c2a77a485a2762eff6c,2026-09-05T04:46:54.817884+00:00,SUCCESS,400,395,5,2.1108716223320863,5.467290338772409,2.1264530395997014,98.75,100.0,5_DEADLINE_EXCEEDED
cotop_final_2026_01,attempt_001,corridor_2400m_w40_seed43_wo_tp,realization_corridor_2400m_w40_43,wo_tp,corridor_2400m,40,10,43,861f3b94a6d40649c4fc004da8ec795a78506871,9885c1b7b396aa6c99cefbd5114379d2dc4f5ab8b37d4e5ac7d376cd255d20bc,f427576914ea7ca656124ae7ff36b93d7288234820e3ea2bb220f661475f3562,ce238db746640afb18db10717654acdd2c5d0d371b43a187e523e2448b7a075a,6045d3bb648bb055c078628b23cc61175a8ac5dfb8219c2a77a485a2762eff6c,2026-09-05T04:46:55.878885+00:00,SUCCESS,400,393,7,2.106118325767387,5.502933650918313,5.919383363573856,98.25,100.0,7_DEADLINE_EXCEEDED
cotop_final_2026_01,attempt_001,corridor_2400m_w40_seed43_wo_co,realization_corridor_2400m_w40_43,wo_co,corridor_2400m,40,10,43,861f3b94a6d40649c4fc004da8ec795a78506871,9885c1b7b396aa6c99cefbd5114379d2dc4f5ab8b37d4e5ac7d376cd255d20bc,f427576914ea7ca656124ae7ff36b93d7288234820e3ea2bb220f661475f3562,ce238db746640afb18db10717654acdd2c5d0d371b43a187e523e2448b7a075a,6045d3bb648bb055c078628b23cc61175a8ac5dfb8219c2a77a485a2762eff6c,2026-09-05T04:46:56.912203+00:00,SUCCESS,400,397,3,2.084910773743733,5.406423035990253,0.29120401539736906,99.25,0.0,3_DEADLINE_EXCEEDED
cotop_final_2026_01,attempt_001,corridor_2400m_w40_seed44_CoTOP,realization_corridor_2400m_w40_44,CoTOP,corridor_2400m,40,10,44,861f3b94a6d40649c4fc004da8ec795a78506871,9885c1b7b396aa6c99cefbd5114379d2dc4f5ab8b37d4e5ac7d376cd255d20bc,f427576914ea7ca656124ae7ff36b93d7288234820e3ea2bb220f661475f3562,1c70bdc5ba018ddcb7fcdc62a278ea1228722c0b95dbe66c0405446ff252c0a0,6045d3bb648bb055c078628b23cc61175a8ac5dfb8219c2a77a485a2762eff6c,2026-09-05T04:46:57.945216+00:00,SUCCESS,400,393,7,2.1156488473056463,5.344171208430938,4.000700193906067,98.25,100.0,7_DEADLINE_EXCEEDED
cotop_final_2026_01,attempt_001,corridor_2400m_w40_seed44_DDQN,realization_corridor_2400m_w40_44,DDQN,corridor_2400m,40,10,44,861f3b94a6d40649c4fc004da8ec795a78506871,9885c1b7b396aa6c99cefbd5114379d2dc4f5ab8b37d4e5ac7d376cd255d20bc,f427576914ea7ca656124ae7ff36b93d7288234820e3ea2bb220f661475f3562,1c70bdc5ba018ddcb7fcdc62a278ea1228722c0b95dbe66c0405446ff252c0a0,6045d3bb648bb055c078628b23cc61175a8ac5dfb8219c2a77a485a2762eff6c,2026-09-05T04:46:58.985906+00:00,SUCCESS,400,395,5,2.0600975581532617,5.191407866055067,2.0202874641703623,98.75,33.75,5_DEADLINE_EXCEEDED
cotop_final_2026_01,attempt_001,corridor_2400m_w40_seed44_Local,realization_corridor_2400m_w40_44,Local,corridor_2400m,40,10,44,861f3b94a6d40649c4fc004da8ec795a78506871,9885c1b7b396aa6c99cefbd5114379d2dc4f5ab8b37d4e5ac7d376cd255d20bc,f427576914ea7ca656124ae7ff36b93d7288234820e3ea2bb220f661475f3562,1c70bdc5ba018ddcb7fcdc62a278ea1228722c0b95dbe66c0405446ff252c0a0,6045d3bb648bb055c078628b23cc61175a8ac5dfb8219c2a77a485a2762eff6c,2026-09-05T04:46:59.991950+00:00,SUCCESS,400,395,5,2.0428345844287223,5.195801886998832,0.28849422483524684,98.75,0.0,5_DEADLINE_EXCEEDED
cotop_final_2026_01,attempt_001,corridor_2400m_w40_seed44_Greedy,realization_corridor_2400m_w40_44,Greedy,corridor_2400m,40,10,44,861f3b94a6d40649c4fc004da8ec795a78506871,9885c1b7b396aa6c99cefbd5114379d2dc4f5ab8b37d4e5ac7d376cd255d20bc,f427576914ea7ca656124ae7ff36b93d7288234820e3ea2bb220f661475f3562,1c70bdc5ba018ddcb7fcdc62a278ea1228722c0b95dbe66c0405446ff252c0a0,6045d3bb648bb055c078628b23cc61175a8ac5dfb8219c2a77a485a2762eff6c,2026-09-05T04:47:01.032176+00:00,SUCCESS,400,395,5,2.02940986201601,5.234396200215499,7.222761730657208,98.75,87.5,5_DEADLINE_EXCEEDED
cotop_final_2026_01,attempt_001,corridor_2400m_w40_seed44_wo_md,realization_corridor_2400m_w40_44,wo_md,corridor_2400m,40,10,44,861f3b94a6d40649c4fc004da8ec795a78506871,9885c1b7b396aa6c99cefbd5114379d2dc4f5ab8b37d4e5ac7d376cd255d20bc,f427576914ea7ca656124ae7ff36b93d7288234820e3ea2bb220f661475f3562,1c70bdc5ba018ddcb7fcdc62a278ea1228722c0b95dbe66c0405446ff252c0a0,6045d3bb648bb055c078628b23cc61175a8ac5dfb8219c2a77a485a2762eff6c,2026-09-05T04:47:01.227751+00:00,SUCCESS,400,395,5,2.068727268015621,5.291757139682419,2.1679670014821264,98.75,100.0,5_DEADLINE_EXCEEDED
cotop_final_2026_01,attempt_001,corridor_2400m_w40_seed44_wo_tp,realization_corridor_2400m_w40_44,wo_tp,corridor_2400m,40,10,44,861f3b94a6d40649c4fc004da8ec795a78506871,9885c1b7b396aa6c99cefbd5114379d2dc4f5ab8b37d4e5ac7d376cd255d20bc,f427576914ea7ca656124ae7ff36b93d7288234820e3ea2bb220f661475f3562,1c70bdc5ba018ddcb7fcdc62a278ea1228722c0b95dbe66c0405446ff252c0a0,6045d3bb648bb055c078628b23cc61175a8ac5dfb8219c2a77a485a2762eff6c,2026-09-05T04:47:02.283689+00:00,SUCCESS,400,394,6,2.0796757198036544,5.296202794319956,6.242140068345866,98.5,100.0,6_DEADLINE_EXCEEDED
cotop_final_2026_01,attempt_001,corridor_2400m_w40_seed44_wo_co,realization_corridor_2400m_w40_44,wo_co,corridor_2400m,40,10,44,861f3b94a6d40649c4fc004da8ec795a78506871,9885c1b7b396aa6c99cefbd5114379d2dc4f5ab8b37d4e5ac7d376cd255d20bc,f427576914ea7ca656124ae7ff36b93d7288234820e3ea2bb220f661475f3562,1c70bdc5ba018ddcb7fcdc62a278ea1228722c0b95dbe66c0405446ff252c0a0,6045d3bb648bb055c078628b23cc61175a8ac5dfb8219c2a77a485a2762eff6c,2026-09-05T04:47:03.289444+00:00,SUCCESS,400,395,5,2.0428345844287223,5.195801886998832,0.28849422483524684,98.75,0.0,5_DEADLINE_EXCEEDED
cotop_final_2026_01,attempt_001,corridor_2400m_w40_seed45_CoTOP,realization_corridor_2400m_w40_45,CoTOP,corridor_2400m,40,10,45,861f3b94a6d40649c4fc004da8ec795a78506871,9885c1b7b396aa6c99cefbd5114379d2dc4f5ab8b37d4e5ac7d376cd255d20bc,f427576914ea7ca656124ae7ff36b93d7288234820e3ea2bb220f661475f3562,a9550c34900850ef87abdbfa4fe447b44c7bf925335f9dbcd4f10b0a8330eeb4,6045d3bb648bb055c078628b23cc61175a8ac5dfb8219c2a77a485a2762eff6c,2026-09-05T04:47:04.413396+00:00,SUCCESS,400,394,6,2.020265263768148,5.1968705177562,4.997464214253084,98.5,100.0,6_DEADLINE_EXCEEDED
cotop_final_2026_01,attempt_001,corridor_2400m_w40_seed45_DDQN,realization_corridor_2400m_w40_45,DDQN,corridor_2400m,40,10,45,861f3b94a6d40649c4fc004da8ec795a78506871,9885c1b7b396aa6c99cefbd5114379d2dc4f5ab8b37d4e5ac7d376cd255d20bc,f427576914ea7ca656124ae7ff36b93d7288234820e3ea2bb220f661475f3562,a9550c34900850ef87abdbfa4fe447b44c7bf925335f9dbcd4f10b0a8330eeb4,6045d3bb648bb055c078628b23cc61175a8ac5dfb8219c2a77a485a2762eff6c,2026-09-05T04:47:05.546171+00:00,SUCCESS,400,397,3,1.9618760511030644,5.164070886419171,2.4897438018322915,99.25,42.0,3_DEADLINE_EXCEEDED
cotop_final_2026_01,attempt_001,corridor_2400m_w40_seed45_Local,realization_corridor_2400m_w40_45,Local,corridor_2400m,40,10,45,861f3b94a6d40649c4fc004da8ec795a78506871,9885c1b7b396aa6c99cefbd5114379d2dc4f5ab8b37d4e5ac7d376cd255d20bc,f427576914ea7ca656124ae7ff36b93d7288234820e3ea2bb220f661475f3562,a9550c34900850ef87abdbfa4fe447b44c7bf925335f9dbcd4f10b0a8330eeb4,6045d3bb648bb055c078628b23cc61175a8ac5dfb8219c2a77a485a2762eff6c,2026-09-05T04:47:06.598056+00:00,SUCCESS,400,398,2,1.9576425126374069,5.095997561800316,0.29792220558634985,99.5,0.0,2_DEADLINE_EXCEEDED
cotop_final_2026_01,attempt_001,corridor_2400m_w40_seed45_Greedy,realization_corridor_2400m_w40_45,Greedy,corridor_2400m,40,10,45,861f3b94a6d40649c4fc004da8ec795a78506871,9885c1b7b396aa6c99cefbd5114379d2dc4f5ab8b37d4e5ac7d376cd255d20bc,f427576914ea7ca656124ae7ff36b93d7288234820e3ea2bb220f661475f3562,a9550c34900850ef87abdbfa4fe447b44c7bf925335f9dbcd4f10b0a8330eeb4,6045d3bb648bb055c078628b23cc61175a8ac5dfb8219c2a77a485a2762eff6c,2026-09-05T04:47:07.710013+00:00,SUCCESS,400,396,4,1.9334830063764314,5.10375794844685,6.99588958648772,99.0,84.75,4_DEADLINE_EXCEEDED
cotop_final_2026_01,attempt_001,corridor_2400m_w40_seed45_wo_md,realization_corridor_2400m_w40_45,wo_md,corridor_2400m,40,10,45,861f3b94a6d40649c4fc004da8ec795a78506871,9885c1b7b396aa6c99cefbd5114379d2dc4f5ab8b37d4e5ac7d376cd255d20bc,f427576914ea7ca656124ae7ff36b93d7288234820e3ea2bb220f661475f3562,a9550c34900850ef87abdbfa4fe447b44c7bf925335f9dbcd4f10b0a8330eeb4,6045d3bb648bb055c078628b23cc61175a8ac5dfb8219c2a77a485a2762eff6c,2026-09-05T04:47:07.902692+00:00,SUCCESS,400,396,4,1.9688103423813865,5.110087488902077,2.653595042206328,99.0,100.0,4_DEADLINE_EXCEEDED
cotop_final_2026_01,attempt_001,corridor_2400m_w40_seed45_wo_tp,realization_corridor_2400m_w40_45,wo_tp,corridor_2400m,40,10,45,861f3b94a6d40649c4fc004da8ec795a78506871,9885c1b7b396aa6c99cefbd5114379d2dc4f5ab8b37d4e5ac7d376cd255d20bc,f427576914ea7ca656124ae7ff36b93d7288234820e3ea2bb220f661475f3562,a9550c34900850ef87abdbfa4fe447b44c7bf925335f9dbcd4f10b0a8330eeb4,6045d3bb648bb055c078628b23cc61175a8ac5dfb8219c2a77a485a2762eff6c,2026-09-05T04:47:09.025230+00:00,SUCCESS,400,394,6,1.9884535035175264,5.17851057121671,6.713520920119724,98.5,100.0,6_DEADLINE_EXCEEDED
cotop_final_2026_01,attempt_001,corridor_2400m_w40_seed45_wo_co,realization_corridor_2400m_w40_45,wo_co,corridor_2400m,40,10,45,861f3b94a6d40649c4fc004da8ec795a78506871,9885c1b7b396aa6c99cefbd5114379d2dc4f5ab8b37d4e5ac7d376cd255d20bc,f427576914ea7ca656124ae7ff36b93d7288234820e3ea2bb220f661475f3562,a9550c34900850ef87abdbfa4fe447b44c7bf925335f9dbcd4f10b0a8330eeb4,6045d3bb648bb055c078628b23cc61175a8ac5dfb8219c2a77a485a2762eff6c,2026-09-05T04:47:10.127510+00:00,SUCCESS,400,398,2,1.9576425126374069,5.095997561800316,0.29792220558634985,99.5,0.0,2_DEADLINE_EXCEEDED
cotop_final_2026_01,attempt_001,corridor_2400m_w40_seed46_CoTOP,realization_corridor_2400m_w40_46,CoTOP,corridor_2400m,40,10,46,861f3b94a6d40649c4fc004da8ec795a78506871,9885c1b7b396aa6c99cefbd5114379d2dc4f5ab8b37d4e5ac7d376cd255d20bc,f427576914ea7ca656124ae7ff36b93d7288234820e3ea2bb220f661475f3562,dc687754fb9690a917a15d69ecbc77f83310c826edc3c7a931fc897ec02154cd,6045d3bb648bb055c078628b23cc61175a8ac5dfb8219c2a77a485a2762eff6c,2026-09-05T04:47:11.182308+00:00,SUCCESS,400,396,4,2.1164544045481177,5.137851565345983,3.9807024405606604,99.0,100.0,4_DEADLINE_EXCEEDED
cotop_final_2026_01,attempt_001,corridor_2400m_w40_seed46_DDQN,realization_corridor_2400m_w40_46,DDQN,corridor_2400m,40,10,46,861f3b94a6d40649c4fc004da8ec795a78506871,9885c1b7b396aa6c99cefbd5114379d2dc4f5ab8b37d4e5ac7d376cd255d20bc,f427576914ea7ca656124ae7ff36b93d7288234820e3ea2bb220f661475f3562,dc687754fb9690a917a15d69ecbc77f83310c826edc3c7a931fc897ec02154cd,6045d3bb648bb055c078628b23cc61175a8ac5dfb8219c2a77a485a2762eff6c,2026-09-05T04:47:12.212157+00:00,SUCCESS,400,396,4,2.0657481164464735,5.011403585562456,2.7233115801286965,99.0,43.0,4_DEADLINE_EXCEEDED
cotop_final_2026_01,attempt_001,corridor_2400m_w40_seed46_Local,realization_corridor_2400m_w40_46,Local,corridor_2400m,40,10,46,861f3b94a6d40649c4fc004da8ec795a78506871,9885c1b7b396aa6c99cefbd5114379d2dc4f5ab8b37d4e5ac7d376cd255d20bc,f427576914ea7ca656124ae7ff36b93d7288234820e3ea2bb220f661475f3562,dc687754fb9690a917a15d69ecbc77f83310c826edc3c7a931fc897ec02154cd,6045d3bb648bb055c078628b23cc61175a8ac5dfb8219c2a77a485a2762eff6c,2026-09-05T04:47:13.230048+00:00,SUCCESS,400,397,3,2.0460715643847585,4.992388818223684,0.2936577869102063,99.25,0.0,3_DEADLINE_EXCEEDED
cotop_final_2026_01,attempt_001,corridor_2400m_w40_seed46_Greedy,realization_corridor_2400m_w40_46,Greedy,corridor_2400m,40,10,46,861f3b94a6d40649c4fc004da8ec795a78506871,9885c1b7b396aa6c99cefbd5114379d2dc4f5ab8b37d4e5ac7d376cd255d20bc,f427576914ea7ca656124ae7ff36b93d7288234820e3ea2bb220f661475f3562,dc687754fb9690a917a15d69ecbc77f83310c826edc3c7a931fc897ec02154cd,6045d3bb648bb055c078628b23cc61175a8ac5dfb8219c2a77a485a2762eff6c,2026-09-05T04:47:14.226635+00:00,SUCCESS,400,396,4,2.028742254155091,5.030976000902955,7.10749871014074,99.0,84.5,4_DEADLINE_EXCEEDED
cotop_final_2026_01,attempt_001,corridor_2400m_w40_seed46_wo_md,realization_corridor_2400m_w40_46,wo_md,corridor_2400m,40,10,46,861f3b94a6d40649c4fc004da8ec795a78506871,9885c1b7b396aa6c99cefbd5114379d2dc4f5ab8b37d4e5ac7d376cd255d20bc,f427576914ea7ca656124ae7ff36b93d7288234820e3ea2bb220f661475f3562,dc687754fb9690a917a15d69ecbc77f83310c826edc3c7a931fc897ec02154cd,6045d3bb648bb055c078628b23cc61175a8ac5dfb8219c2a77a485a2762eff6c,2026-09-05T04:47:14.313634+00:00,SUCCESS,400,396,4,2.074246823174381,5.064261835055174,2.15037661080562,99.0,100.0,4_DEADLINE_EXCEEDED
cotop_final_2026_01,attempt_001,corridor_2400m_w40_seed46_wo_tp,realization_corridor_2400m_w40_46,wo_tp,corridor_2400m,40,10,46,861f3b94a6d40649c4fc004da8ec795a78506871,9885c1b7b396aa6c99cefbd5114379d2dc4f5ab8b37d4e5ac7d376cd255d20bc,f427576914ea7ca656124ae7ff36b93d7288234820e3ea2bb220f661475f3562,dc687754fb9690a917a15d69ecbc77f83310c826edc3c7a931fc897ec02154cd,6045d3bb648bb055c078628b23cc61175a8ac5dfb8219c2a77a485a2762eff6c,2026-09-05T04:47:15.441406+00:00,SUCCESS,400,396,4,2.0821752822860304,5.0957574977267415,6.362689912214382,99.0,100.0,4_DEADLINE_EXCEEDED
cotop_final_2026_01,attempt_001,corridor_2400m_w40_seed46_wo_co,realization_corridor_2400m_w40_46,wo_co,corridor_2400m,40,10,46,861f3b94a6d40649c4fc004da8ec795a78506871,9885c1b7b396aa6c99cefbd5114379d2dc4f5ab8b37d4e5ac7d376cd255d20bc,f427576914ea7ca656124ae7ff36b93d7288234820e3ea2bb220f661475f3562,dc687754fb9690a917a15d69ecbc77f83310c826edc3c7a931fc897ec02154cd,6045d3bb648bb055c078628b23cc61175a8ac5dfb8219c2a77a485a2762eff6c,2026-09-05T04:47:16.484097+00:00,SUCCESS,400,397,3,2.0460715643847585,4.992388818223684,0.2936577869102063,99.25,0.0,3_DEADLINE_EXCEEDED
cotop_final_2026_01,attempt_001,corridor_2400m_w40_seed47_CoTOP,realization_corridor_2400m_w40_seed47,CoTOP,corridor_2400m,40,10,47,861f3b94a6d40649c4fc004da8ec795a78506871,9885c1b7b396aa6c99cefbd5114379d2dc4f5ab8b37d4e5ac7d376cd255d20bc,f427576914ea7ca656124ae7ff36b93d7288234820e3ea2bb220f661475f3562,967648a3fb5bf636c0093510403e864b6663cc6db80a43fa90723c304628767e,6045d3bb648bb055c078628b23cc61175a8ac5dfb8219c2a77a485a2762eff6c,2026-09-05T04:47:17.590167+00:00,SUCCESS,400,389,11,1.9866273244222357,5.328490304759403,5.194222307923118,97.25,100.0,11_DEADLINE_EXCEEDED
cotop_final_2026_01,attempt_001,corridor_2400m_w40_seed47_DDQN,realization_corridor_2400m_w40_seed47,DDQN,corridor_2400m,40,10,47,861f3b94a6d40649c4fc004da8ec795a78506871,9885c1b7b396aa6c99cefbd5114379d2dc4f5ab8b37d4e5ac7d376cd255d20bc,f427576914ea7ca656124ae7ff36b93d7288234820e3ea2bb220f661475f3562,967648a3fb5bf636c0093510403e864b6663cc6db80a43fa90723c304628767e,6045d3bb648bb055c078628b23cc61175a8ac5dfb8219c2a77a485a2762eff6c,2026-09-05T04:47:18.696034+00:00,SUCCESS,400,390,10,1.9429095991385756,5.317688354849652,2.8285173532196484,97.5,43.25,10_DEADLINE_EXCEEDED
cotop_final_2026_01,attempt_001,corridor_2400m_w40_seed47_Local,realization_corridor_2400m_w40_seed47,Local,corridor_2400m,40,10,47,861f3b94a6d40649c4fc004da8ec795a78506871,9885c1b7b396aa6c99cefbd5114379d2dc4f5ab8b37d4e5ac7d376cd255d20bc,f427576914ea7ca656124ae7ff36b93d7288234820e3ea2bb220f661475f3562,967648a3fb5bf636c0093510403e864b6663cc6db80a43fa90723c304628767e,6045d3bb648bb055c078628b23cc61175a8ac5dfb8219c2a77a485a2762eff6c,2026-09-05T04:47:19.726941+00:00,SUCCESS,400,391,9,1.9484791961323658,5.200738486996384,0.29613382919729275,97.75,0.0,9_DEADLINE_EXCEEDED
cotop_final_2026_01,attempt_001,corridor_2400m_w40_seed47_Greedy,realization_corridor_2400m_w40_seed47,Greedy,corridor_2400m,40,10,47,861f3b94a6d40649c4fc004da8ec795a78506871,9885c1b7b396aa6c99cefbd5114379d2dc4f5ab8b37d4e5ac7d376cd255d20bc,f427576914ea7ca656124ae7ff36b93d7288234820e3ea2bb220f661475f3562,967648a3fb5bf636c0093510403e864b6663cc6db80a43fa90723c304628767e,6045d3bb648bb055c078628b23cc61175a8ac5dfb8219c2a77a485a2762eff6c,2026-09-05T04:47:20.793255+00:00,SUCCESS,400,392,8,1.9205688899304914,5.26015358445487,7.067294268461795,98.0,86.5,8_DEADLINE_EXCEEDED
cotop_final_2026_01,attempt_001,corridor_2400m_w40_seed47_wo_md,realization_corridor_2400m_w40_seed47,wo_md,corridor_2400m,40,10,47,861f3b94a6d40649c4fc004da8ec795a78506871,9885c1b7b396aa6c99cefbd5114379d2dc4f5ab8b37d4e5ac7d376cd255d20bc,f427576914ea7ca656124ae7ff36b93d7288234820e3ea2bb220f661475f3562,967648a3fb5bf636c0093510403e864b6663cc6db80a43fa90723c304628767e,6045d3bb648bb055c078628b23cc61175a8ac5dfb8219c2a77a485a2762eff6c,2026-09-05T04:47:20.984793+00:00,SUCCESS,400,391,9,1.9433796390957372,5.244863774078877,2.766779870933648,97.75,100.0,9_DEADLINE_EXCEEDED
cotop_final_2026_01,attempt_001,corridor_2400m_w40_seed47_wo_tp,realization_corridor_2400m_w40_seed47,wo_tp,corridor_2400m,40,10,47,861f3b94a6d40649c4fc004da8ec795a78506871,9885c1b7b396aa6c99cefbd5114379d2dc4f5ab8b37d4e5ac7d376cd255d20bc,f427576914ea7ca656124ae7ff36b93d7288234820e3ea2bb220f661475f3562,967648a3fb5bf636c0093510403e864b6663cc6db80a43fa90723c304628767e,6045d3bb648bb055c078628b23cc61175a8ac5dfb8219c2a77a485a2762eff6c,2026-09-05T04:47:22.061472+00:00,SUCCESS,400,389,11,1.9631098797452367,5.313918086236134,6.63863412966173,97.25,100.0,11_DEADLINE_EXCEEDED
cotop_final_2026_01,attempt_001,corridor_2400m_w40_seed47_wo_co,realization_corridor_2400m_w40_seed47,wo_co,corridor_2400m,40,10,47,861f3b94a6d40649c4fc004da8ec795a78506871,9885c1b7b396aa6c99cefbd5114379d2dc4f5ab8b37d4e5ac7d376cd255d20bc,f427576914ea7ca656124ae7ff36b93d7288234820e3ea2bb220f661475f3562,967648a3fb5bf636c0093510403e864b6663cc6db80a43fa90723c304628767e,6045d3bb648bb055c078628b23cc61175a8ac5dfb8219c2a77a485a2762eff6c,2026-09-05T04:47:23.126478+00:00,SUCCESS,400,391,9,1.9484791961323658,5.200738486996384,0.29613382919729275,97.75,0.0,9_DEADLINE_EXCEEDED
cotop_final_2026_01,attempt_001,corridor_2400m_w40_seed48_CoTOP,realization_corridor_2400m_w40_seed48,CoTOP,corridor_2400m,40,10,48,861f3b94a6d40649c4fc004da8ec795a78506871,9885c1b7b396aa6c99cefbd5114379d2dc4f5ab8b37d4e5ac7d376cd255d20bc,f427576914ea7ca656124ae7ff36b93d7288234820e3ea2bb220f661475f3562,a6933bd6f3309c7ed62f584457a1de5b65e379254ac6143044d4fa7d135ec10a,6045d3bb648bb055c078628b23cc61175a8ac5dfb8219c2a77a485a2762eff6c,2026-09-05T04:47:24.174450+00:00,SUCCESS,400,392,8,2.070675627411106,5.234698526853543,3.8979443556778857,98.0,100.0,8_DEADLINE_EXCEEDED
cotop_final_2026_01,attempt_001,corridor_2400m_w40_seed48_DDQN,realization_corridor_2400m_w40_seed48,DDQN,corridor_2400m,40,10,48,861f3b94a6d40649c4fc004da8ec795a78506871,9885c1b7b396aa6c99cefbd5114379d2dc4f5ab8b37d4e5ac7d376cd255d20bc,f427576914ea7ca656124ae7ff36b93d7288234820e3ea2bb220f661475f3562,a6933bd6f3309c7ed62f584457a1de5b65e379254ac6143044d4fa7d135ec10a,6045d3bb648bb055c078628b23cc61175a8ac5dfb8219c2a77a485a2762eff6c,2026-09-05T04:47:25.276311+00:00,SUCCESS,400,393,7,2.033068853362809,5.234698526853543,2.284061371007081,98.25,47.25,7_DEADLINE_EXCEEDED
cotop_final_2026_01,attempt_001,corridor_2400m_w40_seed48_Local,realization_corridor_2400m_w40_seed48,Local,corridor_2400m,40,10,48,861f3b94a6d40649c4fc004da8ec795a78506871,9885c1b7b396aa6c99cefbd5114379d2dc4f5ab8b37d4e5ac7d376cd255d20bc,f427576914ea7ca656124ae7ff36b93d7288234820e3ea2bb220f661475f3562,a6933bd6f3309c7ed62f584457a1de5b65e379254ac6143044d4fa7d135ec10a,6045d3bb648bb055c078628b23cc61175a8ac5dfb8219c2a77a485a2762eff6c,2026-09-05T04:47:26.294840+00:00,SUCCESS,400,393,7,2.040471090148208,5.234698526853543,0.31020116966029065,98.25,0.0,7_DEADLINE_EXCEEDED
cotop_final_2026_01,attempt_001,corridor_2400m_w40_seed48_Greedy,realization_corridor_2400m_w40_seed48,Greedy,corridor_2400m,40,10,48,861f3b94a6d40649c4fc004da8ec795a78506871,9885c1b7b396aa6c99cefbd5114379d2dc4f5ab8b37d4e5ac7d376cd255d20bc,f427576914ea7ca656124ae7ff36b93d7288234820e3ea2bb220f661475f3562,a6933bd6f3309c7ed62f584457a1de5b65e379254ac6143044d4fa7d135ec10a,6045d3bb648bb055c078628b23cc61175a8ac5dfb8219c2a77a485a2762eff6c,2026-09-05T04:47:27.344876+00:00,SUCCESS,400,393,7,2.0073465496661806,5.21546707682899,7.132237636127727,98.25,85.75,7_DEADLINE_EXCEEDED
cotop_final_2026_01,attempt_001,corridor_2400m_w40_seed48_wo_md,realization_corridor_2400m_w40_seed48,wo_md,corridor_2400m,40,10,48,861f3b94a6d40649c4fc004da8ec795a78506871,9885c1b7b396aa6c99cefbd5114379d2dc4f5ab8b37d4e5ac7d376cd255d20bc,f427576914ea7ca656124ae7ff36b93d7288234820e3ea2bb220f661475f3562,a6933bd6f3309c7ed62f584457a1de5b65e379254ac6143044d4fa7d135ec10a,6045d3bb648bb055c078628b23cc61175a8ac5dfb8219c2a77a485a2762eff6c,2026-09-05T04:47:27.426535+00:00,SUCCESS,400,393,7,2.036229444535073,5.234698526853543,2.109761696974701,98.25,100.0,7_DEADLINE_EXCEEDED
cotop_final_2026_01,attempt_001,corridor_2400m_w40_seed48_wo_tp,realization_corridor_2400m_w40_seed48,wo_tp,corridor_2400m,40,10,48,861f3b94a6d40649c4fc004da8ec795a78506871,9885c1b7b396aa6c99cefbd5114379d2dc4f5ab8b37d4e5ac7d376cd255d20bc,f427576914ea7ca656124ae7ff36b93d7288234820e3ea2bb220f661475f3562,a6933bd6f3309c7ed62f584457a1de5b65e379254ac6143044d4fa7d135ec10a,6045d3bb648bb055c078628b23cc61175a8ac5dfb8219c2a77a485a2762eff6c,2026-09-05T04:47:28.577974+00:00,SUCCESS,400,392,8,2.0456681872606395,5.265632055773791,6.168898129330684,98.0,100.0,8_DEADLINE_EXCEEDED
cotop_final_2026_01,attempt_001,corridor_2400m_w40_seed48_wo_co,realization_corridor_2400m_w40_seed48,wo_co,corridor_2400m,40,10,48,861f3b94a6d40649c4fc004da8ec795a78506871,9885c1b7b396aa6c99cefbd5114379d2dc4f5ab8b37d4e5ac7d376cd255d20bc,f427576914ea7ca656124ae7ff36b93d7288234820e3ea2bb220f661475f3562,a6933bd6f3309c7ed62f584457a1de5b65e379254ac6143044d4fa7d135ec10a,6045d3bb648bb055c078628b23cc61175a8ac5dfb8219c2a77a485a2762eff6c,2026-09-05T04:47:29.598108+00:00,SUCCESS,400,393,7,2.040471090148208,5.234698526853543,0.31020116966029065,98.25,0.0,7_DEADLINE_EXCEEDED
cotop_final_2026_01,attempt_001,corridor_2400m_w40_seed49_CoTOP,realization_corridor_2400m_w40_seed49,CoTOP,corridor_2400m,40,10,49,861f3b94a6d40649c4fc004da8ec795a78506871,9885c1b7b396aa6c99cefbd5114379d2dc4f5ab8b37d4e5ac7d376cd255d20bc,f427576914ea7ca656124ae7ff36b93d7288234820e3ea2bb220f661475f3562,9634e76dad4b7fc48f38a0e7d0f7ee5d773c5243b65239d2c7e85b90e554aeff,6045d3bb648bb055c078628b23cc61175a8ac5dfb8219c2a77a485a2762eff6c,2026-09-05T04:47:30.710572+00:00,SUCCESS,400,395,5,2.0064720917114363,5.300871282248382,5.02533927980035,98.75,100.0,5_DEADLINE_EXCEEDED
cotop_final_2026_01,attempt_001,corridor_2400m_w40_seed49_DDQN,realization_corridor_2400m_w40_seed49,DDQN,corridor_2400m,40,10,49,861f3b94a6d40649c4fc004da8ec795a78506871,9885c1b7b396aa6c99cefbd5114379d2dc4f5ab8b37d4e5ac7d376cd255d20bc,f427576914ea7ca656124ae7ff36b93d7288234820e3ea2bb220f661475f3562,9634e76dad4b7fc48f38a0e7d0f7ee5d773c5243b65239d2c7e85b90e554aeff,6045d3bb648bb055c078628b23cc61175a8ac5dfb8219c2a77a485a2762eff6c,2026-09-05T04:47:31.810994+00:00,SUCCESS,400,396,4,1.9510842307155414,5.1956558323871125,2.860554573067384,99.0,45.25,4_DEADLINE_EXCEEDED
cotop_final_2026_01,attempt_001,corridor_2400m_w40_seed49_Local,realization_corridor_2400m_w40_seed49,Local,corridor_2400m,40,10,49,861f3b94a6d40649c4fc004da8ec795a78506871,9885c1b7b396aa6c99cefbd5114379d2dc4f5ab8b37d4e5ac7d376cd255d20bc,f427576914ea7ca656124ae7ff36b93d7288234820e3ea2bb220f661475f3562,9634e76dad4b7fc48f38a0e7d0f7ee5d773c5243b65239d2c7e85b90e554aeff,6045d3bb648bb055c078628b23cc61175a8ac5dfb8219c2a77a485a2762eff6c,2026-09-05T04:47:33.020500+00:00,SUCCESS,400,399,1,1.943207806074379,5.160354745373949,0.29050188486749995,99.75,0.0,1_DEADLINE_EXCEEDED
cotop_final_2026_01,attempt_001,corridor_2400m_w40_seed49_Greedy,realization_corridor_2400m_w40_seed49,Greedy,corridor_2400m,40,10,49,861f3b94a6d40649c4fc004da8ec795a78506871,9885c1b7b396aa6c99cefbd5114379d2dc4f5ab8b37d4e5ac7d376cd255d20bc,f427576914ea7ca656124ae7ff36b93d7288234820e3ea2bb220f661475f3562,9634e76dad4b7fc48f38a0e7d0f7ee5d773c5243b65239d2c7e85b90e554aeff,6045d3bb648bb055c078628b23cc61175a8ac5dfb8219c2a77a485a2762eff6c,2026-09-05T04:47:34.170080+00:00,SUCCESS,400,398,2,1.9207085375277626,5.2168758821076615,7.022395466744971,99.5,86.0,2_DEADLINE_EXCEEDED
cotop_final_2026_01,attempt_001,corridor_2400m_w40_seed49_wo_md,realization_corridor_2400m_w40_seed49,wo_md,corridor_2400m,40,10,49,861f3b94a6d40649c4fc004da8ec795a78506871,9885c1b7b396aa6c99cefbd5114379d2dc4f5ab8b37d4e5ac7d376cd255d20bc,f427576914ea7ca656124ae7ff36b93d7288234820e3ea2bb220f661475f3562,9634e76dad4b7fc48f38a0e7d0f7ee5d773c5243b65239d2c7e85b90e554aeff,6045d3bb648bb055c078628b23cc61175a8ac5dfb8219c2a77a485a2762eff6c,2026-09-05T04:47:34.258864+00:00,SUCCESS,400,398,2,1.9568309847726704,5.203821125291061,2.672531748794104,99.5,100.0,2_DEADLINE_EXCEEDED
cotop_final_2026_01,attempt_001,corridor_2400m_w40_seed49_wo_tp,realization_corridor_2400m_w40_seed49,wo_tp,corridor_2400m,40,10,49,861f3b94a6d40649c4fc004da8ec795a78506871,9885c1b7b396aa6c99cefbd5114379d2dc4f5ab8b37d4e5ac7d376cd255d20bc,f427576914ea7ca656124ae7ff36b93d7288234820e3ea2bb220f661475f3562,9634e76dad4b7fc48f38a0e7d0f7ee5d773c5243b65239d2c7e85b90e554aeff,6045d3bb648bb055c078628b23cc61175a8ac5dfb8219c2a77a485a2762eff6c,2026-09-05T04:47:35.378388+00:00,SUCCESS,400,397,3,1.9722430039700243,5.2586326056028785,6.686599228609232,99.25,100.0,3_DEADLINE_EXCEEDED
cotop_final_2026_01,attempt_001,corridor_2400m_w40_seed49_wo_co,realization_corridor_2400m_w40_seed49,wo_co,corridor_2400m,40,10,49,861f3b94a6d40649c4fc004da8ec795a78506871,9885c1b7b396aa6c99cefbd5114379d2dc4f5ab8b37d4e5ac7d376cd255d20bc,f427576914ea7ca656124ae7ff36b93d7288234820e3ea2bb220f661475f3562,9634e76dad4b7fc48f38a0e7d0f7ee5d773c5243b65239d2c7e85b90e554aeff,6045d3bb648bb055c078628b23cc61175a8ac5dfb8219c2a77a485a2762eff6c,2026-09-05T04:47:36.550797+00:00,SUCCESS,400,399,1,1.943207806074379,5.160354745373949,0.29050188486749995,99.75,0.0,1_DEADLINE_EXCEEDED
cotop_final_2026_01,attempt_001,corridor_2400m_w40_seed50_CoTOP,realization_corridor_2400m_w40_seed50,CoTOP,corridor_2400m,40,10,50,861f3b94a6d40649c4fc004da8ec795a78506871,9885c1b7b396aa6c99cefbd5114379d2dc4f5ab8b37d4e5ac7d376cd255d20bc,f427576914ea7ca656124ae7ff36b93d7288234820e3ea2bb220f661475f3562,b8ecfcaeb468102fb2cc739833eb741fa1706415f03d21b801f9ba2688b5f610,6045d3bb648bb055c078628b23cc61175a8ac5dfb8219c2a77a485a2762eff6c,2026-09-05T04:47:37.677769+00:00,SUCCESS,400,395,5,2.046356584068059,5.512819781744943,5.062179957404498,98.75,100.0,5_DEADLINE_EXCEEDED
cotop_final_2026_01,attempt_001,corridor_2400m_w40_seed50_DDQN,realization_corridor_2400m_w40_seed50,DDQN,corridor_2400m,40,10,50,861f3b94a6d40649c4fc004da8ec795a78506871,9885c1b7b396aa6c99cefbd5114379d2dc4f5ab8b37d4e5ac7d376cd255d20bc,f427576914ea7ca656124ae7ff36b93d7288234820e3ea2bb220f661475f3562,b8ecfcaeb468102fb2cc739833eb741fa1706415f03d21b801f9ba2688b5f610,6045d3bb648bb055c078628b23cc61175a8ac5dfb8219c2a77a485a2762eff6c,2026-09-05T04:47:38.805642+00:00,SUCCESS,400,395,5,2.002773174552191,5.512054225746169,3.171089130575157,98.75,48.25,5_DEADLINE_EXCEEDED
cotop_final_2026_01,attempt_001,corridor_2400m_w40_seed50_Local,realization_corridor_2400m_w40_seed50,Local,corridor_2400m,40,10,50,861f3b94a6d40649c4fc004da8ec795a78506871,9885c1b7b396aa6c99cefbd5114379d2dc4f5ab8b37d4e5ac7d376cd255d20bc,f427576914ea7ca656124ae7ff36b93d7288234820e3ea2bb220f661475f3562,b8ecfcaeb468102fb2cc739833eb741fa1706415f03d21b801f9ba2688b5f610,6045d3bb648bb055c078628b23cc61175a8ac5dfb8219c2a77a485a2762eff6c,2026-09-05T04:47:39.894136+00:00,SUCCESS,400,396,4,2.004914599712361,5.440064321628538,0.2984589112458319,99.0,0.0,4_DEADLINE_EXCEEDED
cotop_final_2026_01,attempt_001,corridor_2400m_w40_seed50_Greedy,realization_corridor_2400m_w40_seed50,Greedy,corridor_2400m,40,10,50,861f3b94a6d40649c4fc004da8ec795a78506871,9885c1b7b396aa6c99cefbd5114379d2dc4f5ab8b37d4e5ac7d376cd255d20bc,f427576914ea7ca656124ae7ff36b93d7288234820e3ea2bb220f661475f3562,b8ecfcaeb468102fb2cc739833eb741fa1706415f03d21b801f9ba2688b5f610,6045d3bb648bb055c078628b23cc61175a8ac5dfb8219c2a77a485a2762eff6c,2026-09-05T04:47:40.989876+00:00,SUCCESS,400,396,4,1.9788744454955511,5.474742805504422,7.182354746558207,99.0,85.0,4_DEADLINE_EXCEEDED
cotop_final_2026_01,attempt_001,corridor_2400m_w40_seed50_wo_md,realization_corridor_2400m_w40_seed50,wo_md,corridor_2400m,40,10,50,861f3b94a6d40649c4fc004da8ec795a78506871,9885c1b7b396aa6c99cefbd5114379d2dc4f5ab8b37d4e5ac7d376cd255d20bc,f427576914ea7ca656124ae7ff36b93d7288234820e3ea2bb220f661475f3562,b8ecfcaeb468102fb2cc739833eb741fa1706415f03d21b801f9ba2688b5f610,6045d3bb648bb055c078628b23cc61175a8ac5dfb8219c2a77a485a2762eff6c,2026-09-05T04:47:41.065932+00:00,SUCCESS,400,396,4,2.0010319121711984,5.495703896762394,2.6863377808704856,99.0,100.0,4_DEADLINE_EXCEEDED
cotop_final_2026_01,attempt_001,corridor_2400m_w40_seed50_wo_tp,realization_corridor_2400m_w40_seed50,wo_tp,corridor_2400m,40,10,50,861f3b94a6d40649c4fc004da8ec795a78506871,9885c1b7b396aa6c99cefbd5114379d2dc4f5ab8b37d4e5ac7d376cd255d20bc,f427576914ea7ca656124ae7ff36b93d7288234820e3ea2bb220f661475f3562,b8ecfcaeb468102fb2cc739833eb741fa1706415f03d21b801f9ba2688b5f610,6045d3bb648bb055c078628b23cc61175a8ac5dfb8219c2a77a485a2762eff6c,2026-09-05T04:47:42.195985+00:00,SUCCESS,400,395,5,2.0223055326471013,5.565591860367606,6.843928701209909,98.75,100.0,5_DEADLINE_EXCEEDED
cotop_final_2026_01,attempt_001,corridor_2400m_w40_seed50_wo_co,realization_corridor_2400m_w40_seed50,wo_co,corridor_2400m,40,10,50,861f3b94a6d40649c4fc004da8ec795a78506871,9885c1b7b396aa6c99cefbd5114379d2dc4f5ab8b37d4e5ac7d376cd255d20bc,f427576914ea7ca656124ae7ff36b93d7288234820e3ea2bb220f661475f3562,b8ecfcaeb468102fb2cc739833eb741fa1706415f03d21b801f9ba2688b5f610,6045d3bb648bb055c078628b23cc61175a8ac5dfb8219c2a77a485a2762eff6c,2026-09-05T04:47:43.289057+00:00,SUCCESS,400,396,4,2.004914599712361,5.440064321628538,0.2984589112458319,99.0,0.0,4_DEADLINE_EXCEEDED
cotop_final_2026_01,attempt_001,corridor_2400m_w40_seed51_CoTOP,realization_corridor_2400m_w40_seed51,CoTOP,corridor_2400m,40,10,51,861f3b94a6d40649c4fc004da8ec795a78506871,9885c1b7b396aa6c99cefbd5114379d2dc4f5ab8b37d4e5ac7d376cd255d20bc,f427576914ea7ca656124ae7ff36b93d7288234820e3ea2bb220f661475f3562,5823d1befd07544b1f9a7a641868dbd5615e02b5ec94aed7d6c2a3051d70b654,6045d3bb648bb055c078628b23cc61175a8ac5dfb8219c2a77a485a2762eff6c,2026-09-05T04:47:44.495143+00:00,SUCCESS,400,389,11,2.151763299402217,5.63654503261511,3.995879623160665,97.25,100.0,11_DEADLINE_EXCEEDED
cotop_final_2026_01,attempt_001,corridor_2400m_w40_seed51_DDQN,realization_corridor_2400m_w40_seed51,DDQN,corridor_2400m,40,10,51,861f3b94a6d40649c4fc004da8ec795a78506871,9885c1b7b396aa6c99cefbd5114379d2dc4f5ab8b37d4e5ac7d376cd255d20bc,f427576914ea7ca656124ae7ff36b93d7288234820e3ea2bb220f661475f3562,5823d1befd07544b1f9a7a641868dbd5615e02b5ec94aed7d6c2a3051d70b654,6045d3bb648bb055c078628b23cc61175a8ac5dfb8219c2a77a485a2762eff6c,2026-09-05T04:47:45.579718+00:00,SUCCESS,400,390,10,2.098642973813106,5.585528250535891,2.1815016838869092,97.5,38.25,10_DEADLINE_EXCEEDED
cotop_final_2026_01,attempt_001,corridor_2400m_w40_seed51_Local,realization_corridor_2400m_w40_seed51,Local,corridor_2400m,40,10,51,861f3b94a6d40649c4fc004da8ec795a78506871,9885c1b7b396aa6c99cefbd5114379d2dc4f5ab8b37d4e5ac7d376cd255d20bc,f427576914ea7ca656124ae7ff36b93d7288234820e3ea2bb220f661475f3562,5823d1befd07544b1f9a7a641868dbd5615e02b5ec94aed7d6c2a3051d70b654,6045d3bb648bb055c078628b23cc61175a8ac5dfb8219c2a77a485a2762eff6c,2026-09-05T04:47:46.613523+00:00,SUCCESS,400,390,10,2.083343972486194,5.569247878161785,0.286589916666603,97.5,0.0,10_DEADLINE_EXCEEDED
cotop_final_2026_01,attempt_001,corridor_2400m_w40_seed51_Greedy,realization_corridor_2400m_w40_seed51,Greedy,corridor_2400m,40,10,51,861f3b94a6d40649c4fc004da8ec795a78506871,9885c1b7b396aa6c99cefbd5114379d2dc4f5ab8b37d4e5ac7d376cd255d20bc,f427576914ea7ca656124ae7ff36b93d7288234820e3ea2bb220f661475f3562,5823d1befd07544b1f9a7a641868dbd5615e02b5ec94aed7d6c2a3051d70b654,6045d3bb648bb055c078628b23cc61175a8ac5dfb8219c2a77a485a2762eff6c,2026-09-05T04:47:47.665868+00:00,SUCCESS,400,389,11,2.068648091208271,5.599921447712448,7.2155075852805695,97.25,86.25,11_DEADLINE_EXCEEDED
cotop_final_2026_01,attempt_001,corridor_2400m_w40_seed51_wo_md,realization_corridor_2400m_w40_seed51,wo_md,corridor_2400m,40,10,51,861f3b94a6d40649c4fc004da8ec795a78506871,9885c1b7b396aa6c99cefbd5114379d2dc4f5ab8b37d4e5ac7d376cd255d20bc,f427576914ea7ca656124ae7ff36b93d7288234820e3ea2bb220f661475f3562,5823d1befd07544b1f9a7a641868dbd5615e02b5ec94aed7d6c2a3051d70b654,6045d3bb648bb055c078628b23cc61175a8ac5dfb8219c2a77a485a2762eff6c,2026-09-05T04:47:47.746878+00:00,SUCCESS,400,390,10,2.109311496704415,5.571701127486257,2.1467982112965647,97.5,100.0,10_DEADLINE_EXCEEDED
cotop_final_2026_01,attempt_001,corridor_2400m_w40_seed51_wo_tp,realization_corridor_2400m_w40_seed51,wo_tp,corridor_2400m,40,10,51,861f3b94a6d40649c4fc004da8ec795a78506871,9885c1b7b396aa6c99cefbd5114379d2dc4f5ab8b37d4e5ac7d376cd255d20bc,f427576914ea7ca656124ae7ff36b93d7288234820e3ea2bb220f661475f3562,5823d1befd07544b1f9a7a641868dbd5615e02b5ec94aed7d6c2a3051d70b654,6045d3bb648bb055c078628b23cc61175a8ac5dfb8219c2a77a485a2762eff6c,2026-09-05T04:47:48.801934+00:00,SUCCESS,400,389,11,2.1186782360496266,5.602649858740781,6.330639058877955,97.25,100.0,11_DEADLINE_EXCEEDED
cotop_final_2026_01,attempt_001,corridor_2400m_w40_seed51_wo_co,realization_corridor_2400m_w40_seed51,wo_co,corridor_2400m,40,10,51,861f3b94a6d40649c4fc004da8ec795a78506871,9885c1b7b396aa6c99cefbd5114379d2dc4f5ab8b37d4e5ac7d376cd255d20bc,f427576914ea7ca656124ae7ff36b93d7288234820e3ea2bb220f661475f3562,5823d1befd07544b1f9a7a641868dbd5615e02b5ec94aed7d6c2a3051d70b654,6045d3bb648bb055c078628b23cc61175a8ac5dfb8219c2a77a485a2762eff6c,2026-09-05T04:47:49.827622+00:00,SUCCESS,400,390,10,2.083343972486194,5.569247878161785,0.286589916666603,97.5,0.0,10_DEADLINE_EXCEEDED
cotop_final_2026_01,attempt_001,grid_200m_w20_seed42_CoTOP,realization_grid_200m_w20_42,CoTOP,grid_200m,20,10,42,861f3b94a6d40649c4fc004da8ec795a78506871,9885c1b7b396aa6c99cefbd5114379d2dc4f5ab8b37d4e5ac7d376cd255d20bc,f427576914ea7ca656124ae7ff36b93d7288234820e3ea2bb220f661475f3562,a8da4ce99a3ed874a8d14eb6f334632103224883a7704a2117534e8ca858cdfa,6045d3bb648bb055c078628b23cc61175a8ac5dfb8219c2a77a485a2762eff6c,2026-09-05T04:47:50.702547+00:00,SUCCESS,200,200,0,0.660271996014831,1.039016119579072,0.9413690095018211,100.0,99.0,NONE
cotop_final_2026_01,attempt_001,grid_200m_w20_seed42_DDQN,realization_grid_200m_w20_42,DDQN,grid_200m,20,10,42,861f3b94a6d40649c4fc004da8ec795a78506871,9885c1b7b396aa6c99cefbd5114379d2dc4f5ab8b37d4e5ac7d376cd255d20bc,f427576914ea7ca656124ae7ff36b93d7288234820e3ea2bb220f661475f3562,a8da4ce99a3ed874a8d14eb6f334632103224883a7704a2117534e8ca858cdfa,6045d3bb648bb055c078628b23cc61175a8ac5dfb8219c2a77a485a2762eff6c,2026-09-05T04:47:51.660737+00:00,SUCCESS,200,200,0,0.6590294366125556,1.0461301848900164,0.8012524684893644,100.0,42.5,NONE
cotop_final_2026_01,attempt_001,grid_200m_w20_seed42_Local,realization_grid_200m_w20_42,Local,grid_200m,20,10,42,861f3b94a6d40649c4fc004da8ec795a78506871,9885c1b7b396aa6c99cefbd5114379d2dc4f5ab8b37d4e5ac7d376cd255d20bc,f427576914ea7ca656124ae7ff36b93d7288234820e3ea2bb220f661475f3562,a8da4ce99a3ed874a8d14eb6f334632103224883a7704a2117534e8ca858cdfa,6045d3bb648bb055c078628b23cc61175a8ac5dfb8219c2a77a485a2762eff6c,2026-09-05T04:47:52.475633+00:00,SUCCESS,200,200,0,0.6636042213192309,1.0304490909889397,0.2862263154298333,100.0,0.0,NONE
cotop_final_2026_01,attempt_001,grid_200m_w20_seed42_Greedy,realization_grid_200m_w20_42,Greedy,grid_200m,20,10,42,861f3b94a6d40649c4fc004da8ec795a78506871,9885c1b7b396aa6c99cefbd5114379d2dc4f5ab8b37d4e5ac7d376cd255d20bc,f427576914ea7ca656124ae7ff36b93d7288234820e3ea2bb220f661475f3562,a8da4ce99a3ed874a8d14eb6f334632103224883a7704a2117534e8ca858cdfa,6045d3bb648bb055c078628b23cc61175a8ac5dfb8219c2a77a485a2762eff6c,2026-09-05T04:47:53.291305+00:00,SUCCESS,200,200,0,0.6448824012635231,1.0480782553639583,3.1752936059493067,100.0,87.5,NONE
cotop_final_2026_01,attempt_001,grid_200m_w20_seed42_wo_md,realization_grid_200m_w20_42,wo_md,grid_200m,20,10,42,861f3b94a6d40649c4fc004da8ec795a78506871,9885c1b7b396aa6c99cefbd5114379d2dc4f5ab8b37d4e5ac7d376cd255d20bc,f427576914ea7ca656124ae7ff36b93d7288234820e3ea2bb220f661475f3562,a8da4ce99a3ed874a8d14eb6f334632103224883a7704a2117534e8ca858cdfa,6045d3bb648bb055c078628b23cc61175a8ac5dfb8219c2a77a485a2762eff6c,2026-09-05T04:47:53.340853+00:00,SUCCESS,200,200,0,0.6567586349385105,1.0258592567890588,0.7123266550355308,100.0,99.0,NONE
cotop_final_2026_01,attempt_001,grid_200m_w20_seed42_wo_tp,realization_grid_200m_w20_42,wo_tp,grid_200m,20,10,42,861f3b94a6d40649c4fc004da8ec795a78506871,9885c1b7b396aa6c99cefbd5114379d2dc4f5ab8b37d4e5ac7d376cd255d20bc,f427576914ea7ca656124ae7ff36b93d7288234820e3ea2bb220f661475f3562,a8da4ce99a3ed874a8d14eb6f334632103224883a7704a2117534e8ca858cdfa,6045d3bb648bb055c078628b23cc61175a8ac5dfb8219c2a77a485a2762eff6c,2026-09-05T04:47:54.209517+00:00,SUCCESS,200,200,0,0.6594143469677469,1.053162974900927,1.2201978340964637,100.0,100.0,NONE
cotop_final_2026_01,attempt_001,grid_200m_w20_seed42_wo_co,realization_grid_200m_w20_42,wo_co,grid_200m,20,10,42,861f3b94a6d40649c4fc004da8ec795a78506871,9885c1b7b396aa6c99cefbd5114379d2dc4f5ab8b37d4e5ac7d376cd255d20bc,f427576914ea7ca656124ae7ff36b93d7288234820e3ea2bb220f661475f3562,a8da4ce99a3ed874a8d14eb6f334632103224883a7704a2117534e8ca858cdfa,6045d3bb648bb055c078628b23cc61175a8ac5dfb8219c2a77a485a2762eff6c,2026-09-05T04:47:55.027215+00:00,SUCCESS,200,200,0,0.6636042213192309,1.0304490909889397,0.2862263154298333,100.0,0.0,NONE
cotop_final_2026_01,attempt_001,grid_200m_w20_seed43_CoTOP,realization_grid_200m_w20_43,CoTOP,grid_200m,20,10,43,861f3b94a6d40649c4fc004da8ec795a78506871,9885c1b7b396aa6c99cefbd5114379d2dc4f5ab8b37d4e5ac7d376cd255d20bc,f427576914ea7ca656124ae7ff36b93d7288234820e3ea2bb220f661475f3562,e31eb04b48a7312bb56f210f70415d62b484795687d109427d9ed1363903bcb7,6045d3bb648bb055c078628b23cc61175a8ac5dfb8219c2a77a485a2762eff6c,2026-09-05T04:47:55.844957+00:00,SUCCESS,200,200,0,0.6414712757793878,0.9881722453907992,1.0001744592095454,100.0,99.5,NONE
cotop_final_2026_01,attempt_001,grid_200m_w20_seed43_DDQN,realization_grid_200m_w20_43,DDQN,grid_200m,20,10,43,861f3b94a6d40649c4fc004da8ec795a78506871,9885c1b7b396aa6c99cefbd5114379d2dc4f5ab8b37d4e5ac7d376cd255d20bc,f427576914ea7ca656124ae7ff36b93d7288234820e3ea2bb220f661475f3562,e31eb04b48a7312bb56f210f70415d62b484795687d109427d9ed1363903bcb7,6045d3bb648bb055c078628b23cc61175a8ac5dfb8219c2a77a485a2762eff6c,2026-09-05T04:47:56.667921+00:00,SUCCESS,200,200,0,0.637669270069138,0.9881722453907992,0.6915671207851688,100.0,32.0,NONE
cotop_final_2026_01,attempt_001,grid_200m_w20_seed43_Local,realization_grid_200m_w20_43,Local,grid_200m,20,10,43,861f3b94a6d40649c4fc004da8ec795a78506871,9885c1b7b396aa6c99cefbd5114379d2dc4f5ab8b37d4e5ac7d376cd255d20bc,f427576914ea7ca656124ae7ff36b93d7288234820e3ea2bb220f661475f3562,e31eb04b48a7312bb56f210f70415d62b484795687d109427d9ed1363903bcb7,6045d3bb648bb055c078628b23cc61175a8ac5dfb8219c2a77a485a2762eff6c,2026-09-05T04:47:57.486567+00:00,SUCCESS,200,200,0,0.642919495063858,0.9881722453907992,0.2741101993036568,100.0,0.0,NONE
cotop_final_2026_01,attempt_001,grid_200m_w20_seed43_Greedy,realization_grid_200m_w20_43,Greedy,grid_200m,20,10,43,861f3b94a6d40649c4fc004da8ec795a78506871,9885c1b7b396aa6c99cefbd5114379d2dc4f5ab8b37d4e5ac7d376cd255d20bc,f427576914ea7ca656124ae7ff36b93d7288234820e3ea2bb220f661475f3562,e31eb04b48a7312bb56f210f70415d62b484795687d109427d9ed1363903bcb7,6045d3bb648bb055c078628b23cc61175a8ac5dfb8219c2a77a485a2762eff6c,2026-09-05T04:47:58.256893+00:00,SUCCESS,200,200,0,0.6230886331003701,1.0184779942580295,3.127370471241156,100.0,88.5,NONE
cotop_final_2026_01,attempt_001,grid_200m_w20_seed43_wo_md,realization_grid_200m_w20_43,wo_md,grid_200m,20,10,43,861f3b94a6d40649c4fc004da8ec795a78506871,9885c1b7b396aa6c99cefbd5114379d2dc4f5ab8b37d4e5ac7d376cd255d20bc,f427576914ea7ca656124ae7ff36b93d7288234820e3ea2bb220f661475f3562,e31eb04b48a7312bb56f210f70415d62b484795687d109427d9ed1363903bcb7,6045d3bb648bb055c078628b23cc61175a8ac5dfb8219c2a77a485a2762eff6c,2026-09-05T04:47:58.306592+00:00,SUCCESS,200,200,0,0.6367799999958002,0.9881722453907992,0.7538449817385613,100.0,99.5,NONE
cotop_final_2026_01,attempt_001,grid_200m_w20_seed43_wo_tp,realization_grid_200m_w20_43,wo_tp,grid_200m,20,10,43,861f3b94a6d40649c4fc004da8ec795a78506871,9885c1b7b396aa6c99cefbd5114379d2dc4f5ab8b37d4e5ac7d376cd255d20bc,f427576914ea7ca656124ae7ff36b93d7288234820e3ea2bb220f661475f3562,e31eb04b48a7312bb56f210f70415d62b484795687d109427d9ed1363903bcb7,6045d3bb648bb055c078628b23cc61175a8ac5dfb8219c2a77a485a2762eff6c,2026-09-05T04:47:59.088041+00:00,SUCCESS,200,200,0,0.6367087147639894,1.0043095044525547,1.2541333703354196,100.0,100.0,NONE
cotop_final_2026_01,attempt_001,grid_200m_w20_seed43_wo_co,realization_grid_200m_w20_43,wo_co,grid_200m,20,10,43,861f3b94a6d40649c4fc004da8ec795a78506871,9885c1b7b396aa6c99cefbd5114379d2dc4f5ab8b37d4e5ac7d376cd255d20bc,f427576914ea7ca656124ae7ff36b93d7288234820e3ea2bb220f661475f3562,e31eb04b48a7312bb56f210f70415d62b484795687d109427d9ed1363903bcb7,6045d3bb648bb055c078628b23cc61175a8ac5dfb8219c2a77a485a2762eff6c,2026-09-05T04:47:59.866645+00:00,SUCCESS,200,200,0,0.642919495063858,0.9881722453907992,0.2741101993036568,100.0,0.0,NONE
cotop_final_2026_01,attempt_001,grid_200m_w20_seed44_CoTOP,realization_grid_200m_w20_44,CoTOP,grid_200m,20,10,44,861f3b94a6d40649c4fc004da8ec795a78506871,9885c1b7b396aa6c99cefbd5114379d2dc4f5ab8b37d4e5ac7d376cd255d20bc,f427576914ea7ca656124ae7ff36b93d7288234820e3ea2bb220f661475f3562,e024511ac1d2a4933a9b6fb14e0e68102efbc6764454fbdd2bb4387172fb61dd,6045d3bb648bb055c078628b23cc61175a8ac5dfb8219c2a77a485a2762eff6c,2026-09-05T04:48:00.660675+00:00,SUCCESS,200,200,0,0.6316997344790352,0.9766959141372878,0.9064599137048162,100.0,100.0,NONE
cotop_final_2026_01,attempt_001,grid_200m_w20_seed44_DDQN,realization_grid_200m_w20_44,DDQN,grid_200m,20,10,44,861f3b94a6d40649c4fc004da8ec795a78506871,9885c1b7b396aa6c99cefbd5114379d2dc4f5ab8b37d4e5ac7d376cd255d20bc,f427576914ea7ca656124ae7ff36b93d7288234820e3ea2bb220f661475f3562,e024511ac1d2a4933a9b6fb14e0e68102efbc6764454fbdd2bb4387172fb61dd,6045d3bb648bb055c078628b23cc61175a8ac5dfb8219c2a77a485a2762eff6c,2026-09-05T04:48:01.519675+00:00,SUCCESS,200,200,0,0.6291494081834631,0.977329263585022,0.6509669235033164,100.0,36.5,NONE
cotop_final_2026_01,attempt_001,grid_200m_w20_seed44_Local,realization_grid_200m_w20_44,Local,grid_200m,20,10,44,861f3b94a6d40649c4fc004da8ec795a78506871,9885c1b7b396aa6c99cefbd5114379d2dc4f5ab8b37d4e5ac7d376cd255d20bc,f427576914ea7ca656124ae7ff36b93d7288234820e3ea2bb220f661475f3562,e024511ac1d2a4933a9b6fb14e0e68102efbc6764454fbdd2bb4387172fb61dd,6045d3bb648bb055c078628b23cc61175a8ac5dfb8219c2a77a485a2762eff6c,2026-09-05T04:48:02.283973+00:00,SUCCESS,200,200,0,0.6333336205661629,0.9766959141372878,0.2661304660860628,100.0,0.0,NONE
cotop_final_2026_01,attempt_001,grid_200m_w20_seed44_Greedy,realization_grid_200m_w20_44,Greedy,grid_200m,20,10,44,861f3b94a6d40649c4fc004da8ec795a78506871,9885c1b7b396aa6c99cefbd5114379d2dc4f5ab8b37d4e5ac7d376cd255d20bc,f427576914ea7ca656124ae7ff36b93d7288234820e3ea2bb220f661475f3562,e024511ac1d2a4933a9b6fb14e0e68102efbc6764454fbdd2bb4387172fb61dd,6045d3bb648bb055c078628b23cc61175a8ac5dfb8219c2a77a485a2762eff6c,2026-09-05T04:48:03.054281+00:00,SUCCESS,200,200,0,0.6154651482884524,0.9914222650930742,3.0034680504267066,100.0,87.5,NONE
cotop_final_2026_01,attempt_001,grid_200m_w20_seed44_wo_md,realization_grid_200m_w20_44,wo_md,grid_200m,20,10,44,861f3b94a6d40649c4fc004da8ec795a78506871,9885c1b7b396aa6c99cefbd5114379d2dc4f5ab8b37d4e5ac7d376cd255d20bc,f427576914ea7ca656124ae7ff36b93d7288234820e3ea2bb220f661475f3562,e024511ac1d2a4933a9b6fb14e0e68102efbc6764454fbdd2bb4387172fb61dd,6045d3bb648bb055c078628b23cc61175a8ac5dfb8219c2a77a485a2762eff6c,2026-09-05T04:48:03.092963+00:00,SUCCESS,200,200,0,0.6270366022559106,0.9766959141372878,0.6844449040707462,100.0,100.0,NONE
cotop_final_2026_01,attempt_001,grid_200m_w20_seed44_wo_tp,realization_grid_200m_w20_44,wo_tp,grid_200m,20,10,44,861f3b94a6d40649c4fc004da8ec795a78506871,9885c1b7b396aa6c99cefbd5114379d2dc4f5ab8b37d4e5ac7d376cd255d20bc,f427576914ea7ca656124ae7ff36b93d7288234820e3ea2bb220f661475f3562,e024511ac1d2a4933a9b6fb14e0e68102efbc6764454fbdd2bb4387172fb61dd,6045d3bb648bb055c078628b23cc61175a8ac5dfb8219c2a77a485a2762eff6c,2026-09-05T04:48:03.886128+00:00,SUCCESS,200,200,0,0.6286519498726332,0.9934958652568283,1.1945213636913257,100.0,100.0,NONE
cotop_final_2026_01,attempt_001,grid_200m_w20_seed44_wo_co,realization_grid_200m_w20_44,wo_co,grid_200m,20,10,44,861f3b94a6d40649c4fc004da8ec795a78506871,9885c1b7b396aa6c99cefbd5114379d2dc4f5ab8b37d4e5ac7d376cd255d20bc,f427576914ea7ca656124ae7ff36b93d7288234820e3ea2bb220f661475f3562,e024511ac1d2a4933a9b6fb14e0e68102efbc6764454fbdd2bb4387172fb61dd,6045d3bb648bb055c078628b23cc61175a8ac5dfb8219c2a77a485a2762eff6c,2026-09-05T04:48:04.644189+00:00,SUCCESS,200,200,0,0.6333336205661629,0.9766959141372878,0.2661304660860628,100.0,0.0,NONE
cotop_final_2026_01,attempt_001,grid_200m_w20_seed45_CoTOP,realization_grid_200m_w20_45,CoTOP,grid_200m,20,10,45,861f3b94a6d40649c4fc004da8ec795a78506871,9885c1b7b396aa6c99cefbd5114379d2dc4f5ab8b37d4e5ac7d376cd255d20bc,f427576914ea7ca656124ae7ff36b93d7288234820e3ea2bb220f661475f3562,8fae691a7d4403db2c85398ce8793fd241bdbb8a02187e631badad45e28e64bc,6045d3bb648bb055c078628b23cc61175a8ac5dfb8219c2a77a485a2762eff6c,2026-09-05T04:48:05.460980+00:00,SUCCESS,200,200,0,0.6486126828262593,0.9954974554392065,0.9276157278794892,100.0,99.5,NONE
cotop_final_2026_01,attempt_001,grid_200m_w20_seed45_DDQN,realization_grid_200m_w20_45,DDQN,grid_200m,20,10,45,861f3b94a6d40649c4fc004da8ec795a78506871,9885c1b7b396aa6c99cefbd5114379d2dc4f5ab8b37d4e5ac7d376cd255d20bc,f427576914ea7ca656124ae7ff36b93d7288234820e3ea2bb220f661475f3562,8fae691a7d4403db2c85398ce8793fd241bdbb8a02187e631badad45e28e64bc,6045d3bb648bb055c078628b23cc61175a8ac5dfb8219c2a77a485a2762eff6c,2026-09-05T04:48:06.304680+00:00,SUCCESS,200,200,0,0.64367707908003,0.9986730515787917,0.8258430101205768,100.0,36.0,NONE
cotop_final_2026_01,attempt_001,grid_200m_w20_seed45_Local,realization_grid_200m_w20_45,Local,grid_200m,20,10,45,861f3b94a6d40649c4fc004da8ec795a78506871,9885c1b7b396aa6c99cefbd5114379d2dc4f5ab8b37d4e5ac7d376cd255d20bc,f427576914ea7ca656124ae7ff36b93d7288234820e3ea2bb220f661475f3562,8fae691a7d4403db2c85398ce8793fd241bdbb8a02187e631badad45e28e64bc,6045d3bb648bb055c078628b23cc61175a8ac5dfb8219c2a77a485a2762eff6c,2026-09-05T04:48:07.072632+00:00,SUCCESS,200,200,0,0.6507339760045525,0.9954974554392065,0.2970549022854683,100.0,0.0,NONE
cotop_final_2026_01,attempt_001,grid_200m_w20_seed45_Greedy,realization_grid_200m_w20_45,Greedy,grid_200m,20,10,45,861f3b94a6d40649c4fc004da8ec795a78506871,9885c1b7b396aa6c99cefbd5114379d2dc4f5ab8b37d4e5ac7d376cd255d20bc,f427576914ea7ca656124ae7ff36b93d7288234820e3ea2bb220f661475f3562,8fae691a7d4403db2c85398ce8793fd241bdbb8a02187e631badad45e28e64bc,6045d3bb648bb055c078628b23cc61175a8ac5dfb8219c2a77a485a2762eff6c,2026-09-05T04:48:07.865116+00:00,SUCCESS,200,200,0,0.6287382921142789,1.024287069746182,3.089409999106642,100.0,85.5,NONE
cotop_final_2026_01,attempt_001,grid_200m_w20_seed45_wo_md,realization_grid_200m_w20_45,wo_md,grid_200m,20,10,45,861f3b94a6d40649c4fc004da8ec795a78506871,9885c1b7b396aa6c99cefbd5114379d2dc4f5ab8b37d4e5ac7d376cd255d20bc,f427576914ea7ca656124ae7ff36b93d7288234820e3ea2bb220f661475f3562,8fae691a7d4403db2c85398ce8793fd241bdbb8a02187e631badad45e28e64bc,6045d3bb648bb055c078628b23cc61175a8ac5dfb8219c2a77a485a2762eff6c,2026-09-05T04:48:07.912500+00:00,SUCCESS,200,200,0,0.6432741730677916,0.9954974554392065,0.7129393949239997,100.0,99.5,NONE
cotop_final_2026_01,attempt_001,grid_200m_w20_seed45_wo_tp,realization_grid_200m_w20_45,wo_tp,grid_200m,20,10,45,861f3b94a6d40649c4fc004da8ec795a78506871,9885c1b7b396aa6c99cefbd5114379d2dc4f5ab8b37d4e5ac7d376cd255d20bc,f427576914ea7ca656124ae7ff36b93d7288234820e3ea2bb220f661475f3562,8fae691a7d4403db2c85398ce8793fd241bdbb8a02187e631badad45e28e64bc,6045d3bb648bb055c078628b23cc61175a8ac5dfb8219c2a77a485a2762eff6c,2026-09-05T04:48:08.840569+00:00,SUCCESS,200,200,0,0.6455194128566766,1.0197833880140017,1.1678961422135306,100.0,100.0,NONE
cotop_final_2026_01,attempt_001,grid_200m_w20_seed45_wo_co,realization_grid_200m_w20_45,wo_co,grid_200m,20,10,45,861f3b94a6d40649c4fc004da8ec795a78506871,9885c1b7b396aa6c99cefbd5114379d2dc4f5ab8b37d4e5ac7d376cd255d20bc,f427576914ea7ca656124ae7ff36b93d7288234820e3ea2bb220f661475f3562,8fae691a7d4403db2c85398ce8793fd241bdbb8a02187e631badad45e28e64bc,6045d3bb648bb055c078628b23cc61175a8ac5dfb8219c2a77a485a2762eff6c,2026-09-05T04:48:09.659760+00:00,SUCCESS,200,200,0,0.6507339760045525,0.9954974554392065,0.2970549022854683,100.0,0.0,NONE
cotop_final_2026_01,attempt_001,grid_200m_w20_seed46_CoTOP,realization_grid_200m_w20_46,CoTOP,grid_200m,20,10,46,861f3b94a6d40649c4fc004da8ec795a78506871,9885c1b7b396aa6c99cefbd5114379d2dc4f5ab8b37d4e5ac7d376cd255d20bc,f427576914ea7ca656124ae7ff36b93d7288234820e3ea2bb220f661475f3562,aa472acef9b1e2caa6ea22899fbbc437d529a36e00b6a85dc0bf0b1af017afa4,6045d3bb648bb055c078628b23cc61175a8ac5dfb8219c2a77a485a2762eff6c,2026-09-05T04:48:10.480914+00:00,SUCCESS,200,200,0,0.6544521442495901,1.0035980907514561,0.8883853801537981,100.0,100.0,NONE
cotop_final_2026_01,attempt_001,grid_200m_w20_seed46_DDQN,realization_grid_200m_w20_46,DDQN,grid_200m,20,10,46,861f3b94a6d40649c4fc004da8ec795a78506871,9885c1b7b396aa6c99cefbd5114379d2dc4f5ab8b37d4e5ac7d376cd255d20bc,f427576914ea7ca656124ae7ff36b93d7288234820e3ea2bb220f661475f3562,aa472acef9b1e2caa6ea22899fbbc437d529a36e00b6a85dc0bf0b1af017afa4,6045d3bb648bb055c078628b23cc61175a8ac5dfb8219c2a77a485a2762eff6c,2026-09-05T04:48:11.398200+00:00,SUCCESS,200,200,0,0.6495890547236879,1.0058711512276481,0.7969450184785372,100.0,37.0,NONE
cotop_final_2026_01,attempt_001,grid_200m_w20_seed46_Local,realization_grid_200m_w20_46,Local,grid_200m,20,10,46,861f3b94a6d40649c4fc004da8ec795a78506871,9885c1b7b396aa6c99cefbd5114379d2dc4f5ab8b37d4e5ac7d376cd255d20bc,f427576914ea7ca656124ae7ff36b93d7288234820e3ea2bb220f661475f3562,aa472acef9b1e2caa6ea22899fbbc437d529a36e00b6a85dc0bf0b1af017afa4,6045d3bb648bb055c078628b23cc61175a8ac5dfb8219c2a77a485a2762eff6c,2026-09-05T04:48:12.179533+00:00,SUCCESS,200,200,0,0.6564455434000418,1.0035980907514561,0.28166492718625136,100.0,0.0,NONE
cotop_final_2026_01,attempt_001,grid_200m_w20_seed46_Greedy,realization_grid_200m_w20_46,Greedy,grid_200m,20,10,46,861f3b94a6d40649c4fc004da8ec795a78506871,9885c1b7b396aa6c99cefbd5114379d2dc4f5ab8b37d4e5ac7d376cd255d20bc,f427576914ea7ca656124ae7ff36b93d7288234820e3ea2bb220f661475f3562,aa472acef9b1e2caa6ea22899fbbc437d529a36e00b6a85dc0bf0b1af017afa4,6045d3bb648bb055c078628b23cc61175a8ac5dfb8219c2a77a485a2762eff6c,2026-09-05T04:48:12.957722+00:00,SUCCESS,200,200,0,0.6383924416074146,1.0433825123499558,3.234849582327335,100.0,89.5,NONE
cotop_final_2026_01,attempt_001,grid_200m_w20_seed46_wo_md,realization_grid_200m_w20_46,wo_md,grid_200m,20,10,46,861f3b94a6d40649c4fc004da8ec795a78506871,9885c1b7b396aa6c99cefbd5114379d2dc4f5ab8b37d4e5ac7d376cd255d20bc,f427576914ea7ca656124ae7ff36b93d7288234820e3ea2bb220f661475f3562,aa472acef9b1e2caa6ea22899fbbc437d529a36e00b6a85dc0bf0b1af017afa4,6045d3bb648bb055c078628b23cc61175a8ac5dfb8219c2a77a485a2762eff6c,2026-09-05T04:48:13.001228+00:00,SUCCESS,200,200,0,0.6498126208940533,1.0035980907514561,0.685380230103773,100.0,100.0,NONE
cotop_final_2026_01,attempt_001,grid_200m_w20_seed46_wo_tp,realization_grid_200m_w20_46,wo_tp,grid_200m,20,10,46,861f3b94a6d40649c4fc004da8ec795a78506871,9885c1b7b396aa6c99cefbd5114379d2dc4f5ab8b37d4e5ac7d376cd255d20bc,f427576914ea7ca656124ae7ff36b93d7288234820e3ea2bb220f661475f3562,aa472acef9b1e2caa6ea22899fbbc437d529a36e00b6a85dc0bf0b1af017afa4,6045d3bb648bb055c078628b23cc61175a8ac5dfb8219c2a77a485a2762eff6c,2026-09-05T04:48:13.795389+00:00,SUCCESS,200,200,0,0.6521650431526615,1.0340308355777243,1.331841006069905,100.0,100.0,NONE
cotop_final_2026_01,attempt_001,grid_200m_w20_seed46_wo_co,realization_grid_200m_w20_46,wo_co,grid_200m,20,10,46,861f3b94a6d40649c4fc004da8ec795a78506871,9885c1b7b396aa6c99cefbd5114379d2dc4f5ab8b37d4e5ac7d376cd255d20bc,f427576914ea7ca656124ae7ff36b93d7288234820e3ea2bb220f661475f3562,aa472acef9b1e2caa6ea22899fbbc437d529a36e00b6a85dc0bf0b1af017afa4,6045d3bb648bb055c078628b23cc61175a8ac5dfb8219c2a77a485a2762eff6c,2026-09-05T04:48:14.633448+00:00,SUCCESS,200,200,0,0.6564455434000418,1.0035980907514561,0.28166492718625136,100.0,0.0,NONE
cotop_final_2026_01,attempt_001,grid_200m_w20_seed47_CoTOP,realization_grid_200m_w20_seed47,CoTOP,grid_200m,20,10,47,861f3b94a6d40649c4fc004da8ec795a78506871,9885c1b7b396aa6c99cefbd5114379d2dc4f5ab8b37d4e5ac7d376cd255d20bc,f427576914ea7ca656124ae7ff36b93d7288234820e3ea2bb220f661475f3562,3cdf11673187d597401c2fc022de6cdf5ba2561f6bc1524c09d3145428f85316,6045d3bb648bb055c078628b23cc61175a8ac5dfb8219c2a77a485a2762eff6c,2026-09-05T04:48:15.426061+00:00,SUCCESS,200,200,0,0.6344002603428243,0.955729845849628,0.9485232185275584,100.0,100.0,NONE
cotop_final_2026_01,attempt_001,grid_200m_w20_seed47_DDQN,realization_grid_200m_w20_seed47,DDQN,grid_200m,20,10,47,861f3b94a6d40649c4fc004da8ec795a78506871,9885c1b7b396aa6c99cefbd5114379d2dc4f5ab8b37d4e5ac7d376cd255d20bc,f427576914ea7ca656124ae7ff36b93d7288234820e3ea2bb220f661475f3562,3cdf11673187d597401c2fc022de6cdf5ba2561f6bc1524c09d3145428f85316,6045d3bb648bb055c078628b23cc61175a8ac5dfb8219c2a77a485a2762eff6c,2026-09-05T04:48:16.203287+00:00,SUCCESS,200,200,0,0.6300144673561845,0.9630303948212522,0.8400414924006028,100.0,38.0,NONE
cotop_final_2026_01,attempt_001,grid_200m_w20_seed47_Local,realization_grid_200m_w20_seed47,Local,grid_200m,20,10,47,861f3b94a6d40649c4fc004da8ec795a78506871,9885c1b7b396aa6c99cefbd5114379d2dc4f5ab8b37d4e5ac7d376cd255d20bc,f427576914ea7ca656124ae7ff36b93d7288234820e3ea2bb220f661475f3562,3cdf11673187d597401c2fc022de6cdf5ba2561f6bc1524c09d3145428f85316,6045d3bb648bb055c078628b23cc61175a8ac5dfb8219c2a77a485a2762eff6c,2026-09-05T04:48:16.941138+00:00,SUCCESS,200,200,0,0.6356748874563425,0.955729845849628,0.2862461897271332,100.0,0.0,NONE
cotop_final_2026_01,attempt_001,grid_200m_w20_seed47_Greedy,realization_grid_200m_w20_seed47,Greedy,grid_200m,20,10,47,861f3b94a6d40649c4fc004da8ec795a78506871,9885c1b7b396aa6c99cefbd5114379d2dc4f5ab8b37d4e5ac7d376cd255d20bc,f427576914ea7ca656124ae7ff36b93d7288234820e3ea2bb220f661475f3562,3cdf11673187d597401c2fc022de6cdf5ba2561f6bc1524c09d3145428f85316,6045d3bb648bb055c078628b23cc61175a8ac5dfb8219c2a77a485a2762eff6c,2026-09-05T04:48:17.720934+00:00,SUCCESS,200,200,0,0.6140365487596778,0.9782373000318242,3.0409590617317575,100.0,86.0,NONE
cotop_final_2026_01,attempt_001,grid_200m_w20_seed47_wo_md,realization_grid_200m_w20_seed47,wo_md,grid_200m,20,10,47,861f3b94a6d40649c4fc004da8ec795a78506871,9885c1b7b396aa6c99cefbd5114379d2dc4f5ab8b37d4e5ac7d376cd255d20bc,f427576914ea7ca656124ae7ff36b93d7288234820e3ea2bb220f661475f3562,3cdf11673187d597401c2fc022de6cdf5ba2561f6bc1524c09d3145428f85316,6045d3bb648bb055c078628b23cc61175a8ac5dfb8219c2a77a485a2762eff6c,2026-09-05T04:48:17.766565+00:00,SUCCESS,200,200,0,0.6295579284722648,0.955729845849628,0.7337335870733446,100.0,100.0,NONE
cotop_final_2026_01,attempt_001,grid_200m_w20_seed47_wo_tp,realization_grid_200m_w20_seed47,wo_tp,grid_200m,20,10,47,861f3b94a6d40649c4fc004da8ec795a78506871,9885c1b7b396aa6c99cefbd5114379d2dc4f5ab8b37d4e5ac7d376cd255d20bc,f427576914ea7ca656124ae7ff36b93d7288234820e3ea2bb220f661475f3562,3cdf11673187d597401c2fc022de6cdf5ba2561f6bc1524c09d3145428f85316,6045d3bb648bb055c078628b23cc61175a8ac5dfb8219c2a77a485a2762eff6c,2026-09-05T04:48:18.595675+00:00,SUCCESS,200,200,0,0.633376650311174,1.01563721151325,1.249007725821727,100.0,100.0,NONE
cotop_final_2026_01,attempt_001,grid_200m_w20_seed47_wo_co,realization_grid_200m_w20_seed47,wo_co,grid_200m,20,10,47,861f3b94a6d40649c4fc004da8ec795a78506871,9885c1b7b396aa6c99cefbd5114379d2dc4f5ab8b37d4e5ac7d376cd255d20bc,f427576914ea7ca656124ae7ff36b93d7288234820e3ea2bb220f661475f3562,3cdf11673187d597401c2fc022de6cdf5ba2561f6bc1524c09d3145428f85316,6045d3bb648bb055c078628b23cc61175a8ac5dfb8219c2a77a485a2762eff6c,2026-09-05T04:48:19.367959+00:00,SUCCESS,200,200,0,0.6356748874563425,0.955729845849628,0.2862461897271332,100.0,0.0,NONE
cotop_final_2026_01,attempt_001,grid_200m_w20_seed48_CoTOP,realization_grid_200m_w20_seed48,CoTOP,grid_200m,20,10,48,861f3b94a6d40649c4fc004da8ec795a78506871,9885c1b7b396aa6c99cefbd5114379d2dc4f5ab8b37d4e5ac7d376cd255d20bc,f427576914ea7ca656124ae7ff36b93d7288234820e3ea2bb220f661475f3562,0bbff03f9f099996a15d5bd6d70141233161de94f38c091dc803af7eac602329,6045d3bb648bb055c078628b23cc61175a8ac5dfb8219c2a77a485a2762eff6c,2026-09-05T04:48:20.179865+00:00,SUCCESS,200,200,0,0.6488661344100336,0.9798637836506878,0.9666702740977883,100.0,100.0,NONE
cotop_final_2026_01,attempt_001,grid_200m_w20_seed48_DDQN,realization_grid_200m_w20_seed48,DDQN,grid_200m,20,10,48,861f3b94a6d40649c4fc004da8ec795a78506871,9885c1b7b396aa6c99cefbd5114379d2dc4f5ab8b37d4e5ac7d376cd255d20bc,f427576914ea7ca656124ae7ff36b93d7288234820e3ea2bb220f661475f3562,0bbff03f9f099996a15d5bd6d70141233161de94f38c091dc803af7eac602329,6045d3bb648bb055c078628b23cc61175a8ac5dfb8219c2a77a485a2762eff6c,2026-09-05T04:48:20.986970+00:00,SUCCESS,200,200,0,0.6444283156926898,0.9852567546185016,0.867447754743393,100.0,37.0,NONE
cotop_final_2026_01,attempt_001,grid_200m_w20_seed48_Local,realization_grid_200m_w20_seed48,Local,grid_200m,20,10,48,861f3b94a6d40649c4fc004da8ec795a78506871,9885c1b7b396aa6c99cefbd5114379d2dc4f5ab8b37d4e5ac7d376cd255d20bc,f427576914ea7ca656124ae7ff36b93d7288234820e3ea2bb220f661475f3562,0bbff03f9f099996a15d5bd6d70141233161de94f38c091dc803af7eac602329,6045d3bb648bb055c078628b23cc61175a8ac5dfb8219c2a77a485a2762eff6c,2026-09-05T04:48:21.773239+00:00,SUCCESS,200,200,0,0.6513117517868516,0.9798637836506878,0.3009330800544729,100.0,0.0,NONE
cotop_final_2026_01,attempt_001,grid_200m_w20_seed48_Greedy,realization_grid_200m_w20_seed48,Greedy,grid_200m,20,10,48,861f3b94a6d40649c4fc004da8ec795a78506871,9885c1b7b396aa6c99cefbd5114379d2dc4f5ab8b37d4e5ac7d376cd255d20bc,f427576914ea7ca656124ae7ff36b93d7288234820e3ea2bb220f661475f3562,0bbff03f9f099996a15d5bd6d70141233161de94f38c091dc803af7eac602329,6045d3bb648bb055c078628b23cc61175a8ac5dfb8219c2a77a485a2762eff6c,2026-09-05T04:48:22.673608+00:00,SUCCESS,200,200,0,0.6280245032590467,0.9987484867918915,3.274915328175602,100.0,90.0,NONE
cotop_final_2026_01,attempt_001,grid_200m_w20_seed48_wo_md,realization_grid_200m_w20_seed48,wo_md,grid_200m,20,10,48,861f3b94a6d40649c4fc004da8ec795a78506871,9885c1b7b396aa6c99cefbd5114379d2dc4f5ab8b37d4e5ac7d376cd255d20bc,f427576914ea7ca656124ae7ff36b93d7288234820e3ea2bb220f661475f3562,0bbff03f9f099996a15d5bd6d70141233161de94f38c091dc803af7eac602329,6045d3bb648bb055c078628b23cc61175a8ac5dfb8219c2a77a485a2762eff6c,2026-09-05T04:48:22.720835+00:00,SUCCESS,200,200,0,0.6436301435310152,0.9798637836506878,0.7399758339231588,100.0,100.0,NONE
cotop_final_2026_01,attempt_001,grid_200m_w20_seed48_wo_tp,realization_grid_200m_w20_seed48,wo_tp,grid_200m,20,10,48,861f3b94a6d40649c4fc004da8ec795a78506871,9885c1b7b396aa6c99cefbd5114379d2dc4f5ab8b37d4e5ac7d376cd255d20bc,f427576914ea7ca656124ae7ff36b93d7288234820e3ea2bb220f661475f3562,0bbff03f9f099996a15d5bd6d70141233161de94f38c091dc803af7eac602329,6045d3bb648bb055c078628b23cc61175a8ac5dfb8219c2a77a485a2762eff6c,2026-09-05T04:48:23.521163+00:00,SUCCESS,200,200,0,0.6423387228840443,1.0060795291580185,1.3997114130278994,100.0,100.0,NONE
cotop_final_2026_01,attempt_001,grid_200m_w20_seed48_wo_co,realization_grid_200m_w20_seed48,wo_co,grid_200m,20,10,48,861f3b94a6d40649c4fc004da8ec795a78506871,9885c1b7b396aa6c99cefbd5114379d2dc4f5ab8b37d4e5ac7d376cd255d20bc,f427576914ea7ca656124ae7ff36b93d7288234820e3ea2bb220f661475f3562,0bbff03f9f099996a15d5bd6d70141233161de94f38c091dc803af7eac602329,6045d3bb648bb055c078628b23cc61175a8ac5dfb8219c2a77a485a2762eff6c,2026-09-05T04:48:24.297442+00:00,SUCCESS,200,200,0,0.6513117517868516,0.9798637836506878,0.3009330800544729,100.0,0.0,NONE
cotop_final_2026_01,attempt_001,grid_200m_w20_seed49_CoTOP,realization_grid_200m_w20_seed49,CoTOP,grid_200m,20,10,49,861f3b94a6d40649c4fc004da8ec795a78506871,9885c1b7b396aa6c99cefbd5114379d2dc4f5ab8b37d4e5ac7d376cd255d20bc,f427576914ea7ca656124ae7ff36b93d7288234820e3ea2bb220f661475f3562,6a64639e21d4f3e76a60915870be61ee5bafbd2cd434df11e18d032c140415eb,6045d3bb648bb055c078628b23cc61175a8ac5dfb8219c2a77a485a2762eff6c,2026-09-05T04:48:25.092168+00:00,SUCCESS,200,200,0,0.6306071299806321,0.9839887622497847,0.8898733252778877,100.0,100.0,NONE
cotop_final_2026_01,attempt_001,grid_200m_w20_seed49_DDQN,realization_grid_200m_w20_seed49,DDQN,grid_200m,20,10,49,861f3b94a6d40649c4fc004da8ec795a78506871,9885c1b7b396aa6c99cefbd5114379d2dc4f5ab8b37d4e5ac7d376cd255d20bc,f427576914ea7ca656124ae7ff36b93d7288234820e3ea2bb220f661475f3562,6a64639e21d4f3e76a60915870be61ee5bafbd2cd434df11e18d032c140415eb,6045d3bb648bb055c078628b23cc61175a8ac5dfb8219c2a77a485a2762eff6c,2026-09-05T04:48:25.861961+00:00,SUCCESS,200,200,0,0.6255477162472908,0.9784675319220998,0.8139469148763365,100.0,39.0,NONE
cotop_final_2026_01,attempt_001,grid_200m_w20_seed49_Local,realization_grid_200m_w20_seed49,Local,grid_200m,20,10,49,861f3b94a6d40649c4fc004da8ec795a78506871,9885c1b7b396aa6c99cefbd5114379d2dc4f5ab8b37d4e5ac7d376cd255d20bc,f427576914ea7ca656124ae7ff36b93d7288234820e3ea2bb220f661475f3562,6a64639e21d4f3e76a60915870be61ee5bafbd2cd434df11e18d032c140415eb,6045d3bb648bb055c078628b23cc61175a8ac5dfb8219c2a77a485a2762eff6c,2026-09-05T04:48:26.626318+00:00,SUCCESS,200,200,0,0.632162622676328,0.9839887622497847,0.27780707565367246,100.0,0.0,NONE
cotop_final_2026_01,attempt_001,grid_200m_w20_seed49_Greedy,realization_grid_200m_w20_seed49,Greedy,grid_200m,20,10,49,861f3b94a6d40649c4fc004da8ec795a78506871,9885c1b7b396aa6c99cefbd5114379d2dc4f5ab8b37d4e5ac7d376cd255d20bc,f427576914ea7ca656124ae7ff36b93d7288234820e3ea2bb220f661475f3562,6a64639e21d4f3e76a60915870be61ee5bafbd2cd434df11e18d032c140415eb,6045d3bb648bb055c078628b23cc61175a8ac5dfb8219c2a77a485a2762eff6c,2026-09-05T04:48:27.411002+00:00,SUCCESS,200,200,0,0.6123693063198853,0.9862633862477754,2.9894721004595795,100.0,87.0,NONE
cotop_final_2026_01,attempt_001,grid_200m_w20_seed49_wo_md,realization_grid_200m_w20_seed49,wo_md,grid_200m,20,10,49,861f3b94a6d40649c4fc004da8ec795a78506871,9885c1b7b396aa6c99cefbd5114379d2dc4f5ab8b37d4e5ac7d376cd255d20bc,f427576914ea7ca656124ae7ff36b93d7288234820e3ea2bb220f661475f3562,6a64639e21d4f3e76a60915870be61ee5bafbd2cd434df11e18d032c140415eb,6045d3bb648bb055c078628b23cc61175a8ac5dfb8219c2a77a485a2762eff6c,2026-09-05T04:48:27.460513+00:00,SUCCESS,200,200,0,0.6255156294562585,0.9839887622497847,0.6863935673924408,100.0,100.0,NONE
cotop_final_2026_01,attempt_001,grid_200m_w20_seed49_wo_tp,realization_grid_200m_w20_seed49,wo_tp,grid_200m,20,10,49,861f3b94a6d40649c4fc004da8ec795a78506871,9885c1b7b396aa6c99cefbd5114379d2dc4f5ab8b37d4e5ac7d376cd255d20bc,f427576914ea7ca656124ae7ff36b93d7288234820e3ea2bb220f661475f3562,6a64639e21d4f3e76a60915870be61ee5bafbd2cd434df11e18d032c140415eb,6045d3bb648bb055c078628b23cc61175a8ac5dfb8219c2a77a485a2762eff6c,2026-09-05T04:48:28.239795+00:00,SUCCESS,200,200,0,0.6276606086994073,1.0339808901198617,1.2408042914466575,100.0,100.0,NONE
cotop_final_2026_01,attempt_001,grid_200m_w20_seed49_wo_co,realization_grid_200m_w20_seed49,wo_co,grid_200m,20,10,49,861f3b94a6d40649c4fc004da8ec795a78506871,9885c1b7b396aa6c99cefbd5114379d2dc4f5ab8b37d4e5ac7d376cd255d20bc,f427576914ea7ca656124ae7ff36b93d7288234820e3ea2bb220f661475f3562,6a64639e21d4f3e76a60915870be61ee5bafbd2cd434df11e18d032c140415eb,6045d3bb648bb055c078628b23cc61175a8ac5dfb8219c2a77a485a2762eff6c,2026-09-05T04:48:29.014157+00:00,SUCCESS,200,200,0,0.632162622676328,0.9839887622497847,0.27780707565367246,100.0,0.0,NONE
cotop_final_2026_01,attempt_001,grid_200m_w20_seed50_CoTOP,realization_grid_200m_w20_seed50,CoTOP,grid_200m,20,10,50,861f3b94a6d40649c4fc004da8ec795a78506871,9885c1b7b396aa6c99cefbd5114379d2dc4f5ab8b37d4e5ac7d376cd255d20bc,f427576914ea7ca656124ae7ff36b93d7288234820e3ea2bb220f661475f3562,12fbb46a3d4dad38c2a44530a1a2cc0171fb051d6ec4ef6c7519ad2c59ab82cc,6045d3bb648bb055c078628b23cc61175a8ac5dfb8219c2a77a485a2762eff6c,2026-09-05T04:48:29.827981+00:00,SUCCESS,200,200,0,0.6626779965949998,1.0211173355757721,0.9285037541703276,100.0,100.0,NONE
cotop_final_2026_01,attempt_001,grid_200m_w20_seed50_DDQN,realization_grid_200m_w20_seed50,DDQN,grid_200m,20,10,50,861f3b94a6d40649c4fc004da8ec795a78506871,9885c1b7b396aa6c99cefbd5114379d2dc4f5ab8b37d4e5ac7d376cd255d20bc,f427576914ea7ca656124ae7ff36b93d7288234820e3ea2bb220f661475f3562,12fbb46a3d4dad38c2a44530a1a2cc0171fb051d6ec4ef6c7519ad2c59ab82cc,6045d3bb648bb055c078628b23cc61175a8ac5dfb8219c2a77a485a2762eff6c,2026-09-05T04:48:30.639839+00:00,SUCCESS,200,200,0,0.6574111258191604,1.0198344931572665,0.8418212059169125,100.0,34.0,NONE
cotop_final_2026_01,attempt_001,grid_200m_w20_seed50_Local,realization_grid_200m_w20_seed50,Local,grid_200m,20,10,50,861f3b94a6d40649c4fc004da8ec795a78506871,9885c1b7b396aa6c99cefbd5114379d2dc4f5ab8b37d4e5ac7d376cd255d20bc,f427576914ea7ca656124ae7ff36b93d7288234820e3ea2bb220f661475f3562,12fbb46a3d4dad38c2a44530a1a2cc0171fb051d6ec4ef6c7519ad2c59ab82cc,6045d3bb648bb055c078628b23cc61175a8ac5dfb8219c2a77a485a2762eff6c,2026-09-05T04:48:31.424623+00:00,SUCCESS,200,200,0,0.6644230876307554,1.0211173355757721,0.2852528116379087,100.0,0.0,NONE
cotop_final_2026_01,attempt_001,grid_200m_w20_seed50_Greedy,realization_grid_200m_w20_seed50,Greedy,grid_200m,20,10,50,861f3b94a6d40649c4fc004da8ec795a78506871,9885c1b7b396aa6c99cefbd5114379d2dc4f5ab8b37d4e5ac7d376cd255d20bc,f427576914ea7ca656124ae7ff36b93d7288234820e3ea2bb220f661475f3562,12fbb46a3d4dad38c2a44530a1a2cc0171fb051d6ec4ef6c7519ad2c59ab82cc,6045d3bb648bb055c078628b23cc61175a8ac5dfb8219c2a77a485a2762eff6c,2026-09-05T04:48:32.239153+00:00,SUCCESS,200,200,0,0.6449875259215986,1.0484929389537416,3.274795641074943,100.0,89.5,NONE
cotop_final_2026_01,attempt_001,grid_200m_w20_seed50_wo_md,realization_grid_200m_w20_seed50,wo_md,grid_200m,20,10,50,861f3b94a6d40649c4fc004da8ec795a78506871,9885c1b7b396aa6c99cefbd5114379d2dc4f5ab8b37d4e5ac7d376cd255d20bc,f427576914ea7ca656124ae7ff36b93d7288234820e3ea2bb220f661475f3562,12fbb46a3d4dad38c2a44530a1a2cc0171fb051d6ec4ef6c7519ad2c59ab82cc,6045d3bb648bb055c078628b23cc61175a8ac5dfb8219c2a77a485a2762eff6c,2026-09-05T04:48:32.388503+00:00,SUCCESS,200,200,0,0.6578593069518953,1.0211173355757721,0.7044640826203598,100.0,100.0,NONE
cotop_final_2026_01,attempt_001,grid_200m_w20_seed50_wo_tp,realization_grid_200m_w20_seed50,wo_tp,grid_200m,20,10,50,861f3b94a6d40649c4fc004da8ec795a78506871,9885c1b7b396aa6c99cefbd5114379d2dc4f5ab8b37d4e5ac7d376cd255d20bc,f427576914ea7ca656124ae7ff36b93d7288234820e3ea2bb220f661475f3562,12fbb46a3d4dad38c2a44530a1a2cc0171fb051d6ec4ef6c7519ad2c59ab82cc,6045d3bb648bb055c078628b23cc61175a8ac5dfb8219c2a77a485a2762eff6c,2026-09-05T04:48:33.186819+00:00,SUCCESS,200,200,0,0.6584276968053984,1.0349141114218403,1.3642091663431017,100.0,100.0,NONE
cotop_final_2026_01,attempt_001,grid_200m_w20_seed50_wo_co,realization_grid_200m_w20_seed50,wo_co,grid_200m,20,10,50,861f3b94a6d40649c4fc004da8ec795a78506871,9885c1b7b396aa6c99cefbd5114379d2dc4f5ab8b37d4e5ac7d376cd255d20bc,f427576914ea7ca656124ae7ff36b93d7288234820e3ea2bb220f661475f3562,12fbb46a3d4dad38c2a44530a1a2cc0171fb051d6ec4ef6c7519ad2c59ab82cc,6045d3bb648bb055c078628b23cc61175a8ac5dfb8219c2a77a485a2762eff6c,2026-09-05T04:48:33.963384+00:00,SUCCESS,200,200,0,0.6644230876307554,1.0211173355757721,0.2852528116379087,100.0,0.0,NONE
cotop_final_2026_01,attempt_001,grid_200m_w20_seed51_CoTOP,realization_grid_200m_w20_seed51,CoTOP,grid_200m,20,10,51,861f3b94a6d40649c4fc004da8ec795a78506871,9885c1b7b396aa6c99cefbd5114379d2dc4f5ab8b37d4e5ac7d376cd255d20bc,f427576914ea7ca656124ae7ff36b93d7288234820e3ea2bb220f661475f3562,c10cb5275eec2396074d1cd29354a2c1a7804964cc0b8f61f81dc12f9308c3ec,6045d3bb648bb055c078628b23cc61175a8ac5dfb8219c2a77a485a2762eff6c,2026-09-05T04:48:34.774929+00:00,SUCCESS,200,200,0,0.6476584673616392,1.0104681181609674,0.928655230682422,100.0,99.5,NONE
cotop_final_2026_01,attempt_001,grid_200m_w20_seed51_DDQN,realization_grid_200m_w20_seed51,DDQN,grid_200m,20,10,51,861f3b94a6d40649c4fc004da8ec795a78506871,9885c1b7b396aa6c99cefbd5114379d2dc4f5ab8b37d4e5ac7d376cd255d20bc,f427576914ea7ca656124ae7ff36b93d7288234820e3ea2bb220f661475f3562,c10cb5275eec2396074d1cd29354a2c1a7804964cc0b8f61f81dc12f9308c3ec,6045d3bb648bb055c078628b23cc61175a8ac5dfb8219c2a77a485a2762eff6c,2026-09-05T04:48:35.537472+00:00,SUCCESS,200,200,0,0.6433182094485798,1.008451519589372,0.8579632999699061,100.0,36.5,NONE
cotop_final_2026_01,attempt_001,grid_200m_w20_seed51_Local,realization_grid_200m_w20_seed51,Local,grid_200m,20,10,51,861f3b94a6d40649c4fc004da8ec795a78506871,9885c1b7b396aa6c99cefbd5114379d2dc4f5ab8b37d4e5ac7d376cd255d20bc,f427576914ea7ca656124ae7ff36b93d7288234820e3ea2bb220f661475f3562,c10cb5275eec2396074d1cd29354a2c1a7804964cc0b8f61f81dc12f9308c3ec,6045d3bb648bb055c078628b23cc61175a8ac5dfb8219c2a77a485a2762eff6c,2026-09-05T04:48:36.327117+00:00,SUCCESS,200,200,0,0.6486460427384125,1.0104681181609674,0.2802307933031292,100.0,0.0,NONE
cotop_final_2026_01,attempt_001,grid_200m_w20_seed51_Greedy,realization_grid_200m_w20_seed51,Greedy,grid_200m,20,10,51,861f3b94a6d40649c4fc004da8ec795a78506871,9885c1b7b396aa6c99cefbd5114379d2dc4f5ab8b37d4e5ac7d376cd255d20bc,f427576914ea7ca656124ae7ff36b93d7288234820e3ea2bb220f661475f3562,c10cb5275eec2396074d1cd29354a2c1a7804964cc0b8f61f81dc12f9308c3ec,6045d3bb648bb055c078628b23cc61175a8ac5dfb8219c2a77a485a2762eff6c,2026-09-05T04:48:37.092869+00:00,SUCCESS,200,200,0,0.6292194745798988,1.0421331345341833,3.1371411781538256,100.0,88.5,NONE
cotop_final_2026_01,attempt_001,grid_200m_w20_seed51_wo_md,realization_grid_200m_w20_seed51,wo_md,grid_200m,20,10,51,861f3b94a6d40649c4fc004da8ec795a78506871,9885c1b7b396aa6c99cefbd5114379d2dc4f5ab8b37d4e5ac7d376cd255d20bc,f427576914ea7ca656124ae7ff36b93d7288234820e3ea2bb220f661475f3562,c10cb5275eec2396074d1cd29354a2c1a7804964cc0b8f61f81dc12f9308c3ec,6045d3bb648bb055c078628b23cc61175a8ac5dfb8219c2a77a485a2762eff6c,2026-09-05T04:48:37.137699+00:00,SUCCESS,200,200,0,0.6432969385768132,1.0104681181609674,0.7039354787494244,100.0,99.5,NONE
cotop_final_2026_01,attempt_001,grid_200m_w20_seed51_wo_tp,realization_grid_200m_w20_seed51,wo_tp,grid_200m,20,10,51,861f3b94a6d40649c4fc004da8ec795a78506871,9885c1b7b396aa6c99cefbd5114379d2dc4f5ab8b37d4e5ac7d376cd255d20bc,f427576914ea7ca656124ae7ff36b93d7288234820e3ea2bb220f661475f3562,c10cb5275eec2396074d1cd29354a2c1a7804964cc0b8f61f81dc12f9308c3ec,6045d3bb648bb055c078628b23cc61175a8ac5dfb8219c2a77a485a2762eff6c,2026-09-05T04:48:37.926309+00:00,SUCCESS,200,200,0,0.644772987272006,1.0454229338157541,1.3233266999652256,100.0,100.0,NONE
cotop_final_2026_01,attempt_001,grid_200m_w20_seed51_wo_co,realization_grid_200m_w20_seed51,wo_co,grid_200m,20,10,51,861f3b94a6d40649c4fc004da8ec795a78506871,9885c1b7b396aa6c99cefbd5114379d2dc4f5ab8b37d4e5ac7d376cd255d20bc,f427576914ea7ca656124ae7ff36b93d7288234820e3ea2bb220f661475f3562,c10cb5275eec2396074d1cd29354a2c1a7804964cc0b8f61f81dc12f9308c3ec,6045d3bb648bb055c078628b23cc61175a8ac5dfb8219c2a77a485a2762eff6c,2026-09-05T04:48:38.718388+00:00,SUCCESS,200,200,0,0.6486460427384125,1.0104681181609674,0.2802307933031292,100.0,0.0,NONE
cotop_final_2026_01,attempt_001,grid_200m_w30_seed42_CoTOP,realization_grid_200m_w30_42,CoTOP,grid_200m,30,10,42,861f3b94a6d40649c4fc004da8ec795a78506871,9885c1b7b396aa6c99cefbd5114379d2dc4f5ab8b37d4e5ac7d376cd255d20bc,f427576914ea7ca656124ae7ff36b93d7288234820e3ea2bb220f661475f3562,32aee6919d8d71451883bf6e35e138ab72d21babff98728b2d1d273cb4b3355d,6045d3bb648bb055c078628b23cc61175a8ac5dfb8219c2a77a485a2762eff6c,2026-09-05T04:48:39.575435+00:00,SUCCESS,300,300,0,0.6740763437027395,1.013497074138992,0.9571877483394663,100.0,100.0,NONE
cotop_final_2026_01,attempt_001,grid_200m_w30_seed42_DDQN,realization_grid_200m_w30_42,DDQN,grid_200m,30,10,42,861f3b94a6d40649c4fc004da8ec795a78506871,9885c1b7b396aa6c99cefbd5114379d2dc4f5ab8b37d4e5ac7d376cd255d20bc,f427576914ea7ca656124ae7ff36b93d7288234820e3ea2bb220f661475f3562,32aee6919d8d71451883bf6e35e138ab72d21babff98728b2d1d273cb4b3355d,6045d3bb648bb055c078628b23cc61175a8ac5dfb8219c2a77a485a2762eff6c,2026-09-05T04:48:40.396297+00:00,SUCCESS,300,300,0,0.66549982221497,1.013497074138992,0.7388622546919572,100.0,39.0,NONE
cotop_final_2026_01,attempt_001,grid_200m_w30_seed42_Local,realization_grid_200m_w30_42,Local,grid_200m,30,10,42,861f3b94a6d40649c4fc004da8ec795a78506871,9885c1b7b396aa6c99cefbd5114379d2dc4f5ab8b37d4e5ac7d376cd255d20bc,f427576914ea7ca656124ae7ff36b93d7288234820e3ea2bb220f661475f3562,32aee6919d8d71451883bf6e35e138ab72d21babff98728b2d1d273cb4b3355d,6045d3bb648bb055c078628b23cc61175a8ac5dfb8219c2a77a485a2762eff6c,2026-09-05T04:48:41.200981+00:00,SUCCESS,300,300,0,0.6782907506345437,1.013497074138992,0.2897779118688253,100.0,0.0,NONE
cotop_final_2026_01,attempt_001,grid_200m_w30_seed42_Greedy,realization_grid_200m_w30_42,Greedy,grid_200m,30,10,42,861f3b94a6d40649c4fc004da8ec795a78506871,9885c1b7b396aa6c99cefbd5114379d2dc4f5ab8b37d4e5ac7d376cd255d20bc,f427576914ea7ca656124ae7ff36b93d7288234820e3ea2bb220f661475f3562,32aee6919d8d71451883bf6e35e138ab72d21babff98728b2d1d273cb4b3355d,6045d3bb648bb055c078628b23cc61175a8ac5dfb8219c2a77a485a2762eff6c,2026-09-05T04:48:42.029295+00:00,SUCCESS,300,300,0,0.6351701670317762,1.029539860926435,3.19122321874777,100.0,89.33333333333333,NONE
cotop_final_2026_01,attempt_001,grid_200m_w30_seed42_wo_md,realization_grid_200m_w30_42,wo_md,grid_200m,30,10,42,861f3b94a6d40649c4fc004da8ec795a78506871,9885c1b7b396aa6c99cefbd5114379d2dc4f5ab8b37d4e5ac7d376cd255d20bc,f427576914ea7ca656124ae7ff36b93d7288234820e3ea2bb220f661475f3562,32aee6919d8d71451883bf6e35e138ab72d21babff98728b2d1d273cb4b3355d,6045d3bb648bb055c078628b23cc61175a8ac5dfb8219c2a77a485a2762eff6c,2026-09-05T04:48:42.192347+00:00,SUCCESS,300,300,0,0.6677879541363918,1.013497074138992,0.7260286432356482,100.0,100.0,NONE
cotop_final_2026_01,attempt_001,grid_200m_w30_seed42_wo_tp,realization_grid_200m_w30_42,wo_tp,grid_200m,30,10,42,861f3b94a6d40649c4fc004da8ec795a78506871,9885c1b7b396aa6c99cefbd5114379d2dc4f5ab8b37d4e5ac7d376cd255d20bc,f427576914ea7ca656124ae7ff36b93d7288234820e3ea2bb220f661475f3562,32aee6919d8d71451883bf6e35e138ab72d21babff98728b2d1d273cb4b3355d,6045d3bb648bb055c078628b23cc61175a8ac5dfb8219c2a77a485a2762eff6c,2026-09-05T04:48:43.041512+00:00,SUCCESS,300,300,0,0.662178055156406,1.0548664159579277,1.4703639197069904,100.0,100.0,NONE
cotop_final_2026_01,attempt_001,grid_200m_w30_seed42_wo_co,realization_grid_200m_w30_42,wo_co,grid_200m,30,10,42,861f3b94a6d40649c4fc004da8ec795a78506871,9885c1b7b396aa6c99cefbd5114379d2dc4f5ab8b37d4e5ac7d376cd255d20bc,f427576914ea7ca656124ae7ff36b93d7288234820e3ea2bb220f661475f3562,32aee6919d8d71451883bf6e35e138ab72d21babff98728b2d1d273cb4b3355d,6045d3bb648bb055c078628b23cc61175a8ac5dfb8219c2a77a485a2762eff6c,2026-09-05T04:48:43.870100+00:00,SUCCESS,300,300,0,0.6782907506345437,1.013497074138992,0.2897779118688253,100.0,0.0,NONE
cotop_final_2026_01,attempt_001,grid_200m_w30_seed43_CoTOP,realization_grid_200m_w30_43,CoTOP,grid_200m,30,10,43,861f3b94a6d40649c4fc004da8ec795a78506871,9885c1b7b396aa6c99cefbd5114379d2dc4f5ab8b37d4e5ac7d376cd255d20bc,f427576914ea7ca656124ae7ff36b93d7288234820e3ea2bb220f661475f3562,c30ace34300085764bc6626e87c687359ea9e99eb8826c0fed6c444166df38f0,6045d3bb648bb055c078628b23cc61175a8ac5dfb8219c2a77a485a2762eff6c,2026-09-05T04:48:44.706441+00:00,SUCCESS,300,300,0,0.6732199163135156,1.02373630817382,0.9024425548982886,100.0,100.0,NONE
cotop_final_2026_01,attempt_001,grid_200m_w30_seed43_DDQN,realization_grid_200m_w30_43,DDQN,grid_200m,30,10,43,861f3b94a6d40649c4fc004da8ec795a78506871,9885c1b7b396aa6c99cefbd5114379d2dc4f5ab8b37d4e5ac7d376cd255d20bc,f427576914ea7ca656124ae7ff36b93d7288234820e3ea2bb220f661475f3562,c30ace34300085764bc6626e87c687359ea9e99eb8826c0fed6c444166df38f0,6045d3bb648bb055c078628b23cc61175a8ac5dfb8219c2a77a485a2762eff6c,2026-09-05T04:48:45.499455+00:00,SUCCESS,300,300,0,0.6632100409585424,1.0191911364526371,0.9476817225597093,100.0,40.0,NONE
cotop_final_2026_01,attempt_001,grid_200m_w30_seed43_Local,realization_grid_200m_w30_43,Local,grid_200m,30,10,43,861f3b94a6d40649c4fc004da8ec795a78506871,9885c1b7b396aa6c99cefbd5114379d2dc4f5ab8b37d4e5ac7d376cd255d20bc,f427576914ea7ca656124ae7ff36b93d7288234820e3ea2bb220f661475f3562,c30ace34300085764bc6626e87c687359ea9e99eb8826c0fed6c444166df38f0,6045d3bb648bb055c078628b23cc61175a8ac5dfb8219c2a77a485a2762eff6c,2026-09-05T04:48:46.263777+00:00,SUCCESS,300,300,0,0.6766048691457273,1.02373630817382,0.2721686814223114,100.0,0.0,NONE
cotop_final_2026_01,attempt_001,grid_200m_w30_seed43_Greedy,realization_grid_200m_w30_43,Greedy,grid_200m,30,10,43,861f3b94a6d40649c4fc004da8ec795a78506871,9885c1b7b396aa6c99cefbd5114379d2dc4f5ab8b37d4e5ac7d376cd255d20bc,f427576914ea7ca656124ae7ff36b93d7288234820e3ea2bb220f661475f3562,c30ace34300085764bc6626e87c687359ea9e99eb8826c0fed6c444166df38f0,6045d3bb648bb055c078628b23cc61175a8ac5dfb8219c2a77a485a2762eff6c,2026-09-05T04:48:47.044251+00:00,SUCCESS,300,300,0,0.6352238835654298,0.9801196144845593,3.139660935253019,100.0,88.66666666666667,NONE
cotop_final_2026_01,attempt_001,grid_200m_w30_seed43_wo_md,realization_grid_200m_w30_43,wo_md,grid_200m,30,10,43,861f3b94a6d40649c4fc004da8ec795a78506871,9885c1b7b396aa6c99cefbd5114379d2dc4f5ab8b37d4e5ac7d376cd255d20bc,f427576914ea7ca656124ae7ff36b93d7288234820e3ea2bb220f661475f3562,c30ace34300085764bc6626e87c687359ea9e99eb8826c0fed6c444166df38f0,6045d3bb648bb055c078628b23cc61175a8ac5dfb8219c2a77a485a2762eff6c,2026-09-05T04:48:47.099748+00:00,SUCCESS,300,300,0,0.6674264916697825,1.02373630817382,0.6810976777217839,100.0,100.0,NONE
cotop_final_2026_01,attempt_001,grid_200m_w30_seed43_wo_tp,realization_grid_200m_w30_43,wo_tp,grid_200m,30,10,43,861f3b94a6d40649c4fc004da8ec795a78506871,9885c1b7b396aa6c99cefbd5114379d2dc4f5ab8b37d4e5ac7d376cd255d20bc,f427576914ea7ca656124ae7ff36b93d7288234820e3ea2bb220f661475f3562,c30ace34300085764bc6626e87c687359ea9e99eb8826c0fed6c444166df38f0,6045d3bb648bb055c078628b23cc61175a8ac5dfb8219c2a77a485a2762eff6c,2026-09-05T04:48:47.904902+00:00,SUCCESS,300,300,0,0.6569207956360225,1.051380264542066,1.4988023816642282,100.0,100.0,NONE
cotop_final_2026_01,attempt_001,grid_200m_w30_seed43_wo_co,realization_grid_200m_w30_43,wo_co,grid_200m,30,10,43,861f3b94a6d40649c4fc004da8ec795a78506871,9885c1b7b396aa6c99cefbd5114379d2dc4f5ab8b37d4e5ac7d376cd255d20bc,f427576914ea7ca656124ae7ff36b93d7288234820e3ea2bb220f661475f3562,c30ace34300085764bc6626e87c687359ea9e99eb8826c0fed6c444166df38f0,6045d3bb648bb055c078628b23cc61175a8ac5dfb8219c2a77a485a2762eff6c,2026-09-05T04:48:48.681695+00:00,SUCCESS,300,300,0,0.6766048691457273,1.02373630817382,0.2721686814223114,100.0,0.0,NONE
cotop_final_2026_01,attempt_001,grid_200m_w30_seed44_CoTOP,realization_grid_200m_w30_44,CoTOP,grid_200m,30,10,44,861f3b94a6d40649c4fc004da8ec795a78506871,9885c1b7b396aa6c99cefbd5114379d2dc4f5ab8b37d4e5ac7d376cd255d20bc,f427576914ea7ca656124ae7ff36b93d7288234820e3ea2bb220f661475f3562,aa7f46f0ffa273b33c019701f1a52143efd5a86411e0cf28a505e0fe6f98a68b,6045d3bb648bb055c078628b23cc61175a8ac5dfb8219c2a77a485a2762eff6c,2026-09-05T04:48:49.460875+00:00,SUCCESS,300,300,0,0.6553958752581556,0.9881374127813786,0.9067330162311468,100.0,100.0,NONE
cotop_final_2026_01,attempt_001,grid_200m_w30_seed44_DDQN,realization_grid_200m_w30_44,DDQN,grid_200m,30,10,44,861f3b94a6d40649c4fc004da8ec795a78506871,9885c1b7b396aa6c99cefbd5114379d2dc4f5ab8b37d4e5ac7d376cd255d20bc,f427576914ea7ca656124ae7ff36b93d7288234820e3ea2bb220f661475f3562,aa7f46f0ffa273b33c019701f1a52143efd5a86411e0cf28a505e0fe6f98a68b,6045d3bb648bb055c078628b23cc61175a8ac5dfb8219c2a77a485a2762eff6c,2026-09-05T04:48:50.230314+00:00,SUCCESS,300,300,0,0.6482238862445048,0.9881374127813786,0.7893770345027205,100.0,43.0,NONE
cotop_final_2026_01,attempt_001,grid_200m_w30_seed44_Local,realization_grid_200m_w30_44,Local,grid_200m,30,10,44,861f3b94a6d40649c4fc004da8ec795a78506871,9885c1b7b396aa6c99cefbd5114379d2dc4f5ab8b37d4e5ac7d376cd255d20bc,f427576914ea7ca656124ae7ff36b93d7288234820e3ea2bb220f661475f3562,aa7f46f0ffa273b33c019701f1a52143efd5a86411e0cf28a505e0fe6f98a68b,6045d3bb648bb055c078628b23cc61175a8ac5dfb8219c2a77a485a2762eff6c,2026-09-05T04:48:50.990434+00:00,SUCCESS,300,300,0,0.6584622257419317,0.9881374127813786,0.2713886193468348,100.0,0.0,NONE
cotop_final_2026_01,attempt_001,grid_200m_w30_seed44_Greedy,realization_grid_200m_w30_44,Greedy,grid_200m,30,10,44,861f3b94a6d40649c4fc004da8ec795a78506871,9885c1b7b396aa6c99cefbd5114379d2dc4f5ab8b37d4e5ac7d376cd255d20bc,f427576914ea7ca656124ae7ff36b93d7288234820e3ea2bb220f661475f3562,aa7f46f0ffa273b33c019701f1a52143efd5a86411e0cf28a505e0fe6f98a68b,6045d3bb648bb055c078628b23cc61175a8ac5dfb8219c2a77a485a2762eff6c,2026-09-05T04:48:51.756014+00:00,SUCCESS,300,300,0,0.6179937420634654,0.9971826178926578,3.1268587302234234,100.0,90.0,NONE
cotop_final_2026_01,attempt_001,grid_200m_w30_seed44_wo_md,realization_grid_200m_w30_44,wo_md,grid_200m,30,10,44,861f3b94a6d40649c4fc004da8ec795a78506871,9885c1b7b396aa6c99cefbd5114379d2dc4f5ab8b37d4e5ac7d376cd255d20bc,f427576914ea7ca656124ae7ff36b93d7288234820e3ea2bb220f661475f3562,aa7f46f0ffa273b33c019701f1a52143efd5a86411e0cf28a505e0fe6f98a68b,6045d3bb648bb055c078628b23cc61175a8ac5dfb8219c2a77a485a2762eff6c,2026-09-05T04:48:51.811882+00:00,SUCCESS,300,300,0,0.6489353791745216,0.9881374127813786,0.6863934680785035,100.0,100.0,NONE
cotop_final_2026_01,attempt_001,grid_200m_w30_seed44_wo_tp,realization_grid_200m_w30_44,wo_tp,grid_200m,30,10,44,861f3b94a6d40649c4fc004da8ec795a78506871,9885c1b7b396aa6c99cefbd5114379d2dc4f5ab8b37d4e5ac7d376cd255d20bc,f427576914ea7ca656124ae7ff36b93d7288234820e3ea2bb220f661475f3562,aa7f46f0ffa273b33c019701f1a52143efd5a86411e0cf28a505e0fe6f98a68b,6045d3bb648bb055c078628b23cc61175a8ac5dfb8219c2a77a485a2762eff6c,2026-09-05T04:48:52.674073+00:00,SUCCESS,300,300,0,0.640043004599752,1.041693473566482,1.4584551828151506,100.0,100.0,NONE
cotop_final_2026_01,attempt_001,grid_200m_w30_seed44_wo_co,realization_grid_200m_w30_44,wo_co,grid_200m,30,10,44,861f3b94a6d40649c4fc004da8ec795a78506871,9885c1b7b396aa6c99cefbd5114379d2dc4f5ab8b37d4e5ac7d376cd255d20bc,f427576914ea7ca656124ae7ff36b93d7288234820e3ea2bb220f661475f3562,aa7f46f0ffa273b33c019701f1a52143efd5a86411e0cf28a505e0fe6f98a68b,6045d3bb648bb055c078628b23cc61175a8ac5dfb8219c2a77a485a2762eff6c,2026-09-05T04:48:53.434506+00:00,SUCCESS,300,300,0,0.6584622257419317,0.9881374127813786,0.2713886193468348,100.0,0.0,NONE
cotop_final_2026_01,attempt_001,grid_200m_w30_seed45_CoTOP,realization_grid_200m_w30_45,CoTOP,grid_200m,30,10,45,861f3b94a6d40649c4fc004da8ec795a78506871,9885c1b7b396aa6c99cefbd5114379d2dc4f5ab8b37d4e5ac7d376cd255d20bc,f427576914ea7ca656124ae7ff36b93d7288234820e3ea2bb220f661475f3562,de75ab8e6c15f61f385143bff37110df4222c088a602836b7109ce21d59a8fc2,6045d3bb648bb055c078628b23cc61175a8ac5dfb8219c2a77a485a2762eff6c,2026-09-05T04:48:54.235013+00:00,SUCCESS,300,300,0,0.6707800077775342,1.0111097291462612,0.9255469464405386,100.0,100.0,NONE
cotop_final_2026_01,attempt_001,grid_200m_w30_seed45_DDQN,realization_grid_200m_w30_45,DDQN,grid_200m,30,10,45,861f3b94a6d40649c4fc004da8ec795a78506871,9885c1b7b396aa6c99cefbd5114379d2dc4f5ab8b37d4e5ac7d376cd255d20bc,f427576914ea7ca656124ae7ff36b93d7288234820e3ea2bb220f661475f3562,de75ab8e6c15f61f385143bff37110df4222c088a602836b7109ce21d59a8fc2,6045d3bb648bb055c078628b23cc61175a8ac5dfb8219c2a77a485a2762eff6c,2026-09-05T04:48:55.046013+00:00,SUCCESS,300,300,0,0.6645001041506817,1.0081273294136261,0.6403284837023552,100.0,39.0,NONE
cotop_final_2026_01,attempt_001,grid_200m_w30_seed45_Local,realization_grid_200m_w30_45,Local,grid_200m,30,10,45,861f3b94a6d40649c4fc004da8ec795a78506871,9885c1b7b396aa6c99cefbd5114379d2dc4f5ab8b37d4e5ac7d376cd255d20bc,f427576914ea7ca656124ae7ff36b93d7288234820e3ea2bb220f661475f3562,de75ab8e6c15f61f385143bff37110df4222c088a602836b7109ce21d59a8fc2,6045d3bb648bb055c078628b23cc61175a8ac5dfb8219c2a77a485a2762eff6c,2026-09-05T04:48:55.831907+00:00,SUCCESS,300,300,0,0.6743013862327684,1.0143743102849259,0.29163701636268774,100.0,0.0,NONE
cotop_final_2026_01,attempt_001,grid_200m_w30_seed45_Greedy,realization_grid_200m_w30_45,Greedy,grid_200m,30,10,45,861f3b94a6d40649c4fc004da8ec795a78506871,9885c1b7b396aa6c99cefbd5114379d2dc4f5ab8b37d4e5ac7d376cd255d20bc,f427576914ea7ca656124ae7ff36b93d7288234820e3ea2bb220f661475f3562,de75ab8e6c15f61f385143bff37110df4222c088a602836b7109ce21d59a8fc2,6045d3bb648bb055c078628b23cc61175a8ac5dfb8219c2a77a485a2762eff6c,2026-09-05T04:48:56.629704+00:00,SUCCESS,300,300,0,0.6294134318632736,1.0104873305005573,3.1307613055738854,100.0,88.33333333333333,NONE
cotop_final_2026_01,attempt_001,grid_200m_w30_seed45_wo_md,realization_grid_200m_w30_45,wo_md,grid_200m,30,10,45,861f3b94a6d40649c4fc004da8ec795a78506871,9885c1b7b396aa6c99cefbd5114379d2dc4f5ab8b37d4e5ac7d376cd255d20bc,f427576914ea7ca656124ae7ff36b93d7288234820e3ea2bb220f661475f3562,de75ab8e6c15f61f385143bff37110df4222c088a602836b7109ce21d59a8fc2,6045d3bb648bb055c078628b23cc61175a8ac5dfb8219c2a77a485a2762eff6c,2026-09-05T04:48:56.693662+00:00,SUCCESS,300,300,0,0.6639857277305045,1.0142065529479853,0.7089717160794963,100.0,100.0,NONE
cotop_final_2026_01,attempt_001,grid_200m_w30_seed45_wo_tp,realization_grid_200m_w30_45,wo_tp,grid_200m,30,10,45,861f3b94a6d40649c4fc004da8ec795a78506871,9885c1b7b396aa6c99cefbd5114379d2dc4f5ab8b37d4e5ac7d376cd255d20bc,f427576914ea7ca656124ae7ff36b93d7288234820e3ea2bb220f661475f3562,de75ab8e6c15f61f385143bff37110df4222c088a602836b7109ce21d59a8fc2,6045d3bb648bb055c078628b23cc61175a8ac5dfb8219c2a77a485a2762eff6c,2026-09-05T04:48:57.586142+00:00,SUCCESS,300,300,0,0.6596548615904552,1.0228561787578325,1.5192313709236172,100.0,100.0,NONE
cotop_final_2026_01,attempt_001,grid_200m_w30_seed45_wo_co,realization_grid_200m_w30_45,wo_co,grid_200m,30,10,45,861f3b94a6d40649c4fc004da8ec795a78506871,9885c1b7b396aa6c99cefbd5114379d2dc4f5ab8b37d4e5ac7d376cd255d20bc,f427576914ea7ca656124ae7ff36b93d7288234820e3ea2bb220f661475f3562,de75ab8e6c15f61f385143bff37110df4222c088a602836b7109ce21d59a8fc2,6045d3bb648bb055c078628b23cc61175a8ac5dfb8219c2a77a485a2762eff6c,2026-09-05T04:48:58.449838+00:00,SUCCESS,300,300,0,0.6743013862327684,1.0143743102849259,0.29163701636268774,100.0,0.0,NONE
cotop_final_2026_01,attempt_001,grid_200m_w30_seed46_CoTOP,realization_grid_200m_w30_46,CoTOP,grid_200m,30,10,46,861f3b94a6d40649c4fc004da8ec795a78506871,9885c1b7b396aa6c99cefbd5114379d2dc4f5ab8b37d4e5ac7d376cd255d20bc,f427576914ea7ca656124ae7ff36b93d7288234820e3ea2bb220f661475f3562,4fc08257e157d11df2717bf3a44adf91cb50971be0248ca638b169d94f7ad033,6045d3bb648bb055c078628b23cc61175a8ac5dfb8219c2a77a485a2762eff6c,2026-09-05T04:48:59.400614+00:00,SUCCESS,300,300,0,0.6662774486234364,1.014639832009004,0.9615175953376579,100.0,100.0,NONE
cotop_final_2026_01,attempt_001,grid_200m_w30_seed46_DDQN,realization_grid_200m_w30_46,DDQN,grid_200m,30,10,46,861f3b94a6d40649c4fc004da8ec795a78506871,9885c1b7b396aa6c99cefbd5114379d2dc4f5ab8b37d4e5ac7d376cd255d20bc,f427576914ea7ca656124ae7ff36b93d7288234820e3ea2bb220f661475f3562,4fc08257e157d11df2717bf3a44adf91cb50971be0248ca638b169d94f7ad033,6045d3bb648bb055c078628b23cc61175a8ac5dfb8219c2a77a485a2762eff6c,2026-09-05T04:49:00.199281+00:00,SUCCESS,300,300,0,0.66083599930383,1.0219717372698134,0.7966061918223921,100.0,38.0,NONE
cotop_final_2026_01,attempt_001,grid_200m_w30_seed46_Local,realization_grid_200m_w30_46,Local,grid_200m,30,10,46,861f3b94a6d40649c4fc004da8ec795a78506871,9885c1b7b396aa6c99cefbd5114379d2dc4f5ab8b37d4e5ac7d376cd255d20bc,f427576914ea7ca656124ae7ff36b93d7288234820e3ea2bb220f661475f3562,4fc08257e157d11df2717bf3a44adf91cb50971be0248ca638b169d94f7ad033,6045d3bb648bb055c078628b23cc61175a8ac5dfb8219c2a77a485a2762eff6c,2026-09-05T04:49:00.975863+00:00,SUCCESS,300,300,0,0.6692360270737456,1.0193086737622585,0.279780698543827,100.0,0.0,NONE
cotop_final_2026_01,attempt_001,grid_200m_w30_seed46_Greedy,realization_grid_200m_w30_46,Greedy,grid_200m,30,10,46,861f3b94a6d40649c4fc004da8ec795a78506871,9885c1b7b396aa6c99cefbd5114379d2dc4f5ab8b37d4e5ac7d376cd255d20bc,f427576914ea7ca656124ae7ff36b93d7288234820e3ea2bb220f661475f3562,4fc08257e157d11df2717bf3a44adf91cb50971be0248ca638b169d94f7ad033,6045d3bb648bb055c078628b23cc61175a8ac5dfb8219c2a77a485a2762eff6c,2026-09-05T04:49:01.757950+00:00,SUCCESS,300,300,0,0.627729575384568,1.0110664912895144,3.1954659887177144,100.0,89.66666666666666,NONE
cotop_final_2026_01,attempt_001,grid_200m_w30_seed46_wo_md,realization_grid_200m_w30_46,wo_md,grid_200m,30,10,46,861f3b94a6d40649c4fc004da8ec795a78506871,9885c1b7b396aa6c99cefbd5114379d2dc4f5ab8b37d4e5ac7d376cd255d20bc,f427576914ea7ca656124ae7ff36b93d7288234820e3ea2bb220f661475f3562,4fc08257e157d11df2717bf3a44adf91cb50971be0248ca638b169d94f7ad033,6045d3bb648bb055c078628b23cc61175a8ac5dfb8219c2a77a485a2762eff6c,2026-09-05T04:49:01.806312+00:00,SUCCESS,300,300,0,0.6609430883496962,1.016874577077519,0.739751733257749,100.0,100.0,NONE
cotop_final_2026_01,attempt_001,grid_200m_w30_seed46_wo_tp,realization_grid_200m_w30_46,wo_tp,grid_200m,30,10,46,861f3b94a6d40649c4fc004da8ec795a78506871,9885c1b7b396aa6c99cefbd5114379d2dc4f5ab8b37d4e5ac7d376cd255d20bc,f427576914ea7ca656124ae7ff36b93d7288234820e3ea2bb220f661475f3562,4fc08257e157d11df2717bf3a44adf91cb50971be0248ca638b169d94f7ad033,6045d3bb648bb055c078628b23cc61175a8ac5dfb8219c2a77a485a2762eff6c,2026-09-05T04:49:02.689910+00:00,SUCCESS,300,300,0,0.6528297221374143,1.0425315610947956,1.4479079981592937,100.0,100.0,NONE
cotop_final_2026_01,attempt_001,grid_200m_w30_seed46_wo_co,realization_grid_200m_w30_46,wo_co,grid_200m,30,10,46,861f3b94a6d40649c4fc004da8ec795a78506871,9885c1b7b396aa6c99cefbd5114379d2dc4f5ab8b37d4e5ac7d376cd255d20bc,f427576914ea7ca656124ae7ff36b93d7288234820e3ea2bb220f661475f3562,4fc08257e157d11df2717bf3a44adf91cb50971be0248ca638b169d94f7ad033,6045d3bb648bb055c078628b23cc61175a8ac5dfb8219c2a77a485a2762eff6c,2026-09-05T04:49:03.456296+00:00,SUCCESS,300,300,0,0.6692360270737456,1.0193086737622585,0.279780698543827,100.0,0.0,NONE
cotop_final_2026_01,attempt_001,grid_200m_w30_seed47_CoTOP,realization_grid_200m_w30_seed47,CoTOP,grid_200m,30,10,47,861f3b94a6d40649c4fc004da8ec795a78506871,9885c1b7b396aa6c99cefbd5114379d2dc4f5ab8b37d4e5ac7d376cd255d20bc,f427576914ea7ca656124ae7ff36b93d7288234820e3ea2bb220f661475f3562,11e5656bd17a343fbd09308565e61a9929205d8f58996ad4337956e51f8438dc,6045d3bb648bb055c078628b23cc61175a8ac5dfb8219c2a77a485a2762eff6c,2026-09-05T04:49:04.241499+00:00,SUCCESS,300,300,0,0.6642241118449974,0.9829683017863513,0.9281965947520248,100.0,100.0,NONE
cotop_final_2026_01,attempt_001,grid_200m_w30_seed47_DDQN,realization_grid_200m_w30_seed47,DDQN,grid_200m,30,10,47,861f3b94a6d40649c4fc004da8ec795a78506871,9885c1b7b396aa6c99cefbd5114379d2dc4f5ab8b37d4e5ac7d376cd255d20bc,f427576914ea7ca656124ae7ff36b93d7288234820e3ea2bb220f661475f3562,11e5656bd17a343fbd09308565e61a9929205d8f58996ad4337956e51f8438dc,6045d3bb648bb055c078628b23cc61175a8ac5dfb8219c2a77a485a2762eff6c,2026-09-05T04:49:05.034911+00:00,SUCCESS,300,300,0,0.6551543933963939,0.9841006621097604,0.9698797931941814,100.0,41.333333333333336,NONE
cotop_final_2026_01,attempt_001,grid_200m_w30_seed47_Local,realization_grid_200m_w30_seed47,Local,grid_200m,30,10,47,861f3b94a6d40649c4fc004da8ec795a78506871,9885c1b7b396aa6c99cefbd5114379d2dc4f5ab8b37d4e5ac7d376cd255d20bc,f427576914ea7ca656124ae7ff36b93d7288234820e3ea2bb220f661475f3562,11e5656bd17a343fbd09308565e61a9929205d8f58996ad4337956e51f8438dc,6045d3bb648bb055c078628b23cc61175a8ac5dfb8219c2a77a485a2762eff6c,2026-09-05T04:49:05.797166+00:00,SUCCESS,300,300,0,0.6686606594439441,0.983916954084204,0.28672692551961004,100.0,0.0,NONE
cotop_final_2026_01,attempt_001,grid_200m_w30_seed47_Greedy,realization_grid_200m_w30_seed47,Greedy,grid_200m,30,10,47,861f3b94a6d40649c4fc004da8ec795a78506871,9885c1b7b396aa6c99cefbd5114379d2dc4f5ab8b37d4e5ac7d376cd255d20bc,f427576914ea7ca656124ae7ff36b93d7288234820e3ea2bb220f661475f3562,11e5656bd17a343fbd09308565e61a9929205d8f58996ad4337956e51f8438dc,6045d3bb648bb055c078628b23cc61175a8ac5dfb8219c2a77a485a2762eff6c,2026-09-05T04:49:06.552627+00:00,SUCCESS,300,300,0,0.6233410615256442,1.0022023708937948,3.1652535906137595,100.0,89.66666666666666,NONE
cotop_final_2026_01,attempt_001,grid_200m_w30_seed47_wo_md,realization_grid_200m_w30_seed47,wo_md,grid_200m,30,10,47,861f3b94a6d40649c4fc004da8ec795a78506871,9885c1b7b396aa6c99cefbd5114379d2dc4f5ab8b37d4e5ac7d376cd255d20bc,f427576914ea7ca656124ae7ff36b93d7288234820e3ea2bb220f661475f3562,11e5656bd17a343fbd09308565e61a9929205d8f58996ad4337956e51f8438dc,6045d3bb648bb055c078628b23cc61175a8ac5dfb8219c2a77a485a2762eff6c,2026-09-05T04:49:06.614558+00:00,SUCCESS,300,300,0,0.6578561372618529,0.9829683017863513,0.7060906433892935,100.0,100.0,NONE
cotop_final_2026_01,attempt_001,grid_200m_w30_seed47_wo_tp,realization_grid_200m_w30_seed47,wo_tp,grid_200m,30,10,47,861f3b94a6d40649c4fc004da8ec795a78506871,9885c1b7b396aa6c99cefbd5114379d2dc4f5ab8b37d4e5ac7d376cd255d20bc,f427576914ea7ca656124ae7ff36b93d7288234820e3ea2bb220f661475f3562,11e5656bd17a343fbd09308565e61a9929205d8f58996ad4337956e51f8438dc,6045d3bb648bb055c078628b23cc61175a8ac5dfb8219c2a77a485a2762eff6c,2026-09-05T04:49:07.388056+00:00,SUCCESS,300,300,0,0.6494352484599216,1.0333290696823778,1.4461958689433967,100.0,100.0,NONE
cotop_final_2026_01,attempt_001,grid_200m_w30_seed47_wo_co,realization_grid_200m_w30_seed47,wo_co,grid_200m,30,10,47,861f3b94a6d40649c4fc004da8ec795a78506871,9885c1b7b396aa6c99cefbd5114379d2dc4f5ab8b37d4e5ac7d376cd255d20bc,f427576914ea7ca656124ae7ff36b93d7288234820e3ea2bb220f661475f3562,11e5656bd17a343fbd09308565e61a9929205d8f58996ad4337956e51f8438dc,6045d3bb648bb055c078628b23cc61175a8ac5dfb8219c2a77a485a2762eff6c,2026-09-05T04:49:08.115893+00:00,SUCCESS,300,300,0,0.6686606594439441,0.983916954084204,0.28672692551961004,100.0,0.0,NONE
cotop_final_2026_01,attempt_001,grid_200m_w30_seed48_CoTOP,realization_grid_200m_w30_seed48,CoTOP,grid_200m,30,10,48,861f3b94a6d40649c4fc004da8ec795a78506871,9885c1b7b396aa6c99cefbd5114379d2dc4f5ab8b37d4e5ac7d376cd255d20bc,f427576914ea7ca656124ae7ff36b93d7288234820e3ea2bb220f661475f3562,a8a82d735a5c827791e06308f5a2c5bc69cd0ca7372c20a8cb924f9a83d13f51,6045d3bb648bb055c078628b23cc61175a8ac5dfb8219c2a77a485a2762eff6c,2026-09-05T04:49:08.959769+00:00,SUCCESS,300,300,0,0.6681686506252099,0.9887780040088596,1.0149288298942807,100.0,100.0,NONE
cotop_final_2026_01,attempt_001,grid_200m_w30_seed48_DDQN,realization_grid_200m_w30_seed48,DDQN,grid_200m,30,10,48,861f3b94a6d40649c4fc004da8ec795a78506871,9885c1b7b396aa6c99cefbd5114379d2dc4f5ab8b37d4e5ac7d376cd255d20bc,f427576914ea7ca656124ae7ff36b93d7288234820e3ea2bb220f661475f3562,a8a82d735a5c827791e06308f5a2c5bc69cd0ca7372c20a8cb924f9a83d13f51,6045d3bb648bb055c078628b23cc61175a8ac5dfb8219c2a77a485a2762eff6c,2026-09-05T04:49:09.771602+00:00,SUCCESS,300,300,0,0.6617377747392578,0.989035165275422,0.8868348731773331,100.0,36.666666666666664,NONE
cotop_final_2026_01,attempt_001,grid_200m_w30_seed48_Local,realization_grid_200m_w30_seed48,Local,grid_200m,30,10,48,861f3b94a6d40649c4fc004da8ec795a78506871,9885c1b7b396aa6c99cefbd5114379d2dc4f5ab8b37d4e5ac7d376cd255d20bc,f427576914ea7ca656124ae7ff36b93d7288234820e3ea2bb220f661475f3562,a8a82d735a5c827791e06308f5a2c5bc69cd0ca7372c20a8cb924f9a83d13f51,6045d3bb648bb055c078628b23cc61175a8ac5dfb8219c2a77a485a2762eff6c,2026-09-05T04:49:10.584539+00:00,SUCCESS,300,300,0,0.6741251157569602,0.9887780040088596,0.29599815902413174,100.0,0.0,NONE
cotop_final_2026_01,attempt_001,grid_200m_w30_seed48_Greedy,realization_grid_200m_w30_seed48,Greedy,grid_200m,30,10,48,861f3b94a6d40649c4fc004da8ec795a78506871,9885c1b7b396aa6c99cefbd5114379d2dc4f5ab8b37d4e5ac7d376cd255d20bc,f427576914ea7ca656124ae7ff36b93d7288234820e3ea2bb220f661475f3562,a8a82d735a5c827791e06308f5a2c5bc69cd0ca7372c20a8cb924f9a83d13f51,6045d3bb648bb055c078628b23cc61175a8ac5dfb8219c2a77a485a2762eff6c,2026-09-05T04:49:11.462587+00:00,SUCCESS,300,300,0,0.6245502658093681,1.00275019622239,3.1264521251760047,100.0,88.33333333333333,NONE
cotop_final_2026_01,attempt_001,grid_200m_w30_seed48_wo_md,realization_grid_200m_w30_seed48,wo_md,grid_200m,30,10,48,861f3b94a6d40649c4fc004da8ec795a78506871,9885c1b7b396aa6c99cefbd5114379d2dc4f5ab8b37d4e5ac7d376cd255d20bc,f427576914ea7ca656124ae7ff36b93d7288234820e3ea2bb220f661475f3562,a8a82d735a5c827791e06308f5a2c5bc69cd0ca7372c20a8cb924f9a83d13f51,6045d3bb648bb055c078628b23cc61175a8ac5dfb8219c2a77a485a2762eff6c,2026-09-05T04:49:11.519044+00:00,SUCCESS,300,300,0,0.6626578780796321,0.9887780040088596,0.7673601949533106,100.0,100.0,NONE
cotop_final_2026_01,attempt_001,grid_200m_w30_seed48_wo_tp,realization_grid_200m_w30_seed48,wo_tp,grid_200m,30,10,48,861f3b94a6d40649c4fc004da8ec795a78506871,9885c1b7b396aa6c99cefbd5114379d2dc4f5ab8b37d4e5ac7d376cd255d20bc,f427576914ea7ca656124ae7ff36b93d7288234820e3ea2bb220f661475f3562,a8a82d735a5c827791e06308f5a2c5bc69cd0ca7372c20a8cb924f9a83d13f51,6045d3bb648bb055c078628b23cc61175a8ac5dfb8219c2a77a485a2762eff6c,2026-09-05T04:49:12.463833+00:00,SUCCESS,300,300,0,0.6516560979038978,1.0259165206397467,1.5098627992479599,100.0,100.0,NONE
cotop_final_2026_01,attempt_001,grid_200m_w30_seed48_wo_co,realization_grid_200m_w30_seed48,wo_co,grid_200m,30,10,48,861f3b94a6d40649c4fc004da8ec795a78506871,9885c1b7b396aa6c99cefbd5114379d2dc4f5ab8b37d4e5ac7d376cd255d20bc,f427576914ea7ca656124ae7ff36b93d7288234820e3ea2bb220f661475f3562,a8a82d735a5c827791e06308f5a2c5bc69cd0ca7372c20a8cb924f9a83d13f51,6045d3bb648bb055c078628b23cc61175a8ac5dfb8219c2a77a485a2762eff6c,2026-09-05T04:49:13.212104+00:00,SUCCESS,300,300,0,0.6741251157569602,0.9887780040088596,0.29599815902413174,100.0,0.0,NONE
cotop_final_2026_01,attempt_001,grid_200m_w30_seed49_CoTOP,realization_grid_200m_w30_seed49,CoTOP,grid_200m,30,10,49,861f3b94a6d40649c4fc004da8ec795a78506871,9885c1b7b396aa6c99cefbd5114379d2dc4f5ab8b37d4e5ac7d376cd255d20bc,f427576914ea7ca656124ae7ff36b93d7288234820e3ea2bb220f661475f3562,3b33f1b5e356f107d1d06438ba17e1072bbc7322b8295d882f9e14a50125d143,6045d3bb648bb055c078628b23cc61175a8ac5dfb8219c2a77a485a2762eff6c,2026-09-05T04:49:14.039678+00:00,SUCCESS,300,300,0,0.6579748207118822,1.0247592977231073,0.8953869773314524,100.0,100.0,NONE
cotop_final_2026_01,attempt_001,grid_200m_w30_seed49_DDQN,realization_grid_200m_w30_seed49,DDQN,grid_200m,30,10,49,861f3b94a6d40649c4fc004da8ec795a78506871,9885c1b7b396aa6c99cefbd5114379d2dc4f5ab8b37d4e5ac7d376cd255d20bc,f427576914ea7ca656124ae7ff36b93d7288234820e3ea2bb220f661475f3562,3b33f1b5e356f107d1d06438ba17e1072bbc7322b8295d882f9e14a50125d143,6045d3bb648bb055c078628b23cc61175a8ac5dfb8219c2a77a485a2762eff6c,2026-09-05T04:49:14.823145+00:00,SUCCESS,300,300,0,0.6499429073419513,1.0225912250482492,0.8113923432250754,100.0,42.66666666666667,NONE
cotop_final_2026_01,attempt_001,grid_200m_w30_seed49_Local,realization_grid_200m_w30_seed49,Local,grid_200m,30,10,49,861f3b94a6d40649c4fc004da8ec795a78506871,9885c1b7b396aa6c99cefbd5114379d2dc4f5ab8b37d4e5ac7d376cd255d20bc,f427576914ea7ca656124ae7ff36b93d7288234820e3ea2bb220f661475f3562,3b33f1b5e356f107d1d06438ba17e1072bbc7322b8295d882f9e14a50125d143,6045d3bb648bb055c078628b23cc61175a8ac5dfb8219c2a77a485a2762eff6c,2026-09-05T04:49:15.623680+00:00,SUCCESS,300,300,0,0.6616729119115484,1.0276853974806728,0.27945575618242136,100.0,0.0,NONE
cotop_final_2026_01,attempt_001,grid_200m_w30_seed49_Greedy,realization_grid_200m_w30_seed49,Greedy,grid_200m,30,10,49,861f3b94a6d40649c4fc004da8ec795a78506871,9885c1b7b396aa6c99cefbd5114379d2dc4f5ab8b37d4e5ac7d376cd255d20bc,f427576914ea7ca656124ae7ff36b93d7288234820e3ea2bb220f661475f3562,3b33f1b5e356f107d1d06438ba17e1072bbc7322b8295d882f9e14a50125d143,6045d3bb648bb055c078628b23cc61175a8ac5dfb8219c2a77a485a2762eff6c,2026-09-05T04:49:16.407258+00:00,SUCCESS,300,300,0,0.6183240522295764,0.9970351790261146,3.048432268708541,100.0,88.0,NONE
cotop_final_2026_01,attempt_001,grid_200m_w30_seed49_wo_md,realization_grid_200m_w30_seed49,wo_md,grid_200m,30,10,49,861f3b94a6d40649c4fc004da8ec795a78506871,9885c1b7b396aa6c99cefbd5114379d2dc4f5ab8b37d4e5ac7d376cd255d20bc,f427576914ea7ca656124ae7ff36b93d7288234820e3ea2bb220f661475f3562,3b33f1b5e356f107d1d06438ba17e1072bbc7322b8295d882f9e14a50125d143,6045d3bb648bb055c078628b23cc61175a8ac5dfb8219c2a77a485a2762eff6c,2026-09-05T04:49:16.456204+00:00,SUCCESS,300,300,0,0.6518672521731529,1.0247592977231073,0.6875275288569097,100.0,100.0,NONE
cotop_final_2026_01,attempt_001,grid_200m_w30_seed49_wo_tp,realization_grid_200m_w30_seed49,wo_tp,grid_200m,30,10,49,861f3b94a6d40649c4fc004da8ec795a78506871,9885c1b7b396aa6c99cefbd5114379d2dc4f5ab8b37d4e5ac7d376cd255d20bc,f427576914ea7ca656124ae7ff36b93d7288234820e3ea2bb220f661475f3562,3b33f1b5e356f107d1d06438ba17e1072bbc7322b8295d882f9e14a50125d143,6045d3bb648bb055c078628b23cc61175a8ac5dfb8219c2a77a485a2762eff6c,2026-09-05T04:49:17.255267+00:00,SUCCESS,300,300,0,0.6447276322910307,1.0500038384571695,1.393083842275294,100.0,100.0,NONE
cotop_final_2026_01,attempt_001,grid_200m_w30_seed49_wo_co,realization_grid_200m_w30_seed49,wo_co,grid_200m,30,10,49,861f3b94a6d40649c4fc004da8ec795a78506871,9885c1b7b396aa6c99cefbd5114379d2dc4f5ab8b37d4e5ac7d376cd255d20bc,f427576914ea7ca656124ae7ff36b93d7288234820e3ea2bb220f661475f3562,3b33f1b5e356f107d1d06438ba17e1072bbc7322b8295d882f9e14a50125d143,6045d3bb648bb055c078628b23cc61175a8ac5dfb8219c2a77a485a2762eff6c,2026-09-05T04:49:18.115039+00:00,SUCCESS,300,300,0,0.6616729119115484,1.0276853974806728,0.27945575618242136,100.0,0.0,NONE
cotop_final_2026_01,attempt_001,grid_200m_w30_seed50_CoTOP,realization_grid_200m_w30_seed50,CoTOP,grid_200m,30,10,50,861f3b94a6d40649c4fc004da8ec795a78506871,9885c1b7b396aa6c99cefbd5114379d2dc4f5ab8b37d4e5ac7d376cd255d20bc,f427576914ea7ca656124ae7ff36b93d7288234820e3ea2bb220f661475f3562,a760449c812516dfb8d1bb53d06a1e3276e0d73d71c68b117e4b82791e68bf02,6045d3bb648bb055c078628b23cc61175a8ac5dfb8219c2a77a485a2762eff6c,2026-09-05T04:49:18.996264+00:00,SUCCESS,300,300,0,0.6831970588684171,1.0268174788931284,0.9126020450070144,100.0,100.0,NONE
cotop_final_2026_01,attempt_001,grid_200m_w30_seed50_DDQN,realization_grid_200m_w30_seed50,DDQN,grid_200m,30,10,50,861f3b94a6d40649c4fc004da8ec795a78506871,9885c1b7b396aa6c99cefbd5114379d2dc4f5ab8b37d4e5ac7d376cd255d20bc,f427576914ea7ca656124ae7ff36b93d7288234820e3ea2bb220f661475f3562,a760449c812516dfb8d1bb53d06a1e3276e0d73d71c68b117e4b82791e68bf02,6045d3bb648bb055c078628b23cc61175a8ac5dfb8219c2a77a485a2762eff6c,2026-09-05T04:49:19.840455+00:00,SUCCESS,300,300,0,0.6740904786186055,1.0106074074544285,0.9376627615094689,100.0,44.666666666666664,NONE
cotop_final_2026_01,attempt_001,grid_200m_w30_seed50_Local,realization_grid_200m_w30_seed50,Local,grid_200m,30,10,50,861f3b94a6d40649c4fc004da8ec795a78506871,9885c1b7b396aa6c99cefbd5114379d2dc4f5ab8b37d4e5ac7d376cd255d20bc,f427576914ea7ca656124ae7ff36b93d7288234820e3ea2bb220f661475f3562,a760449c812516dfb8d1bb53d06a1e3276e0d73d71c68b117e4b82791e68bf02,6045d3bb648bb055c078628b23cc61175a8ac5dfb8219c2a77a485a2762eff6c,2026-09-05T04:49:20.641657+00:00,SUCCESS,300,300,0,0.6867405134553046,1.0268174788931284,0.2832499029716674,100.0,0.0,NONE
cotop_final_2026_01,attempt_001,grid_200m_w30_seed50_Greedy,realization_grid_200m_w30_seed50,Greedy,grid_200m,30,10,50,861f3b94a6d40649c4fc004da8ec795a78506871,9885c1b7b396aa6c99cefbd5114379d2dc4f5ab8b37d4e5ac7d376cd255d20bc,f427576914ea7ca656124ae7ff36b93d7288234820e3ea2bb220f661475f3562,a760449c812516dfb8d1bb53d06a1e3276e0d73d71c68b117e4b82791e68bf02,6045d3bb648bb055c078628b23cc61175a8ac5dfb8219c2a77a485a2762eff6c,2026-09-05T04:49:21.459188+00:00,SUCCESS,300,300,0,0.6439045938036014,1.0465435898406183,3.1801866246550428,100.0,88.33333333333333,NONE
cotop_final_2026_01,attempt_001,grid_200m_w30_seed50_wo_md,realization_grid_200m_w30_seed50,wo_md,grid_200m,30,10,50,861f3b94a6d40649c4fc004da8ec795a78506871,9885c1b7b396aa6c99cefbd5114379d2dc4f5ab8b37d4e5ac7d376cd255d20bc,f427576914ea7ca656124ae7ff36b93d7288234820e3ea2bb220f661475f3562,a760449c812516dfb8d1bb53d06a1e3276e0d73d71c68b117e4b82791e68bf02,6045d3bb648bb055c078628b23cc61175a8ac5dfb8219c2a77a485a2762eff6c,2026-09-05T04:49:21.512328+00:00,SUCCESS,300,300,0,0.6773008410055781,1.0268174788931284,0.7015956912957042,100.0,100.0,NONE
cotop_final_2026_01,attempt_001,grid_200m_w30_seed50_wo_tp,realization_grid_200m_w30_seed50,wo_tp,grid_200m,30,10,50,861f3b94a6d40649c4fc004da8ec795a78506871,9885c1b7b396aa6c99cefbd5114379d2dc4f5ab8b37d4e5ac7d376cd255d20bc,f427576914ea7ca656124ae7ff36b93d7288234820e3ea2bb220f661475f3562,a760449c812516dfb8d1bb53d06a1e3276e0d73d71c68b117e4b82791e68bf02,6045d3bb648bb055c078628b23cc61175a8ac5dfb8219c2a77a485a2762eff6c,2026-09-05T04:49:22.422889+00:00,SUCCESS,300,300,0,0.6680304672032347,1.0733996051110481,1.5045056145908642,100.0,100.0,NONE
cotop_final_2026_01,attempt_001,grid_200m_w30_seed50_wo_co,realization_grid_200m_w30_seed50,wo_co,grid_200m,30,10,50,861f3b94a6d40649c4fc004da8ec795a78506871,9885c1b7b396aa6c99cefbd5114379d2dc4f5ab8b37d4e5ac7d376cd255d20bc,f427576914ea7ca656124ae7ff36b93d7288234820e3ea2bb220f661475f3562,a760449c812516dfb8d1bb53d06a1e3276e0d73d71c68b117e4b82791e68bf02,6045d3bb648bb055c078628b23cc61175a8ac5dfb8219c2a77a485a2762eff6c,2026-09-05T04:49:23.205465+00:00,SUCCESS,300,300,0,0.6867405134553046,1.0268174788931284,0.2832499029716674,100.0,0.0,NONE
cotop_final_2026_01,attempt_001,grid_200m_w30_seed51_CoTOP,realization_grid_200m_w30_seed51,CoTOP,grid_200m,30,10,51,861f3b94a6d40649c4fc004da8ec795a78506871,9885c1b7b396aa6c99cefbd5114379d2dc4f5ab8b37d4e5ac7d376cd255d20bc,f427576914ea7ca656124ae7ff36b93d7288234820e3ea2bb220f661475f3562,f5c84fa8da0b2aec435e5aa29926c8ffc40eb97ea7e720a9eed0d5bf62827c90,6045d3bb648bb055c078628b23cc61175a8ac5dfb8219c2a77a485a2762eff6c,2026-09-05T04:49:24.023498+00:00,SUCCESS,300,300,0,0.6719181383837891,1.0439687827366961,0.8925018897030232,100.0,100.0,NONE
cotop_final_2026_01,attempt_001,grid_200m_w30_seed51_DDQN,realization_grid_200m_w30_seed51,DDQN,grid_200m,30,10,51,861f3b94a6d40649c4fc004da8ec795a78506871,9885c1b7b396aa6c99cefbd5114379d2dc4f5ab8b37d4e5ac7d376cd255d20bc,f427576914ea7ca656124ae7ff36b93d7288234820e3ea2bb220f661475f3562,f5c84fa8da0b2aec435e5aa29926c8ffc40eb97ea7e720a9eed0d5bf62827c90,6045d3bb648bb055c078628b23cc61175a8ac5dfb8219c2a77a485a2762eff6c,2026-09-05T04:49:24.823823+00:00,SUCCESS,300,300,0,0.6639536401788917,1.0433365999271178,0.7601329143903732,100.0,37.333333333333336,NONE
cotop_final_2026_01,attempt_001,grid_200m_w30_seed51_Local,realization_grid_200m_w30_seed51,Local,grid_200m,30,10,51,861f3b94a6d40649c4fc004da8ec795a78506871,9885c1b7b396aa6c99cefbd5114379d2dc4f5ab8b37d4e5ac7d376cd255d20bc,f427576914ea7ca656124ae7ff36b93d7288234820e3ea2bb220f661475f3562,f5c84fa8da0b2aec435e5aa29926c8ffc40eb97ea7e720a9eed0d5bf62827c90,6045d3bb648bb055c078628b23cc61175a8ac5dfb8219c2a77a485a2762eff6c,2026-09-05T04:49:25.608176+00:00,SUCCESS,300,300,0,0.6752349171522755,1.0439687827366961,0.2746186901756882,100.0,0.0,NONE
cotop_final_2026_01,attempt_001,grid_200m_w30_seed51_Greedy,realization_grid_200m_w30_seed51,Greedy,grid_200m,30,10,51,861f3b94a6d40649c4fc004da8ec795a78506871,9885c1b7b396aa6c99cefbd5114379d2dc4f5ab8b37d4e5ac7d376cd255d20bc,f427576914ea7ca656124ae7ff36b93d7288234820e3ea2bb220f661475f3562,f5c84fa8da0b2aec435e5aa29926c8ffc40eb97ea7e720a9eed0d5bf62827c90,6045d3bb648bb055c078628b23cc61175a8ac5dfb8219c2a77a485a2762eff6c,2026-09-05T04:49:26.406608+00:00,SUCCESS,300,300,0,0.6336655021305444,1.0680646118472548,3.132567327485721,100.0,89.0,NONE
cotop_final_2026_01,attempt_001,grid_200m_w30_seed51_wo_md,realization_grid_200m_w30_seed51,wo_md,grid_200m,30,10,51,861f3b94a6d40649c4fc004da8ec795a78506871,9885c1b7b396aa6c99cefbd5114379d2dc4f5ab8b37d4e5ac7d376cd255d20bc,f427576914ea7ca656124ae7ff36b93d7288234820e3ea2bb220f661475f3562,f5c84fa8da0b2aec435e5aa29926c8ffc40eb97ea7e720a9eed0d5bf62827c90,6045d3bb648bb055c078628b23cc61175a8ac5dfb8219c2a77a485a2762eff6c,2026-09-05T04:49:26.455939+00:00,SUCCESS,300,300,0,0.6657078863222488,1.0439687827366961,0.6822114113609498,100.0,100.0,NONE
cotop_final_2026_01,attempt_001,grid_200m_w30_seed51_wo_tp,realization_grid_200m_w30_seed51,wo_tp,grid_200m,30,10,51,861f3b94a6d40649c4fc004da8ec795a78506871,9885c1b7b396aa6c99cefbd5114379d2dc4f5ab8b37d4e5ac7d376cd255d20bc,f427576914ea7ca656124ae7ff36b93d7288234820e3ea2bb220f661475f3562,f5c84fa8da0b2aec435e5aa29926c8ffc40eb97ea7e720a9eed0d5bf62827c90,6045d3bb648bb055c078628b23cc61175a8ac5dfb8219c2a77a485a2762eff6c,2026-09-05T04:49:27.258301+00:00,SUCCESS,300,300,0,0.6597974171226442,1.0681041418104342,1.5244115628821466,100.0,100.0,NONE
cotop_final_2026_01,attempt_001,grid_200m_w30_seed51_wo_co,realization_grid_200m_w30_seed51,wo_co,grid_200m,30,10,51,861f3b94a6d40649c4fc004da8ec795a78506871,9885c1b7b396aa6c99cefbd5114379d2dc4f5ab8b37d4e5ac7d376cd255d20bc,f427576914ea7ca656124ae7ff36b93d7288234820e3ea2bb220f661475f3562,f5c84fa8da0b2aec435e5aa29926c8ffc40eb97ea7e720a9eed0d5bf62827c90,6045d3bb648bb055c078628b23cc61175a8ac5dfb8219c2a77a485a2762eff6c,2026-09-05T04:49:28.053503+00:00,SUCCESS,300,300,0,0.6752349171522755,1.0439687827366961,0.2746186901756882,100.0,0.0,NONE
cotop_final_2026_01,attempt_001,grid_200m_w40_seed42_CoTOP,realization_grid_200m_w40_42,CoTOP,grid_200m,40,10,42,861f3b94a6d40649c4fc004da8ec795a78506871,9885c1b7b396aa6c99cefbd5114379d2dc4f5ab8b37d4e5ac7d376cd255d20bc,f427576914ea7ca656124ae7ff36b93d7288234820e3ea2bb220f661475f3562,6e92439f1b38705e21439490a9837376ff406931ff92523fdf7e0031d537c6ce,6045d3bb648bb055c078628b23cc61175a8ac5dfb8219c2a77a485a2762eff6c,2026-09-05T04:49:28.962642+00:00,SUCCESS,400,400,0,0.7014570095491919,1.0332899151526198,0.9013044580814145,100.0,100.0,NONE
cotop_final_2026_01,attempt_001,grid_200m_w40_seed42_DDQN,realization_grid_200m_w40_42,DDQN,grid_200m,40,10,42,861f3b94a6d40649c4fc004da8ec795a78506871,9885c1b7b396aa6c99cefbd5114379d2dc4f5ab8b37d4e5ac7d376cd255d20bc,f427576914ea7ca656124ae7ff36b93d7288234820e3ea2bb220f661475f3562,6e92439f1b38705e21439490a9837376ff406931ff92523fdf7e0031d537c6ce,6045d3bb648bb055c078628b23cc61175a8ac5dfb8219c2a77a485a2762eff6c,2026-09-05T04:49:29.815160+00:00,SUCCESS,400,400,0,0.6932090560909373,1.0427458259474918,0.7373529795997363,100.0,44.0,NONE
cotop_final_2026_01,attempt_001,grid_200m_w40_seed42_Local,realization_grid_200m_w40_42,Local,grid_200m,40,10,42,861f3b94a6d40649c4fc004da8ec795a78506871,9885c1b7b396aa6c99cefbd5114379d2dc4f5ab8b37d4e5ac7d376cd255d20bc,f427576914ea7ca656124ae7ff36b93d7288234820e3ea2bb220f661475f3562,6e92439f1b38705e21439490a9837376ff406931ff92523fdf7e0031d537c6ce,6045d3bb648bb055c078628b23cc61175a8ac5dfb8219c2a77a485a2762eff6c,2026-09-05T04:49:30.673269+00:00,SUCCESS,400,400,0,0.7066728244826007,1.0332899151526198,0.28255349114826667,100.0,0.0,NONE
cotop_final_2026_01,attempt_001,grid_200m_w40_seed42_Greedy,realization_grid_200m_w40_42,Greedy,grid_200m,40,10,42,861f3b94a6d40649c4fc004da8ec795a78506871,9885c1b7b396aa6c99cefbd5114379d2dc4f5ab8b37d4e5ac7d376cd255d20bc,f427576914ea7ca656124ae7ff36b93d7288234820e3ea2bb220f661475f3562,6e92439f1b38705e21439490a9837376ff406931ff92523fdf7e0031d537c6ce,6045d3bb648bb055c078628b23cc61175a8ac5dfb8219c2a77a485a2762eff6c,2026-09-05T04:49:31.537524+00:00,SUCCESS,400,400,0,0.6416922581325956,1.0347174159521808,3.2344642712871687,100.0,90.0,NONE
cotop_final_2026_01,attempt_001,grid_200m_w40_seed42_wo_md,realization_grid_200m_w40_42,wo_md,grid_200m,40,10,42,861f3b94a6d40649c4fc004da8ec795a78506871,9885c1b7b396aa6c99cefbd5114379d2dc4f5ab8b37d4e5ac7d376cd255d20bc,f427576914ea7ca656124ae7ff36b93d7288234820e3ea2bb220f661475f3562,6e92439f1b38705e21439490a9837376ff406931ff92523fdf7e0031d537c6ce,6045d3bb648bb055c078628b23cc61175a8ac5dfb8219c2a77a485a2762eff6c,2026-09-05T04:49:31.718994+00:00,SUCCESS,400,400,0,0.6947387683705898,1.0332899151526198,0.6923208432630177,100.0,100.0,NONE
cotop_final_2026_01,attempt_001,grid_200m_w40_seed42_wo_tp,realization_grid_200m_w40_42,wo_tp,grid_200m,40,10,42,861f3b94a6d40649c4fc004da8ec795a78506871,9885c1b7b396aa6c99cefbd5114379d2dc4f5ab8b37d4e5ac7d376cd255d20bc,f427576914ea7ca656124ae7ff36b93d7288234820e3ea2bb220f661475f3562,6e92439f1b38705e21439490a9837376ff406931ff92523fdf7e0031d537c6ce,6045d3bb648bb055c078628b23cc61175a8ac5dfb8219c2a77a485a2762eff6c,2026-09-05T04:49:32.607874+00:00,SUCCESS,400,400,0,0.6749182700362265,1.0844813971197766,1.6571026954071215,100.0,100.0,NONE
cotop_final_2026_01,attempt_001,grid_200m_w40_seed42_wo_co,realization_grid_200m_w40_42,wo_co,grid_200m,40,10,42,861f3b94a6d40649c4fc004da8ec795a78506871,9885c1b7b396aa6c99cefbd5114379d2dc4f5ab8b37d4e5ac7d376cd255d20bc,f427576914ea7ca656124ae7ff36b93d7288234820e3ea2bb220f661475f3562,6e92439f1b38705e21439490a9837376ff406931ff92523fdf7e0031d537c6ce,6045d3bb648bb055c078628b23cc61175a8ac5dfb8219c2a77a485a2762eff6c,2026-09-05T04:49:33.446414+00:00,SUCCESS,400,400,0,0.7066728244826007,1.0332899151526198,0.28255349114826667,100.0,0.0,NONE
cotop_final_2026_01,attempt_001,grid_200m_w40_seed43_CoTOP,realization_grid_200m_w40_43,CoTOP,grid_200m,40,10,43,861f3b94a6d40649c4fc004da8ec795a78506871,9885c1b7b396aa6c99cefbd5114379d2dc4f5ab8b37d4e5ac7d376cd255d20bc,f427576914ea7ca656124ae7ff36b93d7288234820e3ea2bb220f661475f3562,ca19498c68c5decbcc2d3c9d2aa873ef3d727ddb0f70a66ef52402cf7d4f20f9,6045d3bb648bb055c078628b23cc61175a8ac5dfb8219c2a77a485a2762eff6c,2026-09-05T04:49:34.328091+00:00,SUCCESS,400,400,0,0.6934827326830043,1.044442167099687,0.8772236456607267,100.0,100.0,NONE
cotop_final_2026_01,attempt_001,grid_200m_w40_seed43_DDQN,realization_grid_200m_w40_43,DDQN,grid_200m,40,10,43,861f3b94a6d40649c4fc004da8ec795a78506871,9885c1b7b396aa6c99cefbd5114379d2dc4f5ab8b37d4e5ac7d376cd255d20bc,f427576914ea7ca656124ae7ff36b93d7288234820e3ea2bb220f661475f3562,ca19498c68c5decbcc2d3c9d2aa873ef3d727ddb0f70a66ef52402cf7d4f20f9,6045d3bb648bb055c078628b23cc61175a8ac5dfb8219c2a77a485a2762eff6c,2026-09-05T04:49:35.239210+00:00,SUCCESS,400,400,0,0.684636492829239,1.0233146119630525,0.7195502097301634,100.0,45.75,NONE
cotop_final_2026_01,attempt_001,grid_200m_w40_seed43_Local,realization_grid_200m_w40_43,Local,grid_200m,40,10,43,861f3b94a6d40649c4fc004da8ec795a78506871,9885c1b7b396aa6c99cefbd5114379d2dc4f5ab8b37d4e5ac7d376cd255d20bc,f427576914ea7ca656124ae7ff36b93d7288234820e3ea2bb220f661475f3562,ca19498c68c5decbcc2d3c9d2aa873ef3d727ddb0f70a66ef52402cf7d4f20f9,6045d3bb648bb055c078628b23cc61175a8ac5dfb8219c2a77a485a2762eff6c,2026-09-05T04:49:36.052585+00:00,SUCCESS,400,400,0,0.7003244275142957,1.044442167099687,0.27756128638402955,100.0,0.0,NONE
cotop_final_2026_01,attempt_001,grid_200m_w40_seed43_Greedy,realization_grid_200m_w40_43,Greedy,grid_200m,40,10,43,861f3b94a6d40649c4fc004da8ec795a78506871,9885c1b7b396aa6c99cefbd5114379d2dc4f5ab8b37d4e5ac7d376cd255d20bc,f427576914ea7ca656124ae7ff36b93d7288234820e3ea2bb220f661475f3562,ca19498c68c5decbcc2d3c9d2aa873ef3d727ddb0f70a66ef52402cf7d4f20f9,6045d3bb648bb055c078628b23cc61175a8ac5dfb8219c2a77a485a2762eff6c,2026-09-05T04:49:36.889235+00:00,SUCCESS,400,400,0,0.6331403542702676,1.0059371788829368,3.0858542209328097,100.0,88.25,NONE
cotop_final_2026_01,attempt_001,grid_200m_w40_seed43_wo_md,realization_grid_200m_w40_43,wo_md,grid_200m,40,10,43,861f3b94a6d40649c4fc004da8ec795a78506871,9885c1b7b396aa6c99cefbd5114379d2dc4f5ab8b37d4e5ac7d376cd255d20bc,f427576914ea7ca656124ae7ff36b93d7288234820e3ea2bb220f661475f3562,ca19498c68c5decbcc2d3c9d2aa873ef3d727ddb0f70a66ef52402cf7d4f20f9,6045d3bb648bb055c078628b23cc61175a8ac5dfb8219c2a77a485a2762eff6c,2026-09-05T04:49:36.953677+00:00,SUCCESS,400,400,0,0.686639095048203,1.044442167099687,0.6710953957068441,100.0,100.0,NONE
cotop_final_2026_01,attempt_001,grid_200m_w40_seed43_wo_tp,realization_grid_200m_w40_43,wo_tp,grid_200m,40,10,43,861f3b94a6d40649c4fc004da8ec795a78506871,9885c1b7b396aa6c99cefbd5114379d2dc4f5ab8b37d4e5ac7d376cd255d20bc,f427576914ea7ca656124ae7ff36b93d7288234820e3ea2bb220f661475f3562,ca19498c68c5decbcc2d3c9d2aa873ef3d727ddb0f70a66ef52402cf7d4f20f9,6045d3bb648bb055c078628b23cc61175a8ac5dfb8219c2a77a485a2762eff6c,2026-09-05T04:49:37.757390+00:00,SUCCESS,400,400,0,0.667544609960524,1.0625220834000568,1.7063900441240536,100.0,100.0,NONE
cotop_final_2026_01,attempt_001,grid_200m_w40_seed43_wo_co,realization_grid_200m_w40_43,wo_co,grid_200m,40,10,43,861f3b94a6d40649c4fc004da8ec795a78506871,9885c1b7b396aa6c99cefbd5114379d2dc4f5ab8b37d4e5ac7d376cd255d20bc,f427576914ea7ca656124ae7ff36b93d7288234820e3ea2bb220f661475f3562,ca19498c68c5decbcc2d3c9d2aa873ef3d727ddb0f70a66ef52402cf7d4f20f9,6045d3bb648bb055c078628b23cc61175a8ac5dfb8219c2a77a485a2762eff6c,2026-09-05T04:49:38.537854+00:00,SUCCESS,400,400,0,0.7003244275142957,1.044442167099687,0.27756128638402955,100.0,0.0,NONE
cotop_final_2026_01,attempt_001,grid_200m_w40_seed44_CoTOP,realization_grid_200m_w40_44,CoTOP,grid_200m,40,10,44,861f3b94a6d40649c4fc004da8ec795a78506871,9885c1b7b396aa6c99cefbd5114379d2dc4f5ab8b37d4e5ac7d376cd255d20bc,f427576914ea7ca656124ae7ff36b93d7288234820e3ea2bb220f661475f3562,519d90ef11e71b1f4cffdc865e32afe109046f77a4668e5b78d544a7fb6e400b,6045d3bb648bb055c078628b23cc61175a8ac5dfb8219c2a77a485a2762eff6c,2026-09-05T04:49:39.360557+00:00,SUCCESS,400,400,0,0.6820063209021988,0.9916213174242463,0.9088361089094076,100.0,100.0,NONE
cotop_final_2026_01,attempt_001,grid_200m_w40_seed44_DDQN,realization_grid_200m_w40_44,DDQN,grid_200m,40,10,44,861f3b94a6d40649c4fc004da8ec795a78506871,9885c1b7b396aa6c99cefbd5114379d2dc4f5ab8b37d4e5ac7d376cd255d20bc,f427576914ea7ca656124ae7ff36b93d7288234820e3ea2bb220f661475f3562,519d90ef11e71b1f4cffdc865e32afe109046f77a4668e5b78d544a7fb6e400b,6045d3bb648bb055c078628b23cc61175a8ac5dfb8219c2a77a485a2762eff6c,2026-09-05T04:49:40.162460+00:00,SUCCESS,400,400,0,0.678463749020473,0.9943571437719924,0.6327424618119301,100.0,33.75,NONE
cotop_final_2026_01,attempt_001,grid_200m_w40_seed44_Local,realization_grid_200m_w40_44,Local,grid_200m,40,10,44,861f3b94a6d40649c4fc004da8ec795a78506871,9885c1b7b396aa6c99cefbd5114379d2dc4f5ab8b37d4e5ac7d376cd255d20bc,f427576914ea7ca656124ae7ff36b93d7288234820e3ea2bb220f661475f3562,519d90ef11e71b1f4cffdc865e32afe109046f77a4668e5b78d544a7fb6e400b,6045d3bb648bb055c078628b23cc61175a8ac5dfb8219c2a77a485a2762eff6c,2026-09-05T04:49:40.971234+00:00,SUCCESS,400,400,0,0.6884186886081008,0.9943571437719924,0.27495006587704063,100.0,0.0,NONE
cotop_final_2026_01,attempt_001,grid_200m_w40_seed44_Greedy,realization_grid_200m_w40_44,Greedy,grid_200m,40,10,44,861f3b94a6d40649c4fc004da8ec795a78506871,9885c1b7b396aa6c99cefbd5114379d2dc4f5ab8b37d4e5ac7d376cd255d20bc,f427576914ea7ca656124ae7ff36b93d7288234820e3ea2bb220f661475f3562,519d90ef11e71b1f4cffdc865e32afe109046f77a4668e5b78d544a7fb6e400b,6045d3bb648bb055c078628b23cc61175a8ac5dfb8219c2a77a485a2762eff6c,2026-09-05T04:49:41.773473+00:00,SUCCESS,400,400,0,0.6247414898926947,0.9979426511354282,3.1307762527553775,100.0,89.5,NONE
cotop_final_2026_01,attempt_001,grid_200m_w40_seed44_wo_md,realization_grid_200m_w40_44,wo_md,grid_200m,40,10,44,861f3b94a6d40649c4fc004da8ec795a78506871,9885c1b7b396aa6c99cefbd5114379d2dc4f5ab8b37d4e5ac7d376cd255d20bc,f427576914ea7ca656124ae7ff36b93d7288234820e3ea2bb220f661475f3562,519d90ef11e71b1f4cffdc865e32afe109046f77a4668e5b78d544a7fb6e400b,6045d3bb648bb055c078628b23cc61175a8ac5dfb8219c2a77a485a2762eff6c,2026-09-05T04:49:41.848572+00:00,SUCCESS,400,400,0,0.6755292319049039,0.9917378558206331,0.6914741834720863,100.0,100.0,NONE
cotop_final_2026_01,attempt_001,grid_200m_w40_seed44_wo_tp,realization_grid_200m_w40_44,wo_tp,grid_200m,40,10,44,861f3b94a6d40649c4fc004da8ec795a78506871,9885c1b7b396aa6c99cefbd5114379d2dc4f5ab8b37d4e5ac7d376cd255d20bc,f427576914ea7ca656124ae7ff36b93d7288234820e3ea2bb220f661475f3562,519d90ef11e71b1f4cffdc865e32afe109046f77a4668e5b78d544a7fb6e400b,6045d3bb648bb055c078628b23cc61175a8ac5dfb8219c2a77a485a2762eff6c,2026-09-05T04:49:42.777831+00:00,SUCCESS,400,400,0,0.6574881272805362,1.049119041800752,1.551690812303838,100.0,100.0,NONE
cotop_final_2026_01,attempt_001,grid_200m_w40_seed44_wo_co,realization_grid_200m_w40_44,wo_co,grid_200m,40,10,44,861f3b94a6d40649c4fc004da8ec795a78506871,9885c1b7b396aa6c99cefbd5114379d2dc4f5ab8b37d4e5ac7d376cd255d20bc,f427576914ea7ca656124ae7ff36b93d7288234820e3ea2bb220f661475f3562,519d90ef11e71b1f4cffdc865e32afe109046f77a4668e5b78d544a7fb6e400b,6045d3bb648bb055c078628b23cc61175a8ac5dfb8219c2a77a485a2762eff6c,2026-09-05T04:49:43.558385+00:00,SUCCESS,400,400,0,0.6884186886081008,0.9943571437719924,0.27495006587704063,100.0,0.0,NONE
cotop_final_2026_01,attempt_001,grid_200m_w40_seed45_CoTOP,realization_grid_200m_w40_45,CoTOP,grid_200m,40,10,45,861f3b94a6d40649c4fc004da8ec795a78506871,9885c1b7b396aa6c99cefbd5114379d2dc4f5ab8b37d4e5ac7d376cd255d20bc,f427576914ea7ca656124ae7ff36b93d7288234820e3ea2bb220f661475f3562,dad26682a78ac5a65c816487680d6333cf13da30e317b3bfcdef6a4817d169ba,6045d3bb648bb055c078628b23cc61175a8ac5dfb8219c2a77a485a2762eff6c,2026-09-05T04:49:44.407706+00:00,SUCCESS,400,400,0,0.6914000685083344,0.9925046188437954,0.8664387113697453,100.0,100.0,NONE
cotop_final_2026_01,attempt_001,grid_200m_w40_seed45_DDQN,realization_grid_200m_w40_45,DDQN,grid_200m,40,10,45,861f3b94a6d40649c4fc004da8ec795a78506871,9885c1b7b396aa6c99cefbd5114379d2dc4f5ab8b37d4e5ac7d376cd255d20bc,f427576914ea7ca656124ae7ff36b93d7288234820e3ea2bb220f661475f3562,dad26682a78ac5a65c816487680d6333cf13da30e317b3bfcdef6a4817d169ba,6045d3bb648bb055c078628b23cc61175a8ac5dfb8219c2a77a485a2762eff6c,2026-09-05T04:49:45.232016+00:00,SUCCESS,400,400,0,0.6851389373347998,0.9925046188437954,0.5973982866913699,100.0,42.0,NONE
cotop_final_2026_01,attempt_001,grid_200m_w40_seed45_Local,realization_grid_200m_w40_45,Local,grid_200m,40,10,45,861f3b94a6d40649c4fc004da8ec795a78506871,9885c1b7b396aa6c99cefbd5114379d2dc4f5ab8b37d4e5ac7d376cd255d20bc,f427576914ea7ca656124ae7ff36b93d7288234820e3ea2bb220f661475f3562,dad26682a78ac5a65c816487680d6333cf13da30e317b3bfcdef6a4817d169ba,6045d3bb648bb055c078628b23cc61175a8ac5dfb8219c2a77a485a2762eff6c,2026-09-05T04:49:46.032612+00:00,SUCCESS,400,400,0,0.6972449298559849,0.9925046188437954,0.28531822975853566,100.0,0.0,NONE
cotop_final_2026_01,attempt_001,grid_200m_w40_seed45_Greedy,realization_grid_200m_w40_45,Greedy,grid_200m,40,10,45,861f3b94a6d40649c4fc004da8ec795a78506871,9885c1b7b396aa6c99cefbd5114379d2dc4f5ab8b37d4e5ac7d376cd255d20bc,f427576914ea7ca656124ae7ff36b93d7288234820e3ea2bb220f661475f3562,dad26682a78ac5a65c816487680d6333cf13da30e317b3bfcdef6a4817d169ba,6045d3bb648bb055c078628b23cc61175a8ac5dfb8219c2a77a485a2762eff6c,2026-09-05T04:49:46.863003+00:00,SUCCESS,400,400,0,0.6296368875363388,0.9974521283185791,3.183327574665612,100.0,90.25,NONE
cotop_final_2026_01,attempt_001,grid_200m_w40_seed45_wo_md,realization_grid_200m_w40_45,wo_md,grid_200m,40,10,45,861f3b94a6d40649c4fc004da8ec795a78506871,9885c1b7b396aa6c99cefbd5114379d2dc4f5ab8b37d4e5ac7d376cd255d20bc,f427576914ea7ca656124ae7ff36b93d7288234820e3ea2bb220f661475f3562,dad26682a78ac5a65c816487680d6333cf13da30e317b3bfcdef6a4817d169ba,6045d3bb648bb055c078628b23cc61175a8ac5dfb8219c2a77a485a2762eff6c,2026-09-05T04:49:46.926347+00:00,SUCCESS,400,400,0,0.6839187133662494,0.9925046188437954,0.677227732585473,100.0,100.0,NONE
cotop_final_2026_01,attempt_001,grid_200m_w40_seed45_wo_tp,realization_grid_200m_w40_45,wo_tp,grid_200m,40,10,45,861f3b94a6d40649c4fc004da8ec795a78506871,9885c1b7b396aa6c99cefbd5114379d2dc4f5ab8b37d4e5ac7d376cd255d20bc,f427576914ea7ca656124ae7ff36b93d7288234820e3ea2bb220f661475f3562,dad26682a78ac5a65c816487680d6333cf13da30e317b3bfcdef6a4817d169ba,6045d3bb648bb055c078628b23cc61175a8ac5dfb8219c2a77a485a2762eff6c,2026-09-05T04:49:47.771369+00:00,SUCCESS,400,400,0,0.6665682044688188,1.0484578907496271,1.595699850341391,100.0,100.0,NONE
cotop_final_2026_01,attempt_001,grid_200m_w40_seed45_wo_co,realization_grid_200m_w40_45,wo_co,grid_200m,40,10,45,861f3b94a6d40649c4fc004da8ec795a78506871,9885c1b7b396aa6c99cefbd5114379d2dc4f5ab8b37d4e5ac7d376cd255d20bc,f427576914ea7ca656124ae7ff36b93d7288234820e3ea2bb220f661475f3562,dad26682a78ac5a65c816487680d6333cf13da30e317b3bfcdef6a4817d169ba,6045d3bb648bb055c078628b23cc61175a8ac5dfb8219c2a77a485a2762eff6c,2026-09-05T04:49:48.537311+00:00,SUCCESS,400,400,0,0.6972449298559849,0.9925046188437954,0.28531822975853566,100.0,0.0,NONE
cotop_final_2026_01,attempt_001,grid_200m_w40_seed46_CoTOP,realization_grid_200m_w40_46,CoTOP,grid_200m,40,10,46,861f3b94a6d40649c4fc004da8ec795a78506871,9885c1b7b396aa6c99cefbd5114379d2dc4f5ab8b37d4e5ac7d376cd255d20bc,f427576914ea7ca656124ae7ff36b93d7288234820e3ea2bb220f661475f3562,c71ea073465716fcac69eb8c48bddbec7858ec24fa1a7b9c9196dc70e1797ef2,6045d3bb648bb055c078628b23cc61175a8ac5dfb8219c2a77a485a2762eff6c,2026-09-05T04:49:49.385198+00:00,SUCCESS,400,400,0,0.698263471238231,1.0236693081734125,0.9052065698937158,100.0,100.0,NONE
cotop_final_2026_01,attempt_001,grid_200m_w40_seed46_DDQN,realization_grid_200m_w40_46,DDQN,grid_200m,40,10,46,861f3b94a6d40649c4fc004da8ec795a78506871,9885c1b7b396aa6c99cefbd5114379d2dc4f5ab8b37d4e5ac7d376cd255d20bc,f427576914ea7ca656124ae7ff36b93d7288234820e3ea2bb220f661475f3562,c71ea073465716fcac69eb8c48bddbec7858ec24fa1a7b9c9196dc70e1797ef2,6045d3bb648bb055c078628b23cc61175a8ac5dfb8219c2a77a485a2762eff6c,2026-09-05T04:49:50.228272+00:00,SUCCESS,400,400,0,0.6916523237561668,1.0277422607684017,0.7184049504024004,100.0,43.25,NONE
cotop_final_2026_01,attempt_001,grid_200m_w40_seed46_Local,realization_grid_200m_w40_46,Local,grid_200m,40,10,46,861f3b94a6d40649c4fc004da8ec795a78506871,9885c1b7b396aa6c99cefbd5114379d2dc4f5ab8b37d4e5ac7d376cd255d20bc,f427576914ea7ca656124ae7ff36b93d7288234820e3ea2bb220f661475f3562,c71ea073465716fcac69eb8c48bddbec7858ec24fa1a7b9c9196dc70e1797ef2,6045d3bb648bb055c078628b23cc61175a8ac5dfb8219c2a77a485a2762eff6c,2026-09-05T04:49:51.032185+00:00,SUCCESS,400,400,0,0.7045920148560932,1.0244254240962836,0.2802429914149196,100.0,0.0,NONE
cotop_final_2026_01,attempt_001,grid_200m_w40_seed46_Greedy,realization_grid_200m_w40_46,Greedy,grid_200m,40,10,46,861f3b94a6d40649c4fc004da8ec795a78506871,9885c1b7b396aa6c99cefbd5114379d2dc4f5ab8b37d4e5ac7d376cd255d20bc,f427576914ea7ca656124ae7ff36b93d7288234820e3ea2bb220f661475f3562,c71ea073465716fcac69eb8c48bddbec7858ec24fa1a7b9c9196dc70e1797ef2,6045d3bb648bb055c078628b23cc61175a8ac5dfb8219c2a77a485a2762eff6c,2026-09-05T04:49:51.872030+00:00,SUCCESS,400,400,0,0.6393912412587369,1.011092369109338,3.193293239215609,100.0,89.5,NONE
cotop_final_2026_01,attempt_001,grid_200m_w40_seed46_wo_md,realization_grid_200m_w40_46,wo_md,grid_200m,40,10,46,861f3b94a6d40649c4fc004da8ec795a78506871,9885c1b7b396aa6c99cefbd5114379d2dc4f5ab8b37d4e5ac7d376cd255d20bc,f427576914ea7ca656124ae7ff36b93d7288234820e3ea2bb220f661475f3562,c71ea073465716fcac69eb8c48bddbec7858ec24fa1a7b9c9196dc70e1797ef2,6045d3bb648bb055c078628b23cc61175a8ac5dfb8219c2a77a485a2762eff6c,2026-09-05T04:49:52.049068+00:00,SUCCESS,400,400,0,0.6909748582104013,1.0236693081734125,0.6943131230360473,100.0,100.0,NONE
cotop_final_2026_01,attempt_001,grid_200m_w40_seed46_wo_tp,realization_grid_200m_w40_46,wo_tp,grid_200m,40,10,46,861f3b94a6d40649c4fc004da8ec795a78506871,9885c1b7b396aa6c99cefbd5114379d2dc4f5ab8b37d4e5ac7d376cd255d20bc,f427576914ea7ca656124ae7ff36b93d7288234820e3ea2bb220f661475f3562,c71ea073465716fcac69eb8c48bddbec7858ec24fa1a7b9c9196dc70e1797ef2,6045d3bb648bb055c078628b23cc61175a8ac5dfb8219c2a77a485a2762eff6c,2026-09-05T04:49:52.858110+00:00,SUCCESS,400,400,0,0.6719676716827766,1.0440023648664936,1.6684742238482004,100.0,100.0,NONE
cotop_final_2026_01,attempt_001,grid_200m_w40_seed46_wo_co,realization_grid_200m_w40_46,wo_co,grid_200m,40,10,46,861f3b94a6d40649c4fc004da8ec795a78506871,9885c1b7b396aa6c99cefbd5114379d2dc4f5ab8b37d4e5ac7d376cd255d20bc,f427576914ea7ca656124ae7ff36b93d7288234820e3ea2bb220f661475f3562,c71ea073465716fcac69eb8c48bddbec7858ec24fa1a7b9c9196dc70e1797ef2,6045d3bb648bb055c078628b23cc61175a8ac5dfb8219c2a77a485a2762eff6c,2026-09-05T04:49:53.655982+00:00,SUCCESS,400,400,0,0.7045920148560932,1.0244254240962836,0.2802429914149196,100.0,0.0,NONE
cotop_final_2026_01,attempt_001,grid_200m_w40_seed47_CoTOP,realization_grid_200m_w40_seed47,CoTOP,grid_200m,40,10,47,861f3b94a6d40649c4fc004da8ec795a78506871,9885c1b7b396aa6c99cefbd5114379d2dc4f5ab8b37d4e5ac7d376cd255d20bc,f427576914ea7ca656124ae7ff36b93d7288234820e3ea2bb220f661475f3562,6e6b0018d12a299819ff84d3a2e15a5f218e3fa32b03a16b1cac7dce7dbce762,6045d3bb648bb055c078628b23cc61175a8ac5dfb8219c2a77a485a2762eff6c,2026-09-05T04:49:54.474601+00:00,SUCCESS,400,400,0,0.6865656889260202,1.000309318446206,0.9493120221723663,100.0,100.0,NONE
cotop_final_2026_01,attempt_001,grid_200m_w40_seed47_DDQN,realization_grid_200m_w40_seed47,DDQN,grid_200m,40,10,47,861f3b94a6d40649c4fc004da8ec795a78506871,9885c1b7b396aa6c99cefbd5114379d2dc4f5ab8b37d4e5ac7d376cd255d20bc,f427576914ea7ca656124ae7ff36b93d7288234820e3ea2bb220f661475f3562,6e6b0018d12a299819ff84d3a2e15a5f218e3fa32b03a16b1cac7dce7dbce762,6045d3bb648bb055c078628b23cc61175a8ac5dfb8219c2a77a485a2762eff6c,2026-09-05T04:49:55.278247+00:00,SUCCESS,400,400,0,0.677978726548327,1.0025828613169827,0.6980724126470867,100.0,43.25,NONE
cotop_final_2026_01,attempt_001,grid_200m_w40_seed47_Local,realization_grid_200m_w40_seed47,Local,grid_200m,40,10,47,861f3b94a6d40649c4fc004da8ec795a78506871,9885c1b7b396aa6c99cefbd5114379d2dc4f5ab8b37d4e5ac7d376cd255d20bc,f427576914ea7ca656124ae7ff36b93d7288234820e3ea2bb220f661475f3562,6e6b0018d12a299819ff84d3a2e15a5f218e3fa32b03a16b1cac7dce7dbce762,6045d3bb648bb055c078628b23cc61175a8ac5dfb8219c2a77a485a2762eff6c,2026-09-05T04:49:56.021638+00:00,SUCCESS,400,400,0,0.6950546801767268,1.0025828613169827,0.2835995840377364,100.0,0.0,NONE
cotop_final_2026_01,attempt_001,grid_200m_w40_seed47_Greedy,realization_grid_200m_w40_seed47,Greedy,grid_200m,40,10,47,861f3b94a6d40649c4fc004da8ec795a78506871,9885c1b7b396aa6c99cefbd5114379d2dc4f5ab8b37d4e5ac7d376cd255d20bc,f427576914ea7ca656124ae7ff36b93d7288234820e3ea2bb220f661475f3562,6e6b0018d12a299819ff84d3a2e15a5f218e3fa32b03a16b1cac7dce7dbce762,6045d3bb648bb055c078628b23cc61175a8ac5dfb8219c2a77a485a2762eff6c,2026-09-05T04:49:56.823705+00:00,SUCCESS,400,400,0,0.6260107877609421,1.0059179118607593,3.119227754884397,100.0,89.0,NONE
cotop_final_2026_01,attempt_001,grid_200m_w40_seed47_wo_md,realization_grid_200m_w40_seed47,wo_md,grid_200m,40,10,47,861f3b94a6d40649c4fc004da8ec795a78506871,9885c1b7b396aa6c99cefbd5114379d2dc4f5ab8b37d4e5ac7d376cd255d20bc,f427576914ea7ca656124ae7ff36b93d7288234820e3ea2bb220f661475f3562,6e6b0018d12a299819ff84d3a2e15a5f218e3fa32b03a16b1cac7dce7dbce762,6045d3bb648bb055c078628b23cc61175a8ac5dfb8219c2a77a485a2762eff6c,2026-09-05T04:49:56.874195+00:00,SUCCESS,400,400,0,0.680218868032135,1.0000870431458477,0.7221167123535241,100.0,100.0,NONE
cotop_final_2026_01,attempt_001,grid_200m_w40_seed47_wo_tp,realization_grid_200m_w40_seed47,wo_tp,grid_200m,40,10,47,861f3b94a6d40649c4fc004da8ec795a78506871,9885c1b7b396aa6c99cefbd5114379d2dc4f5ab8b37d4e5ac7d376cd255d20bc,f427576914ea7ca656124ae7ff36b93d7288234820e3ea2bb220f661475f3562,6e6b0018d12a299819ff84d3a2e15a5f218e3fa32b03a16b1cac7dce7dbce762,6045d3bb648bb055c078628b23cc61175a8ac5dfb8219c2a77a485a2762eff6c,2026-09-05T04:49:57.686269+00:00,SUCCESS,400,400,0,0.662561669241702,1.0526092582657127,1.5745566930567316,100.0,100.0,NONE
cotop_final_2026_01,attempt_001,grid_200m_w40_seed47_wo_co,realization_grid_200m_w40_seed47,wo_co,grid_200m,40,10,47,861f3b94a6d40649c4fc004da8ec795a78506871,9885c1b7b396aa6c99cefbd5114379d2dc4f5ab8b37d4e5ac7d376cd255d20bc,f427576914ea7ca656124ae7ff36b93d7288234820e3ea2bb220f661475f3562,6e6b0018d12a299819ff84d3a2e15a5f218e3fa32b03a16b1cac7dce7dbce762,6045d3bb648bb055c078628b23cc61175a8ac5dfb8219c2a77a485a2762eff6c,2026-09-05T04:49:58.448937+00:00,SUCCESS,400,400,0,0.6950546801767268,1.0025828613169827,0.2835995840377364,100.0,0.0,NONE
cotop_final_2026_01,attempt_001,grid_200m_w40_seed48_CoTOP,realization_grid_200m_w40_seed48,CoTOP,grid_200m,40,10,48,861f3b94a6d40649c4fc004da8ec795a78506871,9885c1b7b396aa6c99cefbd5114379d2dc4f5ab8b37d4e5ac7d376cd255d20bc,f427576914ea7ca656124ae7ff36b93d7288234820e3ea2bb220f661475f3562,515ad4031e8a00fead9cfbf5e36eac7386060247ce0332a08c02664ee7786d78,6045d3bb648bb055c078628b23cc61175a8ac5dfb8219c2a77a485a2762eff6c,2026-09-05T04:49:59.318971+00:00,SUCCESS,400,400,0,0.6976495413796081,0.9945349603515622,0.8895476395596834,100.0,100.0,NONE
cotop_final_2026_01,attempt_001,grid_200m_w40_seed48_DDQN,realization_grid_200m_w40_seed48,DDQN,grid_200m,40,10,48,861f3b94a6d40649c4fc004da8ec795a78506871,9885c1b7b396aa6c99cefbd5114379d2dc4f5ab8b37d4e5ac7d376cd255d20bc,f427576914ea7ca656124ae7ff36b93d7288234820e3ea2bb220f661475f3562,515ad4031e8a00fead9cfbf5e36eac7386060247ce0332a08c02664ee7786d78,6045d3bb648bb055c078628b23cc61175a8ac5dfb8219c2a77a485a2762eff6c,2026-09-05T04:50:00.182364+00:00,SUCCESS,400,400,0,0.6861838142366729,0.9929161652451772,0.6538741843736591,100.0,47.5,NONE
cotop_final_2026_01,attempt_001,grid_200m_w40_seed48_Local,realization_grid_200m_w40_seed48,Local,grid_200m,40,10,48,861f3b94a6d40649c4fc004da8ec795a78506871,9885c1b7b396aa6c99cefbd5114379d2dc4f5ab8b37d4e5ac7d376cd255d20bc,f427576914ea7ca656124ae7ff36b93d7288234820e3ea2bb220f661475f3562,515ad4031e8a00fead9cfbf5e36eac7386060247ce0332a08c02664ee7786d78,6045d3bb648bb055c078628b23cc61175a8ac5dfb8219c2a77a485a2762eff6c,2026-09-05T04:50:01.047056+00:00,SUCCESS,400,400,0,0.7039272983511554,0.9945349603515622,0.29683573174232014,100.0,0.0,NONE
cotop_final_2026_01,attempt_001,grid_200m_w40_seed48_Greedy,realization_grid_200m_w40_seed48,Greedy,grid_200m,40,10,48,861f3b94a6d40649c4fc004da8ec795a78506871,9885c1b7b396aa6c99cefbd5114379d2dc4f5ab8b37d4e5ac7d376cd255d20bc,f427576914ea7ca656124ae7ff36b93d7288234820e3ea2bb220f661475f3562,515ad4031e8a00fead9cfbf5e36eac7386060247ce0332a08c02664ee7786d78,6045d3bb648bb055c078628b23cc61175a8ac5dfb8219c2a77a485a2762eff6c,2026-09-05T04:50:01.872514+00:00,SUCCESS,400,400,0,0.6288737033518838,0.9871255189215977,3.1237943130809924,100.0,89.0,NONE
cotop_final_2026_01,attempt_001,grid_200m_w40_seed48_wo_md,realization_grid_200m_w40_seed48,wo_md,grid_200m,40,10,48,861f3b94a6d40649c4fc004da8ec795a78506871,9885c1b7b396aa6c99cefbd5114379d2dc4f5ab8b37d4e5ac7d376cd255d20bc,f427576914ea7ca656124ae7ff36b93d7288234820e3ea2bb220f661475f3562,515ad4031e8a00fead9cfbf5e36eac7386060247ce0332a08c02664ee7786d78,6045d3bb648bb055c078628b23cc61175a8ac5dfb8219c2a77a485a2762eff6c,2026-09-05T04:50:02.040461+00:00,SUCCESS,400,400,0,0.690388403647307,0.9945349603515622,0.6933554338395144,100.0,100.0,NONE
cotop_final_2026_01,attempt_001,grid_200m_w40_seed48_wo_tp,realization_grid_200m_w40_seed48,wo_tp,grid_200m,40,10,48,861f3b94a6d40649c4fc004da8ec795a78506871,9885c1b7b396aa6c99cefbd5114379d2dc4f5ab8b37d4e5ac7d376cd255d20bc,f427576914ea7ca656124ae7ff36b93d7288234820e3ea2bb220f661475f3562,515ad4031e8a00fead9cfbf5e36eac7386060247ce0332a08c02664ee7786d78,6045d3bb648bb055c078628b23cc61175a8ac5dfb8219c2a77a485a2762eff6c,2026-09-05T04:50:02.874718+00:00,SUCCESS,400,400,0,0.6660599081487494,1.0540234732559726,1.5244558446256449,100.0,100.0,NONE
cotop_final_2026_01,attempt_001,grid_200m_w40_seed48_wo_co,realization_grid_200m_w40_seed48,wo_co,grid_200m,40,10,48,861f3b94a6d40649c4fc004da8ec795a78506871,9885c1b7b396aa6c99cefbd5114379d2dc4f5ab8b37d4e5ac7d376cd255d20bc,f427576914ea7ca656124ae7ff36b93d7288234820e3ea2bb220f661475f3562,515ad4031e8a00fead9cfbf5e36eac7386060247ce0332a08c02664ee7786d78,6045d3bb648bb055c078628b23cc61175a8ac5dfb8219c2a77a485a2762eff6c,2026-09-05T04:50:03.671318+00:00,SUCCESS,400,400,0,0.7039272983511554,0.9945349603515622,0.29683573174232014,100.0,0.0,NONE
cotop_final_2026_01,attempt_001,grid_200m_w40_seed49_CoTOP,realization_grid_200m_w40_seed49,CoTOP,grid_200m,40,10,49,861f3b94a6d40649c4fc004da8ec795a78506871,9885c1b7b396aa6c99cefbd5114379d2dc4f5ab8b37d4e5ac7d376cd255d20bc,f427576914ea7ca656124ae7ff36b93d7288234820e3ea2bb220f661475f3562,f956fb6250bbe529591d38c69ffd6ad86b9f38f4cd9ea930f357749b3da757ff,6045d3bb648bb055c078628b23cc61175a8ac5dfb8219c2a77a485a2762eff6c,2026-09-05T04:50:04.523309+00:00,SUCCESS,400,400,0,0.6870040849953508,1.0106054515558465,0.8592961619352647,100.0,100.0,NONE
cotop_final_2026_01,attempt_001,grid_200m_w40_seed49_DDQN,realization_grid_200m_w40_seed49,DDQN,grid_200m,40,10,49,861f3b94a6d40649c4fc004da8ec795a78506871,9885c1b7b396aa6c99cefbd5114379d2dc4f5ab8b37d4e5ac7d376cd255d20bc,f427576914ea7ca656124ae7ff36b93d7288234820e3ea2bb220f661475f3562,f956fb6250bbe529591d38c69ffd6ad86b9f38f4cd9ea930f357749b3da757ff,6045d3bb648bb055c078628b23cc61175a8ac5dfb8219c2a77a485a2762eff6c,2026-09-05T04:50:05.323482+00:00,SUCCESS,400,400,0,0.6746597640788699,1.0041387814368252,0.7858135351774981,100.0,45.25,NONE
cotop_final_2026_01,attempt_001,grid_200m_w40_seed49_Local,realization_grid_200m_w40_seed49,Local,grid_200m,40,10,49,861f3b94a6d40649c4fc004da8ec795a78506871,9885c1b7b396aa6c99cefbd5114379d2dc4f5ab8b37d4e5ac7d376cd255d20bc,f427576914ea7ca656124ae7ff36b93d7288234820e3ea2bb220f661475f3562,f956fb6250bbe529591d38c69ffd6ad86b9f38f4cd9ea930f357749b3da757ff,6045d3bb648bb055c078628b23cc61175a8ac5dfb8219c2a77a485a2762eff6c,2026-09-05T04:50:06.125316+00:00,SUCCESS,400,400,0,0.6921664831676081,1.0126436419476714,0.2779914716384322,100.0,0.0,NONE
cotop_final_2026_01,attempt_001,grid_200m_w40_seed49_Greedy,realization_grid_200m_w40_seed49,Greedy,grid_200m,40,10,49,861f3b94a6d40649c4fc004da8ec795a78506871,9885c1b7b396aa6c99cefbd5114379d2dc4f5ab8b37d4e5ac7d376cd255d20bc,f427576914ea7ca656124ae7ff36b93d7288234820e3ea2bb220f661475f3562,f956fb6250bbe529591d38c69ffd6ad86b9f38f4cd9ea930f357749b3da757ff,6045d3bb648bb055c078628b23cc61175a8ac5dfb8219c2a77a485a2762eff6c,2026-09-05T04:50:06.924750+00:00,SUCCESS,400,400,0,0.6250474300425866,0.994499471322146,3.0923508026196727,100.0,89.5,NONE
cotop_final_2026_01,attempt_001,grid_200m_w40_seed49_wo_md,realization_grid_200m_w40_seed49,wo_md,grid_200m,40,10,49,861f3b94a6d40649c4fc004da8ec795a78506871,9885c1b7b396aa6c99cefbd5114379d2dc4f5ab8b37d4e5ac7d376cd255d20bc,f427576914ea7ca656124ae7ff36b93d7288234820e3ea2bb220f661475f3562,f956fb6250bbe529591d38c69ffd6ad86b9f38f4cd9ea930f357749b3da757ff,6045d3bb648bb055c078628b23cc61175a8ac5dfb8219c2a77a485a2762eff6c,2026-09-05T04:50:07.002466+00:00,SUCCESS,400,400,0,0.6796430414580896,1.0106054515558465,0.6648582683141047,100.0,100.0,NONE
cotop_final_2026_01,attempt_001,grid_200m_w40_seed49_wo_tp,realization_grid_200m_w40_seed49,wo_tp,grid_200m,40,10,49,861f3b94a6d40649c4fc004da8ec795a78506871,9885c1b7b396aa6c99cefbd5114379d2dc4f5ab8b37d4e5ac7d376cd255d20bc,f427576914ea7ca656124ae7ff36b93d7288234820e3ea2bb220f661475f3562,f956fb6250bbe529591d38c69ffd6ad86b9f38f4cd9ea930f357749b3da757ff,6045d3bb648bb055c078628b23cc61175a8ac5dfb8219c2a77a485a2762eff6c,2026-09-05T04:50:07.815383+00:00,SUCCESS,400,400,0,0.659603586554624,1.0530621965432883,1.5087985702668683,100.0,100.0,NONE
cotop_final_2026_01,attempt_001,grid_200m_w40_seed49_wo_co,realization_grid_200m_w40_seed49,wo_co,grid_200m,40,10,49,861f3b94a6d40649c4fc004da8ec795a78506871,9885c1b7b396aa6c99cefbd5114379d2dc4f5ab8b37d4e5ac7d376cd255d20bc,f427576914ea7ca656124ae7ff36b93d7288234820e3ea2bb220f661475f3562,f956fb6250bbe529591d38c69ffd6ad86b9f38f4cd9ea930f357749b3da757ff,6045d3bb648bb055c078628b23cc61175a8ac5dfb8219c2a77a485a2762eff6c,2026-09-05T04:50:08.622772+00:00,SUCCESS,400,400,0,0.6921664831676081,1.0126436419476714,0.2779914716384322,100.0,0.0,NONE
cotop_final_2026_01,attempt_001,grid_200m_w40_seed50_CoTOP,realization_grid_200m_w40_seed50,CoTOP,grid_200m,40,10,50,861f3b94a6d40649c4fc004da8ec795a78506871,9885c1b7b396aa6c99cefbd5114379d2dc4f5ab8b37d4e5ac7d376cd255d20bc,f427576914ea7ca656124ae7ff36b93d7288234820e3ea2bb220f661475f3562,dd891e52b4078e4643b953146ba2f1cc2a7514c700cc6a456c72850223102c72,6045d3bb648bb055c078628b23cc61175a8ac5dfb8219c2a77a485a2762eff6c,2026-09-05T04:50:09.463926+00:00,SUCCESS,400,400,0,0.707985095193591,1.0398681600315576,0.865286688109056,100.0,100.0,NONE
cotop_final_2026_01,attempt_001,grid_200m_w40_seed50_DDQN,realization_grid_200m_w40_seed50,DDQN,grid_200m,40,10,50,861f3b94a6d40649c4fc004da8ec795a78506871,9885c1b7b396aa6c99cefbd5114379d2dc4f5ab8b37d4e5ac7d376cd255d20bc,f427576914ea7ca656124ae7ff36b93d7288234820e3ea2bb220f661475f3562,dd891e52b4078e4643b953146ba2f1cc2a7514c700cc6a456c72850223102c72,6045d3bb648bb055c078628b23cc61175a8ac5dfb8219c2a77a485a2762eff6c,2026-09-05T04:50:10.302363+00:00,SUCCESS,400,400,0,0.6952496301347193,1.0377303180804651,0.8327421848948277,100.0,48.25,NONE
cotop_final_2026_01,attempt_001,grid_200m_w40_seed50_Local,realization_grid_200m_w40_seed50,Local,grid_200m,40,10,50,861f3b94a6d40649c4fc004da8ec795a78506871,9885c1b7b396aa6c99cefbd5114379d2dc4f5ab8b37d4e5ac7d376cd255d20bc,f427576914ea7ca656124ae7ff36b93d7288234820e3ea2bb220f661475f3562,dd891e52b4078e4643b953146ba2f1cc2a7514c700cc6a456c72850223102c72,6045d3bb648bb055c078628b23cc61175a8ac5dfb8219c2a77a485a2762eff6c,2026-09-05T04:50:11.121436+00:00,SUCCESS,400,400,0,0.7133075561301959,1.0398681600315576,0.28554284081001025,100.0,0.0,NONE
cotop_final_2026_01,attempt_001,grid_200m_w40_seed50_Greedy,realization_grid_200m_w40_seed50,Greedy,grid_200m,40,10,50,861f3b94a6d40649c4fc004da8ec795a78506871,9885c1b7b396aa6c99cefbd5114379d2dc4f5ab8b37d4e5ac7d376cd255d20bc,f427576914ea7ca656124ae7ff36b93d7288234820e3ea2bb220f661475f3562,dd891e52b4078e4643b953146ba2f1cc2a7514c700cc6a456c72850223102c72,6045d3bb648bb055c078628b23cc61175a8ac5dfb8219c2a77a485a2762eff6c,2026-09-05T04:50:11.980634+00:00,SUCCESS,400,400,0,0.645760509070475,1.0424942994071031,3.19029084710019,100.0,89.0,NONE
cotop_final_2026_01,attempt_001,grid_200m_w40_seed50_wo_md,realization_grid_200m_w40_seed50,wo_md,grid_200m,40,10,50,861f3b94a6d40649c4fc004da8ec795a78506871,9885c1b7b396aa6c99cefbd5114379d2dc4f5ab8b37d4e5ac7d376cd255d20bc,f427576914ea7ca656124ae7ff36b93d7288234820e3ea2bb220f661475f3562,dd891e52b4078e4643b953146ba2f1cc2a7514c700cc6a456c72850223102c72,6045d3bb648bb055c078628b23cc61175a8ac5dfb8219c2a77a485a2762eff6c,2026-09-05T04:50:12.050731+00:00,SUCCESS,400,400,0,0.7003879992151855,1.0398681600315576,0.6735345315998958,100.0,100.0,NONE
cotop_final_2026_01,attempt_001,grid_200m_w40_seed50_wo_tp,realization_grid_200m_w40_seed50,wo_tp,grid_200m,40,10,50,861f3b94a6d40649c4fc004da8ec795a78506871,9885c1b7b396aa6c99cefbd5114379d2dc4f5ab8b37d4e5ac7d376cd255d20bc,f427576914ea7ca656124ae7ff36b93d7288234820e3ea2bb220f661475f3562,dd891e52b4078e4643b953146ba2f1cc2a7514c700cc6a456c72850223102c72,6045d3bb648bb055c078628b23cc61175a8ac5dfb8219c2a77a485a2762eff6c,2026-09-05T04:50:12.987353+00:00,SUCCESS,400,400,0,0.6832927608502899,1.0828562839539635,1.6023866802474829,100.0,100.0,NONE
cotop_final_2026_01,attempt_001,grid_200m_w40_seed50_wo_co,realization_grid_200m_w40_seed50,wo_co,grid_200m,40,10,50,861f3b94a6d40649c4fc004da8ec795a78506871,9885c1b7b396aa6c99cefbd5114379d2dc4f5ab8b37d4e5ac7d376cd255d20bc,f427576914ea7ca656124ae7ff36b93d7288234820e3ea2bb220f661475f3562,dd891e52b4078e4643b953146ba2f1cc2a7514c700cc6a456c72850223102c72,6045d3bb648bb055c078628b23cc61175a8ac5dfb8219c2a77a485a2762eff6c,2026-09-05T04:50:13.790673+00:00,SUCCESS,400,400,0,0.7133075561301959,1.0398681600315576,0.28554284081001025,100.0,0.0,NONE
cotop_final_2026_01,attempt_001,grid_200m_w40_seed51_CoTOP,realization_grid_200m_w40_seed51,CoTOP,grid_200m,40,10,51,861f3b94a6d40649c4fc004da8ec795a78506871,9885c1b7b396aa6c99cefbd5114379d2dc4f5ab8b37d4e5ac7d376cd255d20bc,f427576914ea7ca656124ae7ff36b93d7288234820e3ea2bb220f661475f3562,19a5860d15fb30b8cfc38549484f6d95abb5b253d3768ea2c16113c10e6e422f,6045d3bb648bb055c078628b23cc61175a8ac5dfb8219c2a77a485a2762eff6c,2026-09-05T04:50:14.624205+00:00,SUCCESS,400,400,0,0.6930190889727906,1.052739585554435,0.8628964735940227,100.0,100.0,NONE
cotop_final_2026_01,attempt_001,grid_200m_w40_seed51_DDQN,realization_grid_200m_w40_seed51,DDQN,grid_200m,40,10,51,861f3b94a6d40649c4fc004da8ec795a78506871,9885c1b7b396aa6c99cefbd5114379d2dc4f5ab8b37d4e5ac7d376cd255d20bc,f427576914ea7ca656124ae7ff36b93d7288234820e3ea2bb220f661475f3562,19a5860d15fb30b8cfc38549484f6d95abb5b253d3768ea2c16113c10e6e422f,6045d3bb648bb055c078628b23cc61175a8ac5dfb8219c2a77a485a2762eff6c,2026-09-05T04:50:15.455802+00:00,SUCCESS,400,400,0,0.6843481694077951,1.0516234692032236,0.674912616073916,100.0,38.25,NONE
cotop_final_2026_01,attempt_001,grid_200m_w40_seed51_Local,realization_grid_200m_w40_seed51,Local,grid_200m,40,10,51,861f3b94a6d40649c4fc004da8ec795a78506871,9885c1b7b396aa6c99cefbd5114379d2dc4f5ab8b37d4e5ac7d376cd255d20bc,f427576914ea7ca656124ae7ff36b93d7288234820e3ea2bb220f661475f3562,19a5860d15fb30b8cfc38549484f6d95abb5b253d3768ea2c16113c10e6e422f,6045d3bb648bb055c078628b23cc61175a8ac5dfb8219c2a77a485a2762eff6c,2026-09-05T04:50:16.256416+00:00,SUCCESS,400,400,0,0.6979711799475364,1.052739585554435,0.27273618874121636,100.0,0.0,NONE
cotop_final_2026_01,attempt_001,grid_200m_w40_seed51_Greedy,realization_grid_200m_w40_seed51,Greedy,grid_200m,40,10,51,861f3b94a6d40649c4fc004da8ec795a78506871,9885c1b7b396aa6c99cefbd5114379d2dc4f5ab8b37d4e5ac7d376cd255d20bc,f427576914ea7ca656124ae7ff36b93d7288234820e3ea2bb220f661475f3562,19a5860d15fb30b8cfc38549484f6d95abb5b253d3768ea2c16113c10e6e422f,6045d3bb648bb055c078628b23cc61175a8ac5dfb8219c2a77a485a2762eff6c,2026-09-05T04:50:17.071022+00:00,SUCCESS,400,400,0,0.6347971873021009,1.0412431300161062,3.1683849964044803,100.0,90.0,NONE
cotop_final_2026_01,attempt_001,grid_200m_w40_seed51_wo_md,realization_grid_200m_w40_seed51,wo_md,grid_200m,40,10,51,861f3b94a6d40649c4fc004da8ec795a78506871,9885c1b7b396aa6c99cefbd5114379d2dc4f5ab8b37d4e5ac7d376cd255d20bc,f427576914ea7ca656124ae7ff36b93d7288234820e3ea2bb220f661475f3562,19a5860d15fb30b8cfc38549484f6d95abb5b253d3768ea2c16113c10e6e422f,6045d3bb648bb055c078628b23cc61175a8ac5dfb8219c2a77a485a2762eff6c,2026-09-05T04:50:17.139395+00:00,SUCCESS,400,400,0,0.6861495228759782,1.052739585554435,0.6674511578307076,100.0,100.0,NONE
cotop_final_2026_01,attempt_001,grid_200m_w40_seed51_wo_tp,realization_grid_200m_w40_seed51,wo_tp,grid_200m,40,10,51,861f3b94a6d40649c4fc004da8ec795a78506871,9885c1b7b396aa6c99cefbd5114379d2dc4f5ab8b37d4e5ac7d376cd255d20bc,f427576914ea7ca656124ae7ff36b93d7288234820e3ea2bb220f661475f3562,19a5860d15fb30b8cfc38549484f6d95abb5b253d3768ea2c16113c10e6e422f,6045d3bb648bb055c078628b23cc61175a8ac5dfb8219c2a77a485a2762eff6c,2026-09-05T04:50:17.951872+00:00,SUCCESS,400,400,0,0.6700874589132237,1.0946506481290599,1.5619643443368216,100.0,100.0,NONE
cotop_final_2026_01,attempt_001,grid_200m_w40_seed51_wo_co,realization_grid_200m_w40_seed51,wo_co,grid_200m,40,10,51,861f3b94a6d40649c4fc004da8ec795a78506871,9885c1b7b396aa6c99cefbd5114379d2dc4f5ab8b37d4e5ac7d376cd255d20bc,f427576914ea7ca656124ae7ff36b93d7288234820e3ea2bb220f661475f3562,19a5860d15fb30b8cfc38549484f6d95abb5b253d3768ea2c16113c10e6e422f,6045d3bb648bb055c078628b23cc61175a8ac5dfb8219c2a77a485a2762eff6c,2026-09-05T04:50:18.734445+00:00,SUCCESS,400,400,0,0.6979711799475364,1.052739585554435,0.27273618874121636,100.0,0.0,NONE
