campaign_id,attempt_id,evaluation_id,realization_id,algorithm,scenario,workload,vehicle_count,seed,git_sha,config_hash,checkpoint_hash,realization_hash,environment_manifest_sha256,timestamp_utc,status,total_tasks,completed_tasks,failed_tasks,mean_delay_s,p95_delay_s,mean_energy_j,completion_ratio_pct,collaboration_rate_pct,failure_reasons
cotop_final_2026_01,attempt_001,corridor_2400m_w20_seed42_CoTOP,realization_corridor_2400m_w20_42,CoTOP,corridor_2400m,20,10,42,e8cba553cad2e193c8ac5b112cf938bd532ed2f4,9885c1b7b396aa6c99cefbd5114379d2dc4f5ab8b37d4e5ac7d376cd255d20bc,f427576914ea7ca656124ae7ff36b93d7288234820e3ea2bb220f661475f3562,3513dd0001901338e34eb507c80dc9ead2c5a9277abcfdb3a9f4f8b43b4be05e,f5b22778c21031bc99e5326ef2b146f2cda1d0c4cb2818d3c55d4dc50d004b57,2026-09-05T06:21:07.761321+00:00,SUCCESS,200,193,7,2.0691899424713336,5.673870650299156,3.8472302080975296,96.5,99.0,7_DEADLINE_EXCEEDED
cotop_final_2026_01,attempt_001,corridor_2400m_w20_seed42_DDQN,realization_corridor_2400m_w20_42,DDQN,corridor_2400m,20,10,42,e8cba553cad2e193c8ac5b112cf938bd532ed2f4,9885c1b7b396aa6c99cefbd5114379d2dc4f5ab8b37d4e5ac7d376cd255d20bc,f427576914ea7ca656124ae7ff36b93d7288234820e3ea2bb220f661475f3562,3513dd0001901338e34eb507c80dc9ead2c5a9277abcfdb3a9f4f8b43b4be05e,f5b22778c21031bc99e5326ef2b146f2cda1d0c4cb2818d3c55d4dc50d004b57,2026-09-05T06:21:08.978183+00:00,SUCCESS,200,193,7,2.0432057967681616,5.6612139959443635,0.8394744154259892,96.5,42.5,7_DEADLINE_EXCEEDED
cotop_final_2026_01,attempt_001,corridor_2400m_w20_seed42_Local,realization_corridor_2400m_w20_42,Local,corridor_2400m,20,10,42,e8cba553cad2e193c8ac5b112cf938bd532ed2f4,9885c1b7b396aa6c99cefbd5114379d2dc4f5ab8b37d4e5ac7d376cd255d20bc,f427576914ea7ca656124ae7ff36b93d7288234820e3ea2bb220f661475f3562,3513dd0001901338e34eb507c80dc9ead2c5a9277abcfdb3a9f4f8b43b4be05e,f5b22778c21031bc99e5326ef2b146f2cda1d0c4cb2818d3c55d4dc50d004b57,2026-09-05T06:21:10.068970+00:00,SUCCESS,200,193,7,2.04136596953117,5.62399395088518,0.3000039329119527,96.5,0.0,7_DEADLINE_EXCEEDED
cotop_final_2026_01,attempt_001,corridor_2400m_w20_seed42_Greedy,realization_corridor_2400m_w20_42,Greedy,corridor_2400m,20,10,42,e8cba553cad2e193c8ac5b112cf938bd532ed2f4,9885c1b7b396aa6c99cefbd5114379d2dc4f5ab8b37d4e5ac7d376cd255d20bc,f427576914ea7ca656124ae7ff36b93d7288234820e3ea2bb220f661475f3562,3513dd0001901338e34eb507c80dc9ead2c5a9277abcfdb3a9f4f8b43b4be05e,f5b22778c21031bc99e5326ef2b146f2cda1d0c4cb2818d3c55d4dc50d004b57,2026-09-05T06:21:11.146418+00:00,SUCCESS,200,193,7,2.0639223869258982,5.667304780612381,7.219614589600078,96.5,85.0,7_DEADLINE_EXCEEDED
cotop_final_2026_01,attempt_001,corridor_2400m_w20_seed42_wo_md,realization_corridor_2400m_w20_42,wo_md,corridor_2400m,20,10,42,e8cba553cad2e193c8ac5b112cf938bd532ed2f4,9885c1b7b396aa6c99cefbd5114379d2dc4f5ab8b37d4e5ac7d376cd255d20bc,f427576914ea7ca656124ae7ff36b93d7288234820e3ea2bb220f661475f3562,3513dd0001901338e34eb507c80dc9ead2c5a9277abcfdb3a9f4f8b43b4be05e,f5b22778c21031bc99e5326ef2b146f2cda1d0c4cb2818d3c55d4dc50d004b57,2026-09-05T06:21:11.220142+00:00,SUCCESS,200,193,7,2.045019706455199,5.626016085623928,2.0862774776975703,96.5,99.0,7_DEADLINE_EXCEEDED
cotop_final_2026_01,attempt_001,corridor_2400m_w20_seed42_wo_tp,realization_corridor_2400m_w20_42,wo_tp,corridor_2400m,20,10,42,e8cba553cad2e193c8ac5b112cf938bd532ed2f4,9885c1b7b396aa6c99cefbd5114379d2dc4f5ab8b37d4e5ac7d376cd255d20bc,f427576914ea7ca656124ae7ff36b93d7288234820e3ea2bb220f661475f3562,3513dd0001901338e34eb507c80dc9ead2c5a9277abcfdb3a9f4f8b43b4be05e,f5b22778c21031bc99e5326ef2b146f2cda1d0c4cb2818d3c55d4dc50d004b57,2026-09-05T06:21:12.354571+00:00,SUCCESS,200,193,7,2.0657134189905704,5.695435326993916,4.7823065028252,96.5,100.0,7_DEADLINE_EXCEEDED
cotop_final_2026_01,attempt_001,corridor_2400m_w20_seed42_wo_co,realization_corridor_2400m_w20_42,wo_co,corridor_2400m,20,10,42,e8cba553cad2e193c8ac5b112cf938bd532ed2f4,9885c1b7b396aa6c99cefbd5114379d2dc4f5ab8b37d4e5ac7d376cd255d20bc,f427576914ea7ca656124ae7ff36b93d7288234820e3ea2bb220f661475f3562,3513dd0001901338e34eb507c80dc9ead2c5a9277abcfdb3a9f4f8b43b4be05e,f5b22778c21031bc99e5326ef2b146f2cda1d0c4cb2818d3c55d4dc50d004b57,2026-09-05T06:21:13.477832+00:00,SUCCESS,200,193,7,2.04136596953117,5.62399395088518,0.3000039329119527,96.5,0.0,7_DEADLINE_EXCEEDED
cotop_final_2026_01,attempt_001,corridor_2400m_w20_seed43_CoTOP,realization_corridor_2400m_w20_43,CoTOP,corridor_2400m,20,10,43,e8cba553cad2e193c8ac5b112cf938bd532ed2f4,9885c1b7b396aa6c99cefbd5114379d2dc4f5ab8b37d4e5ac7d376cd255d20bc,f427576914ea7ca656124ae7ff36b93d7288234820e3ea2bb220f661475f3562,34b1824210d0cb5caf9d7f110dacab2d666ad347bfb7b10645eded7fdcdf0ff9,f5b22778c21031bc99e5326ef2b146f2cda1d0c4cb2818d3c55d4dc50d004b57,2026-09-05T06:21:14.730073+00:00,SUCCESS,200,196,4,2.06315693917325,5.130796729461781,4.028758992681835,98.0,99.5,4_DEADLINE_EXCEEDED
cotop_final_2026_01,attempt_001,corridor_2400m_w20_seed43_DDQN,realization_corridor_2400m_w20_43,DDQN,corridor_2400m,20,10,43,e8cba553cad2e193c8ac5b112cf938bd532ed2f4,9885c1b7b396aa6c99cefbd5114379d2dc4f5ab8b37d4e5ac7d376cd255d20bc,f427576914ea7ca656124ae7ff36b93d7288234820e3ea2bb220f661475f3562,34b1824210d0cb5caf9d7f110dacab2d666ad347bfb7b10645eded7fdcdf0ff9,f5b22778c21031bc99e5326ef2b146f2cda1d0c4cb2818d3c55d4dc50d004b57,2026-09-05T06:21:16.021812+00:00,SUCCESS,200,197,3,2.0241412883397585,5.12692656448298,1.7595615419493649,98.5,32.0,3_DEADLINE_EXCEEDED
cotop_final_2026_01,attempt_001,corridor_2400m_w20_seed43_Local,realization_corridor_2400m_w20_43,Local,corridor_2400m,20,10,43,e8cba553cad2e193c8ac5b112cf938bd532ed2f4,9885c1b7b396aa6c99cefbd5114379d2dc4f5ab8b37d4e5ac7d376cd255d20bc,f427576914ea7ca656124ae7ff36b93d7288234820e3ea2bb220f661475f3562,34b1824210d0cb5caf9d7f110dacab2d666ad347bfb7b10645eded7fdcdf0ff9,f5b22778c21031bc99e5326ef2b146f2cda1d0c4cb2818d3c55d4dc50d004b57,2026-09-05T06:21:17.471233+00:00,SUCCESS,200,197,3,2.0142848110771028,4.990647591340477,0.28772091847867637,98.5,0.0,3_DEADLINE_EXCEEDED
cotop_final_2026_01,attempt_001,corridor_2400m_w20_seed43_Greedy,realization_corridor_2400m_w20_43,Greedy,corridor_2400m,20,10,43,e8cba553cad2e193c8ac5b112cf938bd532ed2f4,9885c1b7b396aa6c99cefbd5114379d2dc4f5ab8b37d4e5ac7d376cd255d20bc,f427576914ea7ca656124ae7ff36b93d7288234820e3ea2bb220f661475f3562,34b1824210d0cb5caf9d7f110dacab2d666ad347bfb7b10645eded7fdcdf0ff9,f5b22778c21031bc99e5326ef2b146f2cda1d0c4cb2818d3c55d4dc50d004b57,2026-09-05T06:21:18.744240+00:00,SUCCESS,200,196,4,2.027646799359078,5.050272710963934,6.972160994082484,98.0,88.5,4_DEADLINE_EXCEEDED
cotop_final_2026_01,attempt_001,corridor_2400m_w20_seed43_wo_md,realization_corridor_2400m_w20_43,wo_md,corridor_2400m,20,10,43,e8cba553cad2e193c8ac5b112cf938bd532ed2f4,9885c1b7b396aa6c99cefbd5114379d2dc4f5ab8b37d4e5ac7d376cd255d20bc,f427576914ea7ca656124ae7ff36b93d7288234820e3ea2bb220f661475f3562,34b1824210d0cb5caf9d7f110dacab2d666ad347bfb7b10645eded7fdcdf0ff9,f5b22778c21031bc99e5326ef2b146f2cda1d0c4cb2818d3c55d4dc50d004b57,2026-09-05T06:21:18.820536+00:00,SUCCESS,200,197,3,2.03268175396301,5.061478825242835,2.188578743906078,98.5,99.5,3_DEADLINE_EXCEEDED
cotop_final_2026_01,attempt_001,corridor_2400m_w20_seed43_wo_tp,realization_corridor_2400m_w20_43,wo_tp,corridor_2400m,20,10,43,e8cba553cad2e193c8ac5b112cf938bd532ed2f4,9885c1b7b396aa6c99cefbd5114379d2dc4f5ab8b37d4e5ac7d376cd255d20bc,f427576914ea7ca656124ae7ff36b93d7288234820e3ea2bb220f661475f3562,34b1824210d0cb5caf9d7f110dacab2d666ad347bfb7b10645eded7fdcdf0ff9,f5b22778c21031bc99e5326ef2b146f2cda1d0c4cb2818d3c55d4dc50d004b57,2026-09-05T06:21:20.028637+00:00,SUCCESS,200,196,4,2.0437833797592204,5.1002521214588805,4.801089668584847,98.0,100.0,4_DEADLINE_EXCEEDED
cotop_final_2026_01,attempt_001,corridor_2400m_w20_seed43_wo_co,realization_corridor_2400m_w20_43,wo_co,corridor_2400m,20,10,43,e8cba553cad2e193c8ac5b112cf938bd532ed2f4,9885c1b7b396aa6c99cefbd5114379d2dc4f5ab8b37d4e5ac7d376cd255d20bc,f427576914ea7ca656124ae7ff36b93d7288234820e3ea2bb220f661475f3562,34b1824210d0cb5caf9d7f110dacab2d666ad347bfb7b10645eded7fdcdf0ff9,f5b22778c21031bc99e5326ef2b146f2cda1d0c4cb2818d3c55d4dc50d004b57,2026-09-05T06:21:21.136420+00:00,SUCCESS,200,197,3,2.0142848110771028,4.990647591340477,0.28772091847867637,98.5,0.0,3_DEADLINE_EXCEEDED
cotop_final_2026_01,attempt_001,corridor_2400m_w20_seed44_CoTOP,realization_corridor_2400m_w20_44,CoTOP,corridor_2400m,20,10,44,e8cba553cad2e193c8ac5b112cf938bd532ed2f4,9885c1b7b396aa6c99cefbd5114379d2dc4f5ab8b37d4e5ac7d376cd255d20bc,f427576914ea7ca656124ae7ff36b93d7288234820e3ea2bb220f661475f3562,14ea4281a04682954395e1e1aa6845d69e2bc7dd0f3e086dc18bb7136d7df259,f5b22778c21031bc99e5326ef2b146f2cda1d0c4cb2818d3c55d4dc50d004b57,2026-09-05T06:21:22.215601+00:00,SUCCESS,200,198,2,2.000734085657414,5.245114417934929,3.8433352735653648,99.0,100.0,2_DEADLINE_EXCEEDED
cotop_final_2026_01,attempt_001,corridor_2400m_w20_seed44_DDQN,realization_corridor_2400m_w20_44,DDQN,corridor_2400m,20,10,44,e8cba553cad2e193c8ac5b112cf938bd532ed2f4,9885c1b7b396aa6c99cefbd5114379d2dc4f5ab8b37d4e5ac7d376cd255d20bc,f427576914ea7ca656124ae7ff36b93d7288234820e3ea2bb220f661475f3562,14ea4281a04682954395e1e1aa6845d69e2bc7dd0f3e086dc18bb7136d7df259,f5b22778c21031bc99e5326ef2b146f2cda1d0c4cb2818d3c55d4dc50d004b57,2026-09-05T06:21:23.292624+00:00,SUCCESS,200,198,2,1.9636566571454943,5.096156661056985,2.0311044412238215,99.0,36.5,2_DEADLINE_EXCEEDED
cotop_final_2026_01,attempt_001,corridor_2400m_w20_seed44_Local,realization_corridor_2400m_w20_44,Local,corridor_2400m,20,10,44,e8cba553cad2e193c8ac5b112cf938bd532ed2f4,9885c1b7b396aa6c99cefbd5114379d2dc4f5ab8b37d4e5ac7d376cd255d20bc,f427576914ea7ca656124ae7ff36b93d7288234820e3ea2bb220f661475f3562,14ea4281a04682954395e1e1aa6845d69e2bc7dd0f3e086dc18bb7136d7df259,f5b22778c21031bc99e5326ef2b146f2cda1d0c4cb2818d3c55d4dc50d004b57,2026-09-05T06:21:24.513378+00:00,SUCCESS,200,198,2,1.9523747220594847,5.094485621534351,0.27932087710099596,99.0,0.0,2_DEADLINE_EXCEEDED
cotop_final_2026_01,attempt_001,corridor_2400m_w20_seed44_Greedy,realization_corridor_2400m_w20_44,Greedy,corridor_2400m,20,10,44,e8cba553cad2e193c8ac5b112cf938bd532ed2f4,9885c1b7b396aa6c99cefbd5114379d2dc4f5ab8b37d4e5ac7d376cd255d20bc,f427576914ea7ca656124ae7ff36b93d7288234820e3ea2bb220f661475f3562,14ea4281a04682954395e1e1aa6845d69e2bc7dd0f3e086dc18bb7136d7df259,f5b22778c21031bc99e5326ef2b146f2cda1d0c4cb2818d3c55d4dc50d004b57,2026-09-05T06:21:25.730150+00:00,SUCCESS,200,198,2,1.9795849138682236,5.159576764248891,7.095644216818511,99.0,86.5,2_DEADLINE_EXCEEDED
cotop_final_2026_01,attempt_001,corridor_2400m_w20_seed44_wo_md,realization_corridor_2400m_w20_44,wo_md,corridor_2400m,20,10,44,e8cba553cad2e193c8ac5b112cf938bd532ed2f4,9885c1b7b396aa6c99cefbd5114379d2dc4f5ab8b37d4e5ac7d376cd255d20bc,f427576914ea7ca656124ae7ff36b93d7288234820e3ea2bb220f661475f3562,14ea4281a04682954395e1e1aa6845d69e2bc7dd0f3e086dc18bb7136d7df259,f5b22778c21031bc99e5326ef2b146f2cda1d0c4cb2818d3c55d4dc50d004b57,2026-09-05T06:21:25.805264+00:00,SUCCESS,200,198,2,1.9716193215526203,5.1699720633704755,2.073762271236527,99.0,100.0,2_DEADLINE_EXCEEDED
cotop_final_2026_01,attempt_001,corridor_2400m_w20_seed44_wo_tp,realization_corridor_2400m_w20_44,wo_tp,corridor_2400m,20,10,44,e8cba553cad2e193c8ac5b112cf938bd532ed2f4,9885c1b7b396aa6c99cefbd5114379d2dc4f5ab8b37d4e5ac7d376cd255d20bc,f427576914ea7ca656124ae7ff36b93d7288234820e3ea2bb220f661475f3562,14ea4281a04682954395e1e1aa6845d69e2bc7dd0f3e086dc18bb7136d7df259,f5b22778c21031bc99e5326ef2b146f2cda1d0c4cb2818d3c55d4dc50d004b57,2026-09-05T06:21:26.976228+00:00,SUCCESS,200,198,2,1.9870963142482756,5.269157410938158,4.7514406308857104,99.0,100.0,2_DEADLINE_EXCEEDED
cotop_final_2026_01,attempt_001,corridor_2400m_w20_seed44_wo_co,realization_corridor_2400m_w20_44,wo_co,corridor_2400m,20,10,44,e8cba553cad2e193c8ac5b112cf938bd532ed2f4,9885c1b7b396aa6c99cefbd5114379d2dc4f5ab8b37d4e5ac7d376cd255d20bc,f427576914ea7ca656124ae7ff36b93d7288234820e3ea2bb220f661475f3562,14ea4281a04682954395e1e1aa6845d69e2bc7dd0f3e086dc18bb7136d7df259,f5b22778c21031bc99e5326ef2b146f2cda1d0c4cb2818d3c55d4dc50d004b57,2026-09-05T06:21:28.166367+00:00,SUCCESS,200,198,2,1.9523747220594847,5.094485621534351,0.27932087710099596,99.0,0.0,2_DEADLINE_EXCEEDED
cotop_final_2026_01,attempt_001,corridor_2400m_w20_seed45_CoTOP,realization_corridor_2400m_w20_45,CoTOP,corridor_2400m,20,10,45,e8cba553cad2e193c8ac5b112cf938bd532ed2f4,9885c1b7b396aa6c99cefbd5114379d2dc4f5ab8b37d4e5ac7d376cd255d20bc,f427576914ea7ca656124ae7ff36b93d7288234820e3ea2bb220f661475f3562,917a40fb405e6679962755dcb8e62894731a64cd75e1843bc978d926b6b9a859,f5b22778c21031bc99e5326ef2b146f2cda1d0c4cb2818d3c55d4dc50d004b57,2026-09-05T06:21:29.281436+00:00,SUCCESS,200,195,5,1.9700946906438883,5.273410546796897,5.078070478826649,97.5,99.5,5_DEADLINE_EXCEEDED
cotop_final_2026_01,attempt_001,corridor_2400m_w20_seed45_DDQN,realization_corridor_2400m_w20_45,DDQN,corridor_2400m,20,10,45,e8cba553cad2e193c8ac5b112cf938bd532ed2f4,9885c1b7b396aa6c99cefbd5114379d2dc4f5ab8b37d4e5ac7d376cd255d20bc,f427576914ea7ca656124ae7ff36b93d7288234820e3ea2bb220f661475f3562,917a40fb405e6679962755dcb8e62894731a64cd75e1843bc978d926b6b9a859,f5b22778c21031bc99e5326ef2b146f2cda1d0c4cb2818d3c55d4dc50d004b57,2026-09-05T06:21:30.332366+00:00,SUCCESS,200,196,4,1.929498116665607,5.3352215188584164,2.911081665630935,98.0,36.0,4_DEADLINE_EXCEEDED
cotop_final_2026_01,attempt_001,corridor_2400m_w20_seed45_Local,realization_corridor_2400m_w20_45,Local,corridor_2400m,20,10,45,e8cba553cad2e193c8ac5b112cf938bd532ed2f4,9885c1b7b396aa6c99cefbd5114379d2dc4f5ab8b37d4e5ac7d376cd255d20bc,f427576914ea7ca656124ae7ff36b93d7288234820e3ea2bb220f661475f3562,917a40fb405e6679962755dcb8e62894731a64cd75e1843bc978d926b6b9a859,f5b22778c21031bc99e5326ef2b146f2cda1d0c4cb2818d3c55d4dc50d004b57,2026-09-05T06:21:31.436578+00:00,SUCCESS,200,197,3,1.9188162638139676,5.273410546796897,0.30973572516356246,98.5,0.0,3_DEADLINE_EXCEEDED
cotop_final_2026_01,attempt_001,corridor_2400m_w20_seed45_Greedy,realization_corridor_2400m_w20_45,Greedy,corridor_2400m,20,10,45,e8cba553cad2e193c8ac5b112cf938bd532ed2f4,9885c1b7b396aa6c99cefbd5114379d2dc4f5ab8b37d4e5ac7d376cd255d20bc,f427576914ea7ca656124ae7ff36b93d7288234820e3ea2bb220f661475f3562,917a40fb405e6679962755dcb8e62894731a64cd75e1843bc978d926b6b9a859,f5b22778c21031bc99e5326ef2b146f2cda1d0c4cb2818d3c55d4dc50d004b57,2026-09-05T06:21:32.502313+00:00,SUCCESS,200,195,5,1.9367112387364558,5.302743445285519,6.817272554475994,97.5,80.5,5_DEADLINE_EXCEEDED
cotop_final_2026_01,attempt_001,corridor_2400m_w20_seed45_wo_md,realization_corridor_2400m_w20_45,wo_md,corridor_2400m,20,10,45,e8cba553cad2e193c8ac5b112cf938bd532ed2f4,9885c1b7b396aa6c99cefbd5114379d2dc4f5ab8b37d4e5ac7d376cd255d20bc,f427576914ea7ca656124ae7ff36b93d7288234820e3ea2bb220f661475f3562,917a40fb405e6679962755dcb8e62894731a64cd75e1843bc978d926b6b9a859,f5b22778c21031bc99e5326ef2b146f2cda1d0c4cb2818d3c55d4dc50d004b57,2026-09-05T06:21:32.553563+00:00,SUCCESS,200,195,5,1.9322343754866347,5.273410546796897,2.706038954169413,97.5,99.5,5_DEADLINE_EXCEEDED
cotop_final_2026_01,attempt_001,corridor_2400m_w20_seed45_wo_tp,realization_corridor_2400m_w20_45,wo_tp,corridor_2400m,20,10,45,e8cba553cad2e193c8ac5b112cf938bd532ed2f4,9885c1b7b396aa6c99cefbd5114379d2dc4f5ab8b37d4e5ac7d376cd255d20bc,f427576914ea7ca656124ae7ff36b93d7288234820e3ea2bb220f661475f3562,917a40fb405e6679962755dcb8e62894731a64cd75e1843bc978d926b6b9a859,f5b22778c21031bc99e5326ef2b146f2cda1d0c4cb2818d3c55d4dc50d004b57,2026-09-05T06:21:33.753499+00:00,SUCCESS,200,195,5,1.9560148599489986,5.314229160241502,5.675531312918509,97.5,100.0,5_DEADLINE_EXCEEDED
cotop_final_2026_01,attempt_001,corridor_2400m_w20_seed45_wo_co,realization_corridor_2400m_w20_45,wo_co,corridor_2400m,20,10,45,e8cba553cad2e193c8ac5b112cf938bd532ed2f4,9885c1b7b396aa6c99cefbd5114379d2dc4f5ab8b37d4e5ac7d376cd255d20bc,f427576914ea7ca656124ae7ff36b93d7288234820e3ea2bb220f661475f3562,917a40fb405e6679962755dcb8e62894731a64cd75e1843bc978d926b6b9a859,f5b22778c21031bc99e5326ef2b146f2cda1d0c4cb2818d3c55d4dc50d004b57,2026-09-05T06:21:34.876971+00:00,SUCCESS,200,197,3,1.9188162638139676,5.273410546796897,0.30973572516356246,98.5,0.0,3_DEADLINE_EXCEEDED
cotop_final_2026_01,attempt_001,corridor_2400m_w20_seed46_CoTOP,realization_corridor_2400m_w20_46,CoTOP,corridor_2400m,20,10,46,e8cba553cad2e193c8ac5b112cf938bd532ed2f4,9885c1b7b396aa6c99cefbd5114379d2dc4f5ab8b37d4e5ac7d376cd255d20bc,f427576914ea7ca656124ae7ff36b93d7288234820e3ea2bb220f661475f3562,65ec19e07d771d6ea3fcf1c9bfff0641c814dc2141dbcb5ef4510417a739e64a,f5b22778c21031bc99e5326ef2b146f2cda1d0c4cb2818d3c55d4dc50d004b57,2026-09-05T06:21:36.020787+00:00,SUCCESS,200,194,6,2.0586957804064827,5.639317127169247,4.0118784647725745,97.0,100.0,6_DEADLINE_EXCEEDED
cotop_final_2026_01,attempt_001,corridor_2400m_w20_seed46_DDQN,realization_corridor_2400m_w20_46,DDQN,corridor_2400m,20,10,46,e8cba553cad2e193c8ac5b112cf938bd532ed2f4,9885c1b7b396aa6c99cefbd5114379d2dc4f5ab8b37d4e5ac7d376cd255d20bc,f427576914ea7ca656124ae7ff36b93d7288234820e3ea2bb220f661475f3562,65ec19e07d771d6ea3fcf1c9bfff0641c814dc2141dbcb5ef4510417a739e64a,f5b22778c21031bc99e5326ef2b146f2cda1d0c4cb2818d3c55d4dc50d004b57,2026-09-05T06:21:36.999868+00:00,SUCCESS,200,194,6,2.016003948001983,5.497404053983361,1.9826935768194855,97.0,37.0,6_DEADLINE_EXCEEDED
cotop_final_2026_01,attempt_001,corridor_2400m_w20_seed46_Local,realization_corridor_2400m_w20_46,Local,corridor_2400m,20,10,46,e8cba553cad2e193c8ac5b112cf938bd532ed2f4,9885c1b7b396aa6c99cefbd5114379d2dc4f5ab8b37d4e5ac7d376cd255d20bc,f427576914ea7ca656124ae7ff36b93d7288234820e3ea2bb220f661475f3562,65ec19e07d771d6ea3fcf1c9bfff0641c814dc2141dbcb5ef4510417a739e64a,f5b22778c21031bc99e5326ef2b146f2cda1d0c4cb2818d3c55d4dc50d004b57,2026-09-05T06:21:38.386785+00:00,SUCCESS,200,195,5,2.0066860568603,5.493589164377764,0.2951673323208539,97.5,0.0,5_DEADLINE_EXCEEDED
cotop_final_2026_01,attempt_001,corridor_2400m_w20_seed46_Greedy,realization_corridor_2400m_w20_46,Greedy,corridor_2400m,20,10,46,e8cba553cad2e193c8ac5b112cf938bd532ed2f4,9885c1b7b396aa6c99cefbd5114379d2dc4f5ab8b37d4e5ac7d376cd255d20bc,f427576914ea7ca656124ae7ff36b93d7288234820e3ea2bb220f661475f3562,65ec19e07d771d6ea3fcf1c9bfff0641c814dc2141dbcb5ef4510417a739e64a,f5b22778c21031bc99e5326ef2b146f2cda1d0c4cb2818d3c55d4dc50d004b57,2026-09-05T06:21:39.897951+00:00,SUCCESS,200,195,5,2.033224125426783,5.5596897969852614,7.238843651456364,97.5,86.0,5_DEADLINE_EXCEEDED
cotop_final_2026_01,attempt_001,corridor_2400m_w20_seed46_wo_md,realization_corridor_2400m_w20_46,wo_md,corridor_2400m,20,10,46,e8cba553cad2e193c8ac5b112cf938bd532ed2f4,9885c1b7b396aa6c99cefbd5114379d2dc4f5ab8b37d4e5ac7d376cd255d20bc,f427576914ea7ca656124ae7ff36b93d7288234820e3ea2bb220f661475f3562,65ec19e07d771d6ea3fcf1c9bfff0641c814dc2141dbcb5ef4510417a739e64a,f5b22778c21031bc99e5326ef2b146f2cda1d0c4cb2818d3c55d4dc50d004b57,2026-09-05T06:21:39.974963+00:00,SUCCESS,200,194,6,2.0267764305002207,5.582838727252115,2.1657168255350907,97.0,100.0,6_DEADLINE_EXCEEDED
cotop_final_2026_01,attempt_001,corridor_2400m_w20_seed46_wo_tp,realization_corridor_2400m_w20_46,wo_tp,corridor_2400m,20,10,46,e8cba553cad2e193c8ac5b112cf938bd532ed2f4,9885c1b7b396aa6c99cefbd5114379d2dc4f5ab8b37d4e5ac7d376cd255d20bc,f427576914ea7ca656124ae7ff36b93d7288234820e3ea2bb220f661475f3562,65ec19e07d771d6ea3fcf1c9bfff0641c814dc2141dbcb5ef4510417a739e64a,f5b22778c21031bc99e5326ef2b146f2cda1d0c4cb2818d3c55d4dc50d004b57,2026-09-05T06:21:41.325429+00:00,SUCCESS,200,194,6,2.0482704166143706,5.648791927760433,4.977452379921264,97.0,100.0,6_DEADLINE_EXCEEDED
cotop_final_2026_01,attempt_001,corridor_2400m_w20_seed46_wo_co,realization_corridor_2400m_w20_46,wo_co,corridor_2400m,20,10,46,e8cba553cad2e193c8ac5b112cf938bd532ed2f4,9885c1b7b396aa6c99cefbd5114379d2dc4f5ab8b37d4e5ac7d376cd255d20bc,f427576914ea7ca656124ae7ff36b93d7288234820e3ea2bb220f661475f3562,65ec19e07d771d6ea3fcf1c9bfff0641c814dc2141dbcb5ef4510417a739e64a,f5b22778c21031bc99e5326ef2b146f2cda1d0c4cb2818d3c55d4dc50d004b57,2026-09-05T06:21:42.474745+00:00,SUCCESS,200,195,5,2.0066860568603,5.493589164377764,0.2951673323208539,97.5,0.0,5_DEADLINE_EXCEEDED
cotop_final_2026_01,attempt_001,corridor_2400m_w20_seed47_CoTOP,realization_corridor_2400m_w20_seed47,CoTOP,corridor_2400m,20,10,47,e8cba553cad2e193c8ac5b112cf938bd532ed2f4,9885c1b7b396aa6c99cefbd5114379d2dc4f5ab8b37d4e5ac7d376cd255d20bc,f427576914ea7ca656124ae7ff36b93d7288234820e3ea2bb220f661475f3562,4b7227178ab215d70973d02db680bafce92f522341d73f1bff9ebbc238ad9334,f5b22778c21031bc99e5326ef2b146f2cda1d0c4cb2818d3c55d4dc50d004b57,2026-09-05T06:21:43.753487+00:00,SUCCESS,200,199,1,1.8815055614065241,4.771803035245514,5.138997090932265,99.5,100.0,1_DEADLINE_EXCEEDED
cotop_final_2026_01,attempt_001,corridor_2400m_w20_seed47_DDQN,realization_corridor_2400m_w20_seed47,DDQN,corridor_2400m,20,10,47,e8cba553cad2e193c8ac5b112cf938bd532ed2f4,9885c1b7b396aa6c99cefbd5114379d2dc4f5ab8b37d4e5ac7d376cd255d20bc,f427576914ea7ca656124ae7ff36b93d7288234820e3ea2bb220f661475f3562,4b7227178ab215d70973d02db680bafce92f522341d73f1bff9ebbc238ad9334,f5b22778c21031bc99e5326ef2b146f2cda1d0c4cb2818d3c55d4dc50d004b57,2026-09-05T06:21:44.936754+00:00,SUCCESS,200,199,1,1.8454698749481226,4.718897040579725,2.3426367998100286,99.5,38.0,1_DEADLINE_EXCEEDED
cotop_final_2026_01,attempt_001,corridor_2400m_w20_seed47_Local,realization_corridor_2400m_w20_seed47,Local,corridor_2400m,20,10,47,e8cba553cad2e193c8ac5b112cf938bd532ed2f4,9885c1b7b396aa6c99cefbd5114379d2dc4f5ab8b37d4e5ac7d376cd255d20bc,f427576914ea7ca656124ae7ff36b93d7288234820e3ea2bb220f661475f3562,4b7227178ab215d70973d02db680bafce92f522341d73f1bff9ebbc238ad9334,f5b22778c21031bc99e5326ef2b146f2cda1d0c4cb2818d3c55d4dc50d004b57,2026-09-05T06:21:46.042984+00:00,SUCCESS,200,199,1,1.8388560623367396,4.718897040579725,0.2982780014759372,99.5,0.0,1_DEADLINE_EXCEEDED
cotop_final_2026_01,attempt_001,corridor_2400m_w20_seed47_Greedy,realization_corridor_2400m_w20_seed47,Greedy,corridor_2400m,20,10,47,e8cba553cad2e193c8ac5b112cf938bd532ed2f4,9885c1b7b396aa6c99cefbd5114379d2dc4f5ab8b37d4e5ac7d376cd255d20bc,f427576914ea7ca656124ae7ff36b93d7288234820e3ea2bb220f661475f3562,4b7227178ab215d70973d02db680bafce92f522341d73f1bff9ebbc238ad9334,f5b22778c21031bc99e5326ef2b146f2cda1d0c4cb2818d3c55d4dc50d004b57,2026-09-05T06:21:47.205436+00:00,SUCCESS,200,199,1,1.8585277370927147,4.781967593150821,7.08463884601108,99.5,85.0,1_DEADLINE_EXCEEDED
cotop_final_2026_01,attempt_001,corridor_2400m_w20_seed47_wo_md,realization_corridor_2400m_w20_seed47,wo_md,corridor_2400m,20,10,47,e8cba553cad2e193c8ac5b112cf938bd532ed2f4,9885c1b7b396aa6c99cefbd5114379d2dc4f5ab8b37d4e5ac7d376cd255d20bc,f427576914ea7ca656124ae7ff36b93d7288234820e3ea2bb220f661475f3562,4b7227178ab215d70973d02db680bafce92f522341d73f1bff9ebbc238ad9334,f5b22778c21031bc99e5326ef2b146f2cda1d0c4cb2818d3c55d4dc50d004b57,2026-09-05T06:21:47.405000+00:00,SUCCESS,200,199,1,1.8468516099486856,4.7715184993905,2.7409680457832817,99.5,100.0,1_DEADLINE_EXCEEDED
cotop_final_2026_01,attempt_001,corridor_2400m_w20_seed47_wo_tp,realization_corridor_2400m_w20_seed47,wo_tp,corridor_2400m,20,10,47,e8cba553cad2e193c8ac5b112cf938bd532ed2f4,9885c1b7b396aa6c99cefbd5114379d2dc4f5ab8b37d4e5ac7d376cd255d20bc,f427576914ea7ca656124ae7ff36b93d7288234820e3ea2bb220f661475f3562,4b7227178ab215d70973d02db680bafce92f522341d73f1bff9ebbc238ad9334,f5b22778c21031bc99e5326ef2b146f2cda1d0c4cb2818d3c55d4dc50d004b57,2026-09-05T06:21:48.614774+00:00,SUCCESS,200,199,1,1.8713157015013728,4.769112316380609,5.695532670803576,99.5,100.0,1_DEADLINE_EXCEEDED
cotop_final_2026_01,attempt_001,corridor_2400m_w20_seed47_wo_co,realization_corridor_2400m_w20_seed47,wo_co,corridor_2400m,20,10,47,e8cba553cad2e193c8ac5b112cf938bd532ed2f4,9885c1b7b396aa6c99cefbd5114379d2dc4f5ab8b37d4e5ac7d376cd255d20bc,f427576914ea7ca656124ae7ff36b93d7288234820e3ea2bb220f661475f3562,4b7227178ab215d70973d02db680bafce92f522341d73f1bff9ebbc238ad9334,f5b22778c21031bc99e5326ef2b146f2cda1d0c4cb2818d3c55d4dc50d004b57,2026-09-05T06:21:49.766511+00:00,SUCCESS,200,199,1,1.8388560623367396,4.718897040579725,0.2982780014759372,99.5,0.0,1_DEADLINE_EXCEEDED
cotop_final_2026_01,attempt_001,corridor_2400m_w20_seed48_CoTOP,realization_corridor_2400m_w20_seed48,CoTOP,corridor_2400m,20,10,48,e8cba553cad2e193c8ac5b112cf938bd532ed2f4,9885c1b7b396aa6c99cefbd5114379d2dc4f5ab8b37d4e5ac7d376cd255d20bc,f427576914ea7ca656124ae7ff36b93d7288234820e3ea2bb220f661475f3562,9a435d405f2b2462e1635bf6de9a3907b80a31bfdbcc7e20a942b0e0ff5a077a,f5b22778c21031bc99e5326ef2b146f2cda1d0c4cb2818d3c55d4dc50d004b57,2026-09-05T06:21:50.959352+00:00,SUCCESS,200,196,4,2.024876832208712,5.344099990267497,4.193574514087303,98.0,100.0,4_DEADLINE_EXCEEDED
cotop_final_2026_01,attempt_001,corridor_2400m_w20_seed48_DDQN,realization_corridor_2400m_w20_seed48,DDQN,corridor_2400m,20,10,48,e8cba553cad2e193c8ac5b112cf938bd532ed2f4,9885c1b7b396aa6c99cefbd5114379d2dc4f5ab8b37d4e5ac7d376cd255d20bc,f427576914ea7ca656124ae7ff36b93d7288234820e3ea2bb220f661475f3562,9a435d405f2b2462e1635bf6de9a3907b80a31bfdbcc7e20a942b0e0ff5a077a,f5b22778c21031bc99e5326ef2b146f2cda1d0c4cb2818d3c55d4dc50d004b57,2026-09-05T06:21:52.002868+00:00,SUCCESS,200,196,4,1.9984057051728241,5.239346585276228,2.4915014692866255,98.0,37.0,4_DEADLINE_EXCEEDED
cotop_final_2026_01,attempt_001,corridor_2400m_w20_seed48_Local,realization_corridor_2400m_w20_seed48,Local,corridor_2400m,20,10,48,e8cba553cad2e193c8ac5b112cf938bd532ed2f4,9885c1b7b396aa6c99cefbd5114379d2dc4f5ab8b37d4e5ac7d376cd255d20bc,f427576914ea7ca656124ae7ff36b93d7288234820e3ea2bb220f661475f3562,9a435d405f2b2462e1635bf6de9a3907b80a31bfdbcc7e20a942b0e0ff5a077a,f5b22778c21031bc99e5326ef2b146f2cda1d0c4cb2818d3c55d4dc50d004b57,2026-09-05T06:21:53.090593+00:00,SUCCESS,200,196,4,1.991701198509607,5.238241251175166,0.31433697452170045,98.0,0.0,4_DEADLINE_EXCEEDED
cotop_final_2026_01,attempt_001,corridor_2400m_w20_seed48_Greedy,realization_corridor_2400m_w20_seed48,Greedy,corridor_2400m,20,10,48,e8cba553cad2e193c8ac5b112cf938bd532ed2f4,9885c1b7b396aa6c99cefbd5114379d2dc4f5ab8b37d4e5ac7d376cd255d20bc,f427576914ea7ca656124ae7ff36b93d7288234820e3ea2bb220f661475f3562,9a435d405f2b2462e1635bf6de9a3907b80a31bfdbcc7e20a942b0e0ff5a077a,f5b22778c21031bc99e5326ef2b146f2cda1d0c4cb2818d3c55d4dc50d004b57,2026-09-05T06:21:54.264314+00:00,SUCCESS,200,196,4,2.011337301883653,5.293183027948644,7.463506249964748,98.0,86.5,4_DEADLINE_EXCEEDED
cotop_final_2026_01,attempt_001,corridor_2400m_w20_seed48_wo_md,realization_corridor_2400m_w20_seed48,wo_md,corridor_2400m,20,10,48,e8cba553cad2e193c8ac5b112cf938bd532ed2f4,9885c1b7b396aa6c99cefbd5114379d2dc4f5ab8b37d4e5ac7d376cd255d20bc,f427576914ea7ca656124ae7ff36b93d7288234820e3ea2bb220f661475f3562,9a435d405f2b2462e1635bf6de9a3907b80a31bfdbcc7e20a942b0e0ff5a077a,f5b22778c21031bc99e5326ef2b146f2cda1d0c4cb2818d3c55d4dc50d004b57,2026-09-05T06:21:54.339188+00:00,SUCCESS,200,196,4,1.9966849735527656,5.284106160178139,2.264949338740303,98.0,100.0,4_DEADLINE_EXCEEDED
cotop_final_2026_01,attempt_001,corridor_2400m_w20_seed48_wo_tp,realization_corridor_2400m_w20_seed48,wo_tp,corridor_2400m,20,10,48,e8cba553cad2e193c8ac5b112cf938bd532ed2f4,9885c1b7b396aa6c99cefbd5114379d2dc4f5ab8b37d4e5ac7d376cd255d20bc,f427576914ea7ca656124ae7ff36b93d7288234820e3ea2bb220f661475f3562,9a435d405f2b2462e1635bf6de9a3907b80a31bfdbcc7e20a942b0e0ff5a077a,f5b22778c21031bc99e5326ef2b146f2cda1d0c4cb2818d3c55d4dc50d004b57,2026-09-05T06:21:55.652951+00:00,SUCCESS,200,196,4,2.015320540196429,5.304797549346799,5.044960180443887,98.0,100.0,4_DEADLINE_EXCEEDED
cotop_final_2026_01,attempt_001,corridor_2400m_w20_seed48_wo_co,realization_corridor_2400m_w20_seed48,wo_co,corridor_2400m,20,10,48,e8cba553cad2e193c8ac5b112cf938bd532ed2f4,9885c1b7b396aa6c99cefbd5114379d2dc4f5ab8b37d4e5ac7d376cd255d20bc,f427576914ea7ca656124ae7ff36b93d7288234820e3ea2bb220f661475f3562,9a435d405f2b2462e1635bf6de9a3907b80a31bfdbcc7e20a942b0e0ff5a077a,f5b22778c21031bc99e5326ef2b146f2cda1d0c4cb2818d3c55d4dc50d004b57,2026-09-05T06:21:56.971249+00:00,SUCCESS,200,196,4,1.991701198509607,5.238241251175166,0.31433697452170045,98.0,0.0,4_DEADLINE_EXCEEDED
cotop_final_2026_01,attempt_001,corridor_2400m_w20_seed49_CoTOP,realization_corridor_2400m_w20_seed49,CoTOP,corridor_2400m,20,10,49,e8cba553cad2e193c8ac5b112cf938bd532ed2f4,9885c1b7b396aa6c99cefbd5114379d2dc4f5ab8b37d4e5ac7d376cd255d20bc,f427576914ea7ca656124ae7ff36b93d7288234820e3ea2bb220f661475f3562,13717fd527d501e2b88a7512f8d0bc9396bef9b6ee9bf59b435b46363a295680,f5b22778c21031bc99e5326ef2b146f2cda1d0c4cb2818d3c55d4dc50d004b57,2026-09-05T06:21:58.171294+00:00,SUCCESS,200,199,1,1.9353351511477053,5.270809187205009,5.017698777770679,99.5,100.0,1_DEADLINE_EXCEEDED
cotop_final_2026_01,attempt_001,corridor_2400m_w20_seed49_DDQN,realization_corridor_2400m_w20_seed49,DDQN,corridor_2400m,20,10,49,e8cba553cad2e193c8ac5b112cf938bd532ed2f4,9885c1b7b396aa6c99cefbd5114379d2dc4f5ab8b37d4e5ac7d376cd255d20bc,f427576914ea7ca656124ae7ff36b93d7288234820e3ea2bb220f661475f3562,13717fd527d501e2b88a7512f8d0bc9396bef9b6ee9bf59b435b46363a295680,f5b22778c21031bc99e5326ef2b146f2cda1d0c4cb2818d3c55d4dc50d004b57,2026-09-05T06:21:59.329670+00:00,SUCCESS,200,199,1,1.8939921734158551,5.221223988571422,2.4283789490812997,99.5,39.0,1_DEADLINE_EXCEEDED
cotop_final_2026_01,attempt_001,corridor_2400m_w20_seed49_Local,realization_corridor_2400m_w20_seed49,Local,corridor_2400m,20,10,49,e8cba553cad2e193c8ac5b112cf938bd532ed2f4,9885c1b7b396aa6c99cefbd5114379d2dc4f5ab8b37d4e5ac7d376cd255d20bc,f427576914ea7ca656124ae7ff36b93d7288234820e3ea2bb220f661475f3562,13717fd527d501e2b88a7512f8d0bc9396bef9b6ee9bf59b435b46363a295680,f5b22778c21031bc99e5326ef2b146f2cda1d0c4cb2818d3c55d4dc50d004b57,2026-09-05T06:22:00.488253+00:00,SUCCESS,200,199,1,1.8836514510679923,5.204045799502698,0.2903219639375891,99.5,0.0,1_DEADLINE_EXCEEDED
cotop_final_2026_01,attempt_001,corridor_2400m_w20_seed49_Greedy,realization_corridor_2400m_w20_seed49,Greedy,corridor_2400m,20,10,49,e8cba553cad2e193c8ac5b112cf938bd532ed2f4,9885c1b7b396aa6c99cefbd5114379d2dc4f5ab8b37d4e5ac7d376cd255d20bc,f427576914ea7ca656124ae7ff36b93d7288234820e3ea2bb220f661475f3562,13717fd527d501e2b88a7512f8d0bc9396bef9b6ee9bf59b435b46363a295680,f5b22778c21031bc99e5326ef2b146f2cda1d0c4cb2818d3c55d4dc50d004b57,2026-09-05T06:22:01.635146+00:00,SUCCESS,200,199,1,1.9031830317458007,5.271754458458576,6.66648020626578,99.5,84.0,1_DEADLINE_EXCEEDED
cotop_final_2026_01,attempt_001,corridor_2400m_w20_seed49_wo_md,realization_corridor_2400m_w20_seed49,wo_md,corridor_2400m,20,10,49,e8cba553cad2e193c8ac5b112cf938bd532ed2f4,9885c1b7b396aa6c99cefbd5114379d2dc4f5ab8b37d4e5ac7d376cd255d20bc,f427576914ea7ca656124ae7ff36b93d7288234820e3ea2bb220f661475f3562,13717fd527d501e2b88a7512f8d0bc9396bef9b6ee9bf59b435b46363a295680,f5b22778c21031bc99e5326ef2b146f2cda1d0c4cb2818d3c55d4dc50d004b57,2026-09-05T06:22:01.706923+00:00,SUCCESS,200,199,1,1.8991180047844605,5.260067854055459,2.6677757599574106,99.5,100.0,1_DEADLINE_EXCEEDED
cotop_final_2026_01,attempt_001,corridor_2400m_w20_seed49_wo_tp,realization_corridor_2400m_w20_seed49,wo_tp,corridor_2400m,20,10,49,e8cba553cad2e193c8ac5b112cf938bd532ed2f4,9885c1b7b396aa6c99cefbd5114379d2dc4f5ab8b37d4e5ac7d376cd255d20bc,f427576914ea7ca656124ae7ff36b93d7288234820e3ea2bb220f661475f3562,13717fd527d501e2b88a7512f8d0bc9396bef9b6ee9bf59b435b46363a295680,f5b22778c21031bc99e5326ef2b146f2cda1d0c4cb2818d3c55d4dc50d004b57,2026-09-05T06:22:03.052136+00:00,SUCCESS,200,199,1,1.9236648048067284,5.273836470221104,5.697177094358658,99.5,100.0,1_DEADLINE_EXCEEDED
cotop_final_2026_01,attempt_001,corridor_2400m_w20_seed49_wo_co,realization_corridor_2400m_w20_seed49,wo_co,corridor_2400m,20,10,49,e8cba553cad2e193c8ac5b112cf938bd532ed2f4,9885c1b7b396aa6c99cefbd5114379d2dc4f5ab8b37d4e5ac7d376cd255d20bc,f427576914ea7ca656124ae7ff36b93d7288234820e3ea2bb220f661475f3562,13717fd527d501e2b88a7512f8d0bc9396bef9b6ee9bf59b435b46363a295680,f5b22778c21031bc99e5326ef2b146f2cda1d0c4cb2818d3c55d4dc50d004b57,2026-09-05T06:22:04.154107+00:00,SUCCESS,200,199,1,1.8836514510679923,5.204045799502698,0.2903219639375891,99.5,0.0,1_DEADLINE_EXCEEDED
cotop_final_2026_01,attempt_001,corridor_2400m_w20_seed50_CoTOP,realization_corridor_2400m_w20_seed50,CoTOP,corridor_2400m,20,10,50,e8cba553cad2e193c8ac5b112cf938bd532ed2f4,9885c1b7b396aa6c99cefbd5114379d2dc4f5ab8b37d4e5ac7d376cd255d20bc,f427576914ea7ca656124ae7ff36b93d7288234820e3ea2bb220f661475f3562,66e863c4ff169ec113c82b133f8169f5611cd086c9a5536e9a08e108f04e7b25,f5b22778c21031bc99e5326ef2b146f2cda1d0c4cb2818d3c55d4dc50d004b57,2026-09-05T06:22:05.340356+00:00,SUCCESS,200,196,4,2.016469735378506,5.533825986051192,5.307753745032105,98.0,100.0,4_DEADLINE_EXCEEDED
cotop_final_2026_01,attempt_001,corridor_2400m_w20_seed50_DDQN,realization_corridor_2400m_w20_seed50,DDQN,corridor_2400m,20,10,50,e8cba553cad2e193c8ac5b112cf938bd532ed2f4,9885c1b7b396aa6c99cefbd5114379d2dc4f5ab8b37d4e5ac7d376cd255d20bc,f427576914ea7ca656124ae7ff36b93d7288234820e3ea2bb220f661475f3562,66e863c4ff169ec113c82b133f8169f5611cd086c9a5536e9a08e108f04e7b25,f5b22778c21031bc99e5326ef2b146f2cda1d0c4cb2818d3c55d4dc50d004b57,2026-09-05T06:22:06.562312+00:00,SUCCESS,200,196,4,1.979274658348905,5.508568972252562,2.891766886507386,98.0,34.0,4_DEADLINE_EXCEEDED
cotop_final_2026_01,attempt_001,corridor_2400m_w20_seed50_Local,realization_corridor_2400m_w20_seed50,Local,corridor_2400m,20,10,50,e8cba553cad2e193c8ac5b112cf938bd532ed2f4,9885c1b7b396aa6c99cefbd5114379d2dc4f5ab8b37d4e5ac7d376cd255d20bc,f427576914ea7ca656124ae7ff36b93d7288234820e3ea2bb220f661475f3562,66e863c4ff169ec113c82b133f8169f5611cd086c9a5536e9a08e108f04e7b25,f5b22778c21031bc99e5326ef2b146f2cda1d0c4cb2818d3c55d4dc50d004b57,2026-09-05T06:22:07.680447+00:00,SUCCESS,200,196,4,1.9717430211430735,5.489032167609843,0.2983260109730319,98.0,0.0,4_DEADLINE_EXCEEDED
cotop_final_2026_01,attempt_001,corridor_2400m_w20_seed50_Greedy,realization_corridor_2400m_w20_seed50,Greedy,corridor_2400m,20,10,50,e8cba553cad2e193c8ac5b112cf938bd532ed2f4,9885c1b7b396aa6c99cefbd5114379d2dc4f5ab8b37d4e5ac7d376cd255d20bc,f427576914ea7ca656124ae7ff36b93d7288234820e3ea2bb220f661475f3562,66e863c4ff169ec113c82b133f8169f5611cd086c9a5536e9a08e108f04e7b25,f5b22778c21031bc99e5326ef2b146f2cda1d0c4cb2818d3c55d4dc50d004b57,2026-09-05T06:22:08.777791+00:00,SUCCESS,200,196,4,1.9933002631589094,5.524544751242958,7.281043052326202,98.0,86.0,4_DEADLINE_EXCEEDED
cotop_final_2026_01,attempt_001,corridor_2400m_w20_seed50_wo_md,realization_corridor_2400m_w20_seed50,wo_md,corridor_2400m,20,10,50,e8cba553cad2e193c8ac5b112cf938bd532ed2f4,9885c1b7b396aa6c99cefbd5114379d2dc4f5ab8b37d4e5ac7d376cd255d20bc,f427576914ea7ca656124ae7ff36b93d7288234820e3ea2bb220f661475f3562,66e863c4ff169ec113c82b133f8169f5611cd086c9a5536e9a08e108f04e7b25,f5b22778c21031bc99e5326ef2b146f2cda1d0c4cb2818d3c55d4dc50d004b57,2026-09-05T06:22:08.834614+00:00,SUCCESS,200,196,4,1.9804555269682576,5.489032167609843,2.814235287642519,98.0,100.0,4_DEADLINE_EXCEEDED
cotop_final_2026_01,attempt_001,corridor_2400m_w20_seed50_wo_tp,realization_corridor_2400m_w20_seed50,wo_tp,corridor_2400m,20,10,50,e8cba553cad2e193c8ac5b112cf938bd532ed2f4,9885c1b7b396aa6c99cefbd5114379d2dc4f5ab8b37d4e5ac7d376cd255d20bc,f427576914ea7ca656124ae7ff36b93d7288234820e3ea2bb220f661475f3562,66e863c4ff169ec113c82b133f8169f5611cd086c9a5536e9a08e108f04e7b25,f5b22778c21031bc99e5326ef2b146f2cda1d0c4cb2818d3c55d4dc50d004b57,2026-09-05T06:22:09.969217+00:00,SUCCESS,200,196,4,2.006242358931763,5.511884322147424,5.947846719229926,98.0,100.0,4_DEADLINE_EXCEEDED
cotop_final_2026_01,attempt_001,corridor_2400m_w20_seed50_wo_co,realization_corridor_2400m_w20_seed50,wo_co,corridor_2400m,20,10,50,e8cba553cad2e193c8ac5b112cf938bd532ed2f4,9885c1b7b396aa6c99cefbd5114379d2dc4f5ab8b37d4e5ac7d376cd255d20bc,f427576914ea7ca656124ae7ff36b93d7288234820e3ea2bb220f661475f3562,66e863c4ff169ec113c82b133f8169f5611cd086c9a5536e9a08e108f04e7b25,f5b22778c21031bc99e5326ef2b146f2cda1d0c4cb2818d3c55d4dc50d004b57,2026-09-05T06:22:11.240297+00:00,SUCCESS,200,196,4,1.9717430211430735,5.489032167609843,0.2983260109730319,98.0,0.0,4_DEADLINE_EXCEEDED
cotop_final_2026_01,attempt_001,corridor_2400m_w20_seed51_CoTOP,realization_corridor_2400m_w20_seed51,CoTOP,corridor_2400m,20,10,51,e8cba553cad2e193c8ac5b112cf938bd532ed2f4,9885c1b7b396aa6c99cefbd5114379d2dc4f5ab8b37d4e5ac7d376cd255d20bc,f427576914ea7ca656124ae7ff36b93d7288234820e3ea2bb220f661475f3562,9e108dfc3d31356476b654bee5d98ce12fdbf8064ab564402fc46f25711195e4,f5b22778c21031bc99e5326ef2b146f2cda1d0c4cb2818d3c55d4dc50d004b57,2026-09-05T06:22:12.328351+00:00,SUCCESS,200,198,2,2.0712247977463267,5.528509661089963,4.014281420215451,99.0,99.5,2_DEADLINE_EXCEEDED
cotop_final_2026_01,attempt_001,corridor_2400m_w20_seed51_DDQN,realization_corridor_2400m_w20_seed51,DDQN,corridor_2400m,20,10,51,e8cba553cad2e193c8ac5b112cf938bd532ed2f4,9885c1b7b396aa6c99cefbd5114379d2dc4f5ab8b37d4e5ac7d376cd255d20bc,f427576914ea7ca656124ae7ff36b93d7288234820e3ea2bb220f661475f3562,9e108dfc3d31356476b654bee5d98ce12fdbf8064ab564402fc46f25711195e4,f5b22778c21031bc99e5326ef2b146f2cda1d0c4cb2818d3c55d4dc50d004b57,2026-09-05T06:22:13.388772+00:00,SUCCESS,200,200,0,2.040145512113452,5.520010459746387,2.5659743640311503,100.0,36.5,NONE
cotop_final_2026_01,attempt_001,corridor_2400m_w20_seed51_Local,realization_corridor_2400m_w20_seed51,Local,corridor_2400m,20,10,51,e8cba553cad2e193c8ac5b112cf938bd532ed2f4,9885c1b7b396aa6c99cefbd5114379d2dc4f5ab8b37d4e5ac7d376cd255d20bc,f427576914ea7ca656124ae7ff36b93d7288234820e3ea2bb220f661475f3562,9e108dfc3d31356476b654bee5d98ce12fdbf8064ab564402fc46f25711195e4,f5b22778c21031bc99e5326ef2b146f2cda1d0c4cb2818d3c55d4dc50d004b57,2026-09-05T06:22:14.453103+00:00,SUCCESS,200,200,0,2.021490937288677,5.378896597445465,0.29395924224863185,100.0,0.0,NONE
cotop_final_2026_01,attempt_001,corridor_2400m_w20_seed51_Greedy,realization_corridor_2400m_w20_seed51,Greedy,corridor_2400m,20,10,51,e8cba553cad2e193c8ac5b112cf938bd532ed2f4,9885c1b7b396aa6c99cefbd5114379d2dc4f5ab8b37d4e5ac7d376cd255d20bc,f427576914ea7ca656124ae7ff36b93d7288234820e3ea2bb220f661475f3562,9e108dfc3d31356476b654bee5d98ce12fdbf8064ab564402fc46f25711195e4,f5b22778c21031bc99e5326ef2b146f2cda1d0c4cb2818d3c55d4dc50d004b57,2026-09-05T06:22:15.530059+00:00,SUCCESS,200,199,1,2.044608269169775,5.446815542189769,6.9881344285237414,99.5,84.0,1_DEADLINE_EXCEEDED
cotop_final_2026_01,attempt_001,corridor_2400m_w20_seed51_wo_md,realization_corridor_2400m_w20_seed51,wo_md,corridor_2400m,20,10,51,e8cba553cad2e193c8ac5b112cf938bd532ed2f4,9885c1b7b396aa6c99cefbd5114379d2dc4f5ab8b37d4e5ac7d376cd255d20bc,f427576914ea7ca656124ae7ff36b93d7288234820e3ea2bb220f661475f3562,9e108dfc3d31356476b654bee5d98ce12fdbf8064ab564402fc46f25711195e4,f5b22778c21031bc99e5326ef2b146f2cda1d0c4cb2818d3c55d4dc50d004b57,2026-09-05T06:22:15.598153+00:00,SUCCESS,200,199,1,2.041043349471112,5.447967196131285,2.1653552572785943,99.5,99.5,1_DEADLINE_EXCEEDED
cotop_final_2026_01,attempt_001,corridor_2400m_w20_seed51_wo_tp,realization_corridor_2400m_w20_seed51,wo_tp,corridor_2400m,20,10,51,e8cba553cad2e193c8ac5b112cf938bd532ed2f4,9885c1b7b396aa6c99cefbd5114379d2dc4f5ab8b37d4e5ac7d376cd255d20bc,f427576914ea7ca656124ae7ff36b93d7288234820e3ea2bb220f661475f3562,9e108dfc3d31356476b654bee5d98ce12fdbf8064ab564402fc46f25711195e4,f5b22778c21031bc99e5326ef2b146f2cda1d0c4cb2818d3c55d4dc50d004b57,2026-09-05T06:22:16.668113+00:00,SUCCESS,200,198,2,2.059171097584063,5.505634249511423,4.966079872672074,99.0,100.0,2_DEADLINE_EXCEEDED
cotop_final_2026_01,attempt_001,corridor_2400m_w20_seed51_wo_co,realization_corridor_2400m_w20_seed51,wo_co,corridor_2400m,20,10,51,e8cba553cad2e193c8ac5b112cf938bd532ed2f4,9885c1b7b396aa6c99cefbd5114379d2dc4f5ab8b37d4e5ac7d376cd255d20bc,f427576914ea7ca656124ae7ff36b93d7288234820e3ea2bb220f661475f3562,9e108dfc3d31356476b654bee5d98ce12fdbf8064ab564402fc46f25711195e4,f5b22778c21031bc99e5326ef2b146f2cda1d0c4cb2818d3c55d4dc50d004b57,2026-09-05T06:22:17.852495+00:00,SUCCESS,200,200,0,2.021490937288677,5.378896597445465,0.29395924224863185,100.0,0.0,NONE
cotop_final_2026_01,attempt_001,corridor_2400m_w30_seed42_CoTOP,realization_corridor_2400m_w30_42,CoTOP,corridor_2400m,30,10,42,e8cba553cad2e193c8ac5b112cf938bd532ed2f4,9885c1b7b396aa6c99cefbd5114379d2dc4f5ab8b37d4e5ac7d376cd255d20bc,f427576914ea7ca656124ae7ff36b93d7288234820e3ea2bb220f661475f3562,2f70b0b1c08ae01ff20abdd503c72f6da06c91b84ab37b1df0e18c544c607f21,f5b22778c21031bc99e5326ef2b146f2cda1d0c4cb2818d3c55d4dc50d004b57,2026-09-05T06:22:18.940108+00:00,SUCCESS,300,299,1,2.074608288939741,5.236745358973389,3.9404622803555713,99.66666666666667,100.0,1_DEADLINE_EXCEEDED
cotop_final_2026_01,attempt_001,corridor_2400m_w30_seed42_DDQN,realization_corridor_2400m_w30_42,DDQN,corridor_2400m,30,10,42,e8cba553cad2e193c8ac5b112cf938bd532ed2f4,9885c1b7b396aa6c99cefbd5114379d2dc4f5ab8b37d4e5ac7d376cd255d20bc,f427576914ea7ca656124ae7ff36b93d7288234820e3ea2bb220f661475f3562,2f70b0b1c08ae01ff20abdd503c72f6da06c91b84ab37b1df0e18c544c607f21,f5b22778c21031bc99e5326ef2b146f2cda1d0c4cb2818d3c55d4dc50d004b57,2026-09-05T06:22:19.992535+00:00,SUCCESS,300,299,1,2.0438895917775213,5.133380149804176,2.169953839799194,99.66666666666667,39.0,1_DEADLINE_EXCEEDED
cotop_final_2026_01,attempt_001,corridor_2400m_w30_seed42_Local,realization_corridor_2400m_w30_42,Local,corridor_2400m,30,10,42,e8cba553cad2e193c8ac5b112cf938bd532ed2f4,9885c1b7b396aa6c99cefbd5114379d2dc4f5ab8b37d4e5ac7d376cd255d20bc,f427576914ea7ca656124ae7ff36b93d7288234820e3ea2bb220f661475f3562,2f70b0b1c08ae01ff20abdd503c72f6da06c91b84ab37b1df0e18c544c607f21,f5b22778c21031bc99e5326ef2b146f2cda1d0c4cb2818d3c55d4dc50d004b57,2026-09-05T06:22:21.068081+00:00,SUCCESS,300,299,1,2.044980318823019,5.132517371657454,0.30344480755071,99.66666666666667,0.0,1_DEADLINE_EXCEEDED
cotop_final_2026_01,attempt_001,corridor_2400m_w30_seed42_Greedy,realization_corridor_2400m_w30_42,Greedy,corridor_2400m,30,10,42,e8cba553cad2e193c8ac5b112cf938bd532ed2f4,9885c1b7b396aa6c99cefbd5114379d2dc4f5ab8b37d4e5ac7d376cd255d20bc,f427576914ea7ca656124ae7ff36b93d7288234820e3ea2bb220f661475f3562,2f70b0b1c08ae01ff20abdd503c72f6da06c91b84ab37b1df0e18c544c607f21,f5b22778c21031bc99e5326ef2b146f2cda1d0c4cb2818d3c55d4dc50d004b57,2026-09-05T06:22:22.147314+00:00,SUCCESS,300,299,1,2.045848323814554,5.192061222036257,7.467528755857169,99.66666666666667,87.33333333333333,1_DEADLINE_EXCEEDED
cotop_final_2026_01,attempt_001,corridor_2400m_w30_seed42_wo_md,realization_corridor_2400m_w30_42,wo_md,corridor_2400m,30,10,42,e8cba553cad2e193c8ac5b112cf938bd532ed2f4,9885c1b7b396aa6c99cefbd5114379d2dc4f5ab8b37d4e5ac7d376cd255d20bc,f427576914ea7ca656124ae7ff36b93d7288234820e3ea2bb220f661475f3562,2f70b0b1c08ae01ff20abdd503c72f6da06c91b84ab37b1df0e18c544c607f21,f5b22778c21031bc99e5326ef2b146f2cda1d0c4cb2818d3c55d4dc50d004b57,2026-09-05T06:22:22.223877+00:00,SUCCESS,300,299,1,2.0446754166502092,5.182811480744658,2.1298995113259664,99.66666666666667,100.0,1_DEADLINE_EXCEEDED
cotop_final_2026_01,attempt_001,corridor_2400m_w30_seed42_wo_tp,realization_corridor_2400m_w30_42,wo_tp,corridor_2400m,30,10,42,e8cba553cad2e193c8ac5b112cf938bd532ed2f4,9885c1b7b396aa6c99cefbd5114379d2dc4f5ab8b37d4e5ac7d376cd255d20bc,f427576914ea7ca656124ae7ff36b93d7288234820e3ea2bb220f661475f3562,2f70b0b1c08ae01ff20abdd503c72f6da06c91b84ab37b1df0e18c544c607f21,f5b22778c21031bc99e5326ef2b146f2cda1d0c4cb2818d3c55d4dc50d004b57,2026-09-05T06:22:23.312627+00:00,SUCCESS,300,299,1,2.063228597028511,5.2425604855794665,5.94843510654679,99.66666666666667,100.0,1_DEADLINE_EXCEEDED
cotop_final_2026_01,attempt_001,corridor_2400m_w30_seed42_wo_co,realization_corridor_2400m_w30_42,wo_co,corridor_2400m,30,10,42,e8cba553cad2e193c8ac5b112cf938bd532ed2f4,9885c1b7b396aa6c99cefbd5114379d2dc4f5ab8b37d4e5ac7d376cd255d20bc,f427576914ea7ca656124ae7ff36b93d7288234820e3ea2bb220f661475f3562,2f70b0b1c08ae01ff20abdd503c72f6da06c91b84ab37b1df0e18c544c607f21,f5b22778c21031bc99e5326ef2b146f2cda1d0c4cb2818d3c55d4dc50d004b57,2026-09-05T06:22:24.359810+00:00,SUCCESS,300,299,1,2.044980318823019,5.132517371657454,0.30344480755071,99.66666666666667,0.0,1_DEADLINE_EXCEEDED
cotop_final_2026_01,attempt_001,corridor_2400m_w30_seed43_CoTOP,realization_corridor_2400m_w30_43,CoTOP,corridor_2400m,30,10,43,e8cba553cad2e193c8ac5b112cf938bd532ed2f4,9885c1b7b396aa6c99cefbd5114379d2dc4f5ab8b37d4e5ac7d376cd255d20bc,f427576914ea7ca656124ae7ff36b93d7288234820e3ea2bb220f661475f3562,a523840ef794946bed76f11bf84cdc80007cb39b9cd1debeaea4c4f9e96f9e60,f5b22778c21031bc99e5326ef2b146f2cda1d0c4cb2818d3c55d4dc50d004b57,2026-09-05T06:22:25.559052+00:00,SUCCESS,300,293,7,2.1367725997153326,5.4760482215551445,4.023860518366361,97.66666666666667,100.0,7_DEADLINE_EXCEEDED
cotop_final_2026_01,attempt_001,corridor_2400m_w30_seed43_DDQN,realization_corridor_2400m_w30_43,DDQN,corridor_2400m,30,10,43,e8cba553cad2e193c8ac5b112cf938bd532ed2f4,9885c1b7b396aa6c99cefbd5114379d2dc4f5ab8b37d4e5ac7d376cd255d20bc,f427576914ea7ca656124ae7ff36b93d7288234820e3ea2bb220f661475f3562,a523840ef794946bed76f11bf84cdc80007cb39b9cd1debeaea4c4f9e96f9e60,f5b22778c21031bc99e5326ef2b146f2cda1d0c4cb2818d3c55d4dc50d004b57,2026-09-05T06:22:26.675978+00:00,SUCCESS,300,295,5,2.0794674263540522,5.4076155424697685,2.463461274053245,98.33333333333333,40.0,5_DEADLINE_EXCEEDED
cotop_final_2026_01,attempt_001,corridor_2400m_w30_seed43_Local,realization_corridor_2400m_w30_43,Local,corridor_2400m,30,10,43,e8cba553cad2e193c8ac5b112cf938bd532ed2f4,9885c1b7b396aa6c99cefbd5114379d2dc4f5ab8b37d4e5ac7d376cd255d20bc,f427576914ea7ca656124ae7ff36b93d7288234820e3ea2bb220f661475f3562,a523840ef794946bed76f11bf84cdc80007cb39b9cd1debeaea4c4f9e96f9e60,f5b22778c21031bc99e5326ef2b146f2cda1d0c4cb2818d3c55d4dc50d004b57,2026-09-05T06:22:27.854529+00:00,SUCCESS,300,296,4,2.075603248523065,5.4076155424697685,0.2860084749388137,98.66666666666667,0.0,4_DEADLINE_EXCEEDED
cotop_final_2026_01,attempt_001,corridor_2400m_w30_seed43_Greedy,realization_corridor_2400m_w30_43,Greedy,corridor_2400m,30,10,43,e8cba553cad2e193c8ac5b112cf938bd532ed2f4,9885c1b7b396aa6c99cefbd5114379d2dc4f5ab8b37d4e5ac7d376cd255d20bc,f427576914ea7ca656124ae7ff36b93d7288234820e3ea2bb220f661475f3562,a523840ef794946bed76f11bf84cdc80007cb39b9cd1debeaea4c4f9e96f9e60,f5b22778c21031bc99e5326ef2b146f2cda1d0c4cb2818d3c55d4dc50d004b57,2026-09-05T06:22:28.954720+00:00,SUCCESS,300,295,5,2.064162609782818,5.428726435633069,6.89360305732517,98.33333333333333,87.66666666666667,5_DEADLINE_EXCEEDED
cotop_final_2026_01,attempt_001,corridor_2400m_w30_seed43_wo_md,realization_corridor_2400m_w30_43,wo_md,corridor_2400m,30,10,43,e8cba553cad2e193c8ac5b112cf938bd532ed2f4,9885c1b7b396aa6c99cefbd5114379d2dc4f5ab8b37d4e5ac7d376cd255d20bc,f427576914ea7ca656124ae7ff36b93d7288234820e3ea2bb220f661475f3562,a523840ef794946bed76f11bf84cdc80007cb39b9cd1debeaea4c4f9e96f9e60,f5b22778c21031bc99e5326ef2b146f2cda1d0c4cb2818d3c55d4dc50d004b57,2026-09-05T06:22:29.036445+00:00,SUCCESS,300,294,6,2.0969205079474933,5.4076155424697685,2.178330253891213,98.0,100.0,6_DEADLINE_EXCEEDED
cotop_final_2026_01,attempt_001,corridor_2400m_w30_seed43_wo_tp,realization_corridor_2400m_w30_43,wo_tp,corridor_2400m,30,10,43,e8cba553cad2e193c8ac5b112cf938bd532ed2f4,9885c1b7b396aa6c99cefbd5114379d2dc4f5ab8b37d4e5ac7d376cd255d20bc,f427576914ea7ca656124ae7ff36b93d7288234820e3ea2bb220f661475f3562,a523840ef794946bed76f11bf84cdc80007cb39b9cd1debeaea4c4f9e96f9e60,f5b22778c21031bc99e5326ef2b146f2cda1d0c4cb2818d3c55d4dc50d004b57,2026-09-05T06:22:30.171272+00:00,SUCCESS,300,293,7,2.1019706002751612,5.494908848810894,5.648406321282021,97.66666666666667,100.0,7_DEADLINE_EXCEEDED
cotop_final_2026_01,attempt_001,corridor_2400m_w30_seed43_wo_co,realization_corridor_2400m_w30_43,wo_co,corridor_2400m,30,10,43,e8cba553cad2e193c8ac5b112cf938bd532ed2f4,9885c1b7b396aa6c99cefbd5114379d2dc4f5ab8b37d4e5ac7d376cd255d20bc,f427576914ea7ca656124ae7ff36b93d7288234820e3ea2bb220f661475f3562,a523840ef794946bed76f11bf84cdc80007cb39b9cd1debeaea4c4f9e96f9e60,f5b22778c21031bc99e5326ef2b146f2cda1d0c4cb2818d3c55d4dc50d004b57,2026-09-05T06:22:31.322047+00:00,SUCCESS,300,296,4,2.075603248523065,5.4076155424697685,0.2860084749388137,98.66666666666667,0.0,4_DEADLINE_EXCEEDED
cotop_final_2026_01,attempt_001,corridor_2400m_w30_seed44_CoTOP,realization_corridor_2400m_w30_44,CoTOP,corridor_2400m,30,10,44,e8cba553cad2e193c8ac5b112cf938bd532ed2f4,9885c1b7b396aa6c99cefbd5114379d2dc4f5ab8b37d4e5ac7d376cd255d20bc,f427576914ea7ca656124ae7ff36b93d7288234820e3ea2bb220f661475f3562,26a7a3724aacde96cef343f6727085feb9cf80a361faba0163c481878bfa5625,f5b22778c21031bc99e5326ef2b146f2cda1d0c4cb2818d3c55d4dc50d004b57,2026-09-05T06:22:32.595268+00:00,SUCCESS,300,295,5,2.029710214146069,5.288792063286725,3.8650510006436987,98.33333333333333,100.0,5_DEADLINE_EXCEEDED
cotop_final_2026_01,attempt_001,corridor_2400m_w30_seed44_DDQN,realization_corridor_2400m_w30_44,DDQN,corridor_2400m,30,10,44,e8cba553cad2e193c8ac5b112cf938bd532ed2f4,9885c1b7b396aa6c99cefbd5114379d2dc4f5ab8b37d4e5ac7d376cd255d20bc,f427576914ea7ca656124ae7ff36b93d7288234820e3ea2bb220f661475f3562,26a7a3724aacde96cef343f6727085feb9cf80a361faba0163c481878bfa5625,f5b22778c21031bc99e5326ef2b146f2cda1d0c4cb2818d3c55d4dc50d004b57,2026-09-05T06:22:33.712374+00:00,SUCCESS,300,295,5,1.9865746861480897,5.129561665447796,2.75575482217588,98.33333333333333,43.0,5_DEADLINE_EXCEEDED
cotop_final_2026_01,attempt_001,corridor_2400m_w30_seed44_Local,realization_corridor_2400m_w30_44,Local,corridor_2400m,30,10,44,e8cba553cad2e193c8ac5b112cf938bd532ed2f4,9885c1b7b396aa6c99cefbd5114379d2dc4f5ab8b37d4e5ac7d376cd255d20bc,f427576914ea7ca656124ae7ff36b93d7288234820e3ea2bb220f661475f3562,26a7a3724aacde96cef343f6727085feb9cf80a361faba0163c481878bfa5625,f5b22778c21031bc99e5326ef2b146f2cda1d0c4cb2818d3c55d4dc50d004b57,2026-09-05T06:22:34.784869+00:00,SUCCESS,300,296,4,1.9687189153280606,5.1123763736841665,0.2844911862426961,98.66666666666667,0.0,4_DEADLINE_EXCEEDED
cotop_final_2026_01,attempt_001,corridor_2400m_w30_seed44_Greedy,realization_corridor_2400m_w30_44,Greedy,corridor_2400m,30,10,44,e8cba553cad2e193c8ac5b112cf938bd532ed2f4,9885c1b7b396aa6c99cefbd5114379d2dc4f5ab8b37d4e5ac7d376cd255d20bc,f427576914ea7ca656124ae7ff36b93d7288234820e3ea2bb220f661475f3562,26a7a3724aacde96cef343f6727085feb9cf80a361faba0163c481878bfa5625,f5b22778c21031bc99e5326ef2b146f2cda1d0c4cb2818d3c55d4dc50d004b57,2026-09-05T06:22:35.878281+00:00,SUCCESS,300,296,4,1.972402526687518,5.133231855847357,6.874216349470947,98.66666666666667,85.33333333333334,4_DEADLINE_EXCEEDED
cotop_final_2026_01,attempt_001,corridor_2400m_w30_seed44_wo_md,realization_corridor_2400m_w30_44,wo_md,corridor_2400m,30,10,44,e8cba553cad2e193c8ac5b112cf938bd532ed2f4,9885c1b7b396aa6c99cefbd5114379d2dc4f5ab8b37d4e5ac7d376cd255d20bc,f427576914ea7ca656124ae7ff36b93d7288234820e3ea2bb220f661475f3562,26a7a3724aacde96cef343f6727085feb9cf80a361faba0163c481878bfa5625,f5b22778c21031bc99e5326ef2b146f2cda1d0c4cb2818d3c55d4dc50d004b57,2026-09-05T06:22:35.955166+00:00,SUCCESS,300,296,4,1.9938554235480974,5.243210417186838,2.082688235502093,98.66666666666667,100.0,4_DEADLINE_EXCEEDED
cotop_final_2026_01,attempt_001,corridor_2400m_w30_seed44_wo_tp,realization_corridor_2400m_w30_44,wo_tp,corridor_2400m,30,10,44,e8cba553cad2e193c8ac5b112cf938bd532ed2f4,9885c1b7b396aa6c99cefbd5114379d2dc4f5ab8b37d4e5ac7d376cd255d20bc,f427576914ea7ca656124ae7ff36b93d7288234820e3ea2bb220f661475f3562,26a7a3724aacde96cef343f6727085feb9cf80a361faba0163c481878bfa5625,f5b22778c21031bc99e5326ef2b146f2cda1d0c4cb2818d3c55d4dc50d004b57,2026-09-05T06:22:37.071805+00:00,SUCCESS,300,295,5,2.0018217746893763,5.227310519640818,5.691901378097578,98.33333333333333,100.0,5_DEADLINE_EXCEEDED
cotop_final_2026_01,attempt_001,corridor_2400m_w30_seed44_wo_co,realization_corridor_2400m_w30_44,wo_co,corridor_2400m,30,10,44,e8cba553cad2e193c8ac5b112cf938bd532ed2f4,9885c1b7b396aa6c99cefbd5114379d2dc4f5ab8b37d4e5ac7d376cd255d20bc,f427576914ea7ca656124ae7ff36b93d7288234820e3ea2bb220f661475f3562,26a7a3724aacde96cef343f6727085feb9cf80a361faba0163c481878bfa5625,f5b22778c21031bc99e5326ef2b146f2cda1d0c4cb2818d3c55d4dc50d004b57,2026-09-05T06:22:38.182764+00:00,SUCCESS,300,296,4,1.9687189153280606,5.1123763736841665,0.2844911862426961,98.66666666666667,0.0,4_DEADLINE_EXCEEDED
cotop_final_2026_01,attempt_001,corridor_2400m_w30_seed45_CoTOP,realization_corridor_2400m_w30_45,CoTOP,corridor_2400m,30,10,45,e8cba553cad2e193c8ac5b112cf938bd532ed2f4,9885c1b7b396aa6c99cefbd5114379d2dc4f5ab8b37d4e5ac7d376cd255d20bc,f427576914ea7ca656124ae7ff36b93d7288234820e3ea2bb220f661475f3562,dfb91e5983f029a9883253543c1c8dad84b9327352bda45da91e6cff6edc2860,f5b22778c21031bc99e5326ef2b146f2cda1d0c4cb2818d3c55d4dc50d004b57,2026-09-05T06:22:39.530770+00:00,SUCCESS,300,292,8,2.005522872200157,5.50463150165212,5.180923346973926,97.33333333333334,100.0,8_DEADLINE_EXCEEDED
cotop_final_2026_01,attempt_001,corridor_2400m_w30_seed45_DDQN,realization_corridor_2400m_w30_45,DDQN,corridor_2400m,30,10,45,e8cba553cad2e193c8ac5b112cf938bd532ed2f4,9885c1b7b396aa6c99cefbd5114379d2dc4f5ab8b37d4e5ac7d376cd255d20bc,f427576914ea7ca656124ae7ff36b93d7288234820e3ea2bb220f661475f3562,dfb91e5983f029a9883253543c1c8dad84b9327352bda45da91e6cff6edc2860,f5b22778c21031bc99e5326ef2b146f2cda1d0c4cb2818d3c55d4dc50d004b57,2026-09-05T06:22:40.866498+00:00,SUCCESS,300,294,6,1.9581340887508774,5.459040998821434,2.4311514507547427,98.0,39.0,6_DEADLINE_EXCEEDED
cotop_final_2026_01,attempt_001,corridor_2400m_w30_seed45_Local,realization_corridor_2400m_w30_45,Local,corridor_2400m,30,10,45,e8cba553cad2e193c8ac5b112cf938bd532ed2f4,9885c1b7b396aa6c99cefbd5114379d2dc4f5ab8b37d4e5ac7d376cd255d20bc,f427576914ea7ca656124ae7ff36b93d7288234820e3ea2bb220f661475f3562,dfb91e5983f029a9883253543c1c8dad84b9327352bda45da91e6cff6edc2860,f5b22778c21031bc99e5326ef2b146f2cda1d0c4cb2818d3c55d4dc50d004b57,2026-09-05T06:22:42.156143+00:00,SUCCESS,300,295,5,1.9455422408833756,5.391593781835175,0.30434942490919376,98.33333333333333,0.0,5_DEADLINE_EXCEEDED
cotop_final_2026_01,attempt_001,corridor_2400m_w30_seed45_Greedy,realization_corridor_2400m_w30_45,Greedy,corridor_2400m,30,10,45,e8cba553cad2e193c8ac5b112cf938bd532ed2f4,9885c1b7b396aa6c99cefbd5114379d2dc4f5ab8b37d4e5ac7d376cd255d20bc,f427576914ea7ca656124ae7ff36b93d7288234820e3ea2bb220f661475f3562,dfb91e5983f029a9883253543c1c8dad84b9327352bda45da91e6cff6edc2860,f5b22778c21031bc99e5326ef2b146f2cda1d0c4cb2818d3c55d4dc50d004b57,2026-09-05T06:22:43.376121+00:00,SUCCESS,300,294,6,1.9460372999827662,5.390058479636836,7.232340573584594,98.0,86.0,6_DEADLINE_EXCEEDED
cotop_final_2026_01,attempt_001,corridor_2400m_w30_seed45_wo_md,realization_corridor_2400m_w30_45,wo_md,corridor_2400m,30,10,45,e8cba553cad2e193c8ac5b112cf938bd532ed2f4,9885c1b7b396aa6c99cefbd5114379d2dc4f5ab8b37d4e5ac7d376cd255d20bc,f427576914ea7ca656124ae7ff36b93d7288234820e3ea2bb220f661475f3562,dfb91e5983f029a9883253543c1c8dad84b9327352bda45da91e6cff6edc2860,f5b22778c21031bc99e5326ef2b146f2cda1d0c4cb2818d3c55d4dc50d004b57,2026-09-05T06:22:43.463720+00:00,SUCCESS,300,293,7,1.9603142252959742,5.458671432197473,2.750726954057765,97.66666666666667,100.0,7_DEADLINE_EXCEEDED
cotop_final_2026_01,attempt_001,corridor_2400m_w30_seed45_wo_tp,realization_corridor_2400m_w30_45,wo_tp,corridor_2400m,30,10,45,e8cba553cad2e193c8ac5b112cf938bd532ed2f4,9885c1b7b396aa6c99cefbd5114379d2dc4f5ab8b37d4e5ac7d376cd255d20bc,f427576914ea7ca656124ae7ff36b93d7288234820e3ea2bb220f661475f3562,dfb91e5983f029a9883253543c1c8dad84b9327352bda45da91e6cff6edc2860,f5b22778c21031bc99e5326ef2b146f2cda1d0c4cb2818d3c55d4dc50d004b57,2026-09-05T06:22:44.730487+00:00,SUCCESS,300,292,8,1.9781550867880453,5.483048505821707,6.396876388414515,97.33333333333334,100.0,8_DEADLINE_EXCEEDED
cotop_final_2026_01,attempt_001,corridor_2400m_w30_seed45_wo_co,realization_corridor_2400m_w30_45,wo_co,corridor_2400m,30,10,45,e8cba553cad2e193c8ac5b112cf938bd532ed2f4,9885c1b7b396aa6c99cefbd5114379d2dc4f5ab8b37d4e5ac7d376cd255d20bc,f427576914ea7ca656124ae7ff36b93d7288234820e3ea2bb220f661475f3562,dfb91e5983f029a9883253543c1c8dad84b9327352bda45da91e6cff6edc2860,f5b22778c21031bc99e5326ef2b146f2cda1d0c4cb2818d3c55d4dc50d004b57,2026-09-05T06:22:45.975653+00:00,SUCCESS,300,295,5,1.9455422408833756,5.391593781835175,0.30434942490919376,98.33333333333333,0.0,5_DEADLINE_EXCEEDED
cotop_final_2026_01,attempt_001,corridor_2400m_w30_seed46_CoTOP,realization_corridor_2400m_w30_46,CoTOP,corridor_2400m,30,10,46,e8cba553cad2e193c8ac5b112cf938bd532ed2f4,9885c1b7b396aa6c99cefbd5114379d2dc4f5ab8b37d4e5ac7d376cd255d20bc,f427576914ea7ca656124ae7ff36b93d7288234820e3ea2bb220f661475f3562,1fcaa755b2971b901195cacd3c9af64b7b1259d6f2940202c94bd0768588b57e,f5b22778c21031bc99e5326ef2b146f2cda1d0c4cb2818d3c55d4dc50d004b57,2026-09-05T06:22:47.328360+00:00,SUCCESS,300,289,11,2.097598287734112,5.598346972895175,3.9884546606387272,96.33333333333334,100.0,11_DEADLINE_EXCEEDED
cotop_final_2026_01,attempt_001,corridor_2400m_w30_seed46_DDQN,realization_corridor_2400m_w30_46,DDQN,corridor_2400m,30,10,46,e8cba553cad2e193c8ac5b112cf938bd532ed2f4,9885c1b7b396aa6c99cefbd5114379d2dc4f5ab8b37d4e5ac7d376cd255d20bc,f427576914ea7ca656124ae7ff36b93d7288234820e3ea2bb220f661475f3562,1fcaa755b2971b901195cacd3c9af64b7b1259d6f2940202c94bd0768588b57e,f5b22778c21031bc99e5326ef2b146f2cda1d0c4cb2818d3c55d4dc50d004b57,2026-09-05T06:22:48.509784+00:00,SUCCESS,300,290,10,2.048644336550562,5.4617151062698195,2.486205873789598,96.66666666666667,38.0,10_DEADLINE_EXCEEDED
cotop_final_2026_01,attempt_001,corridor_2400m_w30_seed46_Local,realization_corridor_2400m_w30_46,Local,corridor_2400m,30,10,46,e8cba553cad2e193c8ac5b112cf938bd532ed2f4,9885c1b7b396aa6c99cefbd5114379d2dc4f5ab8b37d4e5ac7d376cd255d20bc,f427576914ea7ca656124ae7ff36b93d7288234820e3ea2bb220f661475f3562,1fcaa755b2971b901195cacd3c9af64b7b1259d6f2940202c94bd0768588b57e,f5b22778c21031bc99e5326ef2b146f2cda1d0c4cb2818d3c55d4dc50d004b57,2026-09-05T06:22:49.675831+00:00,SUCCESS,300,292,8,2.0354051970125946,5.4573467592271445,0.2934423902432155,97.33333333333334,0.0,8_DEADLINE_EXCEEDED
cotop_final_2026_01,attempt_001,corridor_2400m_w30_seed46_Greedy,realization_corridor_2400m_w30_46,Greedy,corridor_2400m,30,10,46,e8cba553cad2e193c8ac5b112cf938bd532ed2f4,9885c1b7b396aa6c99cefbd5114379d2dc4f5ab8b37d4e5ac7d376cd255d20bc,f427576914ea7ca656124ae7ff36b93d7288234820e3ea2bb220f661475f3562,1fcaa755b2971b901195cacd3c9af64b7b1259d6f2940202c94bd0768588b57e,f5b22778c21031bc99e5326ef2b146f2cda1d0c4cb2818d3c55d4dc50d004b57,2026-09-05T06:22:50.818128+00:00,SUCCESS,300,290,10,2.043694978472746,5.598346972895175,7.4864304339481,96.66666666666667,88.66666666666667,10_DEADLINE_EXCEEDED
cotop_final_2026_01,attempt_001,corridor_2400m_w30_seed46_wo_md,realization_corridor_2400m_w30_46,wo_md,corridor_2400m,30,10,46,e8cba553cad2e193c8ac5b112cf938bd532ed2f4,9885c1b7b396aa6c99cefbd5114379d2dc4f5ab8b37d4e5ac7d376cd255d20bc,f427576914ea7ca656124ae7ff36b93d7288234820e3ea2bb220f661475f3562,1fcaa755b2971b901195cacd3c9af64b7b1259d6f2940202c94bd0768588b57e,f5b22778c21031bc99e5326ef2b146f2cda1d0c4cb2818d3c55d4dc50d004b57,2026-09-05T06:22:50.902460+00:00,SUCCESS,300,291,9,2.0597686105415094,5.524081089145631,2.158742341463343,97.0,100.0,9_DEADLINE_EXCEEDED
cotop_final_2026_01,attempt_001,corridor_2400m_w30_seed46_wo_tp,realization_corridor_2400m_w30_46,wo_tp,corridor_2400m,30,10,46,e8cba553cad2e193c8ac5b112cf938bd532ed2f4,9885c1b7b396aa6c99cefbd5114379d2dc4f5ab8b37d4e5ac7d376cd255d20bc,f427576914ea7ca656124ae7ff36b93d7288234820e3ea2bb220f661475f3562,1fcaa755b2971b901195cacd3c9af64b7b1259d6f2940202c94bd0768588b57e,f5b22778c21031bc99e5326ef2b146f2cda1d0c4cb2818d3c55d4dc50d004b57,2026-09-05T06:22:52.063492+00:00,SUCCESS,300,291,9,2.069514244283303,5.6432514189569085,5.855642691134687,97.0,100.0,9_DEADLINE_EXCEEDED
cotop_final_2026_01,attempt_001,corridor_2400m_w30_seed46_wo_co,realization_corridor_2400m_w30_46,wo_co,corridor_2400m,30,10,46,e8cba553cad2e193c8ac5b112cf938bd532ed2f4,9885c1b7b396aa6c99cefbd5114379d2dc4f5ab8b37d4e5ac7d376cd255d20bc,f427576914ea7ca656124ae7ff36b93d7288234820e3ea2bb220f661475f3562,1fcaa755b2971b901195cacd3c9af64b7b1259d6f2940202c94bd0768588b57e,f5b22778c21031bc99e5326ef2b146f2cda1d0c4cb2818d3c55d4dc50d004b57,2026-09-05T06:22:53.202465+00:00,SUCCESS,300,292,8,2.0354051970125946,5.4573467592271445,0.2934423902432155,97.33333333333334,0.0,8_DEADLINE_EXCEEDED
cotop_final_2026_01,attempt_001,corridor_2400m_w30_seed47_CoTOP,realization_corridor_2400m_w30_seed47,CoTOP,corridor_2400m,30,10,47,e8cba553cad2e193c8ac5b112cf938bd532ed2f4,9885c1b7b396aa6c99cefbd5114379d2dc4f5ab8b37d4e5ac7d376cd255d20bc,f427576914ea7ca656124ae7ff36b93d7288234820e3ea2bb220f661475f3562,d42321ae37d5d2c56c220b94d68f78228bdfd3147ee5b4e09d02594b70727297,f5b22778c21031bc99e5326ef2b146f2cda1d0c4cb2818d3c55d4dc50d004b57,2026-09-05T06:22:54.480958+00:00,SUCCESS,300,295,5,1.9567637228022525,4.987973585277617,5.039821599858558,98.33333333333333,100.0,5_DEADLINE_EXCEEDED
cotop_final_2026_01,attempt_001,corridor_2400m_w30_seed47_DDQN,realization_corridor_2400m_w30_seed47,DDQN,corridor_2400m,30,10,47,e8cba553cad2e193c8ac5b112cf938bd532ed2f4,9885c1b7b396aa6c99cefbd5114379d2dc4f5ab8b37d4e5ac7d376cd255d20bc,f427576914ea7ca656124ae7ff36b93d7288234820e3ea2bb220f661475f3562,d42321ae37d5d2c56c220b94d68f78228bdfd3147ee5b4e09d02594b70727297,f5b22778c21031bc99e5326ef2b146f2cda1d0c4cb2818d3c55d4dc50d004b57,2026-09-05T06:22:55.843037+00:00,SUCCESS,300,296,4,1.9182104909855962,4.984135058131793,3.019657521698699,98.66666666666667,41.333333333333336,4_DEADLINE_EXCEEDED
cotop_final_2026_01,attempt_001,corridor_2400m_w30_seed47_Local,realization_corridor_2400m_w30_seed47,Local,corridor_2400m,30,10,47,e8cba553cad2e193c8ac5b112cf938bd532ed2f4,9885c1b7b396aa6c99cefbd5114379d2dc4f5ab8b37d4e5ac7d376cd255d20bc,f427576914ea7ca656124ae7ff36b93d7288234820e3ea2bb220f661475f3562,d42321ae37d5d2c56c220b94d68f78228bdfd3147ee5b4e09d02594b70727297,f5b22778c21031bc99e5326ef2b146f2cda1d0c4cb2818d3c55d4dc50d004b57,2026-09-05T06:22:57.164774+00:00,SUCCESS,300,297,3,1.9157951387005505,4.988909597659024,0.29919827031217605,99.0,0.0,3_DEADLINE_EXCEEDED
cotop_final_2026_01,attempt_001,corridor_2400m_w30_seed47_Greedy,realization_corridor_2400m_w30_seed47,Greedy,corridor_2400m,30,10,47,e8cba553cad2e193c8ac5b112cf938bd532ed2f4,9885c1b7b396aa6c99cefbd5114379d2dc4f5ab8b37d4e5ac7d376cd255d20bc,f427576914ea7ca656124ae7ff36b93d7288234820e3ea2bb220f661475f3562,d42321ae37d5d2c56c220b94d68f78228bdfd3147ee5b4e09d02594b70727297,f5b22778c21031bc99e5326ef2b146f2cda1d0c4cb2818d3c55d4dc50d004b57,2026-09-05T06:22:58.521900+00:00,SUCCESS,300,296,4,1.91085606982682,4.97091815916788,7.083536957047493,98.66666666666667,86.0,4_DEADLINE_EXCEEDED
cotop_final_2026_01,attempt_001,corridor_2400m_w30_seed47_wo_md,realization_corridor_2400m_w30_seed47,wo_md,corridor_2400m,30,10,47,e8cba553cad2e193c8ac5b112cf938bd532ed2f4,9885c1b7b396aa6c99cefbd5114379d2dc4f5ab8b37d4e5ac7d376cd255d20bc,f427576914ea7ca656124ae7ff36b93d7288234820e3ea2bb220f661475f3562,d42321ae37d5d2c56c220b94d68f78228bdfd3147ee5b4e09d02594b70727297,f5b22778c21031bc99e5326ef2b146f2cda1d0c4cb2818d3c55d4dc50d004b57,2026-09-05T06:22:58.607108+00:00,SUCCESS,300,296,4,1.917339872024088,4.986076834573977,2.686628264208895,98.66666666666667,100.0,4_DEADLINE_EXCEEDED
cotop_final_2026_01,attempt_001,corridor_2400m_w30_seed47_wo_tp,realization_corridor_2400m_w30_seed47,wo_tp,corridor_2400m,30,10,47,e8cba553cad2e193c8ac5b112cf938bd532ed2f4,9885c1b7b396aa6c99cefbd5114379d2dc4f5ab8b37d4e5ac7d376cd255d20bc,f427576914ea7ca656124ae7ff36b93d7288234820e3ea2bb220f661475f3562,d42321ae37d5d2c56c220b94d68f78228bdfd3147ee5b4e09d02594b70727297,f5b22778c21031bc99e5326ef2b146f2cda1d0c4cb2818d3c55d4dc50d004b57,2026-09-05T06:22:59.822824+00:00,SUCCESS,300,295,5,1.9367482637398659,4.9961733892849605,6.461511201963988,98.33333333333333,100.0,5_DEADLINE_EXCEEDED
cotop_final_2026_01,attempt_001,corridor_2400m_w30_seed47_wo_co,realization_corridor_2400m_w30_seed47,wo_co,corridor_2400m,30,10,47,e8cba553cad2e193c8ac5b112cf938bd532ed2f4,9885c1b7b396aa6c99cefbd5114379d2dc4f5ab8b37d4e5ac7d376cd255d20bc,f427576914ea7ca656124ae7ff36b93d7288234820e3ea2bb220f661475f3562,d42321ae37d5d2c56c220b94d68f78228bdfd3147ee5b4e09d02594b70727297,f5b22778c21031bc99e5326ef2b146f2cda1d0c4cb2818d3c55d4dc50d004b57,2026-09-05T06:23:01.059628+00:00,SUCCESS,300,297,3,1.9157951387005505,4.988909597659024,0.29919827031217605,99.0,0.0,3_DEADLINE_EXCEEDED
cotop_final_2026_01,attempt_001,corridor_2400m_w30_seed48_CoTOP,realization_corridor_2400m_w30_seed48,CoTOP,corridor_2400m,30,10,48,e8cba553cad2e193c8ac5b112cf938bd532ed2f4,9885c1b7b396aa6c99cefbd5114379d2dc4f5ab8b37d4e5ac7d376cd255d20bc,f427576914ea7ca656124ae7ff36b93d7288234820e3ea2bb220f661475f3562,66695f70133ae1f817b92b98cc387fb5704141c2f2cd21015285f13a4d979688,f5b22778c21031bc99e5326ef2b146f2cda1d0c4cb2818d3c55d4dc50d004b57,2026-09-05T06:23:02.292966+00:00,SUCCESS,300,295,5,2.033585560576399,5.325712793030909,3.9619349802156503,98.33333333333333,100.0,5_DEADLINE_EXCEEDED
cotop_final_2026_01,attempt_001,corridor_2400m_w30_seed48_DDQN,realization_corridor_2400m_w30_seed48,DDQN,corridor_2400m,30,10,48,e8cba553cad2e193c8ac5b112cf938bd532ed2f4,9885c1b7b396aa6c99cefbd5114379d2dc4f5ab8b37d4e5ac7d376cd255d20bc,f427576914ea7ca656124ae7ff36b93d7288234820e3ea2bb220f661475f3562,66695f70133ae1f817b92b98cc387fb5704141c2f2cd21015285f13a4d979688,f5b22778c21031bc99e5326ef2b146f2cda1d0c4cb2818d3c55d4dc50d004b57,2026-09-05T06:23:03.661003+00:00,SUCCESS,300,295,5,2.0048417356506913,5.189155803928692,2.5490669472867737,98.33333333333333,36.666666666666664,5_DEADLINE_EXCEEDED
cotop_final_2026_01,attempt_001,corridor_2400m_w30_seed48_Local,realization_corridor_2400m_w30_seed48,Local,corridor_2400m,30,10,48,e8cba553cad2e193c8ac5b112cf938bd532ed2f4,9885c1b7b396aa6c99cefbd5114379d2dc4f5ab8b37d4e5ac7d376cd255d20bc,f427576914ea7ca656124ae7ff36b93d7288234820e3ea2bb220f661475f3562,66695f70133ae1f817b92b98cc387fb5704141c2f2cd21015285f13a4d979688,f5b22778c21031bc99e5326ef2b146f2cda1d0c4cb2818d3c55d4dc50d004b57,2026-09-05T06:23:04.837556+00:00,SUCCESS,300,295,5,2.0060051446483156,5.199132395317298,0.30931695931304526,98.33333333333333,0.0,5_DEADLINE_EXCEEDED
cotop_final_2026_01,attempt_001,corridor_2400m_w30_seed48_Greedy,realization_corridor_2400m_w30_seed48,Greedy,corridor_2400m,30,10,48,e8cba553cad2e193c8ac5b112cf938bd532ed2f4,9885c1b7b396aa6c99cefbd5114379d2dc4f5ab8b37d4e5ac7d376cd255d20bc,f427576914ea7ca656124ae7ff36b93d7288234820e3ea2bb220f661475f3562,66695f70133ae1f817b92b98cc387fb5704141c2f2cd21015285f13a4d979688,f5b22778c21031bc99e5326ef2b146f2cda1d0c4cb2818d3c55d4dc50d004b57,2026-09-05T06:23:05.996294+00:00,SUCCESS,300,295,5,1.995539381478377,5.200396718798991,6.894913203756009,98.33333333333333,83.66666666666667,5_DEADLINE_EXCEEDED
cotop_final_2026_01,attempt_001,corridor_2400m_w30_seed48_wo_md,realization_corridor_2400m_w30_seed48,wo_md,corridor_2400m,30,10,48,e8cba553cad2e193c8ac5b112cf938bd532ed2f4,9885c1b7b396aa6c99cefbd5114379d2dc4f5ab8b37d4e5ac7d376cd255d20bc,f427576914ea7ca656124ae7ff36b93d7288234820e3ea2bb220f661475f3562,66695f70133ae1f817b92b98cc387fb5704141c2f2cd21015285f13a4d979688,f5b22778c21031bc99e5326ef2b146f2cda1d0c4cb2818d3c55d4dc50d004b57,2026-09-05T06:23:06.081584+00:00,SUCCESS,300,295,5,2.0035432811477216,5.223777271744614,2.167176926990067,98.33333333333333,100.0,5_DEADLINE_EXCEEDED
cotop_final_2026_01,attempt_001,corridor_2400m_w30_seed48_wo_tp,realization_corridor_2400m_w30_seed48,wo_tp,corridor_2400m,30,10,48,e8cba553cad2e193c8ac5b112cf938bd532ed2f4,9885c1b7b396aa6c99cefbd5114379d2dc4f5ab8b37d4e5ac7d376cd255d20bc,f427576914ea7ca656124ae7ff36b93d7288234820e3ea2bb220f661475f3562,66695f70133ae1f817b92b98cc387fb5704141c2f2cd21015285f13a4d979688,f5b22778c21031bc99e5326ef2b146f2cda1d0c4cb2818d3c55d4dc50d004b57,2026-09-05T06:23:07.260264+00:00,SUCCESS,300,295,5,2.0166312830164927,5.237572987082932,5.620535714941679,98.33333333333333,100.0,5_DEADLINE_EXCEEDED
cotop_final_2026_01,attempt_001,corridor_2400m_w30_seed48_wo_co,realization_corridor_2400m_w30_seed48,wo_co,corridor_2400m,30,10,48,e8cba553cad2e193c8ac5b112cf938bd532ed2f4,9885c1b7b396aa6c99cefbd5114379d2dc4f5ab8b37d4e5ac7d376cd255d20bc,f427576914ea7ca656124ae7ff36b93d7288234820e3ea2bb220f661475f3562,66695f70133ae1f817b92b98cc387fb5704141c2f2cd21015285f13a4d979688,f5b22778c21031bc99e5326ef2b146f2cda1d0c4cb2818d3c55d4dc50d004b57,2026-09-05T06:23:08.441626+00:00,SUCCESS,300,295,5,2.0060051446483156,5.199132395317298,0.30931695931304526,98.33333333333333,0.0,5_DEADLINE_EXCEEDED
cotop_final_2026_01,attempt_001,corridor_2400m_w30_seed49_CoTOP,realization_corridor_2400m_w30_seed49,CoTOP,corridor_2400m,30,10,49,e8cba553cad2e193c8ac5b112cf938bd532ed2f4,9885c1b7b396aa6c99cefbd5114379d2dc4f5ab8b37d4e5ac7d376cd255d20bc,f427576914ea7ca656124ae7ff36b93d7288234820e3ea2bb220f661475f3562,108a4c06f93d1aa06c36cb08d967b12264d39b5452a02606e7fed601a64d190c,f5b22778c21031bc99e5326ef2b146f2cda1d0c4cb2818d3c55d4dc50d004b57,2026-09-05T06:23:09.642720+00:00,SUCCESS,300,297,3,1.964617909524513,5.131175494200176,5.035705805101155,99.0,100.0,3_DEADLINE_EXCEEDED
cotop_final_2026_01,attempt_001,corridor_2400m_w30_seed49_DDQN,realization_corridor_2400m_w30_seed49,DDQN,corridor_2400m,30,10,49,e8cba553cad2e193c8ac5b112cf938bd532ed2f4,9885c1b7b396aa6c99cefbd5114379d2dc4f5ab8b37d4e5ac7d376cd255d20bc,f427576914ea7ca656124ae7ff36b93d7288234820e3ea2bb220f661475f3562,108a4c06f93d1aa06c36cb08d967b12264d39b5452a02606e7fed601a64d190c,f5b22778c21031bc99e5326ef2b146f2cda1d0c4cb2818d3c55d4dc50d004b57,2026-09-05T06:23:10.853090+00:00,SUCCESS,300,297,3,1.9162437854892123,5.126833294656747,2.760672425484744,99.0,42.66666666666667,3_DEADLINE_EXCEEDED
cotop_final_2026_01,attempt_001,corridor_2400m_w30_seed49_Local,realization_corridor_2400m_w30_seed49,Local,corridor_2400m,30,10,49,e8cba553cad2e193c8ac5b112cf938bd532ed2f4,9885c1b7b396aa6c99cefbd5114379d2dc4f5ab8b37d4e5ac7d376cd255d20bc,f427576914ea7ca656124ae7ff36b93d7288234820e3ea2bb220f661475f3562,108a4c06f93d1aa06c36cb08d967b12264d39b5452a02606e7fed601a64d190c,f5b22778c21031bc99e5326ef2b146f2cda1d0c4cb2818d3c55d4dc50d004b57,2026-09-05T06:23:12.113992+00:00,SUCCESS,300,297,3,1.9077061626650353,5.1316359438229275,0.2919160886899563,99.0,0.0,3_DEADLINE_EXCEEDED
cotop_final_2026_01,attempt_001,corridor_2400m_w30_seed49_Greedy,realization_corridor_2400m_w30_seed49,Greedy,corridor_2400m,30,10,49,e8cba553cad2e193c8ac5b112cf938bd532ed2f4,9885c1b7b396aa6c99cefbd5114379d2dc4f5ab8b37d4e5ac7d376cd255d20bc,f427576914ea7ca656124ae7ff36b93d7288234820e3ea2bb220f661475f3562,108a4c06f93d1aa06c36cb08d967b12264d39b5452a02606e7fed601a64d190c,f5b22778c21031bc99e5326ef2b146f2cda1d0c4cb2818d3c55d4dc50d004b57,2026-09-05T06:23:13.271276+00:00,SUCCESS,300,298,2,1.9053074096288731,5.114703367566256,6.7476583444078395,99.33333333333333,83.33333333333334,2_DEADLINE_EXCEEDED
cotop_final_2026_01,attempt_001,corridor_2400m_w30_seed49_wo_md,realization_corridor_2400m_w30_seed49,wo_md,corridor_2400m,30,10,49,e8cba553cad2e193c8ac5b112cf938bd532ed2f4,9885c1b7b396aa6c99cefbd5114379d2dc4f5ab8b37d4e5ac7d376cd255d20bc,f427576914ea7ca656124ae7ff36b93d7288234820e3ea2bb220f661475f3562,108a4c06f93d1aa06c36cb08d967b12264d39b5452a02606e7fed601a64d190c,f5b22778c21031bc99e5326ef2b146f2cda1d0c4cb2818d3c55d4dc50d004b57,2026-09-05T06:23:13.353183+00:00,SUCCESS,300,297,3,1.9229606854239796,5.128709844065362,2.683093225521688,99.0,100.0,3_DEADLINE_EXCEEDED
cotop_final_2026_01,attempt_001,corridor_2400m_w30_seed49_wo_tp,realization_corridor_2400m_w30_seed49,wo_tp,corridor_2400m,30,10,49,e8cba553cad2e193c8ac5b112cf938bd532ed2f4,9885c1b7b396aa6c99cefbd5114379d2dc4f5ab8b37d4e5ac7d376cd255d20bc,f427576914ea7ca656124ae7ff36b93d7288234820e3ea2bb220f661475f3562,108a4c06f93d1aa06c36cb08d967b12264d39b5452a02606e7fed601a64d190c,f5b22778c21031bc99e5326ef2b146f2cda1d0c4cb2818d3c55d4dc50d004b57,2026-09-05T06:23:14.518696+00:00,SUCCESS,300,297,3,1.9373676683772107,5.140082047380236,6.267515995356146,99.0,100.0,3_DEADLINE_EXCEEDED
cotop_final_2026_01,attempt_001,corridor_2400m_w30_seed49_wo_co,realization_corridor_2400m_w30_seed49,wo_co,corridor_2400m,30,10,49,e8cba553cad2e193c8ac5b112cf938bd532ed2f4,9885c1b7b396aa6c99cefbd5114379d2dc4f5ab8b37d4e5ac7d376cd255d20bc,f427576914ea7ca656124ae7ff36b93d7288234820e3ea2bb220f661475f3562,108a4c06f93d1aa06c36cb08d967b12264d39b5452a02606e7fed601a64d190c,f5b22778c21031bc99e5326ef2b146f2cda1d0c4cb2818d3c55d4dc50d004b57,2026-09-05T06:23:15.653157+00:00,SUCCESS,300,297,3,1.9077061626650353,5.1316359438229275,0.2919160886899563,99.0,0.0,3_DEADLINE_EXCEEDED
cotop_final_2026_01,attempt_001,corridor_2400m_w30_seed50_CoTOP,realization_corridor_2400m_w30_seed50,CoTOP,corridor_2400m,30,10,50,e8cba553cad2e193c8ac5b112cf938bd532ed2f4,9885c1b7b396aa6c99cefbd5114379d2dc4f5ab8b37d4e5ac7d376cd255d20bc,f427576914ea7ca656124ae7ff36b93d7288234820e3ea2bb220f661475f3562,125902858f5cd4069323ede9239002947f410778af43771f36664b6887543118,f5b22778c21031bc99e5326ef2b146f2cda1d0c4cb2818d3c55d4dc50d004b57,2026-09-05T06:23:16.904110+00:00,SUCCESS,300,296,4,2.021217560497893,5.577222053745457,5.286858946916095,98.66666666666667,100.0,4_DEADLINE_EXCEEDED
cotop_final_2026_01,attempt_001,corridor_2400m_w30_seed50_DDQN,realization_corridor_2400m_w30_seed50,DDQN,corridor_2400m,30,10,50,e8cba553cad2e193c8ac5b112cf938bd532ed2f4,9885c1b7b396aa6c99cefbd5114379d2dc4f5ab8b37d4e5ac7d376cd255d20bc,f427576914ea7ca656124ae7ff36b93d7288234820e3ea2bb220f661475f3562,125902858f5cd4069323ede9239002947f410778af43771f36664b6887543118,f5b22778c21031bc99e5326ef2b146f2cda1d0c4cb2818d3c55d4dc50d004b57,2026-09-05T06:23:18.142828+00:00,SUCCESS,300,296,4,1.9829401129258644,5.495337170218987,3.6756016176383475,98.66666666666667,44.666666666666664,4_DEADLINE_EXCEEDED
cotop_final_2026_01,attempt_001,corridor_2400m_w30_seed50_Local,realization_corridor_2400m_w30_seed50,Local,corridor_2400m,30,10,50,e8cba553cad2e193c8ac5b112cf938bd532ed2f4,9885c1b7b396aa6c99cefbd5114379d2dc4f5ab8b37d4e5ac7d376cd255d20bc,f427576914ea7ca656124ae7ff36b93d7288234820e3ea2bb220f661475f3562,125902858f5cd4069323ede9239002947f410778af43771f36664b6887543118,f5b22778c21031bc99e5326ef2b146f2cda1d0c4cb2818d3c55d4dc50d004b57,2026-09-05T06:23:19.352451+00:00,SUCCESS,300,296,4,1.9767377352169633,5.497800685911461,0.296149875189284,98.66666666666667,0.0,4_DEADLINE_EXCEEDED
cotop_final_2026_01,attempt_001,corridor_2400m_w30_seed50_Greedy,realization_corridor_2400m_w30_seed50,Greedy,corridor_2400m,30,10,50,e8cba553cad2e193c8ac5b112cf938bd532ed2f4,9885c1b7b396aa6c99cefbd5114379d2dc4f5ab8b37d4e5ac7d376cd255d20bc,f427576914ea7ca656124ae7ff36b93d7288234820e3ea2bb220f661475f3562,125902858f5cd4069323ede9239002947f410778af43771f36664b6887543118,f5b22778c21031bc99e5326ef2b146f2cda1d0c4cb2818d3c55d4dc50d004b57,2026-09-05T06:23:20.504673+00:00,SUCCESS,300,296,4,1.976718976283673,5.539953149279489,7.328516056472342,98.66666666666667,86.0,4_DEADLINE_EXCEEDED
cotop_final_2026_01,attempt_001,corridor_2400m_w30_seed50_wo_md,realization_corridor_2400m_w30_seed50,wo_md,corridor_2400m,30,10,50,e8cba553cad2e193c8ac5b112cf938bd532ed2f4,9885c1b7b396aa6c99cefbd5114379d2dc4f5ab8b37d4e5ac7d376cd255d20bc,f427576914ea7ca656124ae7ff36b93d7288234820e3ea2bb220f661475f3562,125902858f5cd4069323ede9239002947f410778af43771f36664b6887543118,f5b22778c21031bc99e5326ef2b146f2cda1d0c4cb2818d3c55d4dc50d004b57,2026-09-05T06:23:20.580245+00:00,SUCCESS,300,296,4,1.9802512950343343,5.510474357508336,2.799725010351708,98.66666666666667,100.0,4_DEADLINE_EXCEEDED
cotop_final_2026_01,attempt_001,corridor_2400m_w30_seed50_wo_tp,realization_corridor_2400m_w30_seed50,wo_tp,corridor_2400m,30,10,50,e8cba553cad2e193c8ac5b112cf938bd532ed2f4,9885c1b7b396aa6c99cefbd5114379d2dc4f5ab8b37d4e5ac7d376cd255d20bc,f427576914ea7ca656124ae7ff36b93d7288234820e3ea2bb220f661475f3562,125902858f5cd4069323ede9239002947f410778af43771f36664b6887543118,f5b22778c21031bc99e5326ef2b146f2cda1d0c4cb2818d3c55d4dc50d004b57,2026-09-05T06:23:21.726361+00:00,SUCCESS,300,296,4,2.0015961219153633,5.566694843675738,6.614837101465482,98.66666666666667,100.0,4_DEADLINE_EXCEEDED
cotop_final_2026_01,attempt_001,corridor_2400m_w30_seed50_wo_co,realization_corridor_2400m_w30_seed50,wo_co,corridor_2400m,30,10,50,e8cba553cad2e193c8ac5b112cf938bd532ed2f4,9885c1b7b396aa6c99cefbd5114379d2dc4f5ab8b37d4e5ac7d376cd255d20bc,f427576914ea7ca656124ae7ff36b93d7288234820e3ea2bb220f661475f3562,125902858f5cd4069323ede9239002947f410778af43771f36664b6887543118,f5b22778c21031bc99e5326ef2b146f2cda1d0c4cb2818d3c55d4dc50d004b57,2026-09-05T06:23:22.855197+00:00,SUCCESS,300,296,4,1.9767377352169633,5.497800685911461,0.296149875189284,98.66666666666667,0.0,4_DEADLINE_EXCEEDED
cotop_final_2026_01,attempt_001,corridor_2400m_w30_seed51_CoTOP,realization_corridor_2400m_w30_seed51,CoTOP,corridor_2400m,30,10,51,e8cba553cad2e193c8ac5b112cf938bd532ed2f4,9885c1b7b396aa6c99cefbd5114379d2dc4f5ab8b37d4e5ac7d376cd255d20bc,f427576914ea7ca656124ae7ff36b93d7288234820e3ea2bb220f661475f3562,7c0188b01f148aa43fd5dbf18e87e86b9b32aef1cb278413eebcb122920d03b5,f5b22778c21031bc99e5326ef2b146f2cda1d0c4cb2818d3c55d4dc50d004b57,2026-09-05T06:23:23.990399+00:00,SUCCESS,300,291,9,2.1169535966540023,5.692334492884723,4.030344100149675,97.0,100.0,9_DEADLINE_EXCEEDED
cotop_final_2026_01,attempt_001,corridor_2400m_w30_seed51_DDQN,realization_corridor_2400m_w30_seed51,DDQN,corridor_2400m,30,10,51,e8cba553cad2e193c8ac5b112cf938bd532ed2f4,9885c1b7b396aa6c99cefbd5114379d2dc4f5ab8b37d4e5ac7d376cd255d20bc,f427576914ea7ca656124ae7ff36b93d7288234820e3ea2bb220f661475f3562,7c0188b01f148aa43fd5dbf18e87e86b9b32aef1cb278413eebcb122920d03b5,f5b22778c21031bc99e5326ef2b146f2cda1d0c4cb2818d3c55d4dc50d004b57,2026-09-05T06:23:25.109815+00:00,SUCCESS,300,293,7,2.0634217513243187,5.647999106859721,2.0886513036835526,97.66666666666667,37.333333333333336,7_DEADLINE_EXCEEDED
cotop_final_2026_01,attempt_001,corridor_2400m_w30_seed51_Local,realization_corridor_2400m_w30_seed51,Local,corridor_2400m,30,10,51,e8cba553cad2e193c8ac5b112cf938bd532ed2f4,9885c1b7b396aa6c99cefbd5114379d2dc4f5ab8b37d4e5ac7d376cd255d20bc,f427576914ea7ca656124ae7ff36b93d7288234820e3ea2bb220f661475f3562,7c0188b01f148aa43fd5dbf18e87e86b9b32aef1cb278413eebcb122920d03b5,f5b22778c21031bc99e5326ef2b146f2cda1d0c4cb2818d3c55d4dc50d004b57,2026-09-05T06:23:26.289446+00:00,SUCCESS,300,293,7,2.054685619954997,5.592387006610794,0.2884131972037155,97.66666666666667,0.0,7_DEADLINE_EXCEEDED
cotop_final_2026_01,attempt_001,corridor_2400m_w30_seed51_Greedy,realization_corridor_2400m_w30_seed51,Greedy,corridor_2400m,30,10,51,e8cba553cad2e193c8ac5b112cf938bd532ed2f4,9885c1b7b396aa6c99cefbd5114379d2dc4f5ab8b37d4e5ac7d376cd255d20bc,f427576914ea7ca656124ae7ff36b93d7288234820e3ea2bb220f661475f3562,7c0188b01f148aa43fd5dbf18e87e86b9b32aef1cb278413eebcb122920d03b5,f5b22778c21031bc99e5326ef2b146f2cda1d0c4cb2818d3c55d4dc50d004b57,2026-09-05T06:23:27.569920+00:00,SUCCESS,300,293,7,2.0594880856998192,5.6272362249309165,7.119767867363808,97.66666666666667,84.33333333333334,7_DEADLINE_EXCEEDED
cotop_final_2026_01,attempt_001,corridor_2400m_w30_seed51_wo_md,realization_corridor_2400m_w30_seed51,wo_md,corridor_2400m,30,10,51,e8cba553cad2e193c8ac5b112cf938bd532ed2f4,9885c1b7b396aa6c99cefbd5114379d2dc4f5ab8b37d4e5ac7d376cd255d20bc,f427576914ea7ca656124ae7ff36b93d7288234820e3ea2bb220f661475f3562,7c0188b01f148aa43fd5dbf18e87e86b9b32aef1cb278413eebcb122920d03b5,f5b22778c21031bc99e5326ef2b146f2cda1d0c4cb2818d3c55d4dc50d004b57,2026-09-05T06:23:27.659025+00:00,SUCCESS,300,293,7,2.0776845007444495,5.654922122614712,2.1889158472441825,97.66666666666667,100.0,7_DEADLINE_EXCEEDED
cotop_final_2026_01,attempt_001,corridor_2400m_w30_seed51_wo_tp,realization_corridor_2400m_w30_seed51,wo_tp,corridor_2400m,30,10,51,e8cba553cad2e193c8ac5b112cf938bd532ed2f4,9885c1b7b396aa6c99cefbd5114379d2dc4f5ab8b37d4e5ac7d376cd255d20bc,f427576914ea7ca656124ae7ff36b93d7288234820e3ea2bb220f661475f3562,7c0188b01f148aa43fd5dbf18e87e86b9b32aef1cb278413eebcb122920d03b5,f5b22778c21031bc99e5326ef2b146f2cda1d0c4cb2818d3c55d4dc50d004b57,2026-09-05T06:23:28.780334+00:00,SUCCESS,300,292,8,2.090100849616661,5.660222230509776,5.81702122145165,97.33333333333334,100.0,8_DEADLINE_EXCEEDED
cotop_final_2026_01,attempt_001,corridor_2400m_w30_seed51_wo_co,realization_corridor_2400m_w30_seed51,wo_co,corridor_2400m,30,10,51,e8cba553cad2e193c8ac5b112cf938bd532ed2f4,9885c1b7b396aa6c99cefbd5114379d2dc4f5ab8b37d4e5ac7d376cd255d20bc,f427576914ea7ca656124ae7ff36b93d7288234820e3ea2bb220f661475f3562,7c0188b01f148aa43fd5dbf18e87e86b9b32aef1cb278413eebcb122920d03b5,f5b22778c21031bc99e5326ef2b146f2cda1d0c4cb2818d3c55d4dc50d004b57,2026-09-05T06:23:29.884953+00:00,SUCCESS,300,293,7,2.054685619954997,5.592387006610794,0.2884131972037155,97.66666666666667,0.0,7_DEADLINE_EXCEEDED
cotop_final_2026_01,attempt_001,corridor_2400m_w40_seed42_CoTOP,realization_corridor_2400m_w40_42,CoTOP,corridor_2400m,40,10,42,e8cba553cad2e193c8ac5b112cf938bd532ed2f4,9885c1b7b396aa6c99cefbd5114379d2dc4f5ab8b37d4e5ac7d376cd255d20bc,f427576914ea7ca656124ae7ff36b93d7288234820e3ea2bb220f661475f3562,c9958f85851c17cae81145b91dbf7f4a3cd0385d796ace4a008009fa26d43a1a,f5b22778c21031bc99e5326ef2b146f2cda1d0c4cb2818d3c55d4dc50d004b57,2026-09-05T06:23:31.043821+00:00,SUCCESS,400,395,5,2.1157892276557577,5.280229983953911,4.0364909470774,98.75,100.0,5_DEADLINE_EXCEEDED
cotop_final_2026_01,attempt_001,corridor_2400m_w40_seed42_DDQN,realization_corridor_2400m_w40_42,DDQN,corridor_2400m,40,10,42,e8cba553cad2e193c8ac5b112cf938bd532ed2f4,9885c1b7b396aa6c99cefbd5114379d2dc4f5ab8b37d4e5ac7d376cd255d20bc,f427576914ea7ca656124ae7ff36b93d7288234820e3ea2bb220f661475f3562,c9958f85851c17cae81145b91dbf7f4a3cd0385d796ace4a008009fa26d43a1a,f5b22778c21031bc99e5326ef2b146f2cda1d0c4cb2818d3c55d4dc50d004b57,2026-09-05T06:23:32.193219+00:00,SUCCESS,400,395,5,2.0835249837878753,5.253915359166403,2.601400120363203,98.75,44.0,5_DEADLINE_EXCEEDED
cotop_final_2026_01,attempt_001,corridor_2400m_w40_seed42_Local,realization_corridor_2400m_w40_42,Local,corridor_2400m,40,10,42,e8cba553cad2e193c8ac5b112cf938bd532ed2f4,9885c1b7b396aa6c99cefbd5114379d2dc4f5ab8b37d4e5ac7d376cd255d20bc,f427576914ea7ca656124ae7ff36b93d7288234820e3ea2bb220f661475f3562,c9958f85851c17cae81145b91dbf7f4a3cd0385d796ace4a008009fa26d43a1a,f5b22778c21031bc99e5326ef2b146f2cda1d0c4cb2818d3c55d4dc50d004b57,2026-09-05T06:23:33.292701+00:00,SUCCESS,400,397,3,2.084423549929313,5.165586461978737,0.2963309984027338,99.25,0.0,3_DEADLINE_EXCEEDED
cotop_final_2026_01,attempt_001,corridor_2400m_w40_seed42_Greedy,realization_corridor_2400m_w40_42,Greedy,corridor_2400m,40,10,42,e8cba553cad2e193c8ac5b112cf938bd532ed2f4,9885c1b7b396aa6c99cefbd5114379d2dc4f5ab8b37d4e5ac7d376cd255d20bc,f427576914ea7ca656124ae7ff36b93d7288234820e3ea2bb220f661475f3562,c9958f85851c17cae81145b91dbf7f4a3cd0385d796ace4a008009fa26d43a1a,f5b22778c21031bc99e5326ef2b146f2cda1d0c4cb2818d3c55d4dc50d004b57,2026-09-05T06:23:34.452175+00:00,SUCCESS,400,396,4,2.060307082976175,5.18488124984141,7.163616852338089,99.0,85.75,4_DEADLINE_EXCEEDED
cotop_final_2026_01,attempt_001,corridor_2400m_w40_seed42_wo_md,realization_corridor_2400m_w40_42,wo_md,corridor_2400m,40,10,42,e8cba553cad2e193c8ac5b112cf938bd532ed2f4,9885c1b7b396aa6c99cefbd5114379d2dc4f5ab8b37d4e5ac7d376cd255d20bc,f427576914ea7ca656124ae7ff36b93d7288234820e3ea2bb220f661475f3562,c9958f85851c17cae81145b91dbf7f4a3cd0385d796ace4a008009fa26d43a1a,f5b22778c21031bc99e5326ef2b146f2cda1d0c4cb2818d3c55d4dc50d004b57,2026-09-05T06:23:34.648573+00:00,SUCCESS,400,397,3,2.081610088245285,5.2002903658882635,2.1806747962930286,99.25,100.0,3_DEADLINE_EXCEEDED
cotop_final_2026_01,attempt_001,corridor_2400m_w40_seed42_wo_tp,realization_corridor_2400m_w40_42,wo_tp,corridor_2400m,40,10,42,e8cba553cad2e193c8ac5b112cf938bd532ed2f4,9885c1b7b396aa6c99cefbd5114379d2dc4f5ab8b37d4e5ac7d376cd255d20bc,f427576914ea7ca656124ae7ff36b93d7288234820e3ea2bb220f661475f3562,c9958f85851c17cae81145b91dbf7f4a3cd0385d796ace4a008009fa26d43a1a,f5b22778c21031bc99e5326ef2b146f2cda1d0c4cb2818d3c55d4dc50d004b57,2026-09-05T06:23:35.775937+00:00,SUCCESS,400,395,5,2.0965538125915564,5.274582277418803,6.354907112434736,98.75,100.0,5_DEADLINE_EXCEEDED
cotop_final_2026_01,attempt_001,corridor_2400m_w40_seed42_wo_co,realization_corridor_2400m_w40_42,wo_co,corridor_2400m,40,10,42,e8cba553cad2e193c8ac5b112cf938bd532ed2f4,9885c1b7b396aa6c99cefbd5114379d2dc4f5ab8b37d4e5ac7d376cd255d20bc,f427576914ea7ca656124ae7ff36b93d7288234820e3ea2bb220f661475f3562,c9958f85851c17cae81145b91dbf7f4a3cd0385d796ace4a008009fa26d43a1a,f5b22778c21031bc99e5326ef2b146f2cda1d0c4cb2818d3c55d4dc50d004b57,2026-09-05T06:23:36.909465+00:00,SUCCESS,400,397,3,2.084423549929313,5.165586461978737,0.2963309984027338,99.25,0.0,3_DEADLINE_EXCEEDED
cotop_final_2026_01,attempt_001,corridor_2400m_w40_seed43_CoTOP,realization_corridor_2400m_w40_43,CoTOP,corridor_2400m,40,10,43,e8cba553cad2e193c8ac5b112cf938bd532ed2f4,9885c1b7b396aa6c99cefbd5114379d2dc4f5ab8b37d4e5ac7d376cd255d20bc,f427576914ea7ca656124ae7ff36b93d7288234820e3ea2bb220f661475f3562,1cb93cb6b2432c6e1c22d1eda21ba1655fda402d7f776ef47a5d54ca62fd7566,f5b22778c21031bc99e5326ef2b146f2cda1d0c4cb2818d3c55d4dc50d004b57,2026-09-05T06:23:38.069942+00:00,SUCCESS,400,391,9,2.1538894134406585,5.513573369223208,3.9447512330676044,97.75,100.0,9_DEADLINE_EXCEEDED
cotop_final_2026_01,attempt_001,corridor_2400m_w40_seed43_DDQN,realization_corridor_2400m_w40_43,DDQN,corridor_2400m,40,10,43,e8cba553cad2e193c8ac5b112cf938bd532ed2f4,9885c1b7b396aa6c99cefbd5114379d2dc4f5ab8b37d4e5ac7d376cd255d20bc,f427576914ea7ca656124ae7ff36b93d7288234820e3ea2bb220f661475f3562,1cb93cb6b2432c6e1c22d1eda21ba1655fda402d7f776ef47a5d54ca62fd7566,f5b22778c21031bc99e5326ef2b146f2cda1d0c4cb2818d3c55d4dc50d004b57,2026-09-05T06:23:39.230076+00:00,SUCCESS,400,393,7,2.101397734676218,5.4871375283383435,2.6657248882567957,98.25,45.75,7_DEADLINE_EXCEEDED
cotop_final_2026_01,attempt_001,corridor_2400m_w40_seed43_Local,realization_corridor_2400m_w40_43,Local,corridor_2400m,40,10,43,e8cba553cad2e193c8ac5b112cf938bd532ed2f4,9885c1b7b396aa6c99cefbd5114379d2dc4f5ab8b37d4e5ac7d376cd255d20bc,f427576914ea7ca656124ae7ff36b93d7288234820e3ea2bb220f661475f3562,1cb93cb6b2432c6e1c22d1eda21ba1655fda402d7f776ef47a5d54ca62fd7566,f5b22778c21031bc99e5326ef2b146f2cda1d0c4cb2818d3c55d4dc50d004b57,2026-09-05T06:23:40.366551+00:00,SUCCESS,400,397,3,2.084910773743733,5.406423035990253,0.29120401539736906,99.25,0.0,3_DEADLINE_EXCEEDED
cotop_final_2026_01,attempt_001,corridor_2400m_w40_seed43_Greedy,realization_corridor_2400m_w40_43,Greedy,corridor_2400m,40,10,43,e8cba553cad2e193c8ac5b112cf938bd532ed2f4,9885c1b7b396aa6c99cefbd5114379d2dc4f5ab8b37d4e5ac7d376cd255d20bc,f427576914ea7ca656124ae7ff36b93d7288234820e3ea2bb220f661475f3562,1cb93cb6b2432c6e1c22d1eda21ba1655fda402d7f776ef47a5d54ca62fd7566,f5b22778c21031bc99e5326ef2b146f2cda1d0c4cb2818d3c55d4dc50d004b57,2026-09-05T06:23:41.638542+00:00,SUCCESS,400,396,4,2.045540815775477,5.442100989533004,6.883615919339275,99.0,88.0,4_DEADLINE_EXCEEDED
cotop_final_2026_01,attempt_001,corridor_2400m_w40_seed43_wo_md,realization_corridor_2400m_w40_43,wo_md,corridor_2400m,40,10,43,e8cba553cad2e193c8ac5b112cf938bd532ed2f4,9885c1b7b396aa6c99cefbd5114379d2dc4f5ab8b37d4e5ac7d376cd255d20bc,f427576914ea7ca656124ae7ff36b93d7288234820e3ea2bb220f661475f3562,1cb93cb6b2432c6e1c22d1eda21ba1655fda402d7f776ef47a5d54ca62fd7566,f5b22778c21031bc99e5326ef2b146f2cda1d0c4cb2818d3c55d4dc50d004b57,2026-09-05T06:23:41.851680+00:00,SUCCESS,400,395,5,2.1108716223320863,5.467290338772409,2.1264530395997014,98.75,100.0,5_DEADLINE_EXCEEDED
cotop_final_2026_01,attempt_001,corridor_2400m_w40_seed43_wo_tp,realization_corridor_2400m_w40_43,wo_tp,corridor_2400m,40,10,43,e8cba553cad2e193c8ac5b112cf938bd532ed2f4,9885c1b7b396aa6c99cefbd5114379d2dc4f5ab8b37d4e5ac7d376cd255d20bc,f427576914ea7ca656124ae7ff36b93d7288234820e3ea2bb220f661475f3562,1cb93cb6b2432c6e1c22d1eda21ba1655fda402d7f776ef47a5d54ca62fd7566,f5b22778c21031bc99e5326ef2b146f2cda1d0c4cb2818d3c55d4dc50d004b57,2026-09-05T06:23:42.898329+00:00,SUCCESS,400,393,7,2.106118325767387,5.502933650918313,5.919383363573856,98.25,100.0,7_DEADLINE_EXCEEDED
cotop_final_2026_01,attempt_001,corridor_2400m_w40_seed43_wo_co,realization_corridor_2400m_w40_43,wo_co,corridor_2400m,40,10,43,e8cba553cad2e193c8ac5b112cf938bd532ed2f4,9885c1b7b396aa6c99cefbd5114379d2dc4f5ab8b37d4e5ac7d376cd255d20bc,f427576914ea7ca656124ae7ff36b93d7288234820e3ea2bb220f661475f3562,1cb93cb6b2432c6e1c22d1eda21ba1655fda402d7f776ef47a5d54ca62fd7566,f5b22778c21031bc99e5326ef2b146f2cda1d0c4cb2818d3c55d4dc50d004b57,2026-09-05T06:23:44.044521+00:00,SUCCESS,400,397,3,2.084910773743733,5.406423035990253,0.29120401539736906,99.25,0.0,3_DEADLINE_EXCEEDED
cotop_final_2026_01,attempt_001,corridor_2400m_w40_seed44_CoTOP,realization_corridor_2400m_w40_44,CoTOP,corridor_2400m,40,10,44,e8cba553cad2e193c8ac5b112cf938bd532ed2f4,9885c1b7b396aa6c99cefbd5114379d2dc4f5ab8b37d4e5ac7d376cd255d20bc,f427576914ea7ca656124ae7ff36b93d7288234820e3ea2bb220f661475f3562,421f36980873b40e061b782ae7bcc2fd9a9fcbd025711aea8a1d2b4abc37f607,f5b22778c21031bc99e5326ef2b146f2cda1d0c4cb2818d3c55d4dc50d004b57,2026-09-05T06:23:45.219213+00:00,SUCCESS,400,393,7,2.1156488473056463,5.344171208430938,4.000700193906067,98.25,100.0,7_DEADLINE_EXCEEDED
cotop_final_2026_01,attempt_001,corridor_2400m_w40_seed44_DDQN,realization_corridor_2400m_w40_44,DDQN,corridor_2400m,40,10,44,e8cba553cad2e193c8ac5b112cf938bd532ed2f4,9885c1b7b396aa6c99cefbd5114379d2dc4f5ab8b37d4e5ac7d376cd255d20bc,f427576914ea7ca656124ae7ff36b93d7288234820e3ea2bb220f661475f3562,421f36980873b40e061b782ae7bcc2fd9a9fcbd025711aea8a1d2b4abc37f607,f5b22778c21031bc99e5326ef2b146f2cda1d0c4cb2818d3c55d4dc50d004b57,2026-09-05T06:23:46.351838+00:00,SUCCESS,400,395,5,2.0600975581532617,5.191407866055067,2.0202874641703623,98.75,33.75,5_DEADLINE_EXCEEDED
cotop_final_2026_01,attempt_001,corridor_2400m_w40_seed44_Local,realization_corridor_2400m_w40_44,Local,corridor_2400m,40,10,44,e8cba553cad2e193c8ac5b112cf938bd532ed2f4,9885c1b7b396aa6c99cefbd5114379d2dc4f5ab8b37d4e5ac7d376cd255d20bc,f427576914ea7ca656124ae7ff36b93d7288234820e3ea2bb220f661475f3562,421f36980873b40e061b782ae7bcc2fd9a9fcbd025711aea8a1d2b4abc37f607,f5b22778c21031bc99e5326ef2b146f2cda1d0c4cb2818d3c55d4dc50d004b57,2026-09-05T06:23:47.418770+00:00,SUCCESS,400,395,5,2.0428345844287223,5.195801886998832,0.28849422483524684,98.75,0.0,5_DEADLINE_EXCEEDED
cotop_final_2026_01,attempt_001,corridor_2400m_w40_seed44_Greedy,realization_corridor_2400m_w40_44,Greedy,corridor_2400m,40,10,44,e8cba553cad2e193c8ac5b112cf938bd532ed2f4,9885c1b7b396aa6c99cefbd5114379d2dc4f5ab8b37d4e5ac7d376cd255d20bc,f427576914ea7ca656124ae7ff36b93d7288234820e3ea2bb220f661475f3562,421f36980873b40e061b782ae7bcc2fd9a9fcbd025711aea8a1d2b4abc37f607,f5b22778c21031bc99e5326ef2b146f2cda1d0c4cb2818d3c55d4dc50d004b57,2026-09-05T06:23:48.546615+00:00,SUCCESS,400,395,5,2.02940986201601,5.234396200215499,7.222761730657208,98.75,87.5,5_DEADLINE_EXCEEDED
cotop_final_2026_01,attempt_001,corridor_2400m_w40_seed44_wo_md,realization_corridor_2400m_w40_44,wo_md,corridor_2400m,40,10,44,e8cba553cad2e193c8ac5b112cf938bd532ed2f4,9885c1b7b396aa6c99cefbd5114379d2dc4f5ab8b37d4e5ac7d376cd255d20bc,f427576914ea7ca656124ae7ff36b93d7288234820e3ea2bb220f661475f3562,421f36980873b40e061b782ae7bcc2fd9a9fcbd025711aea8a1d2b4abc37f607,f5b22778c21031bc99e5326ef2b146f2cda1d0c4cb2818d3c55d4dc50d004b57,2026-09-05T06:23:48.733189+00:00,SUCCESS,400,395,5,2.068727268015621,5.291757139682419,2.1679670014821264,98.75,100.0,5_DEADLINE_EXCEEDED
cotop_final_2026_01,attempt_001,corridor_2400m_w40_seed44_wo_tp,realization_corridor_2400m_w40_44,wo_tp,corridor_2400m,40,10,44,e8cba553cad2e193c8ac5b112cf938bd532ed2f4,9885c1b7b396aa6c99cefbd5114379d2dc4f5ab8b37d4e5ac7d376cd255d20bc,f427576914ea7ca656124ae7ff36b93d7288234820e3ea2bb220f661475f3562,421f36980873b40e061b782ae7bcc2fd9a9fcbd025711aea8a1d2b4abc37f607,f5b22778c21031bc99e5326ef2b146f2cda1d0c4cb2818d3c55d4dc50d004b57,2026-09-05T06:23:49.833772+00:00,SUCCESS,400,394,6,2.0796757198036544,5.296202794319956,6.242140068345866,98.5,100.0,6_DEADLINE_EXCEEDED
cotop_final_2026_01,attempt_001,corridor_2400m_w40_seed44_wo_co,realization_corridor_2400m_w40_44,wo_co,corridor_2400m,40,10,44,e8cba553cad2e193c8ac5b112cf938bd532ed2f4,9885c1b7b396aa6c99cefbd5114379d2dc4f5ab8b37d4e5ac7d376cd255d20bc,f427576914ea7ca656124ae7ff36b93d7288234820e3ea2bb220f661475f3562,421f36980873b40e061b782ae7bcc2fd9a9fcbd025711aea8a1d2b4abc37f607,f5b22778c21031bc99e5326ef2b146f2cda1d0c4cb2818d3c55d4dc50d004b57,2026-09-05T06:23:50.888814+00:00,SUCCESS,400,395,5,2.0428345844287223,5.195801886998832,0.28849422483524684,98.75,0.0,5_DEADLINE_EXCEEDED
cotop_final_2026_01,attempt_001,corridor_2400m_w40_seed45_CoTOP,realization_corridor_2400m_w40_45,CoTOP,corridor_2400m,40,10,45,e8cba553cad2e193c8ac5b112cf938bd532ed2f4,9885c1b7b396aa6c99cefbd5114379d2dc4f5ab8b37d4e5ac7d376cd255d20bc,f427576914ea7ca656124ae7ff36b93d7288234820e3ea2bb220f661475f3562,ef44f0649b932650ff82382d85d266e033bc33fd10852e42ebdecf40415ed871,f5b22778c21031bc99e5326ef2b146f2cda1d0c4cb2818d3c55d4dc50d004b57,2026-09-05T06:23:52.060520+00:00,SUCCESS,400,394,6,2.020265263768148,5.1968705177562,4.997464214253084,98.5,100.0,6_DEADLINE_EXCEEDED
cotop_final_2026_01,attempt_001,corridor_2400m_w40_seed45_DDQN,realization_corridor_2400m_w40_45,DDQN,corridor_2400m,40,10,45,e8cba553cad2e193c8ac5b112cf938bd532ed2f4,9885c1b7b396aa6c99cefbd5114379d2dc4f5ab8b37d4e5ac7d376cd255d20bc,f427576914ea7ca656124ae7ff36b93d7288234820e3ea2bb220f661475f3562,ef44f0649b932650ff82382d85d266e033bc33fd10852e42ebdecf40415ed871,f5b22778c21031bc99e5326ef2b146f2cda1d0c4cb2818d3c55d4dc50d004b57,2026-09-05T06:23:53.203303+00:00,SUCCESS,400,397,3,1.9618760511030644,5.164070886419171,2.4897438018322915,99.25,42.0,3_DEADLINE_EXCEEDED
cotop_final_2026_01,attempt_001,corridor_2400m_w40_seed45_Local,realization_corridor_2400m_w40_45,Local,corridor_2400m,40,10,45,e8cba553cad2e193c8ac5b112cf938bd532ed2f4,9885c1b7b396aa6c99cefbd5114379d2dc4f5ab8b37d4e5ac7d376cd255d20bc,f427576914ea7ca656124ae7ff36b93d7288234820e3ea2bb220f661475f3562,ef44f0649b932650ff82382d85d266e033bc33fd10852e42ebdecf40415ed871,f5b22778c21031bc99e5326ef2b146f2cda1d0c4cb2818d3c55d4dc50d004b57,2026-09-05T06:23:54.320569+00:00,SUCCESS,400,398,2,1.9576425126374069,5.095997561800316,0.29792220558634985,99.5,0.0,2_DEADLINE_EXCEEDED
cotop_final_2026_01,attempt_001,corridor_2400m_w40_seed45_Greedy,realization_corridor_2400m_w40_45,Greedy,corridor_2400m,40,10,45,e8cba553cad2e193c8ac5b112cf938bd532ed2f4,9885c1b7b396aa6c99cefbd5114379d2dc4f5ab8b37d4e5ac7d376cd255d20bc,f427576914ea7ca656124ae7ff36b93d7288234820e3ea2bb220f661475f3562,ef44f0649b932650ff82382d85d266e033bc33fd10852e42ebdecf40415ed871,f5b22778c21031bc99e5326ef2b146f2cda1d0c4cb2818d3c55d4dc50d004b57,2026-09-05T06:23:55.453044+00:00,SUCCESS,400,396,4,1.9334830063764314,5.10375794844685,6.99588958648772,99.0,84.75,4_DEADLINE_EXCEEDED
cotop_final_2026_01,attempt_001,corridor_2400m_w40_seed45_wo_md,realization_corridor_2400m_w40_45,wo_md,corridor_2400m,40,10,45,e8cba553cad2e193c8ac5b112cf938bd532ed2f4,9885c1b7b396aa6c99cefbd5114379d2dc4f5ab8b37d4e5ac7d376cd255d20bc,f427576914ea7ca656124ae7ff36b93d7288234820e3ea2bb220f661475f3562,ef44f0649b932650ff82382d85d266e033bc33fd10852e42ebdecf40415ed871,f5b22778c21031bc99e5326ef2b146f2cda1d0c4cb2818d3c55d4dc50d004b57,2026-09-05T06:23:55.651581+00:00,SUCCESS,400,396,4,1.9688103423813865,5.110087488902077,2.653595042206328,99.0,100.0,4_DEADLINE_EXCEEDED
cotop_final_2026_01,attempt_001,corridor_2400m_w40_seed45_wo_tp,realization_corridor_2400m_w40_45,wo_tp,corridor_2400m,40,10,45,e8cba553cad2e193c8ac5b112cf938bd532ed2f4,9885c1b7b396aa6c99cefbd5114379d2dc4f5ab8b37d4e5ac7d376cd255d20bc,f427576914ea7ca656124ae7ff36b93d7288234820e3ea2bb220f661475f3562,ef44f0649b932650ff82382d85d266e033bc33fd10852e42ebdecf40415ed871,f5b22778c21031bc99e5326ef2b146f2cda1d0c4cb2818d3c55d4dc50d004b57,2026-09-05T06:23:56.796190+00:00,SUCCESS,400,394,6,1.9884535035175264,5.17851057121671,6.713520920119724,98.5,100.0,6_DEADLINE_EXCEEDED
cotop_final_2026_01,attempt_001,corridor_2400m_w40_seed45_wo_co,realization_corridor_2400m_w40_45,wo_co,corridor_2400m,40,10,45,e8cba553cad2e193c8ac5b112cf938bd532ed2f4,9885c1b7b396aa6c99cefbd5114379d2dc4f5ab8b37d4e5ac7d376cd255d20bc,f427576914ea7ca656124ae7ff36b93d7288234820e3ea2bb220f661475f3562,ef44f0649b932650ff82382d85d266e033bc33fd10852e42ebdecf40415ed871,f5b22778c21031bc99e5326ef2b146f2cda1d0c4cb2818d3c55d4dc50d004b57,2026-09-05T06:23:57.979839+00:00,SUCCESS,400,398,2,1.9576425126374069,5.095997561800316,0.29792220558634985,99.5,0.0,2_DEADLINE_EXCEEDED
cotop_final_2026_01,attempt_001,corridor_2400m_w40_seed46_CoTOP,realization_corridor_2400m_w40_46,CoTOP,corridor_2400m,40,10,46,e8cba553cad2e193c8ac5b112cf938bd532ed2f4,9885c1b7b396aa6c99cefbd5114379d2dc4f5ab8b37d4e5ac7d376cd255d20bc,f427576914ea7ca656124ae7ff36b93d7288234820e3ea2bb220f661475f3562,ee3c6c4646a4d703ac3f1e12700642c668dacda70c90fceec0a6515564ab6f5c,f5b22778c21031bc99e5326ef2b146f2cda1d0c4cb2818d3c55d4dc50d004b57,2026-09-05T06:23:59.117256+00:00,SUCCESS,400,396,4,2.1164544045481177,5.137851565345983,3.9807024405606604,99.0,100.0,4_DEADLINE_EXCEEDED
cotop_final_2026_01,attempt_001,corridor_2400m_w40_seed46_DDQN,realization_corridor_2400m_w40_46,DDQN,corridor_2400m,40,10,46,e8cba553cad2e193c8ac5b112cf938bd532ed2f4,9885c1b7b396aa6c99cefbd5114379d2dc4f5ab8b37d4e5ac7d376cd255d20bc,f427576914ea7ca656124ae7ff36b93d7288234820e3ea2bb220f661475f3562,ee3c6c4646a4d703ac3f1e12700642c668dacda70c90fceec0a6515564ab6f5c,f5b22778c21031bc99e5326ef2b146f2cda1d0c4cb2818d3c55d4dc50d004b57,2026-09-05T06:24:00.238690+00:00,SUCCESS,400,396,4,2.0657481164464735,5.011403585562456,2.7233115801286965,99.0,43.0,4_DEADLINE_EXCEEDED
cotop_final_2026_01,attempt_001,corridor_2400m_w40_seed46_Local,realization_corridor_2400m_w40_46,Local,corridor_2400m,40,10,46,e8cba553cad2e193c8ac5b112cf938bd532ed2f4,9885c1b7b396aa6c99cefbd5114379d2dc4f5ab8b37d4e5ac7d376cd255d20bc,f427576914ea7ca656124ae7ff36b93d7288234820e3ea2bb220f661475f3562,ee3c6c4646a4d703ac3f1e12700642c668dacda70c90fceec0a6515564ab6f5c,f5b22778c21031bc99e5326ef2b146f2cda1d0c4cb2818d3c55d4dc50d004b57,2026-09-05T06:24:01.346409+00:00,SUCCESS,400,397,3,2.0460715643847585,4.992388818223684,0.2936577869102063,99.25,0.0,3_DEADLINE_EXCEEDED
cotop_final_2026_01,attempt_001,corridor_2400m_w40_seed46_Greedy,realization_corridor_2400m_w40_46,Greedy,corridor_2400m,40,10,46,e8cba553cad2e193c8ac5b112cf938bd532ed2f4,9885c1b7b396aa6c99cefbd5114379d2dc4f5ab8b37d4e5ac7d376cd255d20bc,f427576914ea7ca656124ae7ff36b93d7288234820e3ea2bb220f661475f3562,ee3c6c4646a4d703ac3f1e12700642c668dacda70c90fceec0a6515564ab6f5c,f5b22778c21031bc99e5326ef2b146f2cda1d0c4cb2818d3c55d4dc50d004b57,2026-09-05T06:24:02.443177+00:00,SUCCESS,400,396,4,2.028742254155091,5.030976000902955,7.10749871014074,99.0,84.5,4_DEADLINE_EXCEEDED
cotop_final_2026_01,attempt_001,corridor_2400m_w40_seed46_wo_md,realization_corridor_2400m_w40_46,wo_md,corridor_2400m,40,10,46,e8cba553cad2e193c8ac5b112cf938bd532ed2f4,9885c1b7b396aa6c99cefbd5114379d2dc4f5ab8b37d4e5ac7d376cd255d20bc,f427576914ea7ca656124ae7ff36b93d7288234820e3ea2bb220f661475f3562,ee3c6c4646a4d703ac3f1e12700642c668dacda70c90fceec0a6515564ab6f5c,f5b22778c21031bc99e5326ef2b146f2cda1d0c4cb2818d3c55d4dc50d004b57,2026-09-05T06:24:02.526679+00:00,SUCCESS,400,396,4,2.074246823174381,5.064261835055174,2.15037661080562,99.0,100.0,4_DEADLINE_EXCEEDED
cotop_final_2026_01,attempt_001,corridor_2400m_w40_seed46_wo_tp,realization_corridor_2400m_w40_46,wo_tp,corridor_2400m,40,10,46,e8cba553cad2e193c8ac5b112cf938bd532ed2f4,9885c1b7b396aa6c99cefbd5114379d2dc4f5ab8b37d4e5ac7d376cd255d20bc,f427576914ea7ca656124ae7ff36b93d7288234820e3ea2bb220f661475f3562,ee3c6c4646a4d703ac3f1e12700642c668dacda70c90fceec0a6515564ab6f5c,f5b22778c21031bc99e5326ef2b146f2cda1d0c4cb2818d3c55d4dc50d004b57,2026-09-05T06:24:03.790197+00:00,SUCCESS,400,396,4,2.0821752822860304,5.0957574977267415,6.362689912214382,99.0,100.0,4_DEADLINE_EXCEEDED
cotop_final_2026_01,attempt_001,corridor_2400m_w40_seed46_wo_co,realization_corridor_2400m_w40_46,wo_co,corridor_2400m,40,10,46,e8cba553cad2e193c8ac5b112cf938bd532ed2f4,9885c1b7b396aa6c99cefbd5114379d2dc4f5ab8b37d4e5ac7d376cd255d20bc,f427576914ea7ca656124ae7ff36b93d7288234820e3ea2bb220f661475f3562,ee3c6c4646a4d703ac3f1e12700642c668dacda70c90fceec0a6515564ab6f5c,f5b22778c21031bc99e5326ef2b146f2cda1d0c4cb2818d3c55d4dc50d004b57,2026-09-05T06:24:04.829751+00:00,SUCCESS,400,397,3,2.0460715643847585,4.992388818223684,0.2936577869102063,99.25,0.0,3_DEADLINE_EXCEEDED
cotop_final_2026_01,attempt_001,corridor_2400m_w40_seed47_CoTOP,realization_corridor_2400m_w40_seed47,CoTOP,corridor_2400m,40,10,47,e8cba553cad2e193c8ac5b112cf938bd532ed2f4,9885c1b7b396aa6c99cefbd5114379d2dc4f5ab8b37d4e5ac7d376cd255d20bc,f427576914ea7ca656124ae7ff36b93d7288234820e3ea2bb220f661475f3562,f6dcd763e908f63dbc469564994437913e3ae04dd810a6d7a0f4b849ce3b85f7,f5b22778c21031bc99e5326ef2b146f2cda1d0c4cb2818d3c55d4dc50d004b57,2026-09-05T06:24:06.036685+00:00,SUCCESS,400,389,11,1.9866273244222357,5.328490304759403,5.194222307923118,97.25,100.0,11_DEADLINE_EXCEEDED
cotop_final_2026_01,attempt_001,corridor_2400m_w40_seed47_DDQN,realization_corridor_2400m_w40_seed47,DDQN,corridor_2400m,40,10,47,e8cba553cad2e193c8ac5b112cf938bd532ed2f4,9885c1b7b396aa6c99cefbd5114379d2dc4f5ab8b37d4e5ac7d376cd255d20bc,f427576914ea7ca656124ae7ff36b93d7288234820e3ea2bb220f661475f3562,f6dcd763e908f63dbc469564994437913e3ae04dd810a6d7a0f4b849ce3b85f7,f5b22778c21031bc99e5326ef2b146f2cda1d0c4cb2818d3c55d4dc50d004b57,2026-09-05T06:24:07.173677+00:00,SUCCESS,400,390,10,1.9429095991385756,5.317688354849652,2.8285173532196484,97.5,43.25,10_DEADLINE_EXCEEDED
cotop_final_2026_01,attempt_001,corridor_2400m_w40_seed47_Local,realization_corridor_2400m_w40_seed47,Local,corridor_2400m,40,10,47,e8cba553cad2e193c8ac5b112cf938bd532ed2f4,9885c1b7b396aa6c99cefbd5114379d2dc4f5ab8b37d4e5ac7d376cd255d20bc,f427576914ea7ca656124ae7ff36b93d7288234820e3ea2bb220f661475f3562,f6dcd763e908f63dbc469564994437913e3ae04dd810a6d7a0f4b849ce3b85f7,f5b22778c21031bc99e5326ef2b146f2cda1d0c4cb2818d3c55d4dc50d004b57,2026-09-05T06:24:08.293312+00:00,SUCCESS,400,391,9,1.9484791961323658,5.200738486996384,0.29613382919729275,97.75,0.0,9_DEADLINE_EXCEEDED
cotop_final_2026_01,attempt_001,corridor_2400m_w40_seed47_Greedy,realization_corridor_2400m_w40_seed47,Greedy,corridor_2400m,40,10,47,e8cba553cad2e193c8ac5b112cf938bd532ed2f4,9885c1b7b396aa6c99cefbd5114379d2dc4f5ab8b37d4e5ac7d376cd255d20bc,f427576914ea7ca656124ae7ff36b93d7288234820e3ea2bb220f661475f3562,f6dcd763e908f63dbc469564994437913e3ae04dd810a6d7a0f4b849ce3b85f7,f5b22778c21031bc99e5326ef2b146f2cda1d0c4cb2818d3c55d4dc50d004b57,2026-09-05T06:24:09.427054+00:00,SUCCESS,400,392,8,1.9205688899304914,5.26015358445487,7.067294268461795,98.0,86.5,8_DEADLINE_EXCEEDED
cotop_final_2026_01,attempt_001,corridor_2400m_w40_seed47_wo_md,realization_corridor_2400m_w40_seed47,wo_md,corridor_2400m,40,10,47,e8cba553cad2e193c8ac5b112cf938bd532ed2f4,9885c1b7b396aa6c99cefbd5114379d2dc4f5ab8b37d4e5ac7d376cd255d20bc,f427576914ea7ca656124ae7ff36b93d7288234820e3ea2bb220f661475f3562,f6dcd763e908f63dbc469564994437913e3ae04dd810a6d7a0f4b849ce3b85f7,f5b22778c21031bc99e5326ef2b146f2cda1d0c4cb2818d3c55d4dc50d004b57,2026-09-05T06:24:09.620960+00:00,SUCCESS,400,391,9,1.9433796390957372,5.244863774078877,2.766779870933648,97.75,100.0,9_DEADLINE_EXCEEDED
cotop_final_2026_01,attempt_001,corridor_2400m_w40_seed47_wo_tp,realization_corridor_2400m_w40_seed47,wo_tp,corridor_2400m,40,10,47,e8cba553cad2e193c8ac5b112cf938bd532ed2f4,9885c1b7b396aa6c99cefbd5114379d2dc4f5ab8b37d4e5ac7d376cd255d20bc,f427576914ea7ca656124ae7ff36b93d7288234820e3ea2bb220f661475f3562,f6dcd763e908f63dbc469564994437913e3ae04dd810a6d7a0f4b849ce3b85f7,f5b22778c21031bc99e5326ef2b146f2cda1d0c4cb2818d3c55d4dc50d004b57,2026-09-05T06:24:10.933802+00:00,SUCCESS,400,389,11,1.9631098797452367,5.313918086236134,6.63863412966173,97.25,100.0,11_DEADLINE_EXCEEDED
cotop_final_2026_01,attempt_001,corridor_2400m_w40_seed47_wo_co,realization_corridor_2400m_w40_seed47,wo_co,corridor_2400m,40,10,47,e8cba553cad2e193c8ac5b112cf938bd532ed2f4,9885c1b7b396aa6c99cefbd5114379d2dc4f5ab8b37d4e5ac7d376cd255d20bc,f427576914ea7ca656124ae7ff36b93d7288234820e3ea2bb220f661475f3562,f6dcd763e908f63dbc469564994437913e3ae04dd810a6d7a0f4b849ce3b85f7,f5b22778c21031bc99e5326ef2b146f2cda1d0c4cb2818d3c55d4dc50d004b57,2026-09-05T06:24:12.203336+00:00,SUCCESS,400,391,9,1.9484791961323658,5.200738486996384,0.29613382919729275,97.75,0.0,9_DEADLINE_EXCEEDED
cotop_final_2026_01,attempt_001,corridor_2400m_w40_seed48_CoTOP,realization_corridor_2400m_w40_seed48,CoTOP,corridor_2400m,40,10,48,e8cba553cad2e193c8ac5b112cf938bd532ed2f4,9885c1b7b396aa6c99cefbd5114379d2dc4f5ab8b37d4e5ac7d376cd255d20bc,f427576914ea7ca656124ae7ff36b93d7288234820e3ea2bb220f661475f3562,6a5836cc0beb0b1212fca1367336ce581d69c82510104fcb535ea8481224eb1e,f5b22778c21031bc99e5326ef2b146f2cda1d0c4cb2818d3c55d4dc50d004b57,2026-09-05T06:24:13.419844+00:00,SUCCESS,400,392,8,2.070675627411106,5.234698526853543,3.8979443556778857,98.0,100.0,8_DEADLINE_EXCEEDED
cotop_final_2026_01,attempt_001,corridor_2400m_w40_seed48_DDQN,realization_corridor_2400m_w40_seed48,DDQN,corridor_2400m,40,10,48,e8cba553cad2e193c8ac5b112cf938bd532ed2f4,9885c1b7b396aa6c99cefbd5114379d2dc4f5ab8b37d4e5ac7d376cd255d20bc,f427576914ea7ca656124ae7ff36b93d7288234820e3ea2bb220f661475f3562,6a5836cc0beb0b1212fca1367336ce581d69c82510104fcb535ea8481224eb1e,f5b22778c21031bc99e5326ef2b146f2cda1d0c4cb2818d3c55d4dc50d004b57,2026-09-05T06:24:14.628288+00:00,SUCCESS,400,393,7,2.033068853362809,5.234698526853543,2.284061371007081,98.25,47.25,7_DEADLINE_EXCEEDED
cotop_final_2026_01,attempt_001,corridor_2400m_w40_seed48_Local,realization_corridor_2400m_w40_seed48,Local,corridor_2400m,40,10,48,e8cba553cad2e193c8ac5b112cf938bd532ed2f4,9885c1b7b396aa6c99cefbd5114379d2dc4f5ab8b37d4e5ac7d376cd255d20bc,f427576914ea7ca656124ae7ff36b93d7288234820e3ea2bb220f661475f3562,6a5836cc0beb0b1212fca1367336ce581d69c82510104fcb535ea8481224eb1e,f5b22778c21031bc99e5326ef2b146f2cda1d0c4cb2818d3c55d4dc50d004b57,2026-09-05T06:24:15.791724+00:00,SUCCESS,400,393,7,2.040471090148208,5.234698526853543,0.31020116966029065,98.25,0.0,7_DEADLINE_EXCEEDED
cotop_final_2026_01,attempt_001,corridor_2400m_w40_seed48_Greedy,realization_corridor_2400m_w40_seed48,Greedy,corridor_2400m,40,10,48,e8cba553cad2e193c8ac5b112cf938bd532ed2f4,9885c1b7b396aa6c99cefbd5114379d2dc4f5ab8b37d4e5ac7d376cd255d20bc,f427576914ea7ca656124ae7ff36b93d7288234820e3ea2bb220f661475f3562,6a5836cc0beb0b1212fca1367336ce581d69c82510104fcb535ea8481224eb1e,f5b22778c21031bc99e5326ef2b146f2cda1d0c4cb2818d3c55d4dc50d004b57,2026-09-05T06:24:16.892730+00:00,SUCCESS,400,393,7,2.0073465496661806,5.21546707682899,7.132237636127727,98.25,85.75,7_DEADLINE_EXCEEDED
cotop_final_2026_01,attempt_001,corridor_2400m_w40_seed48_wo_md,realization_corridor_2400m_w40_seed48,wo_md,corridor_2400m,40,10,48,e8cba553cad2e193c8ac5b112cf938bd532ed2f4,9885c1b7b396aa6c99cefbd5114379d2dc4f5ab8b37d4e5ac7d376cd255d20bc,f427576914ea7ca656124ae7ff36b93d7288234820e3ea2bb220f661475f3562,6a5836cc0beb0b1212fca1367336ce581d69c82510104fcb535ea8481224eb1e,f5b22778c21031bc99e5326ef2b146f2cda1d0c4cb2818d3c55d4dc50d004b57,2026-09-05T06:24:16.982812+00:00,SUCCESS,400,393,7,2.036229444535073,5.234698526853543,2.109761696974701,98.25,100.0,7_DEADLINE_EXCEEDED
cotop_final_2026_01,attempt_001,corridor_2400m_w40_seed48_wo_tp,realization_corridor_2400m_w40_seed48,wo_tp,corridor_2400m,40,10,48,e8cba553cad2e193c8ac5b112cf938bd532ed2f4,9885c1b7b396aa6c99cefbd5114379d2dc4f5ab8b37d4e5ac7d376cd255d20bc,f427576914ea7ca656124ae7ff36b93d7288234820e3ea2bb220f661475f3562,6a5836cc0beb0b1212fca1367336ce581d69c82510104fcb535ea8481224eb1e,f5b22778c21031bc99e5326ef2b146f2cda1d0c4cb2818d3c55d4dc50d004b57,2026-09-05T06:24:18.203828+00:00,SUCCESS,400,392,8,2.0456681872606395,5.265632055773791,6.168898129330684,98.0,100.0,8_DEADLINE_EXCEEDED
cotop_final_2026_01,attempt_001,corridor_2400m_w40_seed48_wo_co,realization_corridor_2400m_w40_seed48,wo_co,corridor_2400m,40,10,48,e8cba553cad2e193c8ac5b112cf938bd532ed2f4,9885c1b7b396aa6c99cefbd5114379d2dc4f5ab8b37d4e5ac7d376cd255d20bc,f427576914ea7ca656124ae7ff36b93d7288234820e3ea2bb220f661475f3562,6a5836cc0beb0b1212fca1367336ce581d69c82510104fcb535ea8481224eb1e,f5b22778c21031bc99e5326ef2b146f2cda1d0c4cb2818d3c55d4dc50d004b57,2026-09-05T06:24:19.292135+00:00,SUCCESS,400,393,7,2.040471090148208,5.234698526853543,0.31020116966029065,98.25,0.0,7_DEADLINE_EXCEEDED
cotop_final_2026_01,attempt_001,corridor_2400m_w40_seed49_CoTOP,realization_corridor_2400m_w40_seed49,CoTOP,corridor_2400m,40,10,49,e8cba553cad2e193c8ac5b112cf938bd532ed2f4,9885c1b7b396aa6c99cefbd5114379d2dc4f5ab8b37d4e5ac7d376cd255d20bc,f427576914ea7ca656124ae7ff36b93d7288234820e3ea2bb220f661475f3562,34b0b06a8e2b4f47ad8de396810dedcd68f4d7218abe3051168d96b2532fff2f,f5b22778c21031bc99e5326ef2b146f2cda1d0c4cb2818d3c55d4dc50d004b57,2026-09-05T06:24:20.456376+00:00,SUCCESS,400,395,5,2.0064720917114363,5.300871282248382,5.02533927980035,98.75,100.0,5_DEADLINE_EXCEEDED
cotop_final_2026_01,attempt_001,corridor_2400m_w40_seed49_DDQN,realization_corridor_2400m_w40_seed49,DDQN,corridor_2400m,40,10,49,e8cba553cad2e193c8ac5b112cf938bd532ed2f4,9885c1b7b396aa6c99cefbd5114379d2dc4f5ab8b37d4e5ac7d376cd255d20bc,f427576914ea7ca656124ae7ff36b93d7288234820e3ea2bb220f661475f3562,34b0b06a8e2b4f47ad8de396810dedcd68f4d7218abe3051168d96b2532fff2f,f5b22778c21031bc99e5326ef2b146f2cda1d0c4cb2818d3c55d4dc50d004b57,2026-09-05T06:24:21.598369+00:00,SUCCESS,400,396,4,1.9510842307155414,5.1956558323871125,2.860554573067384,99.0,45.25,4_DEADLINE_EXCEEDED
cotop_final_2026_01,attempt_001,corridor_2400m_w40_seed49_Local,realization_corridor_2400m_w40_seed49,Local,corridor_2400m,40,10,49,e8cba553cad2e193c8ac5b112cf938bd532ed2f4,9885c1b7b396aa6c99cefbd5114379d2dc4f5ab8b37d4e5ac7d376cd255d20bc,f427576914ea7ca656124ae7ff36b93d7288234820e3ea2bb220f661475f3562,34b0b06a8e2b4f47ad8de396810dedcd68f4d7218abe3051168d96b2532fff2f,f5b22778c21031bc99e5326ef2b146f2cda1d0c4cb2818d3c55d4dc50d004b57,2026-09-05T06:24:22.738555+00:00,SUCCESS,400,399,1,1.943207806074379,5.160354745373949,0.29050188486749995,99.75,0.0,1_DEADLINE_EXCEEDED
cotop_final_2026_01,attempt_001,corridor_2400m_w40_seed49_Greedy,realization_corridor_2400m_w40_seed49,Greedy,corridor_2400m,40,10,49,e8cba553cad2e193c8ac5b112cf938bd532ed2f4,9885c1b7b396aa6c99cefbd5114379d2dc4f5ab8b37d4e5ac7d376cd255d20bc,f427576914ea7ca656124ae7ff36b93d7288234820e3ea2bb220f661475f3562,34b0b06a8e2b4f47ad8de396810dedcd68f4d7218abe3051168d96b2532fff2f,f5b22778c21031bc99e5326ef2b146f2cda1d0c4cb2818d3c55d4dc50d004b57,2026-09-05T06:24:23.876247+00:00,SUCCESS,400,398,2,1.9207085375277626,5.2168758821076615,7.022395466744971,99.5,86.0,2_DEADLINE_EXCEEDED
cotop_final_2026_01,attempt_001,corridor_2400m_w40_seed49_wo_md,realization_corridor_2400m_w40_seed49,wo_md,corridor_2400m,40,10,49,e8cba553cad2e193c8ac5b112cf938bd532ed2f4,9885c1b7b396aa6c99cefbd5114379d2dc4f5ab8b37d4e5ac7d376cd255d20bc,f427576914ea7ca656124ae7ff36b93d7288234820e3ea2bb220f661475f3562,34b0b06a8e2b4f47ad8de396810dedcd68f4d7218abe3051168d96b2532fff2f,f5b22778c21031bc99e5326ef2b146f2cda1d0c4cb2818d3c55d4dc50d004b57,2026-09-05T06:24:23.976538+00:00,SUCCESS,400,398,2,1.9568309847726704,5.203821125291061,2.672531748794104,99.5,100.0,2_DEADLINE_EXCEEDED
cotop_final_2026_01,attempt_001,corridor_2400m_w40_seed49_wo_tp,realization_corridor_2400m_w40_seed49,wo_tp,corridor_2400m,40,10,49,e8cba553cad2e193c8ac5b112cf938bd532ed2f4,9885c1b7b396aa6c99cefbd5114379d2dc4f5ab8b37d4e5ac7d376cd255d20bc,f427576914ea7ca656124ae7ff36b93d7288234820e3ea2bb220f661475f3562,34b0b06a8e2b4f47ad8de396810dedcd68f4d7218abe3051168d96b2532fff2f,f5b22778c21031bc99e5326ef2b146f2cda1d0c4cb2818d3c55d4dc50d004b57,2026-09-05T06:24:25.109794+00:00,SUCCESS,400,397,3,1.9722430039700243,5.2586326056028785,6.686599228609232,99.25,100.0,3_DEADLINE_EXCEEDED
cotop_final_2026_01,attempt_001,corridor_2400m_w40_seed49_wo_co,realization_corridor_2400m_w40_seed49,wo_co,corridor_2400m,40,10,49,e8cba553cad2e193c8ac5b112cf938bd532ed2f4,9885c1b7b396aa6c99cefbd5114379d2dc4f5ab8b37d4e5ac7d376cd255d20bc,f427576914ea7ca656124ae7ff36b93d7288234820e3ea2bb220f661475f3562,34b0b06a8e2b4f47ad8de396810dedcd68f4d7218abe3051168d96b2532fff2f,f5b22778c21031bc99e5326ef2b146f2cda1d0c4cb2818d3c55d4dc50d004b57,2026-09-05T06:24:26.338579+00:00,SUCCESS,400,399,1,1.943207806074379,5.160354745373949,0.29050188486749995,99.75,0.0,1_DEADLINE_EXCEEDED
cotop_final_2026_01,attempt_001,corridor_2400m_w40_seed50_CoTOP,realization_corridor_2400m_w40_seed50,CoTOP,corridor_2400m,40,10,50,e8cba553cad2e193c8ac5b112cf938bd532ed2f4,9885c1b7b396aa6c99cefbd5114379d2dc4f5ab8b37d4e5ac7d376cd255d20bc,f427576914ea7ca656124ae7ff36b93d7288234820e3ea2bb220f661475f3562,e923ff6fa9a3485fa1bba0c61c8a0c7084a59178651ffff82387888d9747f7bd,f5b22778c21031bc99e5326ef2b146f2cda1d0c4cb2818d3c55d4dc50d004b57,2026-09-05T06:24:27.499978+00:00,SUCCESS,400,395,5,2.046356584068059,5.512819781744943,5.062179957404498,98.75,100.0,5_DEADLINE_EXCEEDED
cotop_final_2026_01,attempt_001,corridor_2400m_w40_seed50_DDQN,realization_corridor_2400m_w40_seed50,DDQN,corridor_2400m,40,10,50,e8cba553cad2e193c8ac5b112cf938bd532ed2f4,9885c1b7b396aa6c99cefbd5114379d2dc4f5ab8b37d4e5ac7d376cd255d20bc,f427576914ea7ca656124ae7ff36b93d7288234820e3ea2bb220f661475f3562,e923ff6fa9a3485fa1bba0c61c8a0c7084a59178651ffff82387888d9747f7bd,f5b22778c21031bc99e5326ef2b146f2cda1d0c4cb2818d3c55d4dc50d004b57,2026-09-05T06:24:28.646261+00:00,SUCCESS,400,395,5,2.002773174552191,5.512054225746169,3.171089130575157,98.75,48.25,5_DEADLINE_EXCEEDED
cotop_final_2026_01,attempt_001,corridor_2400m_w40_seed50_Local,realization_corridor_2400m_w40_seed50,Local,corridor_2400m,40,10,50,e8cba553cad2e193c8ac5b112cf938bd532ed2f4,9885c1b7b396aa6c99cefbd5114379d2dc4f5ab8b37d4e5ac7d376cd255d20bc,f427576914ea7ca656124ae7ff36b93d7288234820e3ea2bb220f661475f3562,e923ff6fa9a3485fa1bba0c61c8a0c7084a59178651ffff82387888d9747f7bd,f5b22778c21031bc99e5326ef2b146f2cda1d0c4cb2818d3c55d4dc50d004b57,2026-09-05T06:24:29.757200+00:00,SUCCESS,400,396,4,2.004914599712361,5.440064321628538,0.2984589112458319,99.0,0.0,4_DEADLINE_EXCEEDED
cotop_final_2026_01,attempt_001,corridor_2400m_w40_seed50_Greedy,realization_corridor_2400m_w40_seed50,Greedy,corridor_2400m,40,10,50,e8cba553cad2e193c8ac5b112cf938bd532ed2f4,9885c1b7b396aa6c99cefbd5114379d2dc4f5ab8b37d4e5ac7d376cd255d20bc,f427576914ea7ca656124ae7ff36b93d7288234820e3ea2bb220f661475f3562,e923ff6fa9a3485fa1bba0c61c8a0c7084a59178651ffff82387888d9747f7bd,f5b22778c21031bc99e5326ef2b146f2cda1d0c4cb2818d3c55d4dc50d004b57,2026-09-05T06:24:30.887540+00:00,SUCCESS,400,396,4,1.9788744454955511,5.474742805504422,7.182354746558207,99.0,85.0,4_DEADLINE_EXCEEDED
cotop_final_2026_01,attempt_001,corridor_2400m_w40_seed50_wo_md,realization_corridor_2400m_w40_seed50,wo_md,corridor_2400m,40,10,50,e8cba553cad2e193c8ac5b112cf938bd532ed2f4,9885c1b7b396aa6c99cefbd5114379d2dc4f5ab8b37d4e5ac7d376cd255d20bc,f427576914ea7ca656124ae7ff36b93d7288234820e3ea2bb220f661475f3562,e923ff6fa9a3485fa1bba0c61c8a0c7084a59178651ffff82387888d9747f7bd,f5b22778c21031bc99e5326ef2b146f2cda1d0c4cb2818d3c55d4dc50d004b57,2026-09-05T06:24:30.976602+00:00,SUCCESS,400,396,4,2.0010319121711984,5.495703896762394,2.6863377808704856,99.0,100.0,4_DEADLINE_EXCEEDED
cotop_final_2026_01,attempt_001,corridor_2400m_w40_seed50_wo_tp,realization_corridor_2400m_w40_seed50,wo_tp,corridor_2400m,40,10,50,e8cba553cad2e193c8ac5b112cf938bd532ed2f4,9885c1b7b396aa6c99cefbd5114379d2dc4f5ab8b37d4e5ac7d376cd255d20bc,f427576914ea7ca656124ae7ff36b93d7288234820e3ea2bb220f661475f3562,e923ff6fa9a3485fa1bba0c61c8a0c7084a59178651ffff82387888d9747f7bd,f5b22778c21031bc99e5326ef2b146f2cda1d0c4cb2818d3c55d4dc50d004b57,2026-09-05T06:24:32.141702+00:00,SUCCESS,400,395,5,2.0223055326471013,5.565591860367606,6.843928701209909,98.75,100.0,5_DEADLINE_EXCEEDED
cotop_final_2026_01,attempt_001,corridor_2400m_w40_seed50_wo_co,realization_corridor_2400m_w40_seed50,wo_co,corridor_2400m,40,10,50,e8cba553cad2e193c8ac5b112cf938bd532ed2f4,9885c1b7b396aa6c99cefbd5114379d2dc4f5ab8b37d4e5ac7d376cd255d20bc,f427576914ea7ca656124ae7ff36b93d7288234820e3ea2bb220f661475f3562,e923ff6fa9a3485fa1bba0c61c8a0c7084a59178651ffff82387888d9747f7bd,f5b22778c21031bc99e5326ef2b146f2cda1d0c4cb2818d3c55d4dc50d004b57,2026-09-05T06:24:33.238273+00:00,SUCCESS,400,396,4,2.004914599712361,5.440064321628538,0.2984589112458319,99.0,0.0,4_DEADLINE_EXCEEDED
cotop_final_2026_01,attempt_001,corridor_2400m_w40_seed51_CoTOP,realization_corridor_2400m_w40_seed51,CoTOP,corridor_2400m,40,10,51,e8cba553cad2e193c8ac5b112cf938bd532ed2f4,9885c1b7b396aa6c99cefbd5114379d2dc4f5ab8b37d4e5ac7d376cd255d20bc,f427576914ea7ca656124ae7ff36b93d7288234820e3ea2bb220f661475f3562,a9842d91f6bd94f01089bc8f6e28a9eff99308587090bf9fed2269c37075e5de,f5b22778c21031bc99e5326ef2b146f2cda1d0c4cb2818d3c55d4dc50d004b57,2026-09-05T06:24:34.484602+00:00,SUCCESS,400,389,11,2.151763299402217,5.63654503261511,3.995879623160665,97.25,100.0,11_DEADLINE_EXCEEDED
cotop_final_2026_01,attempt_001,corridor_2400m_w40_seed51_DDQN,realization_corridor_2400m_w40_seed51,DDQN,corridor_2400m,40,10,51,e8cba553cad2e193c8ac5b112cf938bd532ed2f4,9885c1b7b396aa6c99cefbd5114379d2dc4f5ab8b37d4e5ac7d376cd255d20bc,f427576914ea7ca656124ae7ff36b93d7288234820e3ea2bb220f661475f3562,a9842d91f6bd94f01089bc8f6e28a9eff99308587090bf9fed2269c37075e5de,f5b22778c21031bc99e5326ef2b146f2cda1d0c4cb2818d3c55d4dc50d004b57,2026-09-05T06:24:35.601551+00:00,SUCCESS,400,390,10,2.098642973813106,5.585528250535891,2.1815016838869092,97.5,38.25,10_DEADLINE_EXCEEDED
cotop_final_2026_01,attempt_001,corridor_2400m_w40_seed51_Local,realization_corridor_2400m_w40_seed51,Local,corridor_2400m,40,10,51,e8cba553cad2e193c8ac5b112cf938bd532ed2f4,9885c1b7b396aa6c99cefbd5114379d2dc4f5ab8b37d4e5ac7d376cd255d20bc,f427576914ea7ca656124ae7ff36b93d7288234820e3ea2bb220f661475f3562,a9842d91f6bd94f01089bc8f6e28a9eff99308587090bf9fed2269c37075e5de,f5b22778c21031bc99e5326ef2b146f2cda1d0c4cb2818d3c55d4dc50d004b57,2026-09-05T06:24:36.672534+00:00,SUCCESS,400,390,10,2.083343972486194,5.569247878161785,0.286589916666603,97.5,0.0,10_DEADLINE_EXCEEDED
cotop_final_2026_01,attempt_001,corridor_2400m_w40_seed51_Greedy,realization_corridor_2400m_w40_seed51,Greedy,corridor_2400m,40,10,51,e8cba553cad2e193c8ac5b112cf938bd532ed2f4,9885c1b7b396aa6c99cefbd5114379d2dc4f5ab8b37d4e5ac7d376cd255d20bc,f427576914ea7ca656124ae7ff36b93d7288234820e3ea2bb220f661475f3562,a9842d91f6bd94f01089bc8f6e28a9eff99308587090bf9fed2269c37075e5de,f5b22778c21031bc99e5326ef2b146f2cda1d0c4cb2818d3c55d4dc50d004b57,2026-09-05T06:24:37.793105+00:00,SUCCESS,400,389,11,2.068648091208271,5.599921447712448,7.2155075852805695,97.25,86.25,11_DEADLINE_EXCEEDED
cotop_final_2026_01,attempt_001,corridor_2400m_w40_seed51_wo_md,realization_corridor_2400m_w40_seed51,wo_md,corridor_2400m,40,10,51,e8cba553cad2e193c8ac5b112cf938bd532ed2f4,9885c1b7b396aa6c99cefbd5114379d2dc4f5ab8b37d4e5ac7d376cd255d20bc,f427576914ea7ca656124ae7ff36b93d7288234820e3ea2bb220f661475f3562,a9842d91f6bd94f01089bc8f6e28a9eff99308587090bf9fed2269c37075e5de,f5b22778c21031bc99e5326ef2b146f2cda1d0c4cb2818d3c55d4dc50d004b57,2026-09-05T06:24:37.888591+00:00,SUCCESS,400,390,10,2.109311496704415,5.571701127486257,2.1467982112965647,97.5,100.0,10_DEADLINE_EXCEEDED
cotop_final_2026_01,attempt_001,corridor_2400m_w40_seed51_wo_tp,realization_corridor_2400m_w40_seed51,wo_tp,corridor_2400m,40,10,51,e8cba553cad2e193c8ac5b112cf938bd532ed2f4,9885c1b7b396aa6c99cefbd5114379d2dc4f5ab8b37d4e5ac7d376cd255d20bc,f427576914ea7ca656124ae7ff36b93d7288234820e3ea2bb220f661475f3562,a9842d91f6bd94f01089bc8f6e28a9eff99308587090bf9fed2269c37075e5de,f5b22778c21031bc99e5326ef2b146f2cda1d0c4cb2818d3c55d4dc50d004b57,2026-09-05T06:24:38.987839+00:00,SUCCESS,400,389,11,2.1186782360496266,5.602649858740781,6.330639058877955,97.25,100.0,11_DEADLINE_EXCEEDED
cotop_final_2026_01,attempt_001,corridor_2400m_w40_seed51_wo_co,realization_corridor_2400m_w40_seed51,wo_co,corridor_2400m,40,10,51,e8cba553cad2e193c8ac5b112cf938bd532ed2f4,9885c1b7b396aa6c99cefbd5114379d2dc4f5ab8b37d4e5ac7d376cd255d20bc,f427576914ea7ca656124ae7ff36b93d7288234820e3ea2bb220f661475f3562,a9842d91f6bd94f01089bc8f6e28a9eff99308587090bf9fed2269c37075e5de,f5b22778c21031bc99e5326ef2b146f2cda1d0c4cb2818d3c55d4dc50d004b57,2026-09-05T06:24:40.114369+00:00,SUCCESS,400,390,10,2.083343972486194,5.569247878161785,0.286589916666603,97.5,0.0,10_DEADLINE_EXCEEDED
cotop_final_2026_01,attempt_001,grid_200m_w20_seed42_CoTOP,realization_grid_200m_w20_42,CoTOP,grid_200m,20,10,42,e8cba553cad2e193c8ac5b112cf938bd532ed2f4,9885c1b7b396aa6c99cefbd5114379d2dc4f5ab8b37d4e5ac7d376cd255d20bc,f427576914ea7ca656124ae7ff36b93d7288234820e3ea2bb220f661475f3562,9cc57455e50cacec616e107d54c800266429f21c7ee2f56845497689f4b0694e,f5b22778c21031bc99e5326ef2b146f2cda1d0c4cb2818d3c55d4dc50d004b57,2026-09-05T06:24:41.006638+00:00,SUCCESS,200,200,0,0.660271996014831,1.039016119579072,0.9413690095018211,100.0,99.0,NONE
cotop_final_2026_01,attempt_001,grid_200m_w20_seed42_DDQN,realization_grid_200m_w20_42,DDQN,grid_200m,20,10,42,e8cba553cad2e193c8ac5b112cf938bd532ed2f4,9885c1b7b396aa6c99cefbd5114379d2dc4f5ab8b37d4e5ac7d376cd255d20bc,f427576914ea7ca656124ae7ff36b93d7288234820e3ea2bb220f661475f3562,9cc57455e50cacec616e107d54c800266429f21c7ee2f56845497689f4b0694e,f5b22778c21031bc99e5326ef2b146f2cda1d0c4cb2818d3c55d4dc50d004b57,2026-09-05T06:24:42.042691+00:00,SUCCESS,200,200,0,0.6590294366125556,1.0461301848900164,0.8012524684893644,100.0,42.5,NONE
cotop_final_2026_01,attempt_001,grid_200m_w20_seed42_Local,realization_grid_200m_w20_42,Local,grid_200m,20,10,42,e8cba553cad2e193c8ac5b112cf938bd532ed2f4,9885c1b7b396aa6c99cefbd5114379d2dc4f5ab8b37d4e5ac7d376cd255d20bc,f427576914ea7ca656124ae7ff36b93d7288234820e3ea2bb220f661475f3562,9cc57455e50cacec616e107d54c800266429f21c7ee2f56845497689f4b0694e,f5b22778c21031bc99e5326ef2b146f2cda1d0c4cb2818d3c55d4dc50d004b57,2026-09-05T06:24:42.901669+00:00,SUCCESS,200,200,0,0.6636042213192309,1.0304490909889397,0.2862263154298333,100.0,0.0,NONE
cotop_final_2026_01,attempt_001,grid_200m_w20_seed42_Greedy,realization_grid_200m_w20_42,Greedy,grid_200m,20,10,42,e8cba553cad2e193c8ac5b112cf938bd532ed2f4,9885c1b7b396aa6c99cefbd5114379d2dc4f5ab8b37d4e5ac7d376cd255d20bc,f427576914ea7ca656124ae7ff36b93d7288234820e3ea2bb220f661475f3562,9cc57455e50cacec616e107d54c800266429f21c7ee2f56845497689f4b0694e,f5b22778c21031bc99e5326ef2b146f2cda1d0c4cb2818d3c55d4dc50d004b57,2026-09-05T06:24:43.764558+00:00,SUCCESS,200,200,0,0.6448824012635231,1.0480782553639583,3.1752936059493067,100.0,87.5,NONE
cotop_final_2026_01,attempt_001,grid_200m_w20_seed42_wo_md,realization_grid_200m_w20_42,wo_md,grid_200m,20,10,42,e8cba553cad2e193c8ac5b112cf938bd532ed2f4,9885c1b7b396aa6c99cefbd5114379d2dc4f5ab8b37d4e5ac7d376cd255d20bc,f427576914ea7ca656124ae7ff36b93d7288234820e3ea2bb220f661475f3562,9cc57455e50cacec616e107d54c800266429f21c7ee2f56845497689f4b0694e,f5b22778c21031bc99e5326ef2b146f2cda1d0c4cb2818d3c55d4dc50d004b57,2026-09-05T06:24:43.815263+00:00,SUCCESS,200,200,0,0.6567586349385105,1.0258592567890588,0.7123266550355308,100.0,99.0,NONE
cotop_final_2026_01,attempt_001,grid_200m_w20_seed42_wo_tp,realization_grid_200m_w20_42,wo_tp,grid_200m,20,10,42,e8cba553cad2e193c8ac5b112cf938bd532ed2f4,9885c1b7b396aa6c99cefbd5114379d2dc4f5ab8b37d4e5ac7d376cd255d20bc,f427576914ea7ca656124ae7ff36b93d7288234820e3ea2bb220f661475f3562,9cc57455e50cacec616e107d54c800266429f21c7ee2f56845497689f4b0694e,f5b22778c21031bc99e5326ef2b146f2cda1d0c4cb2818d3c55d4dc50d004b57,2026-09-05T06:24:44.667416+00:00,SUCCESS,200,200,0,0.6594143469677469,1.053162974900927,1.2201978340964637,100.0,100.0,NONE
cotop_final_2026_01,attempt_001,grid_200m_w20_seed42_wo_co,realization_grid_200m_w20_42,wo_co,grid_200m,20,10,42,e8cba553cad2e193c8ac5b112cf938bd532ed2f4,9885c1b7b396aa6c99cefbd5114379d2dc4f5ab8b37d4e5ac7d376cd255d20bc,f427576914ea7ca656124ae7ff36b93d7288234820e3ea2bb220f661475f3562,9cc57455e50cacec616e107d54c800266429f21c7ee2f56845497689f4b0694e,f5b22778c21031bc99e5326ef2b146f2cda1d0c4cb2818d3c55d4dc50d004b57,2026-09-05T06:24:45.499567+00:00,SUCCESS,200,200,0,0.6636042213192309,1.0304490909889397,0.2862263154298333,100.0,0.0,NONE
cotop_final_2026_01,attempt_001,grid_200m_w20_seed43_CoTOP,realization_grid_200m_w20_43,CoTOP,grid_200m,20,10,43,e8cba553cad2e193c8ac5b112cf938bd532ed2f4,9885c1b7b396aa6c99cefbd5114379d2dc4f5ab8b37d4e5ac7d376cd255d20bc,f427576914ea7ca656124ae7ff36b93d7288234820e3ea2bb220f661475f3562,59a1bcb341fb9f6b38ad67e8c25927ba3a7f9697abe4d4eba7d816797403b71e,f5b22778c21031bc99e5326ef2b146f2cda1d0c4cb2818d3c55d4dc50d004b57,2026-09-05T06:24:46.318718+00:00,SUCCESS,200,200,0,0.6414712757793878,0.9881722453907992,1.0001744592095454,100.0,99.5,NONE
cotop_final_2026_01,attempt_001,grid_200m_w20_seed43_DDQN,realization_grid_200m_w20_43,DDQN,grid_200m,20,10,43,e8cba553cad2e193c8ac5b112cf938bd532ed2f4,9885c1b7b396aa6c99cefbd5114379d2dc4f5ab8b37d4e5ac7d376cd255d20bc,f427576914ea7ca656124ae7ff36b93d7288234820e3ea2bb220f661475f3562,59a1bcb341fb9f6b38ad67e8c25927ba3a7f9697abe4d4eba7d816797403b71e,f5b22778c21031bc99e5326ef2b146f2cda1d0c4cb2818d3c55d4dc50d004b57,2026-09-05T06:24:47.126426+00:00,SUCCESS,200,200,0,0.637669270069138,0.9881722453907992,0.6915671207851688,100.0,32.0,NONE
cotop_final_2026_01,attempt_001,grid_200m_w20_seed43_Local,realization_grid_200m_w20_43,Local,grid_200m,20,10,43,e8cba553cad2e193c8ac5b112cf938bd532ed2f4,9885c1b7b396aa6c99cefbd5114379d2dc4f5ab8b37d4e5ac7d376cd255d20bc,f427576914ea7ca656124ae7ff36b93d7288234820e3ea2bb220f661475f3562,59a1bcb341fb9f6b38ad67e8c25927ba3a7f9697abe4d4eba7d816797403b71e,f5b22778c21031bc99e5326ef2b146f2cda1d0c4cb2818d3c55d4dc50d004b57,2026-09-05T06:24:47.992960+00:00,SUCCESS,200,200,0,0.642919495063858,0.9881722453907992,0.2741101993036568,100.0,0.0,NONE
cotop_final_2026_01,attempt_001,grid_200m_w20_seed43_Greedy,realization_grid_200m_w20_43,Greedy,grid_200m,20,10,43,e8cba553cad2e193c8ac5b112cf938bd532ed2f4,9885c1b7b396aa6c99cefbd5114379d2dc4f5ab8b37d4e5ac7d376cd255d20bc,f427576914ea7ca656124ae7ff36b93d7288234820e3ea2bb220f661475f3562,59a1bcb341fb9f6b38ad67e8c25927ba3a7f9697abe4d4eba7d816797403b71e,f5b22778c21031bc99e5326ef2b146f2cda1d0c4cb2818d3c55d4dc50d004b57,2026-09-05T06:24:48.819313+00:00,SUCCESS,200,200,0,0.6230886331003701,1.0184779942580295,3.127370471241156,100.0,88.5,NONE
cotop_final_2026_01,attempt_001,grid_200m_w20_seed43_wo_md,realization_grid_200m_w20_43,wo_md,grid_200m,20,10,43,e8cba553cad2e193c8ac5b112cf938bd532ed2f4,9885c1b7b396aa6c99cefbd5114379d2dc4f5ab8b37d4e5ac7d376cd255d20bc,f427576914ea7ca656124ae7ff36b93d7288234820e3ea2bb220f661475f3562,59a1bcb341fb9f6b38ad67e8c25927ba3a7f9697abe4d4eba7d816797403b71e,f5b22778c21031bc99e5326ef2b146f2cda1d0c4cb2818d3c55d4dc50d004b57,2026-09-05T06:24:48.864565+00:00,SUCCESS,200,200,0,0.6367799999958002,0.9881722453907992,0.7538449817385613,100.0,99.5,NONE
cotop_final_2026_01,attempt_001,grid_200m_w20_seed43_wo_tp,realization_grid_200m_w20_43,wo_tp,grid_200m,20,10,43,e8cba553cad2e193c8ac5b112cf938bd532ed2f4,9885c1b7b396aa6c99cefbd5114379d2dc4f5ab8b37d4e5ac7d376cd255d20bc,f427576914ea7ca656124ae7ff36b93d7288234820e3ea2bb220f661475f3562,59a1bcb341fb9f6b38ad67e8c25927ba3a7f9697abe4d4eba7d816797403b71e,f5b22778c21031bc99e5326ef2b146f2cda1d0c4cb2818d3c55d4dc50d004b57,2026-09-05T06:24:49.669227+00:00,SUCCESS,200,200,0,0.6367087147639894,1.0043095044525547,1.2541333703354196,100.0,100.0,NONE
cotop_final_2026_01,attempt_001,grid_200m_w20_seed43_wo_co,realization_grid_200m_w20_43,wo_co,grid_200m,20,10,43,e8cba553cad2e193c8ac5b112cf938bd532ed2f4,9885c1b7b396aa6c99cefbd5114379d2dc4f5ab8b37d4e5ac7d376cd255d20bc,f427576914ea7ca656124ae7ff36b93d7288234820e3ea2bb220f661475f3562,59a1bcb341fb9f6b38ad67e8c25927ba3a7f9697abe4d4eba7d816797403b71e,f5b22778c21031bc99e5326ef2b146f2cda1d0c4cb2818d3c55d4dc50d004b57,2026-09-05T06:24:50.466729+00:00,SUCCESS,200,200,0,0.642919495063858,0.9881722453907992,0.2741101993036568,100.0,0.0,NONE
cotop_final_2026_01,attempt_001,grid_200m_w20_seed44_CoTOP,realization_grid_200m_w20_44,CoTOP,grid_200m,20,10,44,e8cba553cad2e193c8ac5b112cf938bd532ed2f4,9885c1b7b396aa6c99cefbd5114379d2dc4f5ab8b37d4e5ac7d376cd255d20bc,f427576914ea7ca656124ae7ff36b93d7288234820e3ea2bb220f661475f3562,b740fcf2d45f8c28d786c6bdc384bd33b6e7e0028a9649a718ec5641e8324fd3,f5b22778c21031bc99e5326ef2b146f2cda1d0c4cb2818d3c55d4dc50d004b57,2026-09-05T06:24:51.236595+00:00,SUCCESS,200,200,0,0.6316997344790352,0.9766959141372878,0.9064599137048162,100.0,100.0,NONE
cotop_final_2026_01,attempt_001,grid_200m_w20_seed44_DDQN,realization_grid_200m_w20_44,DDQN,grid_200m,20,10,44,e8cba553cad2e193c8ac5b112cf938bd532ed2f4,9885c1b7b396aa6c99cefbd5114379d2dc4f5ab8b37d4e5ac7d376cd255d20bc,f427576914ea7ca656124ae7ff36b93d7288234820e3ea2bb220f661475f3562,b740fcf2d45f8c28d786c6bdc384bd33b6e7e0028a9649a718ec5641e8324fd3,f5b22778c21031bc99e5326ef2b146f2cda1d0c4cb2818d3c55d4dc50d004b57,2026-09-05T06:24:52.138876+00:00,SUCCESS,200,200,0,0.6291494081834631,0.977329263585022,0.6509669235033164,100.0,36.5,NONE
cotop_final_2026_01,attempt_001,grid_200m_w20_seed44_Local,realization_grid_200m_w20_44,Local,grid_200m,20,10,44,e8cba553cad2e193c8ac5b112cf938bd532ed2f4,9885c1b7b396aa6c99cefbd5114379d2dc4f5ab8b37d4e5ac7d376cd255d20bc,f427576914ea7ca656124ae7ff36b93d7288234820e3ea2bb220f661475f3562,b740fcf2d45f8c28d786c6bdc384bd33b6e7e0028a9649a718ec5641e8324fd3,f5b22778c21031bc99e5326ef2b146f2cda1d0c4cb2818d3c55d4dc50d004b57,2026-09-05T06:24:52.938648+00:00,SUCCESS,200,200,0,0.6333336205661629,0.9766959141372878,0.2661304660860628,100.0,0.0,NONE
cotop_final_2026_01,attempt_001,grid_200m_w20_seed44_Greedy,realization_grid_200m_w20_44,Greedy,grid_200m,20,10,44,e8cba553cad2e193c8ac5b112cf938bd532ed2f4,9885c1b7b396aa6c99cefbd5114379d2dc4f5ab8b37d4e5ac7d376cd255d20bc,f427576914ea7ca656124ae7ff36b93d7288234820e3ea2bb220f661475f3562,b740fcf2d45f8c28d786c6bdc384bd33b6e7e0028a9649a718ec5641e8324fd3,f5b22778c21031bc99e5326ef2b146f2cda1d0c4cb2818d3c55d4dc50d004b57,2026-09-05T06:24:53.724748+00:00,SUCCESS,200,200,0,0.6154651482884524,0.9914222650930742,3.0034680504267066,100.0,87.5,NONE
cotop_final_2026_01,attempt_001,grid_200m_w20_seed44_wo_md,realization_grid_200m_w20_44,wo_md,grid_200m,20,10,44,e8cba553cad2e193c8ac5b112cf938bd532ed2f4,9885c1b7b396aa6c99cefbd5114379d2dc4f5ab8b37d4e5ac7d376cd255d20bc,f427576914ea7ca656124ae7ff36b93d7288234820e3ea2bb220f661475f3562,b740fcf2d45f8c28d786c6bdc384bd33b6e7e0028a9649a718ec5641e8324fd3,f5b22778c21031bc99e5326ef2b146f2cda1d0c4cb2818d3c55d4dc50d004b57,2026-09-05T06:24:53.777383+00:00,SUCCESS,200,200,0,0.6270366022559106,0.9766959141372878,0.6844449040707462,100.0,100.0,NONE
cotop_final_2026_01,attempt_001,grid_200m_w20_seed44_wo_tp,realization_grid_200m_w20_44,wo_tp,grid_200m,20,10,44,e8cba553cad2e193c8ac5b112cf938bd532ed2f4,9885c1b7b396aa6c99cefbd5114379d2dc4f5ab8b37d4e5ac7d376cd255d20bc,f427576914ea7ca656124ae7ff36b93d7288234820e3ea2bb220f661475f3562,b740fcf2d45f8c28d786c6bdc384bd33b6e7e0028a9649a718ec5641e8324fd3,f5b22778c21031bc99e5326ef2b146f2cda1d0c4cb2818d3c55d4dc50d004b57,2026-09-05T06:24:54.559968+00:00,SUCCESS,200,200,0,0.6286519498726332,0.9934958652568283,1.1945213636913257,100.0,100.0,NONE
cotop_final_2026_01,attempt_001,grid_200m_w20_seed44_wo_co,realization_grid_200m_w20_44,wo_co,grid_200m,20,10,44,e8cba553cad2e193c8ac5b112cf938bd532ed2f4,9885c1b7b396aa6c99cefbd5114379d2dc4f5ab8b37d4e5ac7d376cd255d20bc,f427576914ea7ca656124ae7ff36b93d7288234820e3ea2bb220f661475f3562,b740fcf2d45f8c28d786c6bdc384bd33b6e7e0028a9649a718ec5641e8324fd3,f5b22778c21031bc99e5326ef2b146f2cda1d0c4cb2818d3c55d4dc50d004b57,2026-09-05T06:24:55.328202+00:00,SUCCESS,200,200,0,0.6333336205661629,0.9766959141372878,0.2661304660860628,100.0,0.0,NONE
cotop_final_2026_01,attempt_001,grid_200m_w20_seed45_CoTOP,realization_grid_200m_w20_45,CoTOP,grid_200m,20,10,45,e8cba553cad2e193c8ac5b112cf938bd532ed2f4,9885c1b7b396aa6c99cefbd5114379d2dc4f5ab8b37d4e5ac7d376cd255d20bc,f427576914ea7ca656124ae7ff36b93d7288234820e3ea2bb220f661475f3562,b31769bbbaa2cf6282f056650829800913c71f459900d90300408ce4d2a4c7fc,f5b22778c21031bc99e5326ef2b146f2cda1d0c4cb2818d3c55d4dc50d004b57,2026-09-05T06:24:56.172167+00:00,SUCCESS,200,200,0,0.6486126828262593,0.9954974554392065,0.9276157278794892,100.0,99.5,NONE
cotop_final_2026_01,attempt_001,grid_200m_w20_seed45_DDQN,realization_grid_200m_w20_45,DDQN,grid_200m,20,10,45,e8cba553cad2e193c8ac5b112cf938bd532ed2f4,9885c1b7b396aa6c99cefbd5114379d2dc4f5ab8b37d4e5ac7d376cd255d20bc,f427576914ea7ca656124ae7ff36b93d7288234820e3ea2bb220f661475f3562,b31769bbbaa2cf6282f056650829800913c71f459900d90300408ce4d2a4c7fc,f5b22778c21031bc99e5326ef2b146f2cda1d0c4cb2818d3c55d4dc50d004b57,2026-09-05T06:24:57.070269+00:00,SUCCESS,200,200,0,0.64367707908003,0.9986730515787917,0.8258430101205768,100.0,36.0,NONE
cotop_final_2026_01,attempt_001,grid_200m_w20_seed45_Local,realization_grid_200m_w20_45,Local,grid_200m,20,10,45,e8cba553cad2e193c8ac5b112cf938bd532ed2f4,9885c1b7b396aa6c99cefbd5114379d2dc4f5ab8b37d4e5ac7d376cd255d20bc,f427576914ea7ca656124ae7ff36b93d7288234820e3ea2bb220f661475f3562,b31769bbbaa2cf6282f056650829800913c71f459900d90300408ce4d2a4c7fc,f5b22778c21031bc99e5326ef2b146f2cda1d0c4cb2818d3c55d4dc50d004b57,2026-09-05T06:24:57.889147+00:00,SUCCESS,200,200,0,0.6507339760045525,0.9954974554392065,0.2970549022854683,100.0,0.0,NONE
cotop_final_2026_01,attempt_001,grid_200m_w20_seed45_Greedy,realization_grid_200m_w20_45,Greedy,grid_200m,20,10,45,e8cba553cad2e193c8ac5b112cf938bd532ed2f4,9885c1b7b396aa6c99cefbd5114379d2dc4f5ab8b37d4e5ac7d376cd255d20bc,f427576914ea7ca656124ae7ff36b93d7288234820e3ea2bb220f661475f3562,b31769bbbaa2cf6282f056650829800913c71f459900d90300408ce4d2a4c7fc,f5b22778c21031bc99e5326ef2b146f2cda1d0c4cb2818d3c55d4dc50d004b57,2026-09-05T06:24:58.726972+00:00,SUCCESS,200,200,0,0.6287382921142789,1.024287069746182,3.089409999106642,100.0,85.5,NONE
cotop_final_2026_01,attempt_001,grid_200m_w20_seed45_wo_md,realization_grid_200m_w20_45,wo_md,grid_200m,20,10,45,e8cba553cad2e193c8ac5b112cf938bd532ed2f4,9885c1b7b396aa6c99cefbd5114379d2dc4f5ab8b37d4e5ac7d376cd255d20bc,f427576914ea7ca656124ae7ff36b93d7288234820e3ea2bb220f661475f3562,b31769bbbaa2cf6282f056650829800913c71f459900d90300408ce4d2a4c7fc,f5b22778c21031bc99e5326ef2b146f2cda1d0c4cb2818d3c55d4dc50d004b57,2026-09-05T06:24:58.777909+00:00,SUCCESS,200,200,0,0.6432741730677916,0.9954974554392065,0.7129393949239997,100.0,99.5,NONE
cotop_final_2026_01,attempt_001,grid_200m_w20_seed45_wo_tp,realization_grid_200m_w20_45,wo_tp,grid_200m,20,10,45,e8cba553cad2e193c8ac5b112cf938bd532ed2f4,9885c1b7b396aa6c99cefbd5114379d2dc4f5ab8b37d4e5ac7d376cd255d20bc,f427576914ea7ca656124ae7ff36b93d7288234820e3ea2bb220f661475f3562,b31769bbbaa2cf6282f056650829800913c71f459900d90300408ce4d2a4c7fc,f5b22778c21031bc99e5326ef2b146f2cda1d0c4cb2818d3c55d4dc50d004b57,2026-09-05T06:24:59.610234+00:00,SUCCESS,200,200,0,0.6455194128566766,1.0197833880140017,1.1678961422135306,100.0,100.0,NONE
cotop_final_2026_01,attempt_001,grid_200m_w20_seed45_wo_co,realization_grid_200m_w20_45,wo_co,grid_200m,20,10,45,e8cba553cad2e193c8ac5b112cf938bd532ed2f4,9885c1b7b396aa6c99cefbd5114379d2dc4f5ab8b37d4e5ac7d376cd255d20bc,f427576914ea7ca656124ae7ff36b93d7288234820e3ea2bb220f661475f3562,b31769bbbaa2cf6282f056650829800913c71f459900d90300408ce4d2a4c7fc,f5b22778c21031bc99e5326ef2b146f2cda1d0c4cb2818d3c55d4dc50d004b57,2026-09-05T06:25:00.407894+00:00,SUCCESS,200,200,0,0.6507339760045525,0.9954974554392065,0.2970549022854683,100.0,0.0,NONE
cotop_final_2026_01,attempt_001,grid_200m_w20_seed46_CoTOP,realization_grid_200m_w20_46,CoTOP,grid_200m,20,10,46,e8cba553cad2e193c8ac5b112cf938bd532ed2f4,9885c1b7b396aa6c99cefbd5114379d2dc4f5ab8b37d4e5ac7d376cd255d20bc,f427576914ea7ca656124ae7ff36b93d7288234820e3ea2bb220f661475f3562,315236753037a3b443acb12db3fb01536790cd6bd4f3164c08501de345efcb20,f5b22778c21031bc99e5326ef2b146f2cda1d0c4cb2818d3c55d4dc50d004b57,2026-09-05T06:25:01.226543+00:00,SUCCESS,200,200,0,0.6544521442495901,1.0035980907514561,0.8883853801537981,100.0,100.0,NONE
cotop_final_2026_01,attempt_001,grid_200m_w20_seed46_DDQN,realization_grid_200m_w20_46,DDQN,grid_200m,20,10,46,e8cba553cad2e193c8ac5b112cf938bd532ed2f4,9885c1b7b396aa6c99cefbd5114379d2dc4f5ab8b37d4e5ac7d376cd255d20bc,f427576914ea7ca656124ae7ff36b93d7288234820e3ea2bb220f661475f3562,315236753037a3b443acb12db3fb01536790cd6bd4f3164c08501de345efcb20,f5b22778c21031bc99e5326ef2b146f2cda1d0c4cb2818d3c55d4dc50d004b57,2026-09-05T06:25:02.209512+00:00,SUCCESS,200,200,0,0.6495890547236879,1.0058711512276481,0.7969450184785372,100.0,37.0,NONE
cotop_final_2026_01,attempt_001,grid_200m_w20_seed46_Local,realization_grid_200m_w20_46,Local,grid_200m,20,10,46,e8cba553cad2e193c8ac5b112cf938bd532ed2f4,9885c1b7b396aa6c99cefbd5114379d2dc4f5ab8b37d4e5ac7d376cd255d20bc,f427576914ea7ca656124ae7ff36b93d7288234820e3ea2bb220f661475f3562,315236753037a3b443acb12db3fb01536790cd6bd4f3164c08501de345efcb20,f5b22778c21031bc99e5326ef2b146f2cda1d0c4cb2818d3c55d4dc50d004b57,2026-09-05T06:25:03.054679+00:00,SUCCESS,200,200,0,0.6564455434000418,1.0035980907514561,0.28166492718625136,100.0,0.0,NONE
cotop_final_2026_01,attempt_001,grid_200m_w20_seed46_Greedy,realization_grid_200m_w20_46,Greedy,grid_200m,20,10,46,e8cba553cad2e193c8ac5b112cf938bd532ed2f4,9885c1b7b396aa6c99cefbd5114379d2dc4f5ab8b37d4e5ac7d376cd255d20bc,f427576914ea7ca656124ae7ff36b93d7288234820e3ea2bb220f661475f3562,315236753037a3b443acb12db3fb01536790cd6bd4f3164c08501de345efcb20,f5b22778c21031bc99e5326ef2b146f2cda1d0c4cb2818d3c55d4dc50d004b57,2026-09-05T06:25:03.942568+00:00,SUCCESS,200,200,0,0.6383924416074146,1.0433825123499558,3.234849582327335,100.0,89.5,NONE
cotop_final_2026_01,attempt_001,grid_200m_w20_seed46_wo_md,realization_grid_200m_w20_46,wo_md,grid_200m,20,10,46,e8cba553cad2e193c8ac5b112cf938bd532ed2f4,9885c1b7b396aa6c99cefbd5114379d2dc4f5ab8b37d4e5ac7d376cd255d20bc,f427576914ea7ca656124ae7ff36b93d7288234820e3ea2bb220f661475f3562,315236753037a3b443acb12db3fb01536790cd6bd4f3164c08501de345efcb20,f5b22778c21031bc99e5326ef2b146f2cda1d0c4cb2818d3c55d4dc50d004b57,2026-09-05T06:25:03.994919+00:00,SUCCESS,200,200,0,0.6498126208940533,1.0035980907514561,0.685380230103773,100.0,100.0,NONE
cotop_final_2026_01,attempt_001,grid_200m_w20_seed46_wo_tp,realization_grid_200m_w20_46,wo_tp,grid_200m,20,10,46,e8cba553cad2e193c8ac5b112cf938bd532ed2f4,9885c1b7b396aa6c99cefbd5114379d2dc4f5ab8b37d4e5ac7d376cd255d20bc,f427576914ea7ca656124ae7ff36b93d7288234820e3ea2bb220f661475f3562,315236753037a3b443acb12db3fb01536790cd6bd4f3164c08501de345efcb20,f5b22778c21031bc99e5326ef2b146f2cda1d0c4cb2818d3c55d4dc50d004b57,2026-09-05T06:25:04.859735+00:00,SUCCESS,200,200,0,0.6521650431526615,1.0340308355777243,1.331841006069905,100.0,100.0,NONE
cotop_final_2026_01,attempt_001,grid_200m_w20_seed46_wo_co,realization_grid_200m_w20_46,wo_co,grid_200m,20,10,46,e8cba553cad2e193c8ac5b112cf938bd532ed2f4,9885c1b7b396aa6c99cefbd5114379d2dc4f5ab8b37d4e5ac7d376cd255d20bc,f427576914ea7ca656124ae7ff36b93d7288234820e3ea2bb220f661475f3562,315236753037a3b443acb12db3fb01536790cd6bd4f3164c08501de345efcb20,f5b22778c21031bc99e5326ef2b146f2cda1d0c4cb2818d3c55d4dc50d004b57,2026-09-05T06:25:05.723712+00:00,SUCCESS,200,200,0,0.6564455434000418,1.0035980907514561,0.28166492718625136,100.0,0.0,NONE
cotop_final_2026_01,attempt_001,grid_200m_w20_seed47_CoTOP,realization_grid_200m_w20_seed47,CoTOP,grid_200m,20,10,47,e8cba553cad2e193c8ac5b112cf938bd532ed2f4,9885c1b7b396aa6c99cefbd5114379d2dc4f5ab8b37d4e5ac7d376cd255d20bc,f427576914ea7ca656124ae7ff36b93d7288234820e3ea2bb220f661475f3562,0cfc10834e03b7f959c3660db206b5c725907828bd46308cc838edbd6bbb222c,f5b22778c21031bc99e5326ef2b146f2cda1d0c4cb2818d3c55d4dc50d004b57,2026-09-05T06:25:06.498507+00:00,SUCCESS,200,200,0,0.6344002603428243,0.955729845849628,0.9485232185275584,100.0,100.0,NONE
cotop_final_2026_01,attempt_001,grid_200m_w20_seed47_DDQN,realization_grid_200m_w20_seed47,DDQN,grid_200m,20,10,47,e8cba553cad2e193c8ac5b112cf938bd532ed2f4,9885c1b7b396aa6c99cefbd5114379d2dc4f5ab8b37d4e5ac7d376cd255d20bc,f427576914ea7ca656124ae7ff36b93d7288234820e3ea2bb220f661475f3562,0cfc10834e03b7f959c3660db206b5c725907828bd46308cc838edbd6bbb222c,f5b22778c21031bc99e5326ef2b146f2cda1d0c4cb2818d3c55d4dc50d004b57,2026-09-05T06:25:07.288259+00:00,SUCCESS,200,200,0,0.6300144673561845,0.9630303948212522,0.8400414924006028,100.0,38.0,NONE
cotop_final_2026_01,attempt_001,grid_200m_w20_seed47_Local,realization_grid_200m_w20_seed47,Local,grid_200m,20,10,47,e8cba553cad2e193c8ac5b112cf938bd532ed2f4,9885c1b7b396aa6c99cefbd5114379d2dc4f5ab8b37d4e5ac7d376cd255d20bc,f427576914ea7ca656124ae7ff36b93d7288234820e3ea2bb220f661475f3562,0cfc10834e03b7f959c3660db206b5c725907828bd46308cc838edbd6bbb222c,f5b22778c21031bc99e5326ef2b146f2cda1d0c4cb2818d3c55d4dc50d004b57,2026-09-05T06:25:08.126290+00:00,SUCCESS,200,200,0,0.6356748874563425,0.955729845849628,0.2862461897271332,100.0,0.0,NONE
cotop_final_2026_01,attempt_001,grid_200m_w20_seed47_Greedy,realization_grid_200m_w20_seed47,Greedy,grid_200m,20,10,47,e8cba553cad2e193c8ac5b112cf938bd532ed2f4,9885c1b7b396aa6c99cefbd5114379d2dc4f5ab8b37d4e5ac7d376cd255d20bc,f427576914ea7ca656124ae7ff36b93d7288234820e3ea2bb220f661475f3562,0cfc10834e03b7f959c3660db206b5c725907828bd46308cc838edbd6bbb222c,f5b22778c21031bc99e5326ef2b146f2cda1d0c4cb2818d3c55d4dc50d004b57,2026-09-05T06:25:08.950188+00:00,SUCCESS,200,200,0,0.6140365487596778,0.9782373000318242,3.0409590617317575,100.0,86.0,NONE
cotop_final_2026_01,attempt_001,grid_200m_w20_seed47_wo_md,realization_grid_200m_w20_seed47,wo_md,grid_200m,20,10,47,e8cba553cad2e193c8ac5b112cf938bd532ed2f4,9885c1b7b396aa6c99cefbd5114379d2dc4f5ab8b37d4e5ac7d376cd255d20bc,f427576914ea7ca656124ae7ff36b93d7288234820e3ea2bb220f661475f3562,0cfc10834e03b7f959c3660db206b5c725907828bd46308cc838edbd6bbb222c,f5b22778c21031bc99e5326ef2b146f2cda1d0c4cb2818d3c55d4dc50d004b57,2026-09-05T06:25:08.999490+00:00,SUCCESS,200,200,0,0.6295579284722648,0.955729845849628,0.7337335870733446,100.0,100.0,NONE
cotop_final_2026_01,attempt_001,grid_200m_w20_seed47_wo_tp,realization_grid_200m_w20_seed47,wo_tp,grid_200m,20,10,47,e8cba553cad2e193c8ac5b112cf938bd532ed2f4,9885c1b7b396aa6c99cefbd5114379d2dc4f5ab8b37d4e5ac7d376cd255d20bc,f427576914ea7ca656124ae7ff36b93d7288234820e3ea2bb220f661475f3562,0cfc10834e03b7f959c3660db206b5c725907828bd46308cc838edbd6bbb222c,f5b22778c21031bc99e5326ef2b146f2cda1d0c4cb2818d3c55d4dc50d004b57,2026-09-05T06:25:09.859829+00:00,SUCCESS,200,200,0,0.633376650311174,1.01563721151325,1.249007725821727,100.0,100.0,NONE
cotop_final_2026_01,attempt_001,grid_200m_w20_seed47_wo_co,realization_grid_200m_w20_seed47,wo_co,grid_200m,20,10,47,e8cba553cad2e193c8ac5b112cf938bd532ed2f4,9885c1b7b396aa6c99cefbd5114379d2dc4f5ab8b37d4e5ac7d376cd255d20bc,f427576914ea7ca656124ae7ff36b93d7288234820e3ea2bb220f661475f3562,0cfc10834e03b7f959c3660db206b5c725907828bd46308cc838edbd6bbb222c,f5b22778c21031bc99e5326ef2b146f2cda1d0c4cb2818d3c55d4dc50d004b57,2026-09-05T06:25:10.692508+00:00,SUCCESS,200,200,0,0.6356748874563425,0.955729845849628,0.2862461897271332,100.0,0.0,NONE
cotop_final_2026_01,attempt_001,grid_200m_w20_seed48_CoTOP,realization_grid_200m_w20_seed48,CoTOP,grid_200m,20,10,48,e8cba553cad2e193c8ac5b112cf938bd532ed2f4,9885c1b7b396aa6c99cefbd5114379d2dc4f5ab8b37d4e5ac7d376cd255d20bc,f427576914ea7ca656124ae7ff36b93d7288234820e3ea2bb220f661475f3562,6a1fb3f93a5e7b42acf64b76af637a2ff27a371612f548067bda4c9bb3beb2f2,f5b22778c21031bc99e5326ef2b146f2cda1d0c4cb2818d3c55d4dc50d004b57,2026-09-05T06:25:11.603828+00:00,SUCCESS,200,200,0,0.6488661344100336,0.9798637836506878,0.9666702740977883,100.0,100.0,NONE
cotop_final_2026_01,attempt_001,grid_200m_w20_seed48_DDQN,realization_grid_200m_w20_seed48,DDQN,grid_200m,20,10,48,e8cba553cad2e193c8ac5b112cf938bd532ed2f4,9885c1b7b396aa6c99cefbd5114379d2dc4f5ab8b37d4e5ac7d376cd255d20bc,f427576914ea7ca656124ae7ff36b93d7288234820e3ea2bb220f661475f3562,6a1fb3f93a5e7b42acf64b76af637a2ff27a371612f548067bda4c9bb3beb2f2,f5b22778c21031bc99e5326ef2b146f2cda1d0c4cb2818d3c55d4dc50d004b57,2026-09-05T06:25:12.471051+00:00,SUCCESS,200,200,0,0.6444283156926898,0.9852567546185016,0.867447754743393,100.0,37.0,NONE
cotop_final_2026_01,attempt_001,grid_200m_w20_seed48_Local,realization_grid_200m_w20_seed48,Local,grid_200m,20,10,48,e8cba553cad2e193c8ac5b112cf938bd532ed2f4,9885c1b7b396aa6c99cefbd5114379d2dc4f5ab8b37d4e5ac7d376cd255d20bc,f427576914ea7ca656124ae7ff36b93d7288234820e3ea2bb220f661475f3562,6a1fb3f93a5e7b42acf64b76af637a2ff27a371612f548067bda4c9bb3beb2f2,f5b22778c21031bc99e5326ef2b146f2cda1d0c4cb2818d3c55d4dc50d004b57,2026-09-05T06:25:13.326662+00:00,SUCCESS,200,200,0,0.6513117517868516,0.9798637836506878,0.3009330800544729,100.0,0.0,NONE
cotop_final_2026_01,attempt_001,grid_200m_w20_seed48_Greedy,realization_grid_200m_w20_seed48,Greedy,grid_200m,20,10,48,e8cba553cad2e193c8ac5b112cf938bd532ed2f4,9885c1b7b396aa6c99cefbd5114379d2dc4f5ab8b37d4e5ac7d376cd255d20bc,f427576914ea7ca656124ae7ff36b93d7288234820e3ea2bb220f661475f3562,6a1fb3f93a5e7b42acf64b76af637a2ff27a371612f548067bda4c9bb3beb2f2,f5b22778c21031bc99e5326ef2b146f2cda1d0c4cb2818d3c55d4dc50d004b57,2026-09-05T06:25:14.325137+00:00,SUCCESS,200,200,0,0.6280245032590467,0.9987484867918915,3.274915328175602,100.0,90.0,NONE
cotop_final_2026_01,attempt_001,grid_200m_w20_seed48_wo_md,realization_grid_200m_w20_seed48,wo_md,grid_200m,20,10,48,e8cba553cad2e193c8ac5b112cf938bd532ed2f4,9885c1b7b396aa6c99cefbd5114379d2dc4f5ab8b37d4e5ac7d376cd255d20bc,f427576914ea7ca656124ae7ff36b93d7288234820e3ea2bb220f661475f3562,6a1fb3f93a5e7b42acf64b76af637a2ff27a371612f548067bda4c9bb3beb2f2,f5b22778c21031bc99e5326ef2b146f2cda1d0c4cb2818d3c55d4dc50d004b57,2026-09-05T06:25:14.375374+00:00,SUCCESS,200,200,0,0.6436301435310152,0.9798637836506878,0.7399758339231588,100.0,100.0,NONE
cotop_final_2026_01,attempt_001,grid_200m_w20_seed48_wo_tp,realization_grid_200m_w20_seed48,wo_tp,grid_200m,20,10,48,e8cba553cad2e193c8ac5b112cf938bd532ed2f4,9885c1b7b396aa6c99cefbd5114379d2dc4f5ab8b37d4e5ac7d376cd255d20bc,f427576914ea7ca656124ae7ff36b93d7288234820e3ea2bb220f661475f3562,6a1fb3f93a5e7b42acf64b76af637a2ff27a371612f548067bda4c9bb3beb2f2,f5b22778c21031bc99e5326ef2b146f2cda1d0c4cb2818d3c55d4dc50d004b57,2026-09-05T06:25:15.233375+00:00,SUCCESS,200,200,0,0.6423387228840443,1.0060795291580185,1.3997114130278994,100.0,100.0,NONE
cotop_final_2026_01,attempt_001,grid_200m_w20_seed48_wo_co,realization_grid_200m_w20_seed48,wo_co,grid_200m,20,10,48,e8cba553cad2e193c8ac5b112cf938bd532ed2f4,9885c1b7b396aa6c99cefbd5114379d2dc4f5ab8b37d4e5ac7d376cd255d20bc,f427576914ea7ca656124ae7ff36b93d7288234820e3ea2bb220f661475f3562,6a1fb3f93a5e7b42acf64b76af637a2ff27a371612f548067bda4c9bb3beb2f2,f5b22778c21031bc99e5326ef2b146f2cda1d0c4cb2818d3c55d4dc50d004b57,2026-09-05T06:25:16.055469+00:00,SUCCESS,200,200,0,0.6513117517868516,0.9798637836506878,0.3009330800544729,100.0,0.0,NONE
cotop_final_2026_01,attempt_001,grid_200m_w20_seed49_CoTOP,realization_grid_200m_w20_seed49,CoTOP,grid_200m,20,10,49,e8cba553cad2e193c8ac5b112cf938bd532ed2f4,9885c1b7b396aa6c99cefbd5114379d2dc4f5ab8b37d4e5ac7d376cd255d20bc,f427576914ea7ca656124ae7ff36b93d7288234820e3ea2bb220f661475f3562,cf40a18cf4c9236bdaecf960a80611f35d6218953d56f33dbb3b88a157e607be,f5b22778c21031bc99e5326ef2b146f2cda1d0c4cb2818d3c55d4dc50d004b57,2026-09-05T06:25:16.924495+00:00,SUCCESS,200,200,0,0.6306071299806321,0.9839887622497847,0.8898733252778877,100.0,100.0,NONE
cotop_final_2026_01,attempt_001,grid_200m_w20_seed49_DDQN,realization_grid_200m_w20_seed49,DDQN,grid_200m,20,10,49,e8cba553cad2e193c8ac5b112cf938bd532ed2f4,9885c1b7b396aa6c99cefbd5114379d2dc4f5ab8b37d4e5ac7d376cd255d20bc,f427576914ea7ca656124ae7ff36b93d7288234820e3ea2bb220f661475f3562,cf40a18cf4c9236bdaecf960a80611f35d6218953d56f33dbb3b88a157e607be,f5b22778c21031bc99e5326ef2b146f2cda1d0c4cb2818d3c55d4dc50d004b57,2026-09-05T06:25:17.805893+00:00,SUCCESS,200,200,0,0.6255477162472908,0.9784675319220998,0.8139469148763365,100.0,39.0,NONE
cotop_final_2026_01,attempt_001,grid_200m_w20_seed49_Local,realization_grid_200m_w20_seed49,Local,grid_200m,20,10,49,e8cba553cad2e193c8ac5b112cf938bd532ed2f4,9885c1b7b396aa6c99cefbd5114379d2dc4f5ab8b37d4e5ac7d376cd255d20bc,f427576914ea7ca656124ae7ff36b93d7288234820e3ea2bb220f661475f3562,cf40a18cf4c9236bdaecf960a80611f35d6218953d56f33dbb3b88a157e607be,f5b22778c21031bc99e5326ef2b146f2cda1d0c4cb2818d3c55d4dc50d004b57,2026-09-05T06:25:18.655272+00:00,SUCCESS,200,200,0,0.632162622676328,0.9839887622497847,0.27780707565367246,100.0,0.0,NONE
cotop_final_2026_01,attempt_001,grid_200m_w20_seed49_Greedy,realization_grid_200m_w20_seed49,Greedy,grid_200m,20,10,49,e8cba553cad2e193c8ac5b112cf938bd532ed2f4,9885c1b7b396aa6c99cefbd5114379d2dc4f5ab8b37d4e5ac7d376cd255d20bc,f427576914ea7ca656124ae7ff36b93d7288234820e3ea2bb220f661475f3562,cf40a18cf4c9236bdaecf960a80611f35d6218953d56f33dbb3b88a157e607be,f5b22778c21031bc99e5326ef2b146f2cda1d0c4cb2818d3c55d4dc50d004b57,2026-09-05T06:25:19.483882+00:00,SUCCESS,200,200,0,0.6123693063198853,0.9862633862477754,2.9894721004595795,100.0,87.0,NONE
cotop_final_2026_01,attempt_001,grid_200m_w20_seed49_wo_md,realization_grid_200m_w20_seed49,wo_md,grid_200m,20,10,49,e8cba553cad2e193c8ac5b112cf938bd532ed2f4,9885c1b7b396aa6c99cefbd5114379d2dc4f5ab8b37d4e5ac7d376cd255d20bc,f427576914ea7ca656124ae7ff36b93d7288234820e3ea2bb220f661475f3562,cf40a18cf4c9236bdaecf960a80611f35d6218953d56f33dbb3b88a157e607be,f5b22778c21031bc99e5326ef2b146f2cda1d0c4cb2818d3c55d4dc50d004b57,2026-09-05T06:25:19.532477+00:00,SUCCESS,200,200,0,0.6255156294562585,0.9839887622497847,0.6863935673924408,100.0,100.0,NONE
cotop_final_2026_01,attempt_001,grid_200m_w20_seed49_wo_tp,realization_grid_200m_w20_seed49,wo_tp,grid_200m,20,10,49,e8cba553cad2e193c8ac5b112cf938bd532ed2f4,9885c1b7b396aa6c99cefbd5114379d2dc4f5ab8b37d4e5ac7d376cd255d20bc,f427576914ea7ca656124ae7ff36b93d7288234820e3ea2bb220f661475f3562,cf40a18cf4c9236bdaecf960a80611f35d6218953d56f33dbb3b88a157e607be,f5b22778c21031bc99e5326ef2b146f2cda1d0c4cb2818d3c55d4dc50d004b57,2026-09-05T06:25:20.391601+00:00,SUCCESS,200,200,0,0.6276606086994073,1.0339808901198617,1.2408042914466575,100.0,100.0,NONE
cotop_final_2026_01,attempt_001,grid_200m_w20_seed49_wo_co,realization_grid_200m_w20_seed49,wo_co,grid_200m,20,10,49,e8cba553cad2e193c8ac5b112cf938bd532ed2f4,9885c1b7b396aa6c99cefbd5114379d2dc4f5ab8b37d4e5ac7d376cd255d20bc,f427576914ea7ca656124ae7ff36b93d7288234820e3ea2bb220f661475f3562,cf40a18cf4c9236bdaecf960a80611f35d6218953d56f33dbb3b88a157e607be,f5b22778c21031bc99e5326ef2b146f2cda1d0c4cb2818d3c55d4dc50d004b57,2026-09-05T06:25:21.196349+00:00,SUCCESS,200,200,0,0.632162622676328,0.9839887622497847,0.27780707565367246,100.0,0.0,NONE
cotop_final_2026_01,attempt_001,grid_200m_w20_seed50_CoTOP,realization_grid_200m_w20_seed50,CoTOP,grid_200m,20,10,50,e8cba553cad2e193c8ac5b112cf938bd532ed2f4,9885c1b7b396aa6c99cefbd5114379d2dc4f5ab8b37d4e5ac7d376cd255d20bc,f427576914ea7ca656124ae7ff36b93d7288234820e3ea2bb220f661475f3562,ee63bb719cb798f1a55e41a08b3d42efb5de169e034df85d0469f86994a1a6d5,f5b22778c21031bc99e5326ef2b146f2cda1d0c4cb2818d3c55d4dc50d004b57,2026-09-05T06:25:22.070011+00:00,SUCCESS,200,200,0,0.6626779965949998,1.0211173355757721,0.9285037541703276,100.0,100.0,NONE
cotop_final_2026_01,attempt_001,grid_200m_w20_seed50_DDQN,realization_grid_200m_w20_seed50,DDQN,grid_200m,20,10,50,e8cba553cad2e193c8ac5b112cf938bd532ed2f4,9885c1b7b396aa6c99cefbd5114379d2dc4f5ab8b37d4e5ac7d376cd255d20bc,f427576914ea7ca656124ae7ff36b93d7288234820e3ea2bb220f661475f3562,ee63bb719cb798f1a55e41a08b3d42efb5de169e034df85d0469f86994a1a6d5,f5b22778c21031bc99e5326ef2b146f2cda1d0c4cb2818d3c55d4dc50d004b57,2026-09-05T06:25:22.926407+00:00,SUCCESS,200,200,0,0.6574111258191604,1.0198344931572665,0.8418212059169125,100.0,34.0,NONE
cotop_final_2026_01,attempt_001,grid_200m_w20_seed50_Local,realization_grid_200m_w20_seed50,Local,grid_200m,20,10,50,e8cba553cad2e193c8ac5b112cf938bd532ed2f4,9885c1b7b396aa6c99cefbd5114379d2dc4f5ab8b37d4e5ac7d376cd255d20bc,f427576914ea7ca656124ae7ff36b93d7288234820e3ea2bb220f661475f3562,ee63bb719cb798f1a55e41a08b3d42efb5de169e034df85d0469f86994a1a6d5,f5b22778c21031bc99e5326ef2b146f2cda1d0c4cb2818d3c55d4dc50d004b57,2026-09-05T06:25:23.775925+00:00,SUCCESS,200,200,0,0.6644230876307554,1.0211173355757721,0.2852528116379087,100.0,0.0,NONE
cotop_final_2026_01,attempt_001,grid_200m_w20_seed50_Greedy,realization_grid_200m_w20_seed50,Greedy,grid_200m,20,10,50,e8cba553cad2e193c8ac5b112cf938bd532ed2f4,9885c1b7b396aa6c99cefbd5114379d2dc4f5ab8b37d4e5ac7d376cd255d20bc,f427576914ea7ca656124ae7ff36b93d7288234820e3ea2bb220f661475f3562,ee63bb719cb798f1a55e41a08b3d42efb5de169e034df85d0469f86994a1a6d5,f5b22778c21031bc99e5326ef2b146f2cda1d0c4cb2818d3c55d4dc50d004b57,2026-09-05T06:25:24.661216+00:00,SUCCESS,200,200,0,0.6449875259215986,1.0484929389537416,3.274795641074943,100.0,89.5,NONE
cotop_final_2026_01,attempt_001,grid_200m_w20_seed50_wo_md,realization_grid_200m_w20_seed50,wo_md,grid_200m,20,10,50,e8cba553cad2e193c8ac5b112cf938bd532ed2f4,9885c1b7b396aa6c99cefbd5114379d2dc4f5ab8b37d4e5ac7d376cd255d20bc,f427576914ea7ca656124ae7ff36b93d7288234820e3ea2bb220f661475f3562,ee63bb719cb798f1a55e41a08b3d42efb5de169e034df85d0469f86994a1a6d5,f5b22778c21031bc99e5326ef2b146f2cda1d0c4cb2818d3c55d4dc50d004b57,2026-09-05T06:25:24.824862+00:00,SUCCESS,200,200,0,0.6578593069518953,1.0211173355757721,0.7044640826203598,100.0,100.0,NONE
cotop_final_2026_01,attempt_001,grid_200m_w20_seed50_wo_tp,realization_grid_200m_w20_seed50,wo_tp,grid_200m,20,10,50,e8cba553cad2e193c8ac5b112cf938bd532ed2f4,9885c1b7b396aa6c99cefbd5114379d2dc4f5ab8b37d4e5ac7d376cd255d20bc,f427576914ea7ca656124ae7ff36b93d7288234820e3ea2bb220f661475f3562,ee63bb719cb798f1a55e41a08b3d42efb5de169e034df85d0469f86994a1a6d5,f5b22778c21031bc99e5326ef2b146f2cda1d0c4cb2818d3c55d4dc50d004b57,2026-09-05T06:25:25.776538+00:00,SUCCESS,200,200,0,0.6584276968053984,1.0349141114218403,1.3642091663431017,100.0,100.0,NONE
cotop_final_2026_01,attempt_001,grid_200m_w20_seed50_wo_co,realization_grid_200m_w20_seed50,wo_co,grid_200m,20,10,50,e8cba553cad2e193c8ac5b112cf938bd532ed2f4,9885c1b7b396aa6c99cefbd5114379d2dc4f5ab8b37d4e5ac7d376cd255d20bc,f427576914ea7ca656124ae7ff36b93d7288234820e3ea2bb220f661475f3562,ee63bb719cb798f1a55e41a08b3d42efb5de169e034df85d0469f86994a1a6d5,f5b22778c21031bc99e5326ef2b146f2cda1d0c4cb2818d3c55d4dc50d004b57,2026-09-05T06:25:26.635079+00:00,SUCCESS,200,200,0,0.6644230876307554,1.0211173355757721,0.2852528116379087,100.0,0.0,NONE
cotop_final_2026_01,attempt_001,grid_200m_w20_seed51_CoTOP,realization_grid_200m_w20_seed51,CoTOP,grid_200m,20,10,51,e8cba553cad2e193c8ac5b112cf938bd532ed2f4,9885c1b7b396aa6c99cefbd5114379d2dc4f5ab8b37d4e5ac7d376cd255d20bc,f427576914ea7ca656124ae7ff36b93d7288234820e3ea2bb220f661475f3562,5068ac2dbb8f3fdcfa113e89d31fb401c928bf2e1b54a72ba878cfbff539a934,f5b22778c21031bc99e5326ef2b146f2cda1d0c4cb2818d3c55d4dc50d004b57,2026-09-05T06:25:27.470881+00:00,SUCCESS,200,200,0,0.6476584673616392,1.0104681181609674,0.928655230682422,100.0,99.5,NONE
cotop_final_2026_01,attempt_001,grid_200m_w20_seed51_DDQN,realization_grid_200m_w20_seed51,DDQN,grid_200m,20,10,51,e8cba553cad2e193c8ac5b112cf938bd532ed2f4,9885c1b7b396aa6c99cefbd5114379d2dc4f5ab8b37d4e5ac7d376cd255d20bc,f427576914ea7ca656124ae7ff36b93d7288234820e3ea2bb220f661475f3562,5068ac2dbb8f3fdcfa113e89d31fb401c928bf2e1b54a72ba878cfbff539a934,f5b22778c21031bc99e5326ef2b146f2cda1d0c4cb2818d3c55d4dc50d004b57,2026-09-05T06:25:28.270332+00:00,SUCCESS,200,200,0,0.6433182094485798,1.008451519589372,0.8579632999699061,100.0,36.5,NONE
cotop_final_2026_01,attempt_001,grid_200m_w20_seed51_Local,realization_grid_200m_w20_seed51,Local,grid_200m,20,10,51,e8cba553cad2e193c8ac5b112cf938bd532ed2f4,9885c1b7b396aa6c99cefbd5114379d2dc4f5ab8b37d4e5ac7d376cd255d20bc,f427576914ea7ca656124ae7ff36b93d7288234820e3ea2bb220f661475f3562,5068ac2dbb8f3fdcfa113e89d31fb401c928bf2e1b54a72ba878cfbff539a934,f5b22778c21031bc99e5326ef2b146f2cda1d0c4cb2818d3c55d4dc50d004b57,2026-09-05T06:25:29.102533+00:00,SUCCESS,200,200,0,0.6486460427384125,1.0104681181609674,0.2802307933031292,100.0,0.0,NONE
cotop_final_2026_01,attempt_001,grid_200m_w20_seed51_Greedy,realization_grid_200m_w20_seed51,Greedy,grid_200m,20,10,51,e8cba553cad2e193c8ac5b112cf938bd532ed2f4,9885c1b7b396aa6c99cefbd5114379d2dc4f5ab8b37d4e5ac7d376cd255d20bc,f427576914ea7ca656124ae7ff36b93d7288234820e3ea2bb220f661475f3562,5068ac2dbb8f3fdcfa113e89d31fb401c928bf2e1b54a72ba878cfbff539a934,f5b22778c21031bc99e5326ef2b146f2cda1d0c4cb2818d3c55d4dc50d004b57,2026-09-05T06:25:29.926013+00:00,SUCCESS,200,200,0,0.6292194745798988,1.0421331345341833,3.1371411781538256,100.0,88.5,NONE
cotop_final_2026_01,attempt_001,grid_200m_w20_seed51_wo_md,realization_grid_200m_w20_seed51,wo_md,grid_200m,20,10,51,e8cba553cad2e193c8ac5b112cf938bd532ed2f4,9885c1b7b396aa6c99cefbd5114379d2dc4f5ab8b37d4e5ac7d376cd255d20bc,f427576914ea7ca656124ae7ff36b93d7288234820e3ea2bb220f661475f3562,5068ac2dbb8f3fdcfa113e89d31fb401c928bf2e1b54a72ba878cfbff539a934,f5b22778c21031bc99e5326ef2b146f2cda1d0c4cb2818d3c55d4dc50d004b57,2026-09-05T06:25:29.973018+00:00,SUCCESS,200,200,0,0.6432969385768132,1.0104681181609674,0.7039354787494244,100.0,99.5,NONE
cotop_final_2026_01,attempt_001,grid_200m_w20_seed51_wo_tp,realization_grid_200m_w20_seed51,wo_tp,grid_200m,20,10,51,e8cba553cad2e193c8ac5b112cf938bd532ed2f4,9885c1b7b396aa6c99cefbd5114379d2dc4f5ab8b37d4e5ac7d376cd255d20bc,f427576914ea7ca656124ae7ff36b93d7288234820e3ea2bb220f661475f3562,5068ac2dbb8f3fdcfa113e89d31fb401c928bf2e1b54a72ba878cfbff539a934,f5b22778c21031bc99e5326ef2b146f2cda1d0c4cb2818d3c55d4dc50d004b57,2026-09-05T06:25:30.786724+00:00,SUCCESS,200,200,0,0.644772987272006,1.0454229338157541,1.3233266999652256,100.0,100.0,NONE
cotop_final_2026_01,attempt_001,grid_200m_w20_seed51_wo_co,realization_grid_200m_w20_seed51,wo_co,grid_200m,20,10,51,e8cba553cad2e193c8ac5b112cf938bd532ed2f4,9885c1b7b396aa6c99cefbd5114379d2dc4f5ab8b37d4e5ac7d376cd255d20bc,f427576914ea7ca656124ae7ff36b93d7288234820e3ea2bb220f661475f3562,5068ac2dbb8f3fdcfa113e89d31fb401c928bf2e1b54a72ba878cfbff539a934,f5b22778c21031bc99e5326ef2b146f2cda1d0c4cb2818d3c55d4dc50d004b57,2026-09-05T06:25:31.598546+00:00,SUCCESS,200,200,0,0.6486460427384125,1.0104681181609674,0.2802307933031292,100.0,0.0,NONE
cotop_final_2026_01,attempt_001,grid_200m_w30_seed42_CoTOP,realization_grid_200m_w30_42,CoTOP,grid_200m,30,10,42,e8cba553cad2e193c8ac5b112cf938bd532ed2f4,9885c1b7b396aa6c99cefbd5114379d2dc4f5ab8b37d4e5ac7d376cd255d20bc,f427576914ea7ca656124ae7ff36b93d7288234820e3ea2bb220f661475f3562,bed1f2b2f9c021442d75a17de6ba7164d5a31637a6efe3d9f6b00e5e4f7322cf,f5b22778c21031bc99e5326ef2b146f2cda1d0c4cb2818d3c55d4dc50d004b57,2026-09-05T06:25:32.559656+00:00,SUCCESS,300,300,0,0.6740763437027395,1.013497074138992,0.9571877483394663,100.0,100.0,NONE
cotop_final_2026_01,attempt_001,grid_200m_w30_seed42_DDQN,realization_grid_200m_w30_42,DDQN,grid_200m,30,10,42,e8cba553cad2e193c8ac5b112cf938bd532ed2f4,9885c1b7b396aa6c99cefbd5114379d2dc4f5ab8b37d4e5ac7d376cd255d20bc,f427576914ea7ca656124ae7ff36b93d7288234820e3ea2bb220f661475f3562,bed1f2b2f9c021442d75a17de6ba7164d5a31637a6efe3d9f6b00e5e4f7322cf,f5b22778c21031bc99e5326ef2b146f2cda1d0c4cb2818d3c55d4dc50d004b57,2026-09-05T06:25:33.509128+00:00,SUCCESS,300,300,0,0.66549982221497,1.013497074138992,0.7388622546919572,100.0,39.0,NONE
cotop_final_2026_01,attempt_001,grid_200m_w30_seed42_Local,realization_grid_200m_w30_42,Local,grid_200m,30,10,42,e8cba553cad2e193c8ac5b112cf938bd532ed2f4,9885c1b7b396aa6c99cefbd5114379d2dc4f5ab8b37d4e5ac7d376cd255d20bc,f427576914ea7ca656124ae7ff36b93d7288234820e3ea2bb220f661475f3562,bed1f2b2f9c021442d75a17de6ba7164d5a31637a6efe3d9f6b00e5e4f7322cf,f5b22778c21031bc99e5326ef2b146f2cda1d0c4cb2818d3c55d4dc50d004b57,2026-09-05T06:25:34.407782+00:00,SUCCESS,300,300,0,0.6782907506345437,1.013497074138992,0.2897779118688253,100.0,0.0,NONE
cotop_final_2026_01,attempt_001,grid_200m_w30_seed42_Greedy,realization_grid_200m_w30_42,Greedy,grid_200m,30,10,42,e8cba553cad2e193c8ac5b112cf938bd532ed2f4,9885c1b7b396aa6c99cefbd5114379d2dc4f5ab8b37d4e5ac7d376cd255d20bc,f427576914ea7ca656124ae7ff36b93d7288234820e3ea2bb220f661475f3562,bed1f2b2f9c021442d75a17de6ba7164d5a31637a6efe3d9f6b00e5e4f7322cf,f5b22778c21031bc99e5326ef2b146f2cda1d0c4cb2818d3c55d4dc50d004b57,2026-09-05T06:25:35.485308+00:00,SUCCESS,300,300,0,0.6351701670317762,1.029539860926435,3.19122321874777,100.0,89.33333333333333,NONE
cotop_final_2026_01,attempt_001,grid_200m_w30_seed42_wo_md,realization_grid_200m_w30_42,wo_md,grid_200m,30,10,42,e8cba553cad2e193c8ac5b112cf938bd532ed2f4,9885c1b7b396aa6c99cefbd5114379d2dc4f5ab8b37d4e5ac7d376cd255d20bc,f427576914ea7ca656124ae7ff36b93d7288234820e3ea2bb220f661475f3562,bed1f2b2f9c021442d75a17de6ba7164d5a31637a6efe3d9f6b00e5e4f7322cf,f5b22778c21031bc99e5326ef2b146f2cda1d0c4cb2818d3c55d4dc50d004b57,2026-09-05T06:25:35.669796+00:00,SUCCESS,300,300,0,0.6677879541363918,1.013497074138992,0.7260286432356482,100.0,100.0,NONE
cotop_final_2026_01,attempt_001,grid_200m_w30_seed42_wo_tp,realization_grid_200m_w30_42,wo_tp,grid_200m,30,10,42,e8cba553cad2e193c8ac5b112cf938bd532ed2f4,9885c1b7b396aa6c99cefbd5114379d2dc4f5ab8b37d4e5ac7d376cd255d20bc,f427576914ea7ca656124ae7ff36b93d7288234820e3ea2bb220f661475f3562,bed1f2b2f9c021442d75a17de6ba7164d5a31637a6efe3d9f6b00e5e4f7322cf,f5b22778c21031bc99e5326ef2b146f2cda1d0c4cb2818d3c55d4dc50d004b57,2026-09-05T06:25:36.484055+00:00,SUCCESS,300,300,0,0.662178055156406,1.0548664159579277,1.4703639197069904,100.0,100.0,NONE
cotop_final_2026_01,attempt_001,grid_200m_w30_seed42_wo_co,realization_grid_200m_w30_42,wo_co,grid_200m,30,10,42,e8cba553cad2e193c8ac5b112cf938bd532ed2f4,9885c1b7b396aa6c99cefbd5114379d2dc4f5ab8b37d4e5ac7d376cd255d20bc,f427576914ea7ca656124ae7ff36b93d7288234820e3ea2bb220f661475f3562,bed1f2b2f9c021442d75a17de6ba7164d5a31637a6efe3d9f6b00e5e4f7322cf,f5b22778c21031bc99e5326ef2b146f2cda1d0c4cb2818d3c55d4dc50d004b57,2026-09-05T06:25:37.323629+00:00,SUCCESS,300,300,0,0.6782907506345437,1.013497074138992,0.2897779118688253,100.0,0.0,NONE
cotop_final_2026_01,attempt_001,grid_200m_w30_seed43_CoTOP,realization_grid_200m_w30_43,CoTOP,grid_200m,30,10,43,e8cba553cad2e193c8ac5b112cf938bd532ed2f4,9885c1b7b396aa6c99cefbd5114379d2dc4f5ab8b37d4e5ac7d376cd255d20bc,f427576914ea7ca656124ae7ff36b93d7288234820e3ea2bb220f661475f3562,5691c2c3a933260f615bb40a5bdcab67dc68fa3f8f23d1f53372776990fa1601,f5b22778c21031bc99e5326ef2b146f2cda1d0c4cb2818d3c55d4dc50d004b57,2026-09-05T06:25:38.222965+00:00,SUCCESS,300,300,0,0.6732199163135156,1.02373630817382,0.9024425548982886,100.0,100.0,NONE
cotop_final_2026_01,attempt_001,grid_200m_w30_seed43_DDQN,realization_grid_200m_w30_43,DDQN,grid_200m,30,10,43,e8cba553cad2e193c8ac5b112cf938bd532ed2f4,9885c1b7b396aa6c99cefbd5114379d2dc4f5ab8b37d4e5ac7d376cd255d20bc,f427576914ea7ca656124ae7ff36b93d7288234820e3ea2bb220f661475f3562,5691c2c3a933260f615bb40a5bdcab67dc68fa3f8f23d1f53372776990fa1601,f5b22778c21031bc99e5326ef2b146f2cda1d0c4cb2818d3c55d4dc50d004b57,2026-09-05T06:25:39.109293+00:00,SUCCESS,300,300,0,0.6632100409585424,1.0191911364526371,0.9476817225597093,100.0,40.0,NONE
cotop_final_2026_01,attempt_001,grid_200m_w30_seed43_Local,realization_grid_200m_w30_43,Local,grid_200m,30,10,43,e8cba553cad2e193c8ac5b112cf938bd532ed2f4,9885c1b7b396aa6c99cefbd5114379d2dc4f5ab8b37d4e5ac7d376cd255d20bc,f427576914ea7ca656124ae7ff36b93d7288234820e3ea2bb220f661475f3562,5691c2c3a933260f615bb40a5bdcab67dc68fa3f8f23d1f53372776990fa1601,f5b22778c21031bc99e5326ef2b146f2cda1d0c4cb2818d3c55d4dc50d004b57,2026-09-05T06:25:39.955404+00:00,SUCCESS,300,300,0,0.6766048691457273,1.02373630817382,0.2721686814223114,100.0,0.0,NONE
cotop_final_2026_01,attempt_001,grid_200m_w30_seed43_Greedy,realization_grid_200m_w30_43,Greedy,grid_200m,30,10,43,e8cba553cad2e193c8ac5b112cf938bd532ed2f4,9885c1b7b396aa6c99cefbd5114379d2dc4f5ab8b37d4e5ac7d376cd255d20bc,f427576914ea7ca656124ae7ff36b93d7288234820e3ea2bb220f661475f3562,5691c2c3a933260f615bb40a5bdcab67dc68fa3f8f23d1f53372776990fa1601,f5b22778c21031bc99e5326ef2b146f2cda1d0c4cb2818d3c55d4dc50d004b57,2026-09-05T06:25:40.804785+00:00,SUCCESS,300,300,0,0.6352238835654298,0.9801196144845593,3.139660935253019,100.0,88.66666666666667,NONE
cotop_final_2026_01,attempt_001,grid_200m_w30_seed43_wo_md,realization_grid_200m_w30_43,wo_md,grid_200m,30,10,43,e8cba553cad2e193c8ac5b112cf938bd532ed2f4,9885c1b7b396aa6c99cefbd5114379d2dc4f5ab8b37d4e5ac7d376cd255d20bc,f427576914ea7ca656124ae7ff36b93d7288234820e3ea2bb220f661475f3562,5691c2c3a933260f615bb40a5bdcab67dc68fa3f8f23d1f53372776990fa1601,f5b22778c21031bc99e5326ef2b146f2cda1d0c4cb2818d3c55d4dc50d004b57,2026-09-05T06:25:40.860525+00:00,SUCCESS,300,300,0,0.6674264916697825,1.02373630817382,0.6810976777217839,100.0,100.0,NONE
cotop_final_2026_01,attempt_001,grid_200m_w30_seed43_wo_tp,realization_grid_200m_w30_43,wo_tp,grid_200m,30,10,43,e8cba553cad2e193c8ac5b112cf938bd532ed2f4,9885c1b7b396aa6c99cefbd5114379d2dc4f5ab8b37d4e5ac7d376cd255d20bc,f427576914ea7ca656124ae7ff36b93d7288234820e3ea2bb220f661475f3562,5691c2c3a933260f615bb40a5bdcab67dc68fa3f8f23d1f53372776990fa1601,f5b22778c21031bc99e5326ef2b146f2cda1d0c4cb2818d3c55d4dc50d004b57,2026-09-05T06:25:41.823965+00:00,SUCCESS,300,300,0,0.6569207956360225,1.051380264542066,1.4988023816642282,100.0,100.0,NONE
cotop_final_2026_01,attempt_001,grid_200m_w30_seed43_wo_co,realization_grid_200m_w30_43,wo_co,grid_200m,30,10,43,e8cba553cad2e193c8ac5b112cf938bd532ed2f4,9885c1b7b396aa6c99cefbd5114379d2dc4f5ab8b37d4e5ac7d376cd255d20bc,f427576914ea7ca656124ae7ff36b93d7288234820e3ea2bb220f661475f3562,5691c2c3a933260f615bb40a5bdcab67dc68fa3f8f23d1f53372776990fa1601,f5b22778c21031bc99e5326ef2b146f2cda1d0c4cb2818d3c55d4dc50d004b57,2026-09-05T06:25:42.652261+00:00,SUCCESS,300,300,0,0.6766048691457273,1.02373630817382,0.2721686814223114,100.0,0.0,NONE
cotop_final_2026_01,attempt_001,grid_200m_w30_seed44_CoTOP,realization_grid_200m_w30_44,CoTOP,grid_200m,30,10,44,e8cba553cad2e193c8ac5b112cf938bd532ed2f4,9885c1b7b396aa6c99cefbd5114379d2dc4f5ab8b37d4e5ac7d376cd255d20bc,f427576914ea7ca656124ae7ff36b93d7288234820e3ea2bb220f661475f3562,35cffdde6b1bfa502b2c836dc816cee0f17426f95928ed9c187ad2133da480c7,f5b22778c21031bc99e5326ef2b146f2cda1d0c4cb2818d3c55d4dc50d004b57,2026-09-05T06:25:43.468080+00:00,SUCCESS,300,300,0,0.6553958752581556,0.9881374127813786,0.9067330162311468,100.0,100.0,NONE
cotop_final_2026_01,attempt_001,grid_200m_w30_seed44_DDQN,realization_grid_200m_w30_44,DDQN,grid_200m,30,10,44,e8cba553cad2e193c8ac5b112cf938bd532ed2f4,9885c1b7b396aa6c99cefbd5114379d2dc4f5ab8b37d4e5ac7d376cd255d20bc,f427576914ea7ca656124ae7ff36b93d7288234820e3ea2bb220f661475f3562,35cffdde6b1bfa502b2c836dc816cee0f17426f95928ed9c187ad2133da480c7,f5b22778c21031bc99e5326ef2b146f2cda1d0c4cb2818d3c55d4dc50d004b57,2026-09-05T06:25:44.326170+00:00,SUCCESS,300,300,0,0.6482238862445048,0.9881374127813786,0.7893770345027205,100.0,43.0,NONE
cotop_final_2026_01,attempt_001,grid_200m_w30_seed44_Local,realization_grid_200m_w30_44,Local,grid_200m,30,10,44,e8cba553cad2e193c8ac5b112cf938bd532ed2f4,9885c1b7b396aa6c99cefbd5114379d2dc4f5ab8b37d4e5ac7d376cd255d20bc,f427576914ea7ca656124ae7ff36b93d7288234820e3ea2bb220f661475f3562,35cffdde6b1bfa502b2c836dc816cee0f17426f95928ed9c187ad2133da480c7,f5b22778c21031bc99e5326ef2b146f2cda1d0c4cb2818d3c55d4dc50d004b57,2026-09-05T06:25:45.109780+00:00,SUCCESS,300,300,0,0.6584622257419317,0.9881374127813786,0.2713886193468348,100.0,0.0,NONE
cotop_final_2026_01,attempt_001,grid_200m_w30_seed44_Greedy,realization_grid_200m_w30_44,Greedy,grid_200m,30,10,44,e8cba553cad2e193c8ac5b112cf938bd532ed2f4,9885c1b7b396aa6c99cefbd5114379d2dc4f5ab8b37d4e5ac7d376cd255d20bc,f427576914ea7ca656124ae7ff36b93d7288234820e3ea2bb220f661475f3562,35cffdde6b1bfa502b2c836dc816cee0f17426f95928ed9c187ad2133da480c7,f5b22778c21031bc99e5326ef2b146f2cda1d0c4cb2818d3c55d4dc50d004b57,2026-09-05T06:25:45.938784+00:00,SUCCESS,300,300,0,0.6179937420634654,0.9971826178926578,3.1268587302234234,100.0,90.0,NONE
cotop_final_2026_01,attempt_001,grid_200m_w30_seed44_wo_md,realization_grid_200m_w30_44,wo_md,grid_200m,30,10,44,e8cba553cad2e193c8ac5b112cf938bd532ed2f4,9885c1b7b396aa6c99cefbd5114379d2dc4f5ab8b37d4e5ac7d376cd255d20bc,f427576914ea7ca656124ae7ff36b93d7288234820e3ea2bb220f661475f3562,35cffdde6b1bfa502b2c836dc816cee0f17426f95928ed9c187ad2133da480c7,f5b22778c21031bc99e5326ef2b146f2cda1d0c4cb2818d3c55d4dc50d004b57,2026-09-05T06:25:45.989258+00:00,SUCCESS,300,300,0,0.6489353791745216,0.9881374127813786,0.6863934680785035,100.0,100.0,NONE
cotop_final_2026_01,attempt_001,grid_200m_w30_seed44_wo_tp,realization_grid_200m_w30_44,wo_tp,grid_200m,30,10,44,e8cba553cad2e193c8ac5b112cf938bd532ed2f4,9885c1b7b396aa6c99cefbd5114379d2dc4f5ab8b37d4e5ac7d376cd255d20bc,f427576914ea7ca656124ae7ff36b93d7288234820e3ea2bb220f661475f3562,35cffdde6b1bfa502b2c836dc816cee0f17426f95928ed9c187ad2133da480c7,f5b22778c21031bc99e5326ef2b146f2cda1d0c4cb2818d3c55d4dc50d004b57,2026-09-05T06:25:46.942315+00:00,SUCCESS,300,300,0,0.640043004599752,1.041693473566482,1.4584551828151506,100.0,100.0,NONE
cotop_final_2026_01,attempt_001,grid_200m_w30_seed44_wo_co,realization_grid_200m_w30_44,wo_co,grid_200m,30,10,44,e8cba553cad2e193c8ac5b112cf938bd532ed2f4,9885c1b7b396aa6c99cefbd5114379d2dc4f5ab8b37d4e5ac7d376cd255d20bc,f427576914ea7ca656124ae7ff36b93d7288234820e3ea2bb220f661475f3562,35cffdde6b1bfa502b2c836dc816cee0f17426f95928ed9c187ad2133da480c7,f5b22778c21031bc99e5326ef2b146f2cda1d0c4cb2818d3c55d4dc50d004b57,2026-09-05T06:25:47.776602+00:00,SUCCESS,300,300,0,0.6584622257419317,0.9881374127813786,0.2713886193468348,100.0,0.0,NONE
cotop_final_2026_01,attempt_001,grid_200m_w30_seed45_CoTOP,realization_grid_200m_w30_45,CoTOP,grid_200m,30,10,45,e8cba553cad2e193c8ac5b112cf938bd532ed2f4,9885c1b7b396aa6c99cefbd5114379d2dc4f5ab8b37d4e5ac7d376cd255d20bc,f427576914ea7ca656124ae7ff36b93d7288234820e3ea2bb220f661475f3562,c64394ce3733ada787f1fccae95add34661a45bc04e81a3a6e32dbed70eb87d0,f5b22778c21031bc99e5326ef2b146f2cda1d0c4cb2818d3c55d4dc50d004b57,2026-09-05T06:25:48.656282+00:00,SUCCESS,300,300,0,0.6707800077775342,1.0111097291462612,0.9255469464405386,100.0,100.0,NONE
cotop_final_2026_01,attempt_001,grid_200m_w30_seed45_DDQN,realization_grid_200m_w30_45,DDQN,grid_200m,30,10,45,e8cba553cad2e193c8ac5b112cf938bd532ed2f4,9885c1b7b396aa6c99cefbd5114379d2dc4f5ab8b37d4e5ac7d376cd255d20bc,f427576914ea7ca656124ae7ff36b93d7288234820e3ea2bb220f661475f3562,c64394ce3733ada787f1fccae95add34661a45bc04e81a3a6e32dbed70eb87d0,f5b22778c21031bc99e5326ef2b146f2cda1d0c4cb2818d3c55d4dc50d004b57,2026-09-05T06:25:49.510193+00:00,SUCCESS,300,300,0,0.6645001041506817,1.0081273294136261,0.6403284837023552,100.0,39.0,NONE
cotop_final_2026_01,attempt_001,grid_200m_w30_seed45_Local,realization_grid_200m_w30_45,Local,grid_200m,30,10,45,e8cba553cad2e193c8ac5b112cf938bd532ed2f4,9885c1b7b396aa6c99cefbd5114379d2dc4f5ab8b37d4e5ac7d376cd255d20bc,f427576914ea7ca656124ae7ff36b93d7288234820e3ea2bb220f661475f3562,c64394ce3733ada787f1fccae95add34661a45bc04e81a3a6e32dbed70eb87d0,f5b22778c21031bc99e5326ef2b146f2cda1d0c4cb2818d3c55d4dc50d004b57,2026-09-05T06:25:50.337972+00:00,SUCCESS,300,300,0,0.6743013862327684,1.0143743102849259,0.29163701636268774,100.0,0.0,NONE
cotop_final_2026_01,attempt_001,grid_200m_w30_seed45_Greedy,realization_grid_200m_w30_45,Greedy,grid_200m,30,10,45,e8cba553cad2e193c8ac5b112cf938bd532ed2f4,9885c1b7b396aa6c99cefbd5114379d2dc4f5ab8b37d4e5ac7d376cd255d20bc,f427576914ea7ca656124ae7ff36b93d7288234820e3ea2bb220f661475f3562,c64394ce3733ada787f1fccae95add34661a45bc04e81a3a6e32dbed70eb87d0,f5b22778c21031bc99e5326ef2b146f2cda1d0c4cb2818d3c55d4dc50d004b57,2026-09-05T06:25:51.170656+00:00,SUCCESS,300,300,0,0.6294134318632736,1.0104873305005573,3.1307613055738854,100.0,88.33333333333333,NONE
cotop_final_2026_01,attempt_001,grid_200m_w30_seed45_wo_md,realization_grid_200m_w30_45,wo_md,grid_200m,30,10,45,e8cba553cad2e193c8ac5b112cf938bd532ed2f4,9885c1b7b396aa6c99cefbd5114379d2dc4f5ab8b37d4e5ac7d376cd255d20bc,f427576914ea7ca656124ae7ff36b93d7288234820e3ea2bb220f661475f3562,c64394ce3733ada787f1fccae95add34661a45bc04e81a3a6e32dbed70eb87d0,f5b22778c21031bc99e5326ef2b146f2cda1d0c4cb2818d3c55d4dc50d004b57,2026-09-05T06:25:51.220737+00:00,SUCCESS,300,300,0,0.6639857277305045,1.0142065529479853,0.7089717160794963,100.0,100.0,NONE
cotop_final_2026_01,attempt_001,grid_200m_w30_seed45_wo_tp,realization_grid_200m_w30_45,wo_tp,grid_200m,30,10,45,e8cba553cad2e193c8ac5b112cf938bd532ed2f4,9885c1b7b396aa6c99cefbd5114379d2dc4f5ab8b37d4e5ac7d376cd255d20bc,f427576914ea7ca656124ae7ff36b93d7288234820e3ea2bb220f661475f3562,c64394ce3733ada787f1fccae95add34661a45bc04e81a3a6e32dbed70eb87d0,f5b22778c21031bc99e5326ef2b146f2cda1d0c4cb2818d3c55d4dc50d004b57,2026-09-05T06:25:52.062144+00:00,SUCCESS,300,300,0,0.6596548615904552,1.0228561787578325,1.5192313709236172,100.0,100.0,NONE
cotop_final_2026_01,attempt_001,grid_200m_w30_seed45_wo_co,realization_grid_200m_w30_45,wo_co,grid_200m,30,10,45,e8cba553cad2e193c8ac5b112cf938bd532ed2f4,9885c1b7b396aa6c99cefbd5114379d2dc4f5ab8b37d4e5ac7d376cd255d20bc,f427576914ea7ca656124ae7ff36b93d7288234820e3ea2bb220f661475f3562,c64394ce3733ada787f1fccae95add34661a45bc04e81a3a6e32dbed70eb87d0,f5b22778c21031bc99e5326ef2b146f2cda1d0c4cb2818d3c55d4dc50d004b57,2026-09-05T06:25:52.891078+00:00,SUCCESS,300,300,0,0.6743013862327684,1.0143743102849259,0.29163701636268774,100.0,0.0,NONE
cotop_final_2026_01,attempt_001,grid_200m_w30_seed46_CoTOP,realization_grid_200m_w30_46,CoTOP,grid_200m,30,10,46,e8cba553cad2e193c8ac5b112cf938bd532ed2f4,9885c1b7b396aa6c99cefbd5114379d2dc4f5ab8b37d4e5ac7d376cd255d20bc,f427576914ea7ca656124ae7ff36b93d7288234820e3ea2bb220f661475f3562,431c0a6119bb723da23677864c79ac72e29720160a1cfefee054787e92e2bfc4,f5b22778c21031bc99e5326ef2b146f2cda1d0c4cb2818d3c55d4dc50d004b57,2026-09-05T06:25:53.778746+00:00,SUCCESS,300,300,0,0.6662774486234364,1.014639832009004,0.9615175953376579,100.0,100.0,NONE
cotop_final_2026_01,attempt_001,grid_200m_w30_seed46_DDQN,realization_grid_200m_w30_46,DDQN,grid_200m,30,10,46,e8cba553cad2e193c8ac5b112cf938bd532ed2f4,9885c1b7b396aa6c99cefbd5114379d2dc4f5ab8b37d4e5ac7d376cd255d20bc,f427576914ea7ca656124ae7ff36b93d7288234820e3ea2bb220f661475f3562,431c0a6119bb723da23677864c79ac72e29720160a1cfefee054787e92e2bfc4,f5b22778c21031bc99e5326ef2b146f2cda1d0c4cb2818d3c55d4dc50d004b57,2026-09-05T06:25:54.685698+00:00,SUCCESS,300,300,0,0.66083599930383,1.0219717372698134,0.7966061918223921,100.0,38.0,NONE
cotop_final_2026_01,attempt_001,grid_200m_w30_seed46_Local,realization_grid_200m_w30_46,Local,grid_200m,30,10,46,e8cba553cad2e193c8ac5b112cf938bd532ed2f4,9885c1b7b396aa6c99cefbd5114379d2dc4f5ab8b37d4e5ac7d376cd255d20bc,f427576914ea7ca656124ae7ff36b93d7288234820e3ea2bb220f661475f3562,431c0a6119bb723da23677864c79ac72e29720160a1cfefee054787e92e2bfc4,f5b22778c21031bc99e5326ef2b146f2cda1d0c4cb2818d3c55d4dc50d004b57,2026-09-05T06:25:55.501818+00:00,SUCCESS,300,300,0,0.6692360270737456,1.0193086737622585,0.279780698543827,100.0,0.0,NONE
cotop_final_2026_01,attempt_001,grid_200m_w30_seed46_Greedy,realization_grid_200m_w30_46,Greedy,grid_200m,30,10,46,e8cba553cad2e193c8ac5b112cf938bd532ed2f4,9885c1b7b396aa6c99cefbd5114379d2dc4f5ab8b37d4e5ac7d376cd255d20bc,f427576914ea7ca656124ae7ff36b93d7288234820e3ea2bb220f661475f3562,431c0a6119bb723da23677864c79ac72e29720160a1cfefee054787e92e2bfc4,f5b22778c21031bc99e5326ef2b146f2cda1d0c4cb2818d3c55d4dc50d004b57,2026-09-05T06:25:56.341148+00:00,SUCCESS,300,300,0,0.627729575384568,1.0110664912895144,3.1954659887177144,100.0,89.66666666666666,NONE
cotop_final_2026_01,attempt_001,grid_200m_w30_seed46_wo_md,realization_grid_200m_w30_46,wo_md,grid_200m,30,10,46,e8cba553cad2e193c8ac5b112cf938bd532ed2f4,9885c1b7b396aa6c99cefbd5114379d2dc4f5ab8b37d4e5ac7d376cd255d20bc,f427576914ea7ca656124ae7ff36b93d7288234820e3ea2bb220f661475f3562,431c0a6119bb723da23677864c79ac72e29720160a1cfefee054787e92e2bfc4,f5b22778c21031bc99e5326ef2b146f2cda1d0c4cb2818d3c55d4dc50d004b57,2026-09-05T06:25:56.412294+00:00,SUCCESS,300,300,0,0.6609430883496962,1.016874577077519,0.739751733257749,100.0,100.0,NONE
cotop_final_2026_01,attempt_001,grid_200m_w30_seed46_wo_tp,realization_grid_200m_w30_46,wo_tp,grid_200m,30,10,46,e8cba553cad2e193c8ac5b112cf938bd532ed2f4,9885c1b7b396aa6c99cefbd5114379d2dc4f5ab8b37d4e5ac7d376cd255d20bc,f427576914ea7ca656124ae7ff36b93d7288234820e3ea2bb220f661475f3562,431c0a6119bb723da23677864c79ac72e29720160a1cfefee054787e92e2bfc4,f5b22778c21031bc99e5326ef2b146f2cda1d0c4cb2818d3c55d4dc50d004b57,2026-09-05T06:25:57.480335+00:00,SUCCESS,300,300,0,0.6528297221374143,1.0425315610947956,1.4479079981592937,100.0,100.0,NONE
cotop_final_2026_01,attempt_001,grid_200m_w30_seed46_wo_co,realization_grid_200m_w30_46,wo_co,grid_200m,30,10,46,e8cba553cad2e193c8ac5b112cf938bd532ed2f4,9885c1b7b396aa6c99cefbd5114379d2dc4f5ab8b37d4e5ac7d376cd255d20bc,f427576914ea7ca656124ae7ff36b93d7288234820e3ea2bb220f661475f3562,431c0a6119bb723da23677864c79ac72e29720160a1cfefee054787e92e2bfc4,f5b22778c21031bc99e5326ef2b146f2cda1d0c4cb2818d3c55d4dc50d004b57,2026-09-05T06:25:58.408386+00:00,SUCCESS,300,300,0,0.6692360270737456,1.0193086737622585,0.279780698543827,100.0,0.0,NONE
cotop_final_2026_01,attempt_001,grid_200m_w30_seed47_CoTOP,realization_grid_200m_w30_seed47,CoTOP,grid_200m,30,10,47,e8cba553cad2e193c8ac5b112cf938bd532ed2f4,9885c1b7b396aa6c99cefbd5114379d2dc4f5ab8b37d4e5ac7d376cd255d20bc,f427576914ea7ca656124ae7ff36b93d7288234820e3ea2bb220f661475f3562,de693d240682641e23ab87a3ba39e2c1af048bafe57c00cb4d3da84bedf01fcd,f5b22778c21031bc99e5326ef2b146f2cda1d0c4cb2818d3c55d4dc50d004b57,2026-09-05T06:25:59.251336+00:00,SUCCESS,300,300,0,0.6642241118449974,0.9829683017863513,0.9281965947520248,100.0,100.0,NONE
cotop_final_2026_01,attempt_001,grid_200m_w30_seed47_DDQN,realization_grid_200m_w30_seed47,DDQN,grid_200m,30,10,47,e8cba553cad2e193c8ac5b112cf938bd532ed2f4,9885c1b7b396aa6c99cefbd5114379d2dc4f5ab8b37d4e5ac7d376cd255d20bc,f427576914ea7ca656124ae7ff36b93d7288234820e3ea2bb220f661475f3562,de693d240682641e23ab87a3ba39e2c1af048bafe57c00cb4d3da84bedf01fcd,f5b22778c21031bc99e5326ef2b146f2cda1d0c4cb2818d3c55d4dc50d004b57,2026-09-05T06:26:00.044855+00:00,SUCCESS,300,300,0,0.6551543933963939,0.9841006621097604,0.9698797931941814,100.0,41.333333333333336,NONE
cotop_final_2026_01,attempt_001,grid_200m_w30_seed47_Local,realization_grid_200m_w30_seed47,Local,grid_200m,30,10,47,e8cba553cad2e193c8ac5b112cf938bd532ed2f4,9885c1b7b396aa6c99cefbd5114379d2dc4f5ab8b37d4e5ac7d376cd255d20bc,f427576914ea7ca656124ae7ff36b93d7288234820e3ea2bb220f661475f3562,de693d240682641e23ab87a3ba39e2c1af048bafe57c00cb4d3da84bedf01fcd,f5b22778c21031bc99e5326ef2b146f2cda1d0c4cb2818d3c55d4dc50d004b57,2026-09-05T06:26:00.907676+00:00,SUCCESS,300,300,0,0.6686606594439441,0.983916954084204,0.28672692551961004,100.0,0.0,NONE
cotop_final_2026_01,attempt_001,grid_200m_w30_seed47_Greedy,realization_grid_200m_w30_seed47,Greedy,grid_200m,30,10,47,e8cba553cad2e193c8ac5b112cf938bd532ed2f4,9885c1b7b396aa6c99cefbd5114379d2dc4f5ab8b37d4e5ac7d376cd255d20bc,f427576914ea7ca656124ae7ff36b93d7288234820e3ea2bb220f661475f3562,de693d240682641e23ab87a3ba39e2c1af048bafe57c00cb4d3da84bedf01fcd,f5b22778c21031bc99e5326ef2b146f2cda1d0c4cb2818d3c55d4dc50d004b57,2026-09-05T06:26:01.732945+00:00,SUCCESS,300,300,0,0.6233410615256442,1.0022023708937948,3.1652535906137595,100.0,89.66666666666666,NONE
cotop_final_2026_01,attempt_001,grid_200m_w30_seed47_wo_md,realization_grid_200m_w30_seed47,wo_md,grid_200m,30,10,47,e8cba553cad2e193c8ac5b112cf938bd532ed2f4,9885c1b7b396aa6c99cefbd5114379d2dc4f5ab8b37d4e5ac7d376cd255d20bc,f427576914ea7ca656124ae7ff36b93d7288234820e3ea2bb220f661475f3562,de693d240682641e23ab87a3ba39e2c1af048bafe57c00cb4d3da84bedf01fcd,f5b22778c21031bc99e5326ef2b146f2cda1d0c4cb2818d3c55d4dc50d004b57,2026-09-05T06:26:01.782593+00:00,SUCCESS,300,300,0,0.6578561372618529,0.9829683017863513,0.7060906433892935,100.0,100.0,NONE
cotop_final_2026_01,attempt_001,grid_200m_w30_seed47_wo_tp,realization_grid_200m_w30_seed47,wo_tp,grid_200m,30,10,47,e8cba553cad2e193c8ac5b112cf938bd532ed2f4,9885c1b7b396aa6c99cefbd5114379d2dc4f5ab8b37d4e5ac7d376cd255d20bc,f427576914ea7ca656124ae7ff36b93d7288234820e3ea2bb220f661475f3562,de693d240682641e23ab87a3ba39e2c1af048bafe57c00cb4d3da84bedf01fcd,f5b22778c21031bc99e5326ef2b146f2cda1d0c4cb2818d3c55d4dc50d004b57,2026-09-05T06:26:02.591457+00:00,SUCCESS,300,300,0,0.6494352484599216,1.0333290696823778,1.4461958689433967,100.0,100.0,NONE
cotop_final_2026_01,attempt_001,grid_200m_w30_seed47_wo_co,realization_grid_200m_w30_seed47,wo_co,grid_200m,30,10,47,e8cba553cad2e193c8ac5b112cf938bd532ed2f4,9885c1b7b396aa6c99cefbd5114379d2dc4f5ab8b37d4e5ac7d376cd255d20bc,f427576914ea7ca656124ae7ff36b93d7288234820e3ea2bb220f661475f3562,de693d240682641e23ab87a3ba39e2c1af048bafe57c00cb4d3da84bedf01fcd,f5b22778c21031bc99e5326ef2b146f2cda1d0c4cb2818d3c55d4dc50d004b57,2026-09-05T06:26:03.351410+00:00,SUCCESS,300,300,0,0.6686606594439441,0.983916954084204,0.28672692551961004,100.0,0.0,NONE
cotop_final_2026_01,attempt_001,grid_200m_w30_seed48_CoTOP,realization_grid_200m_w30_seed48,CoTOP,grid_200m,30,10,48,e8cba553cad2e193c8ac5b112cf938bd532ed2f4,9885c1b7b396aa6c99cefbd5114379d2dc4f5ab8b37d4e5ac7d376cd255d20bc,f427576914ea7ca656124ae7ff36b93d7288234820e3ea2bb220f661475f3562,e0a040433cfba6fe35933d83e381f3b0fd08b8490e5be2f45fdfe809e4c62d92,f5b22778c21031bc99e5326ef2b146f2cda1d0c4cb2818d3c55d4dc50d004b57,2026-09-05T06:26:04.261456+00:00,SUCCESS,300,300,0,0.6681686506252099,0.9887780040088596,1.0149288298942807,100.0,100.0,NONE
cotop_final_2026_01,attempt_001,grid_200m_w30_seed48_DDQN,realization_grid_200m_w30_seed48,DDQN,grid_200m,30,10,48,e8cba553cad2e193c8ac5b112cf938bd532ed2f4,9885c1b7b396aa6c99cefbd5114379d2dc4f5ab8b37d4e5ac7d376cd255d20bc,f427576914ea7ca656124ae7ff36b93d7288234820e3ea2bb220f661475f3562,e0a040433cfba6fe35933d83e381f3b0fd08b8490e5be2f45fdfe809e4c62d92,f5b22778c21031bc99e5326ef2b146f2cda1d0c4cb2818d3c55d4dc50d004b57,2026-09-05T06:26:05.091031+00:00,SUCCESS,300,300,0,0.6617377747392578,0.989035165275422,0.8868348731773331,100.0,36.666666666666664,NONE
cotop_final_2026_01,attempt_001,grid_200m_w30_seed48_Local,realization_grid_200m_w30_seed48,Local,grid_200m,30,10,48,e8cba553cad2e193c8ac5b112cf938bd532ed2f4,9885c1b7b396aa6c99cefbd5114379d2dc4f5ab8b37d4e5ac7d376cd255d20bc,f427576914ea7ca656124ae7ff36b93d7288234820e3ea2bb220f661475f3562,e0a040433cfba6fe35933d83e381f3b0fd08b8490e5be2f45fdfe809e4c62d92,f5b22778c21031bc99e5326ef2b146f2cda1d0c4cb2818d3c55d4dc50d004b57,2026-09-05T06:26:05.885719+00:00,SUCCESS,300,300,0,0.6741251157569602,0.9887780040088596,0.29599815902413174,100.0,0.0,NONE
cotop_final_2026_01,attempt_001,grid_200m_w30_seed48_Greedy,realization_grid_200m_w30_seed48,Greedy,grid_200m,30,10,48,e8cba553cad2e193c8ac5b112cf938bd532ed2f4,9885c1b7b396aa6c99cefbd5114379d2dc4f5ab8b37d4e5ac7d376cd255d20bc,f427576914ea7ca656124ae7ff36b93d7288234820e3ea2bb220f661475f3562,e0a040433cfba6fe35933d83e381f3b0fd08b8490e5be2f45fdfe809e4c62d92,f5b22778c21031bc99e5326ef2b146f2cda1d0c4cb2818d3c55d4dc50d004b57,2026-09-05T06:26:06.716179+00:00,SUCCESS,300,300,0,0.6245502658093681,1.00275019622239,3.1264521251760047,100.0,88.33333333333333,NONE
cotop_final_2026_01,attempt_001,grid_200m_w30_seed48_wo_md,realization_grid_200m_w30_seed48,wo_md,grid_200m,30,10,48,e8cba553cad2e193c8ac5b112cf938bd532ed2f4,9885c1b7b396aa6c99cefbd5114379d2dc4f5ab8b37d4e5ac7d376cd255d20bc,f427576914ea7ca656124ae7ff36b93d7288234820e3ea2bb220f661475f3562,e0a040433cfba6fe35933d83e381f3b0fd08b8490e5be2f45fdfe809e4c62d92,f5b22778c21031bc99e5326ef2b146f2cda1d0c4cb2818d3c55d4dc50d004b57,2026-09-05T06:26:06.775839+00:00,SUCCESS,300,300,0,0.6626578780796321,0.9887780040088596,0.7673601949533106,100.0,100.0,NONE
cotop_final_2026_01,attempt_001,grid_200m_w30_seed48_wo_tp,realization_grid_200m_w30_seed48,wo_tp,grid_200m,30,10,48,e8cba553cad2e193c8ac5b112cf938bd532ed2f4,9885c1b7b396aa6c99cefbd5114379d2dc4f5ab8b37d4e5ac7d376cd255d20bc,f427576914ea7ca656124ae7ff36b93d7288234820e3ea2bb220f661475f3562,e0a040433cfba6fe35933d83e381f3b0fd08b8490e5be2f45fdfe809e4c62d92,f5b22778c21031bc99e5326ef2b146f2cda1d0c4cb2818d3c55d4dc50d004b57,2026-09-05T06:26:07.719867+00:00,SUCCESS,300,300,0,0.6516560979038978,1.0259165206397467,1.5098627992479599,100.0,100.0,NONE
cotop_final_2026_01,attempt_001,grid_200m_w30_seed48_wo_co,realization_grid_200m_w30_seed48,wo_co,grid_200m,30,10,48,e8cba553cad2e193c8ac5b112cf938bd532ed2f4,9885c1b7b396aa6c99cefbd5114379d2dc4f5ab8b37d4e5ac7d376cd255d20bc,f427576914ea7ca656124ae7ff36b93d7288234820e3ea2bb220f661475f3562,e0a040433cfba6fe35933d83e381f3b0fd08b8490e5be2f45fdfe809e4c62d92,f5b22778c21031bc99e5326ef2b146f2cda1d0c4cb2818d3c55d4dc50d004b57,2026-09-05T06:26:08.523651+00:00,SUCCESS,300,300,0,0.6741251157569602,0.9887780040088596,0.29599815902413174,100.0,0.0,NONE
cotop_final_2026_01,attempt_001,grid_200m_w30_seed49_CoTOP,realization_grid_200m_w30_seed49,CoTOP,grid_200m,30,10,49,e8cba553cad2e193c8ac5b112cf938bd532ed2f4,9885c1b7b396aa6c99cefbd5114379d2dc4f5ab8b37d4e5ac7d376cd255d20bc,f427576914ea7ca656124ae7ff36b93d7288234820e3ea2bb220f661475f3562,1ee61aa7474bf241ebb51a9e6bee5377d8d6536cbc8d6ecfc9dfec074b29c1de,f5b22778c21031bc99e5326ef2b146f2cda1d0c4cb2818d3c55d4dc50d004b57,2026-09-05T06:26:09.337588+00:00,SUCCESS,300,300,0,0.6579748207118822,1.0247592977231073,0.8953869773314524,100.0,100.0,NONE
cotop_final_2026_01,attempt_001,grid_200m_w30_seed49_DDQN,realization_grid_200m_w30_seed49,DDQN,grid_200m,30,10,49,e8cba553cad2e193c8ac5b112cf938bd532ed2f4,9885c1b7b396aa6c99cefbd5114379d2dc4f5ab8b37d4e5ac7d376cd255d20bc,f427576914ea7ca656124ae7ff36b93d7288234820e3ea2bb220f661475f3562,1ee61aa7474bf241ebb51a9e6bee5377d8d6536cbc8d6ecfc9dfec074b29c1de,f5b22778c21031bc99e5326ef2b146f2cda1d0c4cb2818d3c55d4dc50d004b57,2026-09-05T06:26:10.132489+00:00,SUCCESS,300,300,0,0.6499429073419513,1.0225912250482492,0.8113923432250754,100.0,42.66666666666667,NONE
cotop_final_2026_01,attempt_001,grid_200m_w30_seed49_Local,realization_grid_200m_w30_seed49,Local,grid_200m,30,10,49,e8cba553cad2e193c8ac5b112cf938bd532ed2f4,9885c1b7b396aa6c99cefbd5114379d2dc4f5ab8b37d4e5ac7d376cd255d20bc,f427576914ea7ca656124ae7ff36b93d7288234820e3ea2bb220f661475f3562,1ee61aa7474bf241ebb51a9e6bee5377d8d6536cbc8d6ecfc9dfec074b29c1de,f5b22778c21031bc99e5326ef2b146f2cda1d0c4cb2818d3c55d4dc50d004b57,2026-09-05T06:26:10.956272+00:00,SUCCESS,300,300,0,0.6616729119115484,1.0276853974806728,0.27945575618242136,100.0,0.0,NONE
cotop_final_2026_01,attempt_001,grid_200m_w30_seed49_Greedy,realization_grid_200m_w30_seed49,Greedy,grid_200m,30,10,49,e8cba553cad2e193c8ac5b112cf938bd532ed2f4,9885c1b7b396aa6c99cefbd5114379d2dc4f5ab8b37d4e5ac7d376cd255d20bc,f427576914ea7ca656124ae7ff36b93d7288234820e3ea2bb220f661475f3562,1ee61aa7474bf241ebb51a9e6bee5377d8d6536cbc8d6ecfc9dfec074b29c1de,f5b22778c21031bc99e5326ef2b146f2cda1d0c4cb2818d3c55d4dc50d004b57,2026-09-05T06:26:11.796496+00:00,SUCCESS,300,300,0,0.6183240522295764,0.9970351790261146,3.048432268708541,100.0,88.0,NONE
cotop_final_2026_01,attempt_001,grid_200m_w30_seed49_wo_md,realization_grid_200m_w30_seed49,wo_md,grid_200m,30,10,49,e8cba553cad2e193c8ac5b112cf938bd532ed2f4,9885c1b7b396aa6c99cefbd5114379d2dc4f5ab8b37d4e5ac7d376cd255d20bc,f427576914ea7ca656124ae7ff36b93d7288234820e3ea2bb220f661475f3562,1ee61aa7474bf241ebb51a9e6bee5377d8d6536cbc8d6ecfc9dfec074b29c1de,f5b22778c21031bc99e5326ef2b146f2cda1d0c4cb2818d3c55d4dc50d004b57,2026-09-05T06:26:11.853185+00:00,SUCCESS,300,300,0,0.6518672521731529,1.0247592977231073,0.6875275288569097,100.0,100.0,NONE
cotop_final_2026_01,attempt_001,grid_200m_w30_seed49_wo_tp,realization_grid_200m_w30_seed49,wo_tp,grid_200m,30,10,49,e8cba553cad2e193c8ac5b112cf938bd532ed2f4,9885c1b7b396aa6c99cefbd5114379d2dc4f5ab8b37d4e5ac7d376cd255d20bc,f427576914ea7ca656124ae7ff36b93d7288234820e3ea2bb220f661475f3562,1ee61aa7474bf241ebb51a9e6bee5377d8d6536cbc8d6ecfc9dfec074b29c1de,f5b22778c21031bc99e5326ef2b146f2cda1d0c4cb2818d3c55d4dc50d004b57,2026-09-05T06:26:12.675950+00:00,SUCCESS,300,300,0,0.6447276322910307,1.0500038384571695,1.393083842275294,100.0,100.0,NONE
cotop_final_2026_01,attempt_001,grid_200m_w30_seed49_wo_co,realization_grid_200m_w30_seed49,wo_co,grid_200m,30,10,49,e8cba553cad2e193c8ac5b112cf938bd532ed2f4,9885c1b7b396aa6c99cefbd5114379d2dc4f5ab8b37d4e5ac7d376cd255d20bc,f427576914ea7ca656124ae7ff36b93d7288234820e3ea2bb220f661475f3562,1ee61aa7474bf241ebb51a9e6bee5377d8d6536cbc8d6ecfc9dfec074b29c1de,f5b22778c21031bc99e5326ef2b146f2cda1d0c4cb2818d3c55d4dc50d004b57,2026-09-05T06:26:13.452002+00:00,SUCCESS,300,300,0,0.6616729119115484,1.0276853974806728,0.27945575618242136,100.0,0.0,NONE
cotop_final_2026_01,attempt_001,grid_200m_w30_seed50_CoTOP,realization_grid_200m_w30_seed50,CoTOP,grid_200m,30,10,50,e8cba553cad2e193c8ac5b112cf938bd532ed2f4,9885c1b7b396aa6c99cefbd5114379d2dc4f5ab8b37d4e5ac7d376cd255d20bc,f427576914ea7ca656124ae7ff36b93d7288234820e3ea2bb220f661475f3562,c09a8590712e06d8c53d80f5b97cd9e903e43e224a6f0095d30640888ef5da9a,f5b22778c21031bc99e5326ef2b146f2cda1d0c4cb2818d3c55d4dc50d004b57,2026-09-05T06:26:14.300196+00:00,SUCCESS,300,300,0,0.6831970588684171,1.0268174788931284,0.9126020450070144,100.0,100.0,NONE
cotop_final_2026_01,attempt_001,grid_200m_w30_seed50_DDQN,realization_grid_200m_w30_seed50,DDQN,grid_200m,30,10,50,e8cba553cad2e193c8ac5b112cf938bd532ed2f4,9885c1b7b396aa6c99cefbd5114379d2dc4f5ab8b37d4e5ac7d376cd255d20bc,f427576914ea7ca656124ae7ff36b93d7288234820e3ea2bb220f661475f3562,c09a8590712e06d8c53d80f5b97cd9e903e43e224a6f0095d30640888ef5da9a,f5b22778c21031bc99e5326ef2b146f2cda1d0c4cb2818d3c55d4dc50d004b57,2026-09-05T06:26:15.131458+00:00,SUCCESS,300,300,0,0.6740904786186055,1.0106074074544285,0.9376627615094689,100.0,44.666666666666664,NONE
cotop_final_2026_01,attempt_001,grid_200m_w30_seed50_Local,realization_grid_200m_w30_seed50,Local,grid_200m,30,10,50,e8cba553cad2e193c8ac5b112cf938bd532ed2f4,9885c1b7b396aa6c99cefbd5114379d2dc4f5ab8b37d4e5ac7d376cd255d20bc,f427576914ea7ca656124ae7ff36b93d7288234820e3ea2bb220f661475f3562,c09a8590712e06d8c53d80f5b97cd9e903e43e224a6f0095d30640888ef5da9a,f5b22778c21031bc99e5326ef2b146f2cda1d0c4cb2818d3c55d4dc50d004b57,2026-09-05T06:26:15.938353+00:00,SUCCESS,300,300,0,0.6867405134553046,1.0268174788931284,0.2832499029716674,100.0,0.0,NONE
cotop_final_2026_01,attempt_001,grid_200m_w30_seed50_Greedy,realization_grid_200m_w30_seed50,Greedy,grid_200m,30,10,50,e8cba553cad2e193c8ac5b112cf938bd532ed2f4,9885c1b7b396aa6c99cefbd5114379d2dc4f5ab8b37d4e5ac7d376cd255d20bc,f427576914ea7ca656124ae7ff36b93d7288234820e3ea2bb220f661475f3562,c09a8590712e06d8c53d80f5b97cd9e903e43e224a6f0095d30640888ef5da9a,f5b22778c21031bc99e5326ef2b146f2cda1d0c4cb2818d3c55d4dc50d004b57,2026-09-05T06:26:16.792682+00:00,SUCCESS,300,300,0,0.6439045938036014,1.0465435898406183,3.1801866246550428,100.0,88.33333333333333,NONE
cotop_final_2026_01,attempt_001,grid_200m_w30_seed50_wo_md,realization_grid_200m_w30_seed50,wo_md,grid_200m,30,10,50,e8cba553cad2e193c8ac5b112cf938bd532ed2f4,9885c1b7b396aa6c99cefbd5114379d2dc4f5ab8b37d4e5ac7d376cd255d20bc,f427576914ea7ca656124ae7ff36b93d7288234820e3ea2bb220f661475f3562,c09a8590712e06d8c53d80f5b97cd9e903e43e224a6f0095d30640888ef5da9a,f5b22778c21031bc99e5326ef2b146f2cda1d0c4cb2818d3c55d4dc50d004b57,2026-09-05T06:26:16.855292+00:00,SUCCESS,300,300,0,0.6773008410055781,1.0268174788931284,0.7015956912957042,100.0,100.0,NONE
cotop_final_2026_01,attempt_001,grid_200m_w30_seed50_wo_tp,realization_grid_200m_w30_seed50,wo_tp,grid_200m,30,10,50,e8cba553cad2e193c8ac5b112cf938bd532ed2f4,9885c1b7b396aa6c99cefbd5114379d2dc4f5ab8b37d4e5ac7d376cd255d20bc,f427576914ea7ca656124ae7ff36b93d7288234820e3ea2bb220f661475f3562,c09a8590712e06d8c53d80f5b97cd9e903e43e224a6f0095d30640888ef5da9a,f5b22778c21031bc99e5326ef2b146f2cda1d0c4cb2818d3c55d4dc50d004b57,2026-09-05T06:26:17.810806+00:00,SUCCESS,300,300,0,0.6680304672032347,1.0733996051110481,1.5045056145908642,100.0,100.0,NONE
cotop_final_2026_01,attempt_001,grid_200m_w30_seed50_wo_co,realization_grid_200m_w30_seed50,wo_co,grid_200m,30,10,50,e8cba553cad2e193c8ac5b112cf938bd532ed2f4,9885c1b7b396aa6c99cefbd5114379d2dc4f5ab8b37d4e5ac7d376cd255d20bc,f427576914ea7ca656124ae7ff36b93d7288234820e3ea2bb220f661475f3562,c09a8590712e06d8c53d80f5b97cd9e903e43e224a6f0095d30640888ef5da9a,f5b22778c21031bc99e5326ef2b146f2cda1d0c4cb2818d3c55d4dc50d004b57,2026-09-05T06:26:18.626134+00:00,SUCCESS,300,300,0,0.6867405134553046,1.0268174788931284,0.2832499029716674,100.0,0.0,NONE
cotop_final_2026_01,attempt_001,grid_200m_w30_seed51_CoTOP,realization_grid_200m_w30_seed51,CoTOP,grid_200m,30,10,51,e8cba553cad2e193c8ac5b112cf938bd532ed2f4,9885c1b7b396aa6c99cefbd5114379d2dc4f5ab8b37d4e5ac7d376cd255d20bc,f427576914ea7ca656124ae7ff36b93d7288234820e3ea2bb220f661475f3562,5d3ea3159487a8ecc7e71495e23a668a2b73a0eca5be7c0d6f2d6cb9c5396490,f5b22778c21031bc99e5326ef2b146f2cda1d0c4cb2818d3c55d4dc50d004b57,2026-09-05T06:26:19.452265+00:00,SUCCESS,300,300,0,0.6719181383837891,1.0439687827366961,0.8925018897030232,100.0,100.0,NONE
cotop_final_2026_01,attempt_001,grid_200m_w30_seed51_DDQN,realization_grid_200m_w30_seed51,DDQN,grid_200m,30,10,51,e8cba553cad2e193c8ac5b112cf938bd532ed2f4,9885c1b7b396aa6c99cefbd5114379d2dc4f5ab8b37d4e5ac7d376cd255d20bc,f427576914ea7ca656124ae7ff36b93d7288234820e3ea2bb220f661475f3562,5d3ea3159487a8ecc7e71495e23a668a2b73a0eca5be7c0d6f2d6cb9c5396490,f5b22778c21031bc99e5326ef2b146f2cda1d0c4cb2818d3c55d4dc50d004b57,2026-09-05T06:26:20.270271+00:00,SUCCESS,300,300,0,0.6639536401788917,1.0433365999271178,0.7601329143903732,100.0,37.333333333333336,NONE
cotop_final_2026_01,attempt_001,grid_200m_w30_seed51_Local,realization_grid_200m_w30_seed51,Local,grid_200m,30,10,51,e8cba553cad2e193c8ac5b112cf938bd532ed2f4,9885c1b7b396aa6c99cefbd5114379d2dc4f5ab8b37d4e5ac7d376cd255d20bc,f427576914ea7ca656124ae7ff36b93d7288234820e3ea2bb220f661475f3562,5d3ea3159487a8ecc7e71495e23a668a2b73a0eca5be7c0d6f2d6cb9c5396490,f5b22778c21031bc99e5326ef2b146f2cda1d0c4cb2818d3c55d4dc50d004b57,2026-09-05T06:26:21.044624+00:00,SUCCESS,300,300,0,0.6752349171522755,1.0439687827366961,0.2746186901756882,100.0,0.0,NONE
cotop_final_2026_01,attempt_001,grid_200m_w30_seed51_Greedy,realization_grid_200m_w30_seed51,Greedy,grid_200m,30,10,51,e8cba553cad2e193c8ac5b112cf938bd532ed2f4,9885c1b7b396aa6c99cefbd5114379d2dc4f5ab8b37d4e5ac7d376cd255d20bc,f427576914ea7ca656124ae7ff36b93d7288234820e3ea2bb220f661475f3562,5d3ea3159487a8ecc7e71495e23a668a2b73a0eca5be7c0d6f2d6cb9c5396490,f5b22778c21031bc99e5326ef2b146f2cda1d0c4cb2818d3c55d4dc50d004b57,2026-09-05T06:26:21.859713+00:00,SUCCESS,300,300,0,0.6336655021305444,1.0680646118472548,3.132567327485721,100.0,89.0,NONE
cotop_final_2026_01,attempt_001,grid_200m_w30_seed51_wo_md,realization_grid_200m_w30_seed51,wo_md,grid_200m,30,10,51,e8cba553cad2e193c8ac5b112cf938bd532ed2f4,9885c1b7b396aa6c99cefbd5114379d2dc4f5ab8b37d4e5ac7d376cd255d20bc,f427576914ea7ca656124ae7ff36b93d7288234820e3ea2bb220f661475f3562,5d3ea3159487a8ecc7e71495e23a668a2b73a0eca5be7c0d6f2d6cb9c5396490,f5b22778c21031bc99e5326ef2b146f2cda1d0c4cb2818d3c55d4dc50d004b57,2026-09-05T06:26:21.932832+00:00,SUCCESS,300,300,0,0.6657078863222488,1.0439687827366961,0.6822114113609498,100.0,100.0,NONE
cotop_final_2026_01,attempt_001,grid_200m_w30_seed51_wo_tp,realization_grid_200m_w30_seed51,wo_tp,grid_200m,30,10,51,e8cba553cad2e193c8ac5b112cf938bd532ed2f4,9885c1b7b396aa6c99cefbd5114379d2dc4f5ab8b37d4e5ac7d376cd255d20bc,f427576914ea7ca656124ae7ff36b93d7288234820e3ea2bb220f661475f3562,5d3ea3159487a8ecc7e71495e23a668a2b73a0eca5be7c0d6f2d6cb9c5396490,f5b22778c21031bc99e5326ef2b146f2cda1d0c4cb2818d3c55d4dc50d004b57,2026-09-05T06:26:22.769436+00:00,SUCCESS,300,300,0,0.6597974171226442,1.0681041418104342,1.5244115628821466,100.0,100.0,NONE
cotop_final_2026_01,attempt_001,grid_200m_w30_seed51_wo_co,realization_grid_200m_w30_seed51,wo_co,grid_200m,30,10,51,e8cba553cad2e193c8ac5b112cf938bd532ed2f4,9885c1b7b396aa6c99cefbd5114379d2dc4f5ab8b37d4e5ac7d376cd255d20bc,f427576914ea7ca656124ae7ff36b93d7288234820e3ea2bb220f661475f3562,5d3ea3159487a8ecc7e71495e23a668a2b73a0eca5be7c0d6f2d6cb9c5396490,f5b22778c21031bc99e5326ef2b146f2cda1d0c4cb2818d3c55d4dc50d004b57,2026-09-05T06:26:23.598223+00:00,SUCCESS,300,300,0,0.6752349171522755,1.0439687827366961,0.2746186901756882,100.0,0.0,NONE
cotop_final_2026_01,attempt_001,grid_200m_w40_seed42_CoTOP,realization_grid_200m_w40_42,CoTOP,grid_200m,40,10,42,e8cba553cad2e193c8ac5b112cf938bd532ed2f4,9885c1b7b396aa6c99cefbd5114379d2dc4f5ab8b37d4e5ac7d376cd255d20bc,f427576914ea7ca656124ae7ff36b93d7288234820e3ea2bb220f661475f3562,3d89beb57408dc8776aabe38947554c3115d5b8b344d8d18e9e095188c6730f7,f5b22778c21031bc99e5326ef2b146f2cda1d0c4cb2818d3c55d4dc50d004b57,2026-09-05T06:26:24.476053+00:00,SUCCESS,400,400,0,0.7014570095491919,1.0332899151526198,0.9013044580814145,100.0,100.0,NONE
cotop_final_2026_01,attempt_001,grid_200m_w40_seed42_DDQN,realization_grid_200m_w40_42,DDQN,grid_200m,40,10,42,e8cba553cad2e193c8ac5b112cf938bd532ed2f4,9885c1b7b396aa6c99cefbd5114379d2dc4f5ab8b37d4e5ac7d376cd255d20bc,f427576914ea7ca656124ae7ff36b93d7288234820e3ea2bb220f661475f3562,3d89beb57408dc8776aabe38947554c3115d5b8b344d8d18e9e095188c6730f7,f5b22778c21031bc99e5326ef2b146f2cda1d0c4cb2818d3c55d4dc50d004b57,2026-09-05T06:26:25.352423+00:00,SUCCESS,400,400,0,0.6932090560909373,1.0427458259474918,0.7373529795997363,100.0,44.0,NONE
cotop_final_2026_01,attempt_001,grid_200m_w40_seed42_Local,realization_grid_200m_w40_42,Local,grid_200m,40,10,42,e8cba553cad2e193c8ac5b112cf938bd532ed2f4,9885c1b7b396aa6c99cefbd5114379d2dc4f5ab8b37d4e5ac7d376cd255d20bc,f427576914ea7ca656124ae7ff36b93d7288234820e3ea2bb220f661475f3562,3d89beb57408dc8776aabe38947554c3115d5b8b344d8d18e9e095188c6730f7,f5b22778c21031bc99e5326ef2b146f2cda1d0c4cb2818d3c55d4dc50d004b57,2026-09-05T06:26:26.215901+00:00,SUCCESS,400,400,0,0.7066728244826007,1.0332899151526198,0.28255349114826667,100.0,0.0,NONE
cotop_final_2026_01,attempt_001,grid_200m_w40_seed42_Greedy,realization_grid_200m_w40_42,Greedy,grid_200m,40,10,42,e8cba553cad2e193c8ac5b112cf938bd532ed2f4,9885c1b7b396aa6c99cefbd5114379d2dc4f5ab8b37d4e5ac7d376cd255d20bc,f427576914ea7ca656124ae7ff36b93d7288234820e3ea2bb220f661475f3562,3d89beb57408dc8776aabe38947554c3115d5b8b344d8d18e9e095188c6730f7,f5b22778c21031bc99e5326ef2b146f2cda1d0c4cb2818d3c55d4dc50d004b57,2026-09-05T06:26:27.068330+00:00,SUCCESS,400,400,0,0.6416922581325956,1.0347174159521808,3.2344642712871687,100.0,90.0,NONE
cotop_final_2026_01,attempt_001,grid_200m_w40_seed42_wo_md,realization_grid_200m_w40_42,wo_md,grid_200m,40,10,42,e8cba553cad2e193c8ac5b112cf938bd532ed2f4,9885c1b7b396aa6c99cefbd5114379d2dc4f5ab8b37d4e5ac7d376cd255d20bc,f427576914ea7ca656124ae7ff36b93d7288234820e3ea2bb220f661475f3562,3d89beb57408dc8776aabe38947554c3115d5b8b344d8d18e9e095188c6730f7,f5b22778c21031bc99e5326ef2b146f2cda1d0c4cb2818d3c55d4dc50d004b57,2026-09-05T06:26:27.255775+00:00,SUCCESS,400,400,0,0.6947387683705898,1.0332899151526198,0.6923208432630177,100.0,100.0,NONE
cotop_final_2026_01,attempt_001,grid_200m_w40_seed42_wo_tp,realization_grid_200m_w40_42,wo_tp,grid_200m,40,10,42,e8cba553cad2e193c8ac5b112cf938bd532ed2f4,9885c1b7b396aa6c99cefbd5114379d2dc4f5ab8b37d4e5ac7d376cd255d20bc,f427576914ea7ca656124ae7ff36b93d7288234820e3ea2bb220f661475f3562,3d89beb57408dc8776aabe38947554c3115d5b8b344d8d18e9e095188c6730f7,f5b22778c21031bc99e5326ef2b146f2cda1d0c4cb2818d3c55d4dc50d004b57,2026-09-05T06:26:28.142984+00:00,SUCCESS,400,400,0,0.6749182700362265,1.0844813971197766,1.6571026954071215,100.0,100.0,NONE
cotop_final_2026_01,attempt_001,grid_200m_w40_seed42_wo_co,realization_grid_200m_w40_42,wo_co,grid_200m,40,10,42,e8cba553cad2e193c8ac5b112cf938bd532ed2f4,9885c1b7b396aa6c99cefbd5114379d2dc4f5ab8b37d4e5ac7d376cd255d20bc,f427576914ea7ca656124ae7ff36b93d7288234820e3ea2bb220f661475f3562,3d89beb57408dc8776aabe38947554c3115d5b8b344d8d18e9e095188c6730f7,f5b22778c21031bc99e5326ef2b146f2cda1d0c4cb2818d3c55d4dc50d004b57,2026-09-05T06:26:29.018207+00:00,SUCCESS,400,400,0,0.7066728244826007,1.0332899151526198,0.28255349114826667,100.0,0.0,NONE
cotop_final_2026_01,attempt_001,grid_200m_w40_seed43_CoTOP,realization_grid_200m_w40_43,CoTOP,grid_200m,40,10,43,e8cba553cad2e193c8ac5b112cf938bd532ed2f4,9885c1b7b396aa6c99cefbd5114379d2dc4f5ab8b37d4e5ac7d376cd255d20bc,f427576914ea7ca656124ae7ff36b93d7288234820e3ea2bb220f661475f3562,45a53a85364837b65e0908205fcece684cfb6e7f1734d427c11d4f2388beadf5,f5b22778c21031bc99e5326ef2b146f2cda1d0c4cb2818d3c55d4dc50d004b57,2026-09-05T06:26:29.889177+00:00,SUCCESS,400,400,0,0.6934827326830043,1.044442167099687,0.8772236456607267,100.0,100.0,NONE
cotop_final_2026_01,attempt_001,grid_200m_w40_seed43_DDQN,realization_grid_200m_w40_43,DDQN,grid_200m,40,10,43,e8cba553cad2e193c8ac5b112cf938bd532ed2f4,9885c1b7b396aa6c99cefbd5114379d2dc4f5ab8b37d4e5ac7d376cd255d20bc,f427576914ea7ca656124ae7ff36b93d7288234820e3ea2bb220f661475f3562,45a53a85364837b65e0908205fcece684cfb6e7f1734d427c11d4f2388beadf5,f5b22778c21031bc99e5326ef2b146f2cda1d0c4cb2818d3c55d4dc50d004b57,2026-09-05T06:26:30.730904+00:00,SUCCESS,400,400,0,0.684636492829239,1.0233146119630525,0.7195502097301634,100.0,45.75,NONE
cotop_final_2026_01,attempt_001,grid_200m_w40_seed43_Local,realization_grid_200m_w40_43,Local,grid_200m,40,10,43,e8cba553cad2e193c8ac5b112cf938bd532ed2f4,9885c1b7b396aa6c99cefbd5114379d2dc4f5ab8b37d4e5ac7d376cd255d20bc,f427576914ea7ca656124ae7ff36b93d7288234820e3ea2bb220f661475f3562,45a53a85364837b65e0908205fcece684cfb6e7f1734d427c11d4f2388beadf5,f5b22778c21031bc99e5326ef2b146f2cda1d0c4cb2818d3c55d4dc50d004b57,2026-09-05T06:26:31.530679+00:00,SUCCESS,400,400,0,0.7003244275142957,1.044442167099687,0.27756128638402955,100.0,0.0,NONE
cotop_final_2026_01,attempt_001,grid_200m_w40_seed43_Greedy,realization_grid_200m_w40_43,Greedy,grid_200m,40,10,43,e8cba553cad2e193c8ac5b112cf938bd532ed2f4,9885c1b7b396aa6c99cefbd5114379d2dc4f5ab8b37d4e5ac7d376cd255d20bc,f427576914ea7ca656124ae7ff36b93d7288234820e3ea2bb220f661475f3562,45a53a85364837b65e0908205fcece684cfb6e7f1734d427c11d4f2388beadf5,f5b22778c21031bc99e5326ef2b146f2cda1d0c4cb2818d3c55d4dc50d004b57,2026-09-05T06:26:32.335374+00:00,SUCCESS,400,400,0,0.6331403542702676,1.0059371788829368,3.0858542209328097,100.0,88.25,NONE
cotop_final_2026_01,attempt_001,grid_200m_w40_seed43_wo_md,realization_grid_200m_w40_43,wo_md,grid_200m,40,10,43,e8cba553cad2e193c8ac5b112cf938bd532ed2f4,9885c1b7b396aa6c99cefbd5114379d2dc4f5ab8b37d4e5ac7d376cd255d20bc,f427576914ea7ca656124ae7ff36b93d7288234820e3ea2bb220f661475f3562,45a53a85364837b65e0908205fcece684cfb6e7f1734d427c11d4f2388beadf5,f5b22778c21031bc99e5326ef2b146f2cda1d0c4cb2818d3c55d4dc50d004b57,2026-09-05T06:26:32.414370+00:00,SUCCESS,400,400,0,0.686639095048203,1.044442167099687,0.6710953957068441,100.0,100.0,NONE
cotop_final_2026_01,attempt_001,grid_200m_w40_seed43_wo_tp,realization_grid_200m_w40_43,wo_tp,grid_200m,40,10,43,e8cba553cad2e193c8ac5b112cf938bd532ed2f4,9885c1b7b396aa6c99cefbd5114379d2dc4f5ab8b37d4e5ac7d376cd255d20bc,f427576914ea7ca656124ae7ff36b93d7288234820e3ea2bb220f661475f3562,45a53a85364837b65e0908205fcece684cfb6e7f1734d427c11d4f2388beadf5,f5b22778c21031bc99e5326ef2b146f2cda1d0c4cb2818d3c55d4dc50d004b57,2026-09-05T06:26:33.248916+00:00,SUCCESS,400,400,0,0.667544609960524,1.0625220834000568,1.7063900441240536,100.0,100.0,NONE
cotop_final_2026_01,attempt_001,grid_200m_w40_seed43_wo_co,realization_grid_200m_w40_43,wo_co,grid_200m,40,10,43,e8cba553cad2e193c8ac5b112cf938bd532ed2f4,9885c1b7b396aa6c99cefbd5114379d2dc4f5ab8b37d4e5ac7d376cd255d20bc,f427576914ea7ca656124ae7ff36b93d7288234820e3ea2bb220f661475f3562,45a53a85364837b65e0908205fcece684cfb6e7f1734d427c11d4f2388beadf5,f5b22778c21031bc99e5326ef2b146f2cda1d0c4cb2818d3c55d4dc50d004b57,2026-09-05T06:26:34.053187+00:00,SUCCESS,400,400,0,0.7003244275142957,1.044442167099687,0.27756128638402955,100.0,0.0,NONE
cotop_final_2026_01,attempt_001,grid_200m_w40_seed44_CoTOP,realization_grid_200m_w40_44,CoTOP,grid_200m,40,10,44,e8cba553cad2e193c8ac5b112cf938bd532ed2f4,9885c1b7b396aa6c99cefbd5114379d2dc4f5ab8b37d4e5ac7d376cd255d20bc,f427576914ea7ca656124ae7ff36b93d7288234820e3ea2bb220f661475f3562,c424a9cfb9c2ce4301f6b5f66241e11cd4114f94df31fb991f02365fee794c91,f5b22778c21031bc99e5326ef2b146f2cda1d0c4cb2818d3c55d4dc50d004b57,2026-09-05T06:26:34.897280+00:00,SUCCESS,400,400,0,0.6820063209021988,0.9916213174242463,0.9088361089094076,100.0,100.0,NONE
cotop_final_2026_01,attempt_001,grid_200m_w40_seed44_DDQN,realization_grid_200m_w40_44,DDQN,grid_200m,40,10,44,e8cba553cad2e193c8ac5b112cf938bd532ed2f4,9885c1b7b396aa6c99cefbd5114379d2dc4f5ab8b37d4e5ac7d376cd255d20bc,f427576914ea7ca656124ae7ff36b93d7288234820e3ea2bb220f661475f3562,c424a9cfb9c2ce4301f6b5f66241e11cd4114f94df31fb991f02365fee794c91,f5b22778c21031bc99e5326ef2b146f2cda1d0c4cb2818d3c55d4dc50d004b57,2026-09-05T06:26:35.700298+00:00,SUCCESS,400,400,0,0.678463749020473,0.9943571437719924,0.6327424618119301,100.0,33.75,NONE
cotop_final_2026_01,attempt_001,grid_200m_w40_seed44_Local,realization_grid_200m_w40_44,Local,grid_200m,40,10,44,e8cba553cad2e193c8ac5b112cf938bd532ed2f4,9885c1b7b396aa6c99cefbd5114379d2dc4f5ab8b37d4e5ac7d376cd255d20bc,f427576914ea7ca656124ae7ff36b93d7288234820e3ea2bb220f661475f3562,c424a9cfb9c2ce4301f6b5f66241e11cd4114f94df31fb991f02365fee794c91,f5b22778c21031bc99e5326ef2b146f2cda1d0c4cb2818d3c55d4dc50d004b57,2026-09-05T06:26:36.484652+00:00,SUCCESS,400,400,0,0.6884186886081008,0.9943571437719924,0.27495006587704063,100.0,0.0,NONE
cotop_final_2026_01,attempt_001,grid_200m_w40_seed44_Greedy,realization_grid_200m_w40_44,Greedy,grid_200m,40,10,44,e8cba553cad2e193c8ac5b112cf938bd532ed2f4,9885c1b7b396aa6c99cefbd5114379d2dc4f5ab8b37d4e5ac7d376cd255d20bc,f427576914ea7ca656124ae7ff36b93d7288234820e3ea2bb220f661475f3562,c424a9cfb9c2ce4301f6b5f66241e11cd4114f94df31fb991f02365fee794c91,f5b22778c21031bc99e5326ef2b146f2cda1d0c4cb2818d3c55d4dc50d004b57,2026-09-05T06:26:37.287278+00:00,SUCCESS,400,400,0,0.6247414898926947,0.9979426511354282,3.1307762527553775,100.0,89.5,NONE
cotop_final_2026_01,attempt_001,grid_200m_w40_seed44_wo_md,realization_grid_200m_w40_44,wo_md,grid_200m,40,10,44,e8cba553cad2e193c8ac5b112cf938bd532ed2f4,9885c1b7b396aa6c99cefbd5114379d2dc4f5ab8b37d4e5ac7d376cd255d20bc,f427576914ea7ca656124ae7ff36b93d7288234820e3ea2bb220f661475f3562,c424a9cfb9c2ce4301f6b5f66241e11cd4114f94df31fb991f02365fee794c91,f5b22778c21031bc99e5326ef2b146f2cda1d0c4cb2818d3c55d4dc50d004b57,2026-09-05T06:26:37.355887+00:00,SUCCESS,400,400,0,0.6755292319049039,0.9917378558206331,0.6914741834720863,100.0,100.0,NONE
cotop_final_2026_01,attempt_001,grid_200m_w40_seed44_wo_tp,realization_grid_200m_w40_44,wo_tp,grid_200m,40,10,44,e8cba553cad2e193c8ac5b112cf938bd532ed2f4,9885c1b7b396aa6c99cefbd5114379d2dc4f5ab8b37d4e5ac7d376cd255d20bc,f427576914ea7ca656124ae7ff36b93d7288234820e3ea2bb220f661475f3562,c424a9cfb9c2ce4301f6b5f66241e11cd4114f94df31fb991f02365fee794c91,f5b22778c21031bc99e5326ef2b146f2cda1d0c4cb2818d3c55d4dc50d004b57,2026-09-05T06:26:38.318631+00:00,SUCCESS,400,400,0,0.6574881272805362,1.049119041800752,1.551690812303838,100.0,100.0,NONE
cotop_final_2026_01,attempt_001,grid_200m_w40_seed44_wo_co,realization_grid_200m_w40_44,wo_co,grid_200m,40,10,44,e8cba553cad2e193c8ac5b112cf938bd532ed2f4,9885c1b7b396aa6c99cefbd5114379d2dc4f5ab8b37d4e5ac7d376cd255d20bc,f427576914ea7ca656124ae7ff36b93d7288234820e3ea2bb220f661475f3562,c424a9cfb9c2ce4301f6b5f66241e11cd4114f94df31fb991f02365fee794c91,f5b22778c21031bc99e5326ef2b146f2cda1d0c4cb2818d3c55d4dc50d004b57,2026-09-05T06:26:39.118681+00:00,SUCCESS,400,400,0,0.6884186886081008,0.9943571437719924,0.27495006587704063,100.0,0.0,NONE
cotop_final_2026_01,attempt_001,grid_200m_w40_seed45_CoTOP,realization_grid_200m_w40_45,CoTOP,grid_200m,40,10,45,e8cba553cad2e193c8ac5b112cf938bd532ed2f4,9885c1b7b396aa6c99cefbd5114379d2dc4f5ab8b37d4e5ac7d376cd255d20bc,f427576914ea7ca656124ae7ff36b93d7288234820e3ea2bb220f661475f3562,587f2bbab63df779cd28b1d564aa9763edd4d45962474cda1dcf66ec2968e197,f5b22778c21031bc99e5326ef2b146f2cda1d0c4cb2818d3c55d4dc50d004b57,2026-09-05T06:26:39.989054+00:00,SUCCESS,400,400,0,0.6914000685083344,0.9925046188437954,0.8664387113697453,100.0,100.0,NONE
cotop_final_2026_01,attempt_001,grid_200m_w40_seed45_DDQN,realization_grid_200m_w40_45,DDQN,grid_200m,40,10,45,e8cba553cad2e193c8ac5b112cf938bd532ed2f4,9885c1b7b396aa6c99cefbd5114379d2dc4f5ab8b37d4e5ac7d376cd255d20bc,f427576914ea7ca656124ae7ff36b93d7288234820e3ea2bb220f661475f3562,587f2bbab63df779cd28b1d564aa9763edd4d45962474cda1dcf66ec2968e197,f5b22778c21031bc99e5326ef2b146f2cda1d0c4cb2818d3c55d4dc50d004b57,2026-09-05T06:26:40.817830+00:00,SUCCESS,400,400,0,0.6851389373347998,0.9925046188437954,0.5973982866913699,100.0,42.0,NONE
cotop_final_2026_01,attempt_001,grid_200m_w40_seed45_Local,realization_grid_200m_w40_45,Local,grid_200m,40,10,45,e8cba553cad2e193c8ac5b112cf938bd532ed2f4,9885c1b7b396aa6c99cefbd5114379d2dc4f5ab8b37d4e5ac7d376cd255d20bc,f427576914ea7ca656124ae7ff36b93d7288234820e3ea2bb220f661475f3562,587f2bbab63df779cd28b1d564aa9763edd4d45962474cda1dcf66ec2968e197,f5b22778c21031bc99e5326ef2b146f2cda1d0c4cb2818d3c55d4dc50d004b57,2026-09-05T06:26:41.627312+00:00,SUCCESS,400,400,0,0.6972449298559849,0.9925046188437954,0.28531822975853566,100.0,0.0,NONE
cotop_final_2026_01,attempt_001,grid_200m_w40_seed45_Greedy,realization_grid_200m_w40_45,Greedy,grid_200m,40,10,45,e8cba553cad2e193c8ac5b112cf938bd532ed2f4,9885c1b7b396aa6c99cefbd5114379d2dc4f5ab8b37d4e5ac7d376cd255d20bc,f427576914ea7ca656124ae7ff36b93d7288234820e3ea2bb220f661475f3562,587f2bbab63df779cd28b1d564aa9763edd4d45962474cda1dcf66ec2968e197,f5b22778c21031bc99e5326ef2b146f2cda1d0c4cb2818d3c55d4dc50d004b57,2026-09-05T06:26:42.438522+00:00,SUCCESS,400,400,0,0.6296368875363388,0.9974521283185791,3.183327574665612,100.0,90.25,NONE
cotop_final_2026_01,attempt_001,grid_200m_w40_seed45_wo_md,realization_grid_200m_w40_45,wo_md,grid_200m,40,10,45,e8cba553cad2e193c8ac5b112cf938bd532ed2f4,9885c1b7b396aa6c99cefbd5114379d2dc4f5ab8b37d4e5ac7d376cd255d20bc,f427576914ea7ca656124ae7ff36b93d7288234820e3ea2bb220f661475f3562,587f2bbab63df779cd28b1d564aa9763edd4d45962474cda1dcf66ec2968e197,f5b22778c21031bc99e5326ef2b146f2cda1d0c4cb2818d3c55d4dc50d004b57,2026-09-05T06:26:42.521210+00:00,SUCCESS,400,400,0,0.6839187133662494,0.9925046188437954,0.677227732585473,100.0,100.0,NONE
cotop_final_2026_01,attempt_001,grid_200m_w40_seed45_wo_tp,realization_grid_200m_w40_45,wo_tp,grid_200m,40,10,45,e8cba553cad2e193c8ac5b112cf938bd532ed2f4,9885c1b7b396aa6c99cefbd5114379d2dc4f5ab8b37d4e5ac7d376cd255d20bc,f427576914ea7ca656124ae7ff36b93d7288234820e3ea2bb220f661475f3562,587f2bbab63df779cd28b1d564aa9763edd4d45962474cda1dcf66ec2968e197,f5b22778c21031bc99e5326ef2b146f2cda1d0c4cb2818d3c55d4dc50d004b57,2026-09-05T06:26:43.370875+00:00,SUCCESS,400,400,0,0.6665682044688188,1.0484578907496271,1.595699850341391,100.0,100.0,NONE
cotop_final_2026_01,attempt_001,grid_200m_w40_seed45_wo_co,realization_grid_200m_w40_45,wo_co,grid_200m,40,10,45,e8cba553cad2e193c8ac5b112cf938bd532ed2f4,9885c1b7b396aa6c99cefbd5114379d2dc4f5ab8b37d4e5ac7d376cd255d20bc,f427576914ea7ca656124ae7ff36b93d7288234820e3ea2bb220f661475f3562,587f2bbab63df779cd28b1d564aa9763edd4d45962474cda1dcf66ec2968e197,f5b22778c21031bc99e5326ef2b146f2cda1d0c4cb2818d3c55d4dc50d004b57,2026-09-05T06:26:44.202455+00:00,SUCCESS,400,400,0,0.6972449298559849,0.9925046188437954,0.28531822975853566,100.0,0.0,NONE
cotop_final_2026_01,attempt_001,grid_200m_w40_seed46_CoTOP,realization_grid_200m_w40_46,CoTOP,grid_200m,40,10,46,e8cba553cad2e193c8ac5b112cf938bd532ed2f4,9885c1b7b396aa6c99cefbd5114379d2dc4f5ab8b37d4e5ac7d376cd255d20bc,f427576914ea7ca656124ae7ff36b93d7288234820e3ea2bb220f661475f3562,d6725e086044c741297447d24a86d0a533e91ac58d41975c77758a704303ea4a,f5b22778c21031bc99e5326ef2b146f2cda1d0c4cb2818d3c55d4dc50d004b57,2026-09-05T06:26:45.050325+00:00,SUCCESS,400,400,0,0.698263471238231,1.0236693081734125,0.9052065698937158,100.0,100.0,NONE
cotop_final_2026_01,attempt_001,grid_200m_w40_seed46_DDQN,realization_grid_200m_w40_46,DDQN,grid_200m,40,10,46,e8cba553cad2e193c8ac5b112cf938bd532ed2f4,9885c1b7b396aa6c99cefbd5114379d2dc4f5ab8b37d4e5ac7d376cd255d20bc,f427576914ea7ca656124ae7ff36b93d7288234820e3ea2bb220f661475f3562,d6725e086044c741297447d24a86d0a533e91ac58d41975c77758a704303ea4a,f5b22778c21031bc99e5326ef2b146f2cda1d0c4cb2818d3c55d4dc50d004b57,2026-09-05T06:26:45.915586+00:00,SUCCESS,400,400,0,0.6916523237561668,1.0277422607684017,0.7184049504024004,100.0,43.25,NONE
cotop_final_2026_01,attempt_001,grid_200m_w40_seed46_Local,realization_grid_200m_w40_46,Local,grid_200m,40,10,46,e8cba553cad2e193c8ac5b112cf938bd532ed2f4,9885c1b7b396aa6c99cefbd5114379d2dc4f5ab8b37d4e5ac7d376cd255d20bc,f427576914ea7ca656124ae7ff36b93d7288234820e3ea2bb220f661475f3562,d6725e086044c741297447d24a86d0a533e91ac58d41975c77758a704303ea4a,f5b22778c21031bc99e5326ef2b146f2cda1d0c4cb2818d3c55d4dc50d004b57,2026-09-05T06:26:46.808075+00:00,SUCCESS,400,400,0,0.7045920148560932,1.0244254240962836,0.2802429914149196,100.0,0.0,NONE
cotop_final_2026_01,attempt_001,grid_200m_w40_seed46_Greedy,realization_grid_200m_w40_46,Greedy,grid_200m,40,10,46,e8cba553cad2e193c8ac5b112cf938bd532ed2f4,9885c1b7b396aa6c99cefbd5114379d2dc4f5ab8b37d4e5ac7d376cd255d20bc,f427576914ea7ca656124ae7ff36b93d7288234820e3ea2bb220f661475f3562,d6725e086044c741297447d24a86d0a533e91ac58d41975c77758a704303ea4a,f5b22778c21031bc99e5326ef2b146f2cda1d0c4cb2818d3c55d4dc50d004b57,2026-09-05T06:26:47.568414+00:00,SUCCESS,400,400,0,0.6393912412587369,1.011092369109338,3.193293239215609,100.0,89.5,NONE
cotop_final_2026_01,attempt_001,grid_200m_w40_seed46_wo_md,realization_grid_200m_w40_46,wo_md,grid_200m,40,10,46,e8cba553cad2e193c8ac5b112cf938bd532ed2f4,9885c1b7b396aa6c99cefbd5114379d2dc4f5ab8b37d4e5ac7d376cd255d20bc,f427576914ea7ca656124ae7ff36b93d7288234820e3ea2bb220f661475f3562,d6725e086044c741297447d24a86d0a533e91ac58d41975c77758a704303ea4a,f5b22778c21031bc99e5326ef2b146f2cda1d0c4cb2818d3c55d4dc50d004b57,2026-09-05T06:26:47.739039+00:00,SUCCESS,400,400,0,0.6909748582104013,1.0236693081734125,0.6943131230360473,100.0,100.0,NONE
cotop_final_2026_01,attempt_001,grid_200m_w40_seed46_wo_tp,realization_grid_200m_w40_46,wo_tp,grid_200m,40,10,46,e8cba553cad2e193c8ac5b112cf938bd532ed2f4,9885c1b7b396aa6c99cefbd5114379d2dc4f5ab8b37d4e5ac7d376cd255d20bc,f427576914ea7ca656124ae7ff36b93d7288234820e3ea2bb220f661475f3562,d6725e086044c741297447d24a86d0a533e91ac58d41975c77758a704303ea4a,f5b22778c21031bc99e5326ef2b146f2cda1d0c4cb2818d3c55d4dc50d004b57,2026-09-05T06:26:48.497025+00:00,SUCCESS,400,400,0,0.6719676716827766,1.0440023648664936,1.6684742238482004,100.0,100.0,NONE
cotop_final_2026_01,attempt_001,grid_200m_w40_seed46_wo_co,realization_grid_200m_w40_46,wo_co,grid_200m,40,10,46,e8cba553cad2e193c8ac5b112cf938bd532ed2f4,9885c1b7b396aa6c99cefbd5114379d2dc4f5ab8b37d4e5ac7d376cd255d20bc,f427576914ea7ca656124ae7ff36b93d7288234820e3ea2bb220f661475f3562,d6725e086044c741297447d24a86d0a533e91ac58d41975c77758a704303ea4a,f5b22778c21031bc99e5326ef2b146f2cda1d0c4cb2818d3c55d4dc50d004b57,2026-09-05T06:26:49.242536+00:00,SUCCESS,400,400,0,0.7045920148560932,1.0244254240962836,0.2802429914149196,100.0,0.0,NONE
cotop_final_2026_01,attempt_001,grid_200m_w40_seed47_CoTOP,realization_grid_200m_w40_seed47,CoTOP,grid_200m,40,10,47,e8cba553cad2e193c8ac5b112cf938bd532ed2f4,9885c1b7b396aa6c99cefbd5114379d2dc4f5ab8b37d4e5ac7d376cd255d20bc,f427576914ea7ca656124ae7ff36b93d7288234820e3ea2bb220f661475f3562,8a750439f97dd22bfd9032a7697265b554cd5ae7093df03f455055708187172f,f5b22778c21031bc99e5326ef2b146f2cda1d0c4cb2818d3c55d4dc50d004b57,2026-09-05T06:26:50.014281+00:00,SUCCESS,400,400,0,0.6865656889260202,1.000309318446206,0.9493120221723663,100.0,100.0,NONE
cotop_final_2026_01,attempt_001,grid_200m_w40_seed47_DDQN,realization_grid_200m_w40_seed47,DDQN,grid_200m,40,10,47,e8cba553cad2e193c8ac5b112cf938bd532ed2f4,9885c1b7b396aa6c99cefbd5114379d2dc4f5ab8b37d4e5ac7d376cd255d20bc,f427576914ea7ca656124ae7ff36b93d7288234820e3ea2bb220f661475f3562,8a750439f97dd22bfd9032a7697265b554cd5ae7093df03f455055708187172f,f5b22778c21031bc99e5326ef2b146f2cda1d0c4cb2818d3c55d4dc50d004b57,2026-09-05T06:26:50.788752+00:00,SUCCESS,400,400,0,0.677978726548327,1.0025828613169827,0.6980724126470867,100.0,43.25,NONE
cotop_final_2026_01,attempt_001,grid_200m_w40_seed47_Local,realization_grid_200m_w40_seed47,Local,grid_200m,40,10,47,e8cba553cad2e193c8ac5b112cf938bd532ed2f4,9885c1b7b396aa6c99cefbd5114379d2dc4f5ab8b37d4e5ac7d376cd255d20bc,f427576914ea7ca656124ae7ff36b93d7288234820e3ea2bb220f661475f3562,8a750439f97dd22bfd9032a7697265b554cd5ae7093df03f455055708187172f,f5b22778c21031bc99e5326ef2b146f2cda1d0c4cb2818d3c55d4dc50d004b57,2026-09-05T06:26:51.576398+00:00,SUCCESS,400,400,0,0.6950546801767268,1.0025828613169827,0.2835995840377364,100.0,0.0,NONE
cotop_final_2026_01,attempt_001,grid_200m_w40_seed47_Greedy,realization_grid_200m_w40_seed47,Greedy,grid_200m,40,10,47,e8cba553cad2e193c8ac5b112cf938bd532ed2f4,9885c1b7b396aa6c99cefbd5114379d2dc4f5ab8b37d4e5ac7d376cd255d20bc,f427576914ea7ca656124ae7ff36b93d7288234820e3ea2bb220f661475f3562,8a750439f97dd22bfd9032a7697265b554cd5ae7093df03f455055708187172f,f5b22778c21031bc99e5326ef2b146f2cda1d0c4cb2818d3c55d4dc50d004b57,2026-09-05T06:26:52.455199+00:00,SUCCESS,400,400,0,0.6260107877609421,1.0059179118607593,3.119227754884397,100.0,89.0,NONE
cotop_final_2026_01,attempt_001,grid_200m_w40_seed47_wo_md,realization_grid_200m_w40_seed47,wo_md,grid_200m,40,10,47,e8cba553cad2e193c8ac5b112cf938bd532ed2f4,9885c1b7b396aa6c99cefbd5114379d2dc4f5ab8b37d4e5ac7d376cd255d20bc,f427576914ea7ca656124ae7ff36b93d7288234820e3ea2bb220f661475f3562,8a750439f97dd22bfd9032a7697265b554cd5ae7093df03f455055708187172f,f5b22778c21031bc99e5326ef2b146f2cda1d0c4cb2818d3c55d4dc50d004b57,2026-09-05T06:26:52.538310+00:00,SUCCESS,400,400,0,0.680218868032135,1.0000870431458477,0.7221167123535241,100.0,100.0,NONE
cotop_final_2026_01,attempt_001,grid_200m_w40_seed47_wo_tp,realization_grid_200m_w40_seed47,wo_tp,grid_200m,40,10,47,e8cba553cad2e193c8ac5b112cf938bd532ed2f4,9885c1b7b396aa6c99cefbd5114379d2dc4f5ab8b37d4e5ac7d376cd255d20bc,f427576914ea7ca656124ae7ff36b93d7288234820e3ea2bb220f661475f3562,8a750439f97dd22bfd9032a7697265b554cd5ae7093df03f455055708187172f,f5b22778c21031bc99e5326ef2b146f2cda1d0c4cb2818d3c55d4dc50d004b57,2026-09-05T06:26:53.474815+00:00,SUCCESS,400,400,0,0.662561669241702,1.0526092582657127,1.5745566930567316,100.0,100.0,NONE
cotop_final_2026_01,attempt_001,grid_200m_w40_seed47_wo_co,realization_grid_200m_w40_seed47,wo_co,grid_200m,40,10,47,e8cba553cad2e193c8ac5b112cf938bd532ed2f4,9885c1b7b396aa6c99cefbd5114379d2dc4f5ab8b37d4e5ac7d376cd255d20bc,f427576914ea7ca656124ae7ff36b93d7288234820e3ea2bb220f661475f3562,8a750439f97dd22bfd9032a7697265b554cd5ae7093df03f455055708187172f,f5b22778c21031bc99e5326ef2b146f2cda1d0c4cb2818d3c55d4dc50d004b57,2026-09-05T06:26:54.336874+00:00,SUCCESS,400,400,0,0.6950546801767268,1.0025828613169827,0.2835995840377364,100.0,0.0,NONE
cotop_final_2026_01,attempt_001,grid_200m_w40_seed48_CoTOP,realization_grid_200m_w40_seed48,CoTOP,grid_200m,40,10,48,e8cba553cad2e193c8ac5b112cf938bd532ed2f4,9885c1b7b396aa6c99cefbd5114379d2dc4f5ab8b37d4e5ac7d376cd255d20bc,f427576914ea7ca656124ae7ff36b93d7288234820e3ea2bb220f661475f3562,ca4234a37e1ddb74b4984377f09844b46d92c8a8e164dffa68b56dfc079c40b4,f5b22778c21031bc99e5326ef2b146f2cda1d0c4cb2818d3c55d4dc50d004b57,2026-09-05T06:26:55.208545+00:00,SUCCESS,400,400,0,0.6976495413796081,0.9945349603515622,0.8895476395596834,100.0,100.0,NONE
cotop_final_2026_01,attempt_001,grid_200m_w40_seed48_DDQN,realization_grid_200m_w40_seed48,DDQN,grid_200m,40,10,48,e8cba553cad2e193c8ac5b112cf938bd532ed2f4,9885c1b7b396aa6c99cefbd5114379d2dc4f5ab8b37d4e5ac7d376cd255d20bc,f427576914ea7ca656124ae7ff36b93d7288234820e3ea2bb220f661475f3562,ca4234a37e1ddb74b4984377f09844b46d92c8a8e164dffa68b56dfc079c40b4,f5b22778c21031bc99e5326ef2b146f2cda1d0c4cb2818d3c55d4dc50d004b57,2026-09-05T06:26:56.050575+00:00,SUCCESS,400,400,0,0.6861838142366729,0.9929161652451772,0.6538741843736591,100.0,47.5,NONE
cotop_final_2026_01,attempt_001,grid_200m_w40_seed48_Local,realization_grid_200m_w40_seed48,Local,grid_200m,40,10,48,e8cba553cad2e193c8ac5b112cf938bd532ed2f4,9885c1b7b396aa6c99cefbd5114379d2dc4f5ab8b37d4e5ac7d376cd255d20bc,f427576914ea7ca656124ae7ff36b93d7288234820e3ea2bb220f661475f3562,ca4234a37e1ddb74b4984377f09844b46d92c8a8e164dffa68b56dfc079c40b4,f5b22778c21031bc99e5326ef2b146f2cda1d0c4cb2818d3c55d4dc50d004b57,2026-09-05T06:26:56.911790+00:00,SUCCESS,400,400,0,0.7039272983511554,0.9945349603515622,0.29683573174232014,100.0,0.0,NONE
cotop_final_2026_01,attempt_001,grid_200m_w40_seed48_Greedy,realization_grid_200m_w40_seed48,Greedy,grid_200m,40,10,48,e8cba553cad2e193c8ac5b112cf938bd532ed2f4,9885c1b7b396aa6c99cefbd5114379d2dc4f5ab8b37d4e5ac7d376cd255d20bc,f427576914ea7ca656124ae7ff36b93d7288234820e3ea2bb220f661475f3562,ca4234a37e1ddb74b4984377f09844b46d92c8a8e164dffa68b56dfc079c40b4,f5b22778c21031bc99e5326ef2b146f2cda1d0c4cb2818d3c55d4dc50d004b57,2026-09-05T06:26:57.787546+00:00,SUCCESS,400,400,0,0.6288737033518838,0.9871255189215977,3.1237943130809924,100.0,89.0,NONE
cotop_final_2026_01,attempt_001,grid_200m_w40_seed48_wo_md,realization_grid_200m_w40_seed48,wo_md,grid_200m,40,10,48,e8cba553cad2e193c8ac5b112cf938bd532ed2f4,9885c1b7b396aa6c99cefbd5114379d2dc4f5ab8b37d4e5ac7d376cd255d20bc,f427576914ea7ca656124ae7ff36b93d7288234820e3ea2bb220f661475f3562,ca4234a37e1ddb74b4984377f09844b46d92c8a8e164dffa68b56dfc079c40b4,f5b22778c21031bc99e5326ef2b146f2cda1d0c4cb2818d3c55d4dc50d004b57,2026-09-05T06:26:58.017169+00:00,SUCCESS,400,400,0,0.690388403647307,0.9945349603515622,0.6933554338395144,100.0,100.0,NONE
cotop_final_2026_01,attempt_001,grid_200m_w40_seed48_wo_tp,realization_grid_200m_w40_seed48,wo_tp,grid_200m,40,10,48,e8cba553cad2e193c8ac5b112cf938bd532ed2f4,9885c1b7b396aa6c99cefbd5114379d2dc4f5ab8b37d4e5ac7d376cd255d20bc,f427576914ea7ca656124ae7ff36b93d7288234820e3ea2bb220f661475f3562,ca4234a37e1ddb74b4984377f09844b46d92c8a8e164dffa68b56dfc079c40b4,f5b22778c21031bc99e5326ef2b146f2cda1d0c4cb2818d3c55d4dc50d004b57,2026-09-05T06:26:58.899331+00:00,SUCCESS,400,400,0,0.6660599081487494,1.0540234732559726,1.5244558446256449,100.0,100.0,NONE
cotop_final_2026_01,attempt_001,grid_200m_w40_seed48_wo_co,realization_grid_200m_w40_seed48,wo_co,grid_200m,40,10,48,e8cba553cad2e193c8ac5b112cf938bd532ed2f4,9885c1b7b396aa6c99cefbd5114379d2dc4f5ab8b37d4e5ac7d376cd255d20bc,f427576914ea7ca656124ae7ff36b93d7288234820e3ea2bb220f661475f3562,ca4234a37e1ddb74b4984377f09844b46d92c8a8e164dffa68b56dfc079c40b4,f5b22778c21031bc99e5326ef2b146f2cda1d0c4cb2818d3c55d4dc50d004b57,2026-09-05T06:26:59.761494+00:00,SUCCESS,400,400,0,0.7039272983511554,0.9945349603515622,0.29683573174232014,100.0,0.0,NONE
cotop_final_2026_01,attempt_001,grid_200m_w40_seed49_CoTOP,realization_grid_200m_w40_seed49,CoTOP,grid_200m,40,10,49,e8cba553cad2e193c8ac5b112cf938bd532ed2f4,9885c1b7b396aa6c99cefbd5114379d2dc4f5ab8b37d4e5ac7d376cd255d20bc,f427576914ea7ca656124ae7ff36b93d7288234820e3ea2bb220f661475f3562,520d520ae3bbc737b1316fdab166ef2f83215639f502dad6f65ba9652a515d54,f5b22778c21031bc99e5326ef2b146f2cda1d0c4cb2818d3c55d4dc50d004b57,2026-09-05T06:27:00.584004+00:00,SUCCESS,400,400,0,0.6870040849953508,1.0106054515558465,0.8592961619352647,100.0,100.0,NONE
cotop_final_2026_01,attempt_001,grid_200m_w40_seed49_DDQN,realization_grid_200m_w40_seed49,DDQN,grid_200m,40,10,49,e8cba553cad2e193c8ac5b112cf938bd532ed2f4,9885c1b7b396aa6c99cefbd5114379d2dc4f5ab8b37d4e5ac7d376cd255d20bc,f427576914ea7ca656124ae7ff36b93d7288234820e3ea2bb220f661475f3562,520d520ae3bbc737b1316fdab166ef2f83215639f502dad6f65ba9652a515d54,f5b22778c21031bc99e5326ef2b146f2cda1d0c4cb2818d3c55d4dc50d004b57,2026-09-05T06:27:01.409743+00:00,SUCCESS,400,400,0,0.6746597640788699,1.0041387814368252,0.7858135351774981,100.0,45.25,NONE
cotop_final_2026_01,attempt_001,grid_200m_w40_seed49_Local,realization_grid_200m_w40_seed49,Local,grid_200m,40,10,49,e8cba553cad2e193c8ac5b112cf938bd532ed2f4,9885c1b7b396aa6c99cefbd5114379d2dc4f5ab8b37d4e5ac7d376cd255d20bc,f427576914ea7ca656124ae7ff36b93d7288234820e3ea2bb220f661475f3562,520d520ae3bbc737b1316fdab166ef2f83215639f502dad6f65ba9652a515d54,f5b22778c21031bc99e5326ef2b146f2cda1d0c4cb2818d3c55d4dc50d004b57,2026-09-05T06:27:02.305767+00:00,SUCCESS,400,400,0,0.6921664831676081,1.0126436419476714,0.2779914716384322,100.0,0.0,NONE
cotop_final_2026_01,attempt_001,grid_200m_w40_seed49_Greedy,realization_grid_200m_w40_seed49,Greedy,grid_200m,40,10,49,e8cba553cad2e193c8ac5b112cf938bd532ed2f4,9885c1b7b396aa6c99cefbd5114379d2dc4f5ab8b37d4e5ac7d376cd255d20bc,f427576914ea7ca656124ae7ff36b93d7288234820e3ea2bb220f661475f3562,520d520ae3bbc737b1316fdab166ef2f83215639f502dad6f65ba9652a515d54,f5b22778c21031bc99e5326ef2b146f2cda1d0c4cb2818d3c55d4dc50d004b57,2026-09-05T06:27:03.251300+00:00,SUCCESS,400,400,0,0.6250474300425866,0.994499471322146,3.0923508026196727,100.0,89.5,NONE
cotop_final_2026_01,attempt_001,grid_200m_w40_seed49_wo_md,realization_grid_200m_w40_seed49,wo_md,grid_200m,40,10,49,e8cba553cad2e193c8ac5b112cf938bd532ed2f4,9885c1b7b396aa6c99cefbd5114379d2dc4f5ab8b37d4e5ac7d376cd255d20bc,f427576914ea7ca656124ae7ff36b93d7288234820e3ea2bb220f661475f3562,520d520ae3bbc737b1316fdab166ef2f83215639f502dad6f65ba9652a515d54,f5b22778c21031bc99e5326ef2b146f2cda1d0c4cb2818d3c55d4dc50d004b57,2026-09-05T06:27:03.326309+00:00,SUCCESS,400,400,0,0.6796430414580896,1.0106054515558465,0.6648582683141047,100.0,100.0,NONE
cotop_final_2026_01,attempt_001,grid_200m_w40_seed49_wo_tp,realization_grid_200m_w40_seed49,wo_tp,grid_200m,40,10,49,e8cba553cad2e193c8ac5b112cf938bd532ed2f4,9885c1b7b396aa6c99cefbd5114379d2dc4f5ab8b37d4e5ac7d376cd255d20bc,f427576914ea7ca656124ae7ff36b93d7288234820e3ea2bb220f661475f3562,520d520ae3bbc737b1316fdab166ef2f83215639f502dad6f65ba9652a515d54,f5b22778c21031bc99e5326ef2b146f2cda1d0c4cb2818d3c55d4dc50d004b57,2026-09-05T06:27:04.232810+00:00,SUCCESS,400,400,0,0.659603586554624,1.0530621965432883,1.5087985702668683,100.0,100.0,NONE
cotop_final_2026_01,attempt_001,grid_200m_w40_seed49_wo_co,realization_grid_200m_w40_seed49,wo_co,grid_200m,40,10,49,e8cba553cad2e193c8ac5b112cf938bd532ed2f4,9885c1b7b396aa6c99cefbd5114379d2dc4f5ab8b37d4e5ac7d376cd255d20bc,f427576914ea7ca656124ae7ff36b93d7288234820e3ea2bb220f661475f3562,520d520ae3bbc737b1316fdab166ef2f83215639f502dad6f65ba9652a515d54,f5b22778c21031bc99e5326ef2b146f2cda1d0c4cb2818d3c55d4dc50d004b57,2026-09-05T06:27:05.035762+00:00,SUCCESS,400,400,0,0.6921664831676081,1.0126436419476714,0.2779914716384322,100.0,0.0,NONE
cotop_final_2026_01,attempt_001,grid_200m_w40_seed50_CoTOP,realization_grid_200m_w40_seed50,CoTOP,grid_200m,40,10,50,e8cba553cad2e193c8ac5b112cf938bd532ed2f4,9885c1b7b396aa6c99cefbd5114379d2dc4f5ab8b37d4e5ac7d376cd255d20bc,f427576914ea7ca656124ae7ff36b93d7288234820e3ea2bb220f661475f3562,2935f7bbcd16e13e00816d30d6c02af550db136b4ebfd9de36adfdf3b67ce31b,f5b22778c21031bc99e5326ef2b146f2cda1d0c4cb2818d3c55d4dc50d004b57,2026-09-05T06:27:05.928157+00:00,SUCCESS,400,400,0,0.707985095193591,1.0398681600315576,0.865286688109056,100.0,100.0,NONE
cotop_final_2026_01,attempt_001,grid_200m_w40_seed50_DDQN,realization_grid_200m_w40_seed50,DDQN,grid_200m,40,10,50,e8cba553cad2e193c8ac5b112cf938bd532ed2f4,9885c1b7b396aa6c99cefbd5114379d2dc4f5ab8b37d4e5ac7d376cd255d20bc,f427576914ea7ca656124ae7ff36b93d7288234820e3ea2bb220f661475f3562,2935f7bbcd16e13e00816d30d6c02af550db136b4ebfd9de36adfdf3b67ce31b,f5b22778c21031bc99e5326ef2b146f2cda1d0c4cb2818d3c55d4dc50d004b57,2026-09-05T06:27:06.781232+00:00,SUCCESS,400,400,0,0.6952496301347193,1.0377303180804651,0.8327421848948277,100.0,48.25,NONE
cotop_final_2026_01,attempt_001,grid_200m_w40_seed50_Local,realization_grid_200m_w40_seed50,Local,grid_200m,40,10,50,e8cba553cad2e193c8ac5b112cf938bd532ed2f4,9885c1b7b396aa6c99cefbd5114379d2dc4f5ab8b37d4e5ac7d376cd255d20bc,f427576914ea7ca656124ae7ff36b93d7288234820e3ea2bb220f661475f3562,2935f7bbcd16e13e00816d30d6c02af550db136b4ebfd9de36adfdf3b67ce31b,f5b22778c21031bc99e5326ef2b146f2cda1d0c4cb2818d3c55d4dc50d004b57,2026-09-05T06:27:07.628479+00:00,SUCCESS,400,400,0,0.7133075561301959,1.0398681600315576,0.28554284081001025,100.0,0.0,NONE
cotop_final_2026_01,attempt_001,grid_200m_w40_seed50_Greedy,realization_grid_200m_w40_seed50,Greedy,grid_200m,40,10,50,e8cba553cad2e193c8ac5b112cf938bd532ed2f4,9885c1b7b396aa6c99cefbd5114379d2dc4f5ab8b37d4e5ac7d376cd255d20bc,f427576914ea7ca656124ae7ff36b93d7288234820e3ea2bb220f661475f3562,2935f7bbcd16e13e00816d30d6c02af550db136b4ebfd9de36adfdf3b67ce31b,f5b22778c21031bc99e5326ef2b146f2cda1d0c4cb2818d3c55d4dc50d004b57,2026-09-05T06:27:08.534153+00:00,SUCCESS,400,400,0,0.645760509070475,1.0424942994071031,3.19029084710019,100.0,89.0,NONE
cotop_final_2026_01,attempt_001,grid_200m_w40_seed50_wo_md,realization_grid_200m_w40_seed50,wo_md,grid_200m,40,10,50,e8cba553cad2e193c8ac5b112cf938bd532ed2f4,9885c1b7b396aa6c99cefbd5114379d2dc4f5ab8b37d4e5ac7d376cd255d20bc,f427576914ea7ca656124ae7ff36b93d7288234820e3ea2bb220f661475f3562,2935f7bbcd16e13e00816d30d6c02af550db136b4ebfd9de36adfdf3b67ce31b,f5b22778c21031bc99e5326ef2b146f2cda1d0c4cb2818d3c55d4dc50d004b57,2026-09-05T06:27:08.610165+00:00,SUCCESS,400,400,0,0.7003879992151855,1.0398681600315576,0.6735345315998958,100.0,100.0,NONE
cotop_final_2026_01,attempt_001,grid_200m_w40_seed50_wo_tp,realization_grid_200m_w40_seed50,wo_tp,grid_200m,40,10,50,e8cba553cad2e193c8ac5b112cf938bd532ed2f4,9885c1b7b396aa6c99cefbd5114379d2dc4f5ab8b37d4e5ac7d376cd255d20bc,f427576914ea7ca656124ae7ff36b93d7288234820e3ea2bb220f661475f3562,2935f7bbcd16e13e00816d30d6c02af550db136b4ebfd9de36adfdf3b67ce31b,f5b22778c21031bc99e5326ef2b146f2cda1d0c4cb2818d3c55d4dc50d004b57,2026-09-05T06:27:09.622286+00:00,SUCCESS,400,400,0,0.6832927608502899,1.0828562839539635,1.6023866802474829,100.0,100.0,NONE
cotop_final_2026_01,attempt_001,grid_200m_w40_seed50_wo_co,realization_grid_200m_w40_seed50,wo_co,grid_200m,40,10,50,e8cba553cad2e193c8ac5b112cf938bd532ed2f4,9885c1b7b396aa6c99cefbd5114379d2dc4f5ab8b37d4e5ac7d376cd255d20bc,f427576914ea7ca656124ae7ff36b93d7288234820e3ea2bb220f661475f3562,2935f7bbcd16e13e00816d30d6c02af550db136b4ebfd9de36adfdf3b67ce31b,f5b22778c21031bc99e5326ef2b146f2cda1d0c4cb2818d3c55d4dc50d004b57,2026-09-05T06:27:10.439859+00:00,SUCCESS,400,400,0,0.7133075561301959,1.0398681600315576,0.28554284081001025,100.0,0.0,NONE
cotop_final_2026_01,attempt_001,grid_200m_w40_seed51_CoTOP,realization_grid_200m_w40_seed51,CoTOP,grid_200m,40,10,51,e8cba553cad2e193c8ac5b112cf938bd532ed2f4,9885c1b7b396aa6c99cefbd5114379d2dc4f5ab8b37d4e5ac7d376cd255d20bc,f427576914ea7ca656124ae7ff36b93d7288234820e3ea2bb220f661475f3562,b7a8ea985dca3da63d94fd151befdce1edba8e0781f15d85a9af43282be14305,f5b22778c21031bc99e5326ef2b146f2cda1d0c4cb2818d3c55d4dc50d004b57,2026-09-05T06:27:11.276505+00:00,SUCCESS,400,400,0,0.6930190889727906,1.052739585554435,0.8628964735940227,100.0,100.0,NONE
cotop_final_2026_01,attempt_001,grid_200m_w40_seed51_DDQN,realization_grid_200m_w40_seed51,DDQN,grid_200m,40,10,51,e8cba553cad2e193c8ac5b112cf938bd532ed2f4,9885c1b7b396aa6c99cefbd5114379d2dc4f5ab8b37d4e5ac7d376cd255d20bc,f427576914ea7ca656124ae7ff36b93d7288234820e3ea2bb220f661475f3562,b7a8ea985dca3da63d94fd151befdce1edba8e0781f15d85a9af43282be14305,f5b22778c21031bc99e5326ef2b146f2cda1d0c4cb2818d3c55d4dc50d004b57,2026-09-05T06:27:12.130982+00:00,SUCCESS,400,400,0,0.6843481694077951,1.0516234692032236,0.674912616073916,100.0,38.25,NONE
cotop_final_2026_01,attempt_001,grid_200m_w40_seed51_Local,realization_grid_200m_w40_seed51,Local,grid_200m,40,10,51,e8cba553cad2e193c8ac5b112cf938bd532ed2f4,9885c1b7b396aa6c99cefbd5114379d2dc4f5ab8b37d4e5ac7d376cd255d20bc,f427576914ea7ca656124ae7ff36b93d7288234820e3ea2bb220f661475f3562,b7a8ea985dca3da63d94fd151befdce1edba8e0781f15d85a9af43282be14305,f5b22778c21031bc99e5326ef2b146f2cda1d0c4cb2818d3c55d4dc50d004b57,2026-09-05T06:27:12.922282+00:00,SUCCESS,400,400,0,0.6979711799475364,1.052739585554435,0.27273618874121636,100.0,0.0,NONE
cotop_final_2026_01,attempt_001,grid_200m_w40_seed51_Greedy,realization_grid_200m_w40_seed51,Greedy,grid_200m,40,10,51,e8cba553cad2e193c8ac5b112cf938bd532ed2f4,9885c1b7b396aa6c99cefbd5114379d2dc4f5ab8b37d4e5ac7d376cd255d20bc,f427576914ea7ca656124ae7ff36b93d7288234820e3ea2bb220f661475f3562,b7a8ea985dca3da63d94fd151befdce1edba8e0781f15d85a9af43282be14305,f5b22778c21031bc99e5326ef2b146f2cda1d0c4cb2818d3c55d4dc50d004b57,2026-09-05T06:27:13.747629+00:00,SUCCESS,400,400,0,0.6347971873021009,1.0412431300161062,3.1683849964044803,100.0,90.0,NONE
cotop_final_2026_01,attempt_001,grid_200m_w40_seed51_wo_md,realization_grid_200m_w40_seed51,wo_md,grid_200m,40,10,51,e8cba553cad2e193c8ac5b112cf938bd532ed2f4,9885c1b7b396aa6c99cefbd5114379d2dc4f5ab8b37d4e5ac7d376cd255d20bc,f427576914ea7ca656124ae7ff36b93d7288234820e3ea2bb220f661475f3562,b7a8ea985dca3da63d94fd151befdce1edba8e0781f15d85a9af43282be14305,f5b22778c21031bc99e5326ef2b146f2cda1d0c4cb2818d3c55d4dc50d004b57,2026-09-05T06:27:13.812487+00:00,SUCCESS,400,400,0,0.6861495228759782,1.052739585554435,0.6674511578307076,100.0,100.0,NONE
cotop_final_2026_01,attempt_001,grid_200m_w40_seed51_wo_tp,realization_grid_200m_w40_seed51,wo_tp,grid_200m,40,10,51,e8cba553cad2e193c8ac5b112cf938bd532ed2f4,9885c1b7b396aa6c99cefbd5114379d2dc4f5ab8b37d4e5ac7d376cd255d20bc,f427576914ea7ca656124ae7ff36b93d7288234820e3ea2bb220f661475f3562,b7a8ea985dca3da63d94fd151befdce1edba8e0781f15d85a9af43282be14305,f5b22778c21031bc99e5326ef2b146f2cda1d0c4cb2818d3c55d4dc50d004b57,2026-09-05T06:27:14.654280+00:00,SUCCESS,400,400,0,0.6700874589132237,1.0946506481290599,1.5619643443368216,100.0,100.0,NONE
cotop_final_2026_01,attempt_001,grid_200m_w40_seed51_wo_co,realization_grid_200m_w40_seed51,wo_co,grid_200m,40,10,51,e8cba553cad2e193c8ac5b112cf938bd532ed2f4,9885c1b7b396aa6c99cefbd5114379d2dc4f5ab8b37d4e5ac7d376cd255d20bc,f427576914ea7ca656124ae7ff36b93d7288234820e3ea2bb220f661475f3562,b7a8ea985dca3da63d94fd151befdce1edba8e0781f15d85a9af43282be14305,f5b22778c21031bc99e5326ef2b146f2cda1d0c4cb2818d3c55d4dc50d004b57,2026-09-05T06:27:15.434206+00:00,SUCCESS,400,400,0,0.6979711799475364,1.052739585554435,0.27273618874121636,100.0,0.0,NONE
