run_id,algorithm,scenario,workload,seed,status,realization_sha256,checkpoint_sha256,git_sha,tasks_generated,tasks_completed,tasks_failed,completion_ratio,mean_delay_s,std_delay_s,mean_energy_j,std_energy_j,comm_delay_s,comp_delay_s,wait_delay_s,comm_energy_j,comp_energy_j,local_energy_j,r2r_energy_j,total_reward,fail_deadlines,fail_coverages,fail_duals,fail_departures,param_immutable
corridor_2400m_CoTOP_w20_seed42,CoTOP,corridor_2400m,w20,42,COMPLETED,f06fda410fdea551aae2cc024389d8de42630a73f2d504a19ec1fb4b747224a6,N/A,441296f18f1eddf09c399ac1840827d5a48b034d,200,193,7,0.965,2.0739186676163177,1.6259602071781107,4.204020742970283,5.6567801194085465,2.023243285214282,0.005525520079639932,0.04514986232239623,1.6816082971881137,1.6816082971881137,0.0,0.8408041485940568,-1248.5872942564054,0,7,0,0,True
corridor_2400m_DDQN_w20_seed42,DDQN,corridor_2400m,w20,42,COMPLETED,f06fda410fdea551aae2cc024389d8de42630a73f2d504a19ec1fb4b747224a6,de20ba23342bb0ae73c8d3f178fd38b46f4b14e100371a0925090f674a656827,441296f18f1eddf09c399ac1840827d5a48b034d,200,193,7,0.965,2.067412322037985,1.5967165918143997,6.754210396144597,4.495989105998534,2.0487451817460247,0.005239927184714474,0.013427213107246008,2.716917974561817,2.692543868795452,0.030467632207955696,1.3447485527873284,-1533.8413522386797,0,7,0,0,True
corridor_2400m_Greedy_w20_seed42,Greedy,corridor_2400m,w20,42,COMPLETED,f06fda410fdea551aae2cc024389d8de42630a73f2d504a19ec1fb4b747224a6,N/A,441296f18f1eddf09c399ac1840827d5a48b034d,200,193,7,0.965,2.0639223869258982,1.6021033393181292,7.219614589600078,4.246780889457983,2.0533992236805796,0.005077889436744444,0.005445273808574382,2.9094220852795956,2.874900086176293,0.043152498879128955,1.4352924181441897,-1570.1725422575541,0,7,0,0,True
corridor_2400m_Local_w20_seed42,Local,corridor_2400m,w20,42,COMPLETED,f06fda410fdea551aae2cc024389d8de42630a73f2d504a19ec1fb4b747224a6,N/A,441296f18f1eddf09c399ac1840827d5a48b034d,200,193,7,0.965,2.04136596953117,1.6007613612684821,0.3000039329119527,0.13085438818998724,1.9842031171136982,0.005603238034816316,0.05155961438265527,0.27000353962075746,0.030000393291195273,0.3000039329119527,0.0,-911.9519707449458,0,7,0,0,True
corridor_2400m_CoTOP_w20_seed43,CoTOP,corridor_2400m,w20,43,COMPLETED,52a594aa777255afb0bda1c2b2373e272cbf926223556329585fd800730c4604,N/A,441296f18f1eddf09c399ac1840827d5a48b034d,200,196,4,0.98,2.0483372359509393,1.5357727565410562,4.487671864827666,5.404077141819798,1.9880795055063043,0.005156719127863784,0.05510101131677107,1.7999954601603279,1.7921127173935103,0.009853428458521931,0.8955636872738291,-1009.1714545924098,0,4,0,0,True
corridor_2400m_DDQN_w20_seed43,DDQN,corridor_2400m,w20,43,COMPLETED,52a594aa777255afb0bda1c2b2373e272cbf926223556329585fd800730c4604,72d303cc45b87f6f977aaefe0ce39f7ea88480788659d53d8c4e79d0fe715f81,441296f18f1eddf09c399ac1840827d5a48b034d,200,197,3,0.985,2.0150287015993347,1.521538352365241,0.5004116758119302,1.7381496063880895,1.9482069036161471,0.005365202370364963,0.06145659561282285,0.3022774925671707,0.13889697697933298,0.2042256444847971,0.05923720626542663,-520.7522579591515,0,3,0,0,True
corridor_2400m_Greedy_w20_seed43,Greedy,corridor_2400m,w20,43,COMPLETED,52a594aa777255afb0bda1c2b2373e272cbf926223556329585fd800730c4604,N/A,441296f18f1eddf09c399ac1840827d5a48b034d,200,196,4,0.98,2.027646799359078,1.522543061182025,6.972160994082484,4.0232972964019025,2.012924396798853,0.004542068131136639,0.010180334429088438,2.803364405936635,2.780164392650809,0.029000016607283,1.38863219549504,-1261.2636810156353,0,4,0,0,True
corridor_2400m_Local_w20_seed43,Local,corridor_2400m,w20,43,COMPLETED,52a594aa777255afb0bda1c2b2373e272cbf926223556329585fd800730c4604,N/A,441296f18f1eddf09c399ac1840827d5a48b034d,200,197,3,0.985,2.0142848110771028,1.5179204708260896,0.28772091847867637,0.12512268667482823,1.9460799960428148,0.005365202370364963,0.06283961266392332,0.2589488266308087,0.028772091847867637,0.28772091847867637,0.0,-520.86977790039,0,3,0,0,True
corridor_2400m_CoTOP_w20_seed44,CoTOP,corridor_2400m,w20,44,COMPLETED,805b00e6ec8c010f4a340d5e45c5cce35fc48264d889b507bc198891b5bf460f,N/A,441296f18f1eddf09c399ac1840827d5a48b034d,200,198,2,0.99,2.0136399248285675,1.490871959400442,8.081912015403205,2.9542430413208765,1.9761235781035145,0.0047102100434753685,0.03280613668157737,3.2327648061612813,3.2327648061612813,0.0,1.6163824030806406,-1193.8699653589285,0,2,0,0,True
corridor_2400m_DDQN_w20_seed44,DDQN,corridor_2400m,w20,44,COMPLETED,805b00e6ec8c010f4a340d5e45c5cce35fc48264d889b507bc198891b5bf460f,2e333f94fcf21dd963780b5b64b92544b0dd1cfe46a56a6d2f91d76702be8767,441296f18f1eddf09c399ac1840827d5a48b034d,200,198,2,0.99,1.9541988447331482,1.5027881265989362,0.4914505964427496,1.5119670177757931,1.9002189639139102,0.005206798008675819,0.04877308281056216,0.30186039313114205,0.1334121458446745,0.21056030910808443,0.05617805746693303,-427.82791860681294,0,2,0,0,True
corridor_2400m_Greedy_w20_seed44,Greedy,corridor_2400m,w20,44,COMPLETED,805b00e6ec8c010f4a340d5e45c5cce35fc48264d889b507bc198891b5bf460f,N/A,441296f18f1eddf09c399ac1840827d5a48b034d,200,198,2,0.99,1.9795849138682236,1.5043875650815353,7.095644216818511,4.077755081902075,1.9662609001176679,0.004722459862617795,0.008601553887937683,2.85728868775093,2.826839086113289,0.03806200204705096,1.4115164429542921,-1087.6779924984828,0,2,0,0,True
corridor_2400m_Local_w20_seed44,Local,corridor_2400m,w20,44,COMPLETED,805b00e6ec8c010f4a340d5e45c5cce35fc48264d889b507bc198891b5bf460f,N/A,441296f18f1eddf09c399ac1840827d5a48b034d,200,198,2,0.99,1.9523747220594847,1.4995347769921872,0.27932087710099596,0.13295060860376365,1.8980976667204925,0.005206798008675819,0.04907025733031627,0.25138878939089637,0.0279320877100996,0.27932087710099596,0.0,-417.00316434646055,0,2,0,0,True
corridor_2400m_CoTOP_w20_seed45,CoTOP,corridor_2400m,w20,45,COMPLETED,b09d0411e658043b9e5b6039b0a7de65796ce3152226026f3be0f28f44a74fd7,N/A,441296f18f1eddf09c399ac1840827d5a48b034d,200,195,5,0.975,1.9634501201343495,1.5568039857415932,7.21212839454542,3.980476590720736,1.9279400231317902,0.005431297605323142,0.030078799397235966,2.8848513578181683,2.8848513578181683,0.0,1.4424256789090841,-1370.6833749322773,0,5,0,0,True
corridor_2400m_DDQN_w20_seed45,DDQN,corridor_2400m,w20,45,COMPLETED,b09d0411e658043b9e5b6039b0a7de65796ce3152226026f3be0f28f44a74fd7,f176c0ff7ee00bcef65f53d1676e94ee7e2a7701fe11d01c16252d5655b11c6b,441296f18f1eddf09c399ac1840827d5a48b034d,200,197,3,0.985,1.9196450711606545,1.551706896868902,0.3917857455477632,1.1563708446297998,1.8597365966418136,0.005822931283983654,0.05408554323485714,0.24836082629888565,0.10172638137123709,0.18329305615956074,0.0416985378776405,-513.4105781359284,0,3,0,0,True
corridor_2400m_Greedy_w20_seed45,Greedy,corridor_2400m,w20,45,COMPLETED,b09d0411e658043b9e5b6039b0a7de65796ce3152226026f3be0f28f44a74fd7,N/A,441296f18f1eddf09c399ac1840827d5a48b034d,200,195,5,0.975,1.9367112387364558,1.5556676315173517,6.817272554475994,4.558646295546823,1.9239914647310956,0.005284814553739077,0.00743495945162076,2.749979912646275,2.7130664872768726,0.04614178171175315,1.3542261545528484,-1330.4373040690582,0,5,0,0,True
corridor_2400m_Local_w20_seed45,Local,corridor_2400m,w20,45,COMPLETED,b09d0411e658043b9e5b6039b0a7de65796ce3152226026f3be0f28f44a74fd7,N/A,441296f18f1eddf09c399ac1840827d5a48b034d,200,197,3,0.985,1.9188162638139676,1.5499149738738756,0.30973572516356246,0.1351121996727163,1.8589160964379716,0.005822931283983654,0.05407723609201222,0.2787621526472062,0.03097357251635625,0.30973572516356246,0.0,-513.4080859930748,0,3,0,0,True
corridor_2400m_CoTOP_w20_seed46,CoTOP,corridor_2400m,w20,46,COMPLETED,04ef7c838e8795c5894976cdfac799704524a1893e32ae121dae50ab5b3d7343,N/A,441296f18f1eddf09c399ac1840827d5a48b034d,200,195,5,0.975,2.0033232102668457,1.5883399074659927,0.9790262851806599,2.1202968763480854,1.9565734581776781,0.005436430295049743,0.04131332179411826,0.5233129242023915,0.3125890679941875,0.26340482026025497,0.14312429298408103,-782.5627514125423,0,5,0,0,True
corridor_2400m_DDQN_w20_seed46,DDQN,corridor_2400m,w20,46,COMPLETED,04ef7c838e8795c5894976cdfac799704524a1893e32ae121dae50ab5b3d7343,8597ebddba8abbdac22b529d924d9eb734f59acde10870b8f33ba523c4f05728,441296f18f1eddf09c399ac1840827d5a48b034d,200,196,4,0.98,2.007772172655569,1.5920883157302796,0.6366216044294658,2.1615022050832122,1.953149411370166,0.005513399672687262,0.04910936161271561,0.34676282983562584,0.19938012893348264,0.18422837612767895,0.09047864566035738,-622.7381709837745,0,4,0,0,True
corridor_2400m_Greedy_w20_seed46,Greedy,corridor_2400m,w20,46,COMPLETED,04ef7c838e8795c5894976cdfac799704524a1893e32ae121dae50ab5b3d7343,N/A,441296f18f1eddf09c399ac1840827d5a48b034d,200,195,5,0.975,2.033224125426783,1.5898523494828258,7.238843651456364,4.390052321220262,2.0191716318404347,0.005009230984693489,0.0090432626016543,2.9169065529305853,2.8827160051737213,0.04273818469607932,1.4392210933520568,-1386.733386168425,0,5,0,0,True
corridor_2400m_Local_w20_seed46,Local,corridor_2400m,w20,46,COMPLETED,04ef7c838e8795c5894976cdfac799704524a1893e32ae121dae50ab5b3d7343,N/A,441296f18f1eddf09c399ac1840827d5a48b034d,200,195,5,0.975,2.0066860568603,1.5875317390438433,0.2951673323208539,0.13919519771579633,1.94973486864908,0.005513399672687262,0.051437788538533,0.26565059908876854,0.029516733232085396,0.2951673323208539,0.0,-714.5131407859071,0,5,0,0,True
corridor_2400m_CoTOP_w20_seed47,CoTOP,corridor_2400m,w20,47,COMPLETED,50af9e828670c1407dcb0ebe449032456bdc6adca8450a9be42aec0f04c41523,N/A,441296f18f1eddf09c399ac1840827d5a48b034d,200,199,1,0.995,1.879644882768684,1.437021196948317,7.812539537215725,3.2118293397705218,1.855157605029773,0.005052732585110174,0.019434545153800883,3.1250158148862903,3.1250158148862903,0.0,1.5625079074431452,-1062.1330329728662,0,1,0,0,True
corridor_2400m_DDQN_w20_seed47,DDQN,corridor_2400m,w20,47,COMPLETED,50af9e828670c1407dcb0ebe449032456bdc6adca8450a9be42aec0f04c41523,N/A,441296f18f1eddf09c399ac1840827d5a48b034d,200,199,1,0.995,1.879644882768684,1.437021196948317,7.812539537215725,3.2118293397705218,1.855157605029773,0.005052732585110174,0.019434545153800883,3.1250158148862903,3.1250158148862903,0.0,1.5625079074431452,-1062.1330329728662,0,1,0,0,True
corridor_2400m_Greedy_w20_seed47,Greedy,corridor_2400m,w20,47,COMPLETED,50af9e828670c1407dcb0ebe449032456bdc6adca8450a9be42aec0f04c41523,N/A,441296f18f1eddf09c399ac1840827d5a48b034d,200,199,1,0.995,1.8585277370927147,1.4439700628731735,7.08463884601108,4.28894285711557,1.8478785981177261,0.005066930141875854,0.005582208833112415,2.854663170738163,2.8213709590041947,0.04161526466746049,1.4086047162687243,-984.2401777658536,0,1,0,0,True
corridor_2400m_Local_w20_seed47,Local,corridor_2400m,w20,47,COMPLETED,50af9e828670c1407dcb0ebe449032456bdc6adca8450a9be42aec0f04c41523,N/A,441296f18f1eddf09c399ac1840827d5a48b034d,200,199,1,0.995,1.8388560623367396,1.4422531630361688,0.2982780014759372,0.13823388470090692,1.780014989672375,0.005609557031584269,0.053231515632780474,0.2684502013283435,0.02982780014759372,0.2982780014759372,0.0,-310.6450545613833,0,1,0,0,True
corridor_2400m_CoTOP_w20_seed48,CoTOP,corridor_2400m,w20,48,COMPLETED,9757e1a7d84034e343dc030c3e6c8a5c6860300a600f680f82b581bd2d517bff,N/A,441296f18f1eddf09c399ac1840827d5a48b034d,200,196,4,0.98,2.028109517036401,1.476554191224159,7.385454552109888,4.7934635753275,1.9989952614748399,0.0053187490727077714,0.023795506488853826,2.954181820843955,2.954181820843955,0.0,1.4770909104219776,-1318.6323530497216,0,4,0,0,True
corridor_2400m_DDQN_w20_seed48,DDQN,corridor_2400m,w20,48,COMPLETED,9757e1a7d84034e343dc030c3e6c8a5c6860300a600f680f82b581bd2d517bff,N/A,441296f18f1eddf09c399ac1840827d5a48b034d,200,196,4,0.98,2.028109517036401,1.476554191224159,7.385454552109888,4.7934635753275,1.9989952614748399,0.0053187490727077714,0.023795506488853826,2.954181820843955,2.954181820843955,0.0,1.4770909104219776,-1318.6323530497216,0,4,0,0,True
corridor_2400m_Greedy_w20_seed48,Greedy,corridor_2400m,w20,48,COMPLETED,9757e1a7d84034e343dc030c3e6c8a5c6860300a600f680f82b581bd2d517bff,N/A,441296f18f1eddf09c399ac1840827d5a48b034d,200,196,4,0.98,2.011337301883653,1.4979702885359134,7.463506249964748,4.34460570360434,1.9997757784533883,0.005351054731471341,0.006210468698793558,3.009731093805887,2.9708053436939075,0.04865718763997506,1.4829698124649549,-1308.4931025076853,0,4,0,0,True
corridor_2400m_Local_w20_seed48,Local,corridor_2400m,w20,48,COMPLETED,9757e1a7d84034e343dc030c3e6c8a5c6860300a600f680f82b581bd2d517bff,N/A,441296f18f1eddf09c399ac1840827d5a48b034d,200,196,4,0.98,1.991701198509607,1.4925906695770013,0.31433697452170045,0.13205710633924692,1.9282840856989578,0.0059010826732942175,0.0575160301373549,0.28290327706953045,0.031433697452170055,0.31433697452170045,0.0,-618.2248416963132,0,4,0,0,True
corridor_2400m_CoTOP_w20_seed49,CoTOP,corridor_2400m,w20,49,COMPLETED,9d50cb88a164bf17221658f0a03647330463f75de2718ebb6db631731380901a,N/A,441296f18f1eddf09c399ac1840827d5a48b034d,200,199,1,0.995,1.9400471374969528,1.5274693792498615,6.141556662845617,5.403701479610513,1.8859567216157707,0.004858039178110964,0.049232376703071436,2.4566226651382466,2.4566226651382466,0.0,1.2283113325691233,-904.9638179730122,0,1,0,0,True
corridor_2400m_DDQN_w20_seed49,DDQN,corridor_2400m,w20,49,COMPLETED,9d50cb88a164bf17221658f0a03647330463f75de2718ebb6db631731380901a,N/A,441296f18f1eddf09c399ac1840827d5a48b034d,200,199,1,0.995,1.9400471374969528,1.5274693792498615,6.141556662845617,5.403701479610513,1.8859567216157707,0.004858039178110964,0.049232376703071436,2.4566226651382466,2.4566226651382466,0.0,1.2283113325691233,-904.9638179730122,0,1,0,0,True
corridor_2400m_Greedy_w20_seed49,Greedy,corridor_2400m,w20,49,COMPLETED,9d50cb88a164bf17221658f0a03647330463f75de2718ebb6db631731380901a,N/A,441296f18f1eddf09c399ac1840827d5a48b034d,200,199,1,0.995,1.9031830317458007,1.5490909973256857,6.66648020626578,4.001594150197532,1.8912059570499724,0.00488953459756534,0.0070875400982632905,2.6878778303043442,2.6538206338274932,0.04257149559606386,1.3247817421339434,-947.6422914360812,0,1,0,0,True
corridor_2400m_Local_w20_seed49,Local,corridor_2400m,w20,49,COMPLETED,9d50cb88a164bf17221658f0a03647330463f75de2718ebb6db631731380901a,N/A,441296f18f1eddf09c399ac1840827d5a48b034d,200,199,1,0.995,1.8836514510679923,1.546865814777169,0.2903219639375891,0.1276662380499375,1.8274443746266906,0.005440950403826444,0.05076612603747543,0.26128976754383015,0.02903219639375891,0.2903219639375891,0.0,-314.21568853875755,0,1,0,0,True
corridor_2400m_CoTOP_w20_seed50,CoTOP,corridor_2400m,w20,50,COMPLETED,849bbd6262223a1eaf11801a36215c5bcc20e3ebaceaab44474c99a38821e3d9,N/A,441296f18f1eddf09c399ac1840827d5a48b034d,200,196,4,0.98,1.9818017494852098,1.654375014005952,4.6116175406370425,5.260967848210197,1.955905701199574,0.005256415599880846,0.020639632685755183,1.8909855610207655,1.816843889395248,0.09267708953189686,0.9037880902210291,-1040.1600871961716,0,4,0,0,True
corridor_2400m_DDQN_w20_seed50,DDQN,corridor_2400m,w20,50,COMPLETED,849bbd6262223a1eaf11801a36215c5bcc20e3ebaceaab44474c99a38821e3d9,N/A,441296f18f1eddf09c399ac1840827d5a48b034d,200,196,4,0.98,1.9818017494852098,1.654375014005952,4.6116175406370425,5.260967848210197,1.955905701199574,0.005256415599880846,0.020639632685755183,1.8909855610207655,1.816843889395248,0.09267708953189686,0.9037880902210291,-1040.1600871961716,0,4,0,0,True
corridor_2400m_Greedy_w20_seed50,Greedy,corridor_2400m,w20,50,COMPLETED,849bbd6262223a1eaf11801a36215c5bcc20e3ebaceaab44474c99a38821e3d9,N/A,441296f18f1eddf09c399ac1840827d5a48b034d,200,196,4,0.98,1.9933002631589094,1.6579896951006703,7.281043052326202,4.228758886443408,1.9825999563164656,0.005013913144636712,0.005686393697806903,2.9322778020579108,2.900500872254024,0.039721162254858104,1.448264378014269,-1287.055499740578,0,4,0,0,True
corridor_2400m_Local_w20_seed50,Local,corridor_2400m,w20,50,COMPLETED,849bbd6262223a1eaf11801a36215c5bcc20e3ebaceaab44474c99a38821e3d9,N/A,441296f18f1eddf09c399ac1840827d5a48b034d,200,196,4,0.98,1.9717430211430735,1.6561640468185554,0.2983260109730319,0.1273792313128623,1.912772785902934,0.005583965662280052,0.05338626957785996,0.26849340987572873,0.029832601097303194,0.2983260109730319,0.0,-614.1353026630416,0,4,0,0,True
corridor_2400m_CoTOP_w20_seed51,CoTOP,corridor_2400m,w20,51,COMPLETED,2935371bd9ebe8c927b5d43ef91fe24e1c705a78645f3886de56da3ef04b4230,N/A,441296f18f1eddf09c399ac1840827d5a48b034d,200,199,1,0.995,2.085536377717744,1.545858624060823,7.962968113379389,3.723099992619089,2.0408746816903274,0.004897090595957362,0.039764605431459835,3.1851872453517545,3.1851872453517545,0.0,1.5925936226758772,-1097.8713238518833,0,1,0,0,True
corridor_2400m_DDQN_w20_seed51,DDQN,corridor_2400m,w20,51,COMPLETED,2935371bd9ebe8c927b5d43ef91fe24e1c705a78645f3886de56da3ef04b4230,N/A,441296f18f1eddf09c399ac1840827d5a48b034d,200,199,1,0.995,2.085536377717744,1.545858624060823,7.962968113379389,3.723099992619089,2.0408746816903274,0.004897090595957362,0.039764605431459835,3.1851872453517545,3.1851872453517545,0.0,1.5925936226758772,-1097.8713238518833,0,1,0,0,True
corridor_2400m_Greedy_w20_seed51,Greedy,corridor_2400m,w20,51,COMPLETED,2935371bd9ebe8c927b5d43ef91fe24e1c705a78645f3886de56da3ef04b4230,N/A,441296f18f1eddf09c399ac1840827d5a48b034d,200,199,1,0.995,2.044608269169775,1.5553554133672407,6.9881344285237414,4.265048555342294,2.0311263448417707,0.004892367641616871,0.008589556686387745,2.8171849642696394,2.782095055693411,0.0438623857202856,1.3888544085606913,-994.4216363175441,0,1,0,0,True
corridor_2400m_Local_w20_seed51,Local,corridor_2400m,w20,51,COMPLETED,2935371bd9ebe8c927b5d43ef91fe24e1c705a78645f3886de56da3ef04b4230,N/A,441296f18f1eddf09c399ac1840827d5a48b034d,200,200,0,1.0,2.021490937288677,1.553860271357261,0.29395924224863185,0.13335623697099067,1.9641845929790194,0.005486347926376834,0.05181999638328101,0.26456331802376865,0.02939592422486319,0.29395924224863185,0.0,-231.54501795373088,0,0,0,0,True
corridor_2400m_CoTOP_w30_seed42,CoTOP,corridor_2400m,w30,42,COMPLETED,9aac6a3cd75c839bda90bca65a2422b6d8fec6298bb8a34b9bc77fa056ceefc1,N/A,441296f18f1eddf09c399ac1840827d5a48b034d,300,299,1,0.9966666666666667,2.039643836320144,1.540015155316747,4.39658087802512,4.993797952555566,2.000279419367278,0.005460271120743294,0.03390414583212265,1.7842503161059828,1.7432615722724867,0.05123592979187032,0.8690689896466498,-1054.2865822160431,0,1,0,0,True
corridor_2400m_DDQN_w30_seed42,DDQN,corridor_2400m,w30,42,COMPLETED,9aac6a3cd75c839bda90bca65a2422b6d8fec6298bb8a34b9bc77fa056ceefc1,N/A,441296f18f1eddf09c399ac1840827d5a48b034d,300,299,1,0.9966666666666667,2.039643836320144,1.540015155316747,4.39658087802512,4.993797952555566,2.000279419367278,0.005460271120743294,0.03390414583212265,1.7842503161059828,1.7432615722724867,0.05123592979187032,0.8690689896466498,-1054.2865822160431,0,1,0,0,True
corridor_2400m_Greedy_w30_seed42,Greedy,corridor_2400m,w30,42,COMPLETED,9aac6a3cd75c839bda90bca65a2422b6d8fec6298bb8a34b9bc77fa056ceefc1,N/A,441296f18f1eddf09c399ac1840827d5a48b034d,300,299,1,0.9966666666666667,2.045848323814554,1.5287500641774106,7.467528755857169,4.17190267804115,2.0309888981455995,0.005137143850738155,0.00972228181821721,3.007783246536624,2.9745484558266133,0.04154348838751319,1.4851970534939312,-1517.7525156575225,0,1,0,0,True
corridor_2400m_Local_w30_seed42,Local,corridor_2400m,w30,42,COMPLETED,9aac6a3cd75c839bda90bca65a2422b6d8fec6298bb8a34b9bc77fa056ceefc1,N/A,441296f18f1eddf09c399ac1840827d5a48b034d,300,299,1,0.9966666666666667,2.044980318823019,1.5197447594656217,0.30344480755071,0.12690196454359715,1.9593480586625345,0.005677026539281694,0.07995523362120248,0.27310032679563906,0.030344480755071002,0.30344480755071,0.0,-449.1814904379938,0,1,0,0,True
corridor_2400m_CoTOP_w30_seed43,CoTOP,corridor_2400m,w30,43,COMPLETED,dae3ddc2916c97039addccf0b7ccd98e3d3141fddfd1075e2f18653b1861069b,N/A,441296f18f1eddf09c399ac1840827d5a48b034d,300,294,6,0.98,2.1458434481347526,1.5539860931704201,7.728053286802709,2.8132101670512246,2.0518736693539883,0.0045080630182103,0.089461715762554,3.091221314721084,3.091221314721084,0.0,1.545610657360542,-2033.6563830453542,0,6,0,0,True
corridor_2400m_DDQN_w30_seed43,DDQN,corridor_2400m,w30,43,COMPLETED,dae3ddc2916c97039addccf0b7ccd98e3d3141fddfd1075e2f18653b1861069b,N/A,441296f18f1eddf09c399ac1840827d5a48b034d,300,294,6,0.98,2.1458434481347526,1.5539860931704201,7.728053286802709,2.8132101670512246,2.0518736693539883,0.0045080630182103,0.089461715762554,3.091221314721084,3.091221314721084,0.0,1.545610657360542,-2033.6563830453542,0,6,0,0,True
corridor_2400m_Greedy_w30_seed43,Greedy,corridor_2400m,w30,43,COMPLETED,dae3ddc2916c97039addccf0b7ccd98e3d3141fddfd1075e2f18653b1861069b,N/A,441296f18f1eddf09c399ac1840827d5a48b034d,300,295,5,0.9833333333333333,2.064162609782818,1.5824069115536044,6.89360305732517,4.047792847005875,2.0435291670592135,0.004523084245527884,0.01611035847807707,2.775868402819567,2.7463849149963693,0.03685435977899766,1.3713497395092347,-1799.0595646753015,0,5,0,0,True
corridor_2400m_Local_w30_seed43,Local,corridor_2400m,w30,43,COMPLETED,dae3ddc2916c97039addccf0b7ccd98e3d3141fddfd1075e2f18653b1861069b,N/A,441296f18f1eddf09c399ac1840827d5a48b034d,300,296,4,0.9866666666666667,2.075603248523065,1.5776184802311173,0.2860084749388137,0.12911601275088727,1.9774532212353495,0.0053246788545292046,0.09282534843318622,0.25740762744493234,0.028600847493881372,0.2860084749388137,0.0,-741.534328840513,0,4,0,0,True
corridor_2400m_CoTOP_w30_seed44,CoTOP,corridor_2400m,w30,44,COMPLETED,2e7215839ff41c4f9bd7cd524a428cb532657965c2eaabbe5ac5e5a3e39e93e3,N/A,441296f18f1eddf09c399ac1840827d5a48b034d,300,295,5,0.9833333333333333,2.0038374840505497,1.4687152092366116,6.954995820865409,4.475669282172061,1.9533593419157305,0.00490807262571295,0.04557006950910619,2.781998328346164,2.781998328346164,0.0,1.390999164173082,-1816.1203793934421,0,5,0,0,True
corridor_2400m_DDQN_w30_seed44,DDQN,corridor_2400m,w30,44,COMPLETED,2e7215839ff41c4f9bd7cd524a428cb532657965c2eaabbe5ac5e5a3e39e93e3,N/A,441296f18f1eddf09c399ac1840827d5a48b034d,300,295,5,0.9833333333333333,2.0038374840505497,1.4687152092366116,6.954995820865409,4.475669282172061,1.9533593419157305,0.00490807262571295,0.04557006950910619,2.781998328346164,2.781998328346164,0.0,1.390999164173082,-1816.1203793934421,0,5,0,0,True
corridor_2400m_Greedy_w30_seed44,Greedy,corridor_2400m,w30,44,COMPLETED,2e7215839ff41c4f9bd7cd524a428cb532657965c2eaabbe5ac5e5a3e39e93e3,N/A,441296f18f1eddf09c399ac1840827d5a48b034d,300,296,4,0.9866666666666667,1.972402526687518,1.4766323881330368,6.874216349470947,4.131749669833236,1.9525515472017858,0.004822628064387353,0.015028351421345093,2.7722179357365233,2.7361677022194937,0.045062791896287806,1.3658307115149322,-1688.33480344247,0,4,0,0,True
corridor_2400m_Local_w30_seed44,Local,corridor_2400m,w30,44,COMPLETED,2e7215839ff41c4f9bd7cd524a428cb532657965c2eaabbe5ac5e5a3e39e93e3,N/A,441296f18f1eddf09c399ac1840827d5a48b034d,300,296,4,0.9866666666666667,1.9687189153280606,1.4657707640480147,0.2844911862426961,0.1337194929289926,1.8866542955695036,0.005312492865740022,0.07675212689281735,0.25604206761842646,0.02844911862426961,0.2844911862426961,0.0,-725.5591760576126,0,4,0,0,True
corridor_2400m_CoTOP_w30_seed45,CoTOP,corridor_2400m,w30,45,COMPLETED,f820ccdf1f56a15863c501f5ef482e73f19d133834f3c2390c7641fc1e03155a,N/A,441296f18f1eddf09c399ac1840827d5a48b034d,300,295,5,0.9833333333333333,1.9343985651971662,1.5741616541567685,1.236059134400564,2.5372388399071117,1.867791689478585,0.005643429803731027,0.06096344591485022,0.6238578979033819,0.4167631072743319,0.2588684882863125,0.19543812922285034,-952.1388904965628,0,5,0,0,True
corridor_2400m_DDQN_w30_seed45,DDQN,corridor_2400m,w30,45,COMPLETED,f820ccdf1f56a15863c501f5ef482e73f19d133834f3c2390c7641fc1e03155a,N/A,441296f18f1eddf09c399ac1840827d5a48b034d,300,295,5,0.9833333333333333,1.9343985651971662,1.5741616541567685,1.236059134400564,2.5372388399071117,1.867791689478585,0.005643429803731027,0.06096344591485022,0.6238578979033819,0.4167631072743319,0.2588684882863125,0.19543812922285034,-952.1388904965628,0,5,0,0,True
corridor_2400m_Greedy_w30_seed45,Greedy,corridor_2400m,w30,45,COMPLETED,f820ccdf1f56a15863c501f5ef482e73f19d133834f3c2390c7641fc1e03155a,N/A,441296f18f1eddf09c399ac1840827d5a48b034d,300,294,6,0.98,1.9460372999827662,1.573752357207305,7.232340573584594,4.2654976086260135,1.927754503870425,0.0051628232261063806,0.01311997288623491,2.9150540078268077,2.879665562398056,0.044235556785939135,1.437621003359731,-1918.5537744754472,0,6,0,0,True
corridor_2400m_Local_w30_seed45,Local,corridor_2400m,w30,45,COMPLETED,f820ccdf1f56a15863c501f5ef482e73f19d133834f3c2390c7641fc1e03155a,N/A,441296f18f1eddf09c399ac1840827d5a48b034d,300,295,5,0.9833333333333333,1.9455422408833756,1.5680955673395693,0.30434942490919376,0.13718308021242398,1.8584745923836712,0.005715293579707141,0.08135235491999747,0.27391448241827443,0.030434942490919385,0.30434942490919376,0.0,-821.5460682735511,0,5,0,0,True
corridor_2400m_CoTOP_w30_seed46,CoTOP,corridor_2400m,w30,46,COMPLETED,86136e88345f1c18a29118b9ca8bfc848f0f984edc9fb5f2b303b7f02d3acb71,N/A,441296f18f1eddf09c399ac1840827d5a48b034d,300,291,9,0.97,2.0272220523455804,1.5439225708366984,3.2346413206547373,4.200190545504205,1.9810764394293983,0.005211322270021539,0.04093429064616036,1.3664888376010351,1.2502771426584105,0.14526461867828047,0.6178753403952914,-1653.4756153489002,0,9,0,0,True
corridor_2400m_DDQN_w30_seed46,DDQN,corridor_2400m,w30,46,COMPLETED,86136e88345f1c18a29118b9ca8bfc848f0f984edc9fb5f2b303b7f02d3acb71,N/A,441296f18f1eddf09c399ac1840827d5a48b034d,300,291,9,0.97,2.0272220523455804,1.5439225708366984,3.2346413206547373,4.200190545504205,1.9810764394293983,0.005211322270021539,0.04093429064616036,1.3664888376010351,1.2502771426584105,0.14526461867828047,0.6178753403952914,-1653.4756153489002,0,9,0,0,True
corridor_2400m_Greedy_w30_seed46,Greedy,corridor_2400m,w30,46,COMPLETED,86136e88345f1c18a29118b9ca8bfc848f0f984edc9fb5f2b303b7f02d3acb71,N/A,441296f18f1eddf09c399ac1840827d5a48b034d,300,290,10,0.9666666666666667,2.043694978472746,1.5478433707447345,7.4864304339481,4.186755548351542,2.023594330562332,0.0049795010042554535,0.015121146906158263,3.0115112556828127,2.9844087243170976,0.0338781642071442,1.4905104539481917,-2344.4722613131776,0,10,0,0,True
corridor_2400m_Local_w30_seed46,Local,corridor_2400m,w30,46,COMPLETED,86136e88345f1c18a29118b9ca8bfc848f0f984edc9fb5f2b303b7f02d3acb71,N/A,441296f18f1eddf09c399ac1840827d5a48b034d,300,292,8,0.9733333333333334,2.0354051970125946,1.5405790689112575,0.2934423902432155,0.13615339127863646,1.9516644501252831,0.005478514914839254,0.07826223197247234,0.264098151218894,0.029344239024321553,0.2934423902432155,0.0,-1124.116575179434,0,8,0,0,True
corridor_2400m_CoTOP_w30_seed47,CoTOP,corridor_2400m,w30,47,COMPLETED,624cc23feef90e3f271228ceff8c0e8836438c34b191dc57eaf905ca503988aa,N/A,441296f18f1eddf09c399ac1840827d5a48b034d,300,295,5,0.9833333333333333,1.9486270064841846,1.5179653386220724,7.792598072815759,3.4187283958011734,1.9029555543785095,0.005028471855162899,0.04064298025051222,3.1170392291263034,3.1170392291263034,0.0,1.5585196145631517,-1914.1015332611535,0,5,0,0,True
corridor_2400m_DDQN_w30_seed47,DDQN,corridor_2400m,w30,47,COMPLETED,624cc23feef90e3f271228ceff8c0e8836438c34b191dc57eaf905ca503988aa,N/A,441296f18f1eddf09c399ac1840827d5a48b034d,300,295,5,0.9833333333333333,1.9486270064841846,1.5179653386220724,7.792598072815759,3.4187283958011734,1.9029555543785095,0.005028471855162899,0.04064298025051222,3.1170392291263034,3.1170392291263034,0.0,1.5585196145631517,-1914.1015332611535,0,5,0,0,True
corridor_2400m_Greedy_w30_seed47,Greedy,corridor_2400m,w30,47,COMPLETED,624cc23feef90e3f271228ceff8c0e8836438c34b191dc57eaf905ca503988aa,N/A,441296f18f1eddf09c399ac1840827d5a48b034d,300,296,4,0.9866666666666667,1.91085606982682,1.5272269395711808,7.083536957047493,4.207947627830343,1.895864943220827,0.005050336682836481,0.009940789923156324,2.8541357345394354,2.8209822117867347,0.041441903440876275,1.4084190107213235,-1712.8519150598909,0,4,0,0,True
corridor_2400m_Local_w30_seed47,Local,corridor_2400m,w30,47,COMPLETED,624cc23feef90e3f271228ceff8c0e8836438c34b191dc57eaf905ca503988aa,N/A,441296f18f1eddf09c399ac1840827d5a48b034d,300,297,3,0.99,1.9157951387005505,1.522235198436545,0.29919827031217605,0.1352664281994152,1.8280215563534739,0.005618361094972828,0.0821552212521035,0.2692784432809585,0.02991982703121761,0.29919827031217605,0.0,-623.0362638945227,0,3,0,0,True
corridor_2400m_CoTOP_w30_seed48,CoTOP,corridor_2400m,w30,48,COMPLETED,fa306d0184da1ab0e8a7e0dec852c43be28871954050c4ca57c88d780dfea564,N/A,441296f18f1eddf09c399ac1840827d5a48b034d,300,295,5,0.9833333333333333,1.9902773040910908,1.5080092818241613,3.8347486713060563,3.6064782402998374,1.949015538251127,0.00546583788684539,0.0357959279531188,1.6033197999201165,1.492247269683806,0.13884066279538815,0.7391816017021335,-1357.4188897147526,0,5,0,0,True
corridor_2400m_DDQN_w30_seed48,DDQN,corridor_2400m,w30,48,COMPLETED,fa306d0184da1ab0e8a7e0dec852c43be28871954050c4ca57c88d780dfea564,N/A,441296f18f1eddf09c399ac1840827d5a48b034d,300,295,5,0.9833333333333333,1.9902773040910908,1.5080092818241613,3.8347486713060563,3.6064782402998374,1.949015538251127,0.00546583788684539,0.0357959279531188,1.6033197999201165,1.492247269683806,0.13884066279538815,0.7391816017021335,-1357.4188897147526,0,5,0,0,True
corridor_2400m_Greedy_w30_seed48,Greedy,corridor_2400m,w30,48,COMPLETED,fa306d0184da1ab0e8a7e0dec852c43be28871954050c4ca57c88d780dfea564,N/A,441296f18f1eddf09c399ac1840827d5a48b034d,300,295,5,0.9833333333333333,1.995539381478377,1.513817308375373,6.894913203756009,4.319338646134947,1.9796171835756262,0.005257656172061679,0.010664541730689097,2.779593550976404,2.744988319818004,0.04325653894800026,1.3703313329616018,-1786.5544617503422,0,5,0,0,True
corridor_2400m_Local_w30_seed48,Local,corridor_2400m,w30,48,COMPLETED,fa306d0184da1ab0e8a7e0dec852c43be28871954050c4ca57c88d780dfea564,N/A,441296f18f1eddf09c399ac1840827d5a48b034d,300,295,5,0.9833333333333333,2.0060051446483156,1.5060516819831957,0.30931695931304526,0.13335678696372827,1.9137612211311967,0.005803586942034667,0.08644033657508458,0.27838526338174074,0.030931695931304536,0.30931695931304526,0.0,-830.9549851705461,0,5,0,0,True
corridor_2400m_CoTOP_w30_seed49,CoTOP,corridor_2400m,w30,49,COMPLETED,1e4923ce97c5e3104e6efb9d7711ffd828a6f726b25a2273cbb2ad869db6fd22,N/A,441296f18f1eddf09c399ac1840827d5a48b034d,300,297,3,0.99,1.904336294437591,1.5377778047855255,0.6678351174088283,1.8789559070890767,1.8272317367051096,0.00543389033103203,0.07167066740144926,0.40356844077419424,0.18527341067713363,0.2728687876213257,0.07899326595750052,-676.431596857977,0,3,0,0,True
corridor_2400m_DDQN_w30_seed49,DDQN,corridor_2400m,w30,49,COMPLETED,1e4923ce97c5e3104e6efb9d7711ffd828a6f726b25a2273cbb2ad869db6fd22,N/A,441296f18f1eddf09c399ac1840827d5a48b034d,300,297,3,0.99,1.904336294437591,1.5377778047855255,0.6678351174088283,1.8789559070890767,1.8272317367051096,0.00543389033103203,0.07167066740144926,0.40356844077419424,0.18527341067713363,0.2728687876213257,0.07899326595750052,-676.431596857977,0,3,0,0,True
corridor_2400m_Greedy_w30_seed49,Greedy,corridor_2400m,w30,49,COMPLETED,1e4923ce97c5e3104e6efb9d7711ffd828a6f726b25a2273cbb2ad869db6fd22,N/A,441296f18f1eddf09c399ac1840827d5a48b034d,300,298,2,0.9933333333333333,1.9053074096288731,1.5431438745086663,6.7476583444078395,4.1953716944001345,1.8880299689750997,0.004927698826332727,0.012349741827440332,2.7220086527186047,2.685296148789855,0.04589062991093747,1.3403535428993805,-1486.2147700718658,0,2,0,0,True
corridor_2400m_Local_w30_seed49,Local,corridor_2400m,w30,49,COMPLETED,1e4923ce97c5e3104e6efb9d7711ffd828a6f726b25a2273cbb2ad869db6fd22,N/A,441296f18f1eddf09c399ac1840827d5a48b034d,300,297,3,0.99,1.9077061626650353,1.536762934053972,0.2919160886899563,0.1308672730172953,1.823472546417921,0.0054736272645155406,0.0787599889825987,0.26272447982096064,0.029191608868995626,0.2919160886899563,0.0,-620.5492227842627,0,3,0,0,True
corridor_2400m_CoTOP_w30_seed50,CoTOP,corridor_2400m,w30,50,COMPLETED,3f35e685bc857551fa852b1687901958f33f4a2609378ab5882869e38dfe0763,N/A,441296f18f1eddf09c399ac1840827d5a48b034d,300,296,4,0.9866666666666667,2.0439095978802997,1.5953591310128903,7.936462302972889,2.8028213480079267,1.968161344595628,0.0049731689185376245,0.07077508436613371,3.174894396181682,3.174399236193639,0.0006189499850533586,1.587168670597567,-1858.6963199028428,0,4,0,0,True
corridor_2400m_DDQN_w30_seed50,DDQN,corridor_2400m,w30,50,COMPLETED,3f35e685bc857551fa852b1687901958f33f4a2609378ab5882869e38dfe0763,N/A,441296f18f1eddf09c399ac1840827d5a48b034d,300,296,4,0.9866666666666667,2.0439095978802997,1.5953591310128903,7.936462302972889,2.8028213480079267,1.968161344595628,0.0049731689185376245,0.07077508436613371,3.174894396181682,3.174399236193639,0.0006189499850533586,1.587168670597567,-1858.6963199028428,0,4,0,0,True
corridor_2400m_Greedy_w30_seed50,Greedy,corridor_2400m,w30,50,COMPLETED,3f35e685bc857551fa852b1687901958f33f4a2609378ab5882869e38dfe0763,N/A,441296f18f1eddf09c399ac1840827d5a48b034d,300,296,4,0.9866666666666667,1.976718976283673,1.6092998949655475,7.328516056472342,4.317292134493558,1.9620818821306227,0.004988483737339901,0.009648610415710336,2.951449332412307,2.9193806766949146,0.04008581964674081,1.45768604736512,-1753.5523265610468,0,4,0,0,True
corridor_2400m_Local_w30_seed50,Local,corridor_2400m,w30,50,COMPLETED,3f35e685bc857551fa852b1687901958f33f4a2609378ab5882869e38dfe0763,N/A,441296f18f1eddf09c399ac1840827d5a48b034d,300,296,4,0.9866666666666667,1.9767377352169633,1.6034905106420567,0.296149875189284,0.12750231267940937,1.8917582203177923,0.005544645859722121,0.0794348690394491,0.26653488767035555,0.029614987518928396,0.296149875189284,0.0,-728.2454434225028,0,4,0,0,True
corridor_2400m_CoTOP_w30_seed51,CoTOP,corridor_2400m,w30,51,COMPLETED,2c83e6ad70a1baafe076027efd90eedb920bd15c68576b493245a360ed83013f,N/A,441296f18f1eddf09c399ac1840827d5a48b034d,300,291,9,0.97,2.109926506216388,1.6259767092094706,6.365322886302902,4.100640701632586,2.032563594904302,0.004837308261199566,0.0725256030508863,2.5636156106519112,2.535637280842711,0.03497291226150027,1.2660699948082803,-2077.53191331943,0,9,0,0,True
corridor_2400m_DDQN_w30_seed51,DDQN,corridor_2400m,w30,51,COMPLETED,2c83e6ad70a1baafe076027efd90eedb920bd15c68576b493245a360ed83013f,N/A,441296f18f1eddf09c399ac1840827d5a48b034d,300,291,9,0.97,2.109926506216388,1.6259767092094706,6.365322886302902,4.100640701632586,2.032563594904302,0.004837308261199566,0.0725256030508863,2.5636156106519112,2.535637280842711,0.03497291226150027,1.2660699948082803,-2077.53191331943,0,9,0,0,True
corridor_2400m_Greedy_w30_seed51,Greedy,corridor_2400m,w30,51,COMPLETED,2c83e6ad70a1baafe076027efd90eedb920bd15c68576b493245a360ed83013f,N/A,441296f18f1eddf09c399ac1840827d5a48b034d,300,293,7,0.9766666666666667,2.0594880856998192,1.6243581845655268,7.119767867363808,4.445500057553634,2.0401080447149114,0.004791900943454596,0.014588140041453323,2.8685002711200256,2.8355512724408207,0.04118624834900621,1.4157163238029602,-2014.498213841318,0,7,0,0,True
corridor_2400m_Local_w30_seed51,Local,corridor_2400m,w30,51,COMPLETED,2c83e6ad70a1baafe076027efd90eedb920bd15c68576b493245a360ed83013f,N/A,441296f18f1eddf09c399ac1840827d5a48b034d,300,293,7,0.9766666666666667,2.054685619954997,1.6193729544347109,0.2884131972037155,0.13342386072166745,1.9717944980133104,0.005373905044471648,0.07751721689721496,0.2595718774833439,0.028841319720371548,0.2884131972037155,0.0,-1028.9374570414288,0,7,0,0,True
corridor_2400m_CoTOP_w40_seed42,CoTOP,corridor_2400m,w40,42,COMPLETED,06711051f37b7c21eefbdafea3c03d5530fd928862e4ee02b7a2d391bac6c4dd,N/A,441296f18f1eddf09c399ac1840827d5a48b034d,400,396,4,0.99,2.1019286188829756,1.5190518134107829,7.109938550147014,5.344687720449916,2.0410189035433906,0.005026744713457401,0.05588297062612723,2.843975420058805,2.843975420058805,0.0,1.4219877100294025,-2213.721937375442,0,4,0,0,True
corridor_2400m_DDQN_w40_seed42,DDQN,corridor_2400m,w40,42,COMPLETED,06711051f37b7c21eefbdafea3c03d5530fd928862e4ee02b7a2d391bac6c4dd,N/A,441296f18f1eddf09c399ac1840827d5a48b034d,400,396,4,0.99,2.1019286188829756,1.5190518134107829,7.109938550147014,5.344687720449916,2.0410189035433906,0.005026744713457401,0.05588297062612723,2.843975420058805,2.843975420058805,0.0,1.4219877100294025,-2213.721937375442,0,4,0,0,True
corridor_2400m_Greedy_w40_seed42,Greedy,corridor_2400m,w40,42,COMPLETED,06711051f37b7c21eefbdafea3c03d5530fd928862e4ee02b7a2d391bac6c4dd,N/A,441296f18f1eddf09c399ac1840827d5a48b034d,400,396,4,0.99,2.060307082976175,1.5458024711042773,7.163616852338089,4.1575396393611825,2.0415556865653017,0.00498514717495453,0.013766249235919216,2.885199426890904,2.853595129361834,0.03950537191133717,1.4248222960853503,-2206.288098916742,0,4,0,0,True
corridor_2400m_Local_w40_seed42,Local,corridor_2400m,w40,42,COMPLETED,06711051f37b7c21eefbdafea3c03d5530fd928862e4ee02b7a2d391bac6c4dd,N/A,441296f18f1eddf09c399ac1840827d5a48b034d,400,397,3,0.9925,2.084423549929313,1.5356984991138893,0.2963309984027338,0.13055375948736547,1.9728828280259478,0.005532043402449487,0.10600867850091522,0.2666978985624604,0.02963309984027338,0.2963309984027338,0.0,-766.4910979468084,0,3,0,0,True
corridor_2400m_CoTOP_w40_seed43,CoTOP,corridor_2400m,w40,43,COMPLETED,ce238db746640afb18db10717654acdd2c5d0d371b43a187e523e2448b7a075a,N/A,441296f18f1eddf09c399ac1840827d5a48b034d,400,397,3,0.9925,2.0715173115644245,1.577300301978088,0.7184920686935871,1.5551857557911204,1.9564310179038649,0.005351163704613958,0.10973512995594582,0.42157649053682517,0.2068890296418006,0.26835932611878077,0.09002654851496125,-848.3667781792119,0,3,0,0,True
corridor_2400m_DDQN_w40_seed43,DDQN,corridor_2400m,w40,43,COMPLETED,ce238db746640afb18db10717654acdd2c5d0d371b43a187e523e2448b7a075a,N/A,441296f18f1eddf09c399ac1840827d5a48b034d,400,397,3,0.9925,2.0715173115644245,1.577300301978088,0.7184920686935871,1.5551857557911204,1.9564310179038649,0.005351163704613958,0.10973512995594582,0.42157649053682517,0.2068890296418006,0.26835932611878077,0.09002654851496125,-848.3667781792119,0,3,0,0,True
corridor_2400m_Greedy_w40_seed43,Greedy,corridor_2400m,w40,43,COMPLETED,ce238db746640afb18db10717654acdd2c5d0d371b43a187e523e2448b7a075a,N/A,441296f18f1eddf09c399ac1840827d5a48b034d,400,396,4,0.99,2.045540815775477,1.5878996359424116,6.883615919339275,4.017847640159316,2.018082256410322,0.004653737122213191,0.022804822242941933,2.7715652142852156,2.7425750598060072,0.03623769309901034,1.3694756452480532,-2149.352474180579,0,4,0,0,True
corridor_2400m_Local_w40_seed43,Local,corridor_2400m,w40,43,COMPLETED,ce238db746640afb18db10717654acdd2c5d0d371b43a187e523e2448b7a075a,N/A,441296f18f1eddf09c399ac1840827d5a48b034d,400,397,3,0.9925,2.084910773743733,1.5751763122164282,0.29120401539736906,0.12599670688807346,1.9521581373709025,0.005433648680473202,0.12731898769235708,0.2620836138576322,0.02912040153973691,0.29120401539736906,0.0,-765.58785995583,0,3,0,0,True
corridor_2400m_CoTOP_w40_seed44,CoTOP,corridor_2400m,w40,44,COMPLETED,1c70bdc5ba018ddcb7fcdc62a278ea1228722c0b95dbe66c0405446ff252c0a0,N/A,441296f18f1eddf09c399ac1840827d5a48b034d,400,395,5,0.9875,2.141233901880572,1.4701214824758222,7.122999818984973,5.426543993654948,2.0021208652238003,0.004889506288230001,0.1342235303685419,2.849525327471623,2.8490046876674096,0.0006507997552669094,1.4244698038459416,-2337.017789893566,0,5,0,0,True
corridor_2400m_DDQN_w40_seed44,DDQN,corridor_2400m,w40,44,COMPLETED,1c70bdc5ba018ddcb7fcdc62a278ea1228722c0b95dbe66c0405446ff252c0a0,N/A,441296f18f1eddf09c399ac1840827d5a48b034d,400,395,5,0.9875,2.141233901880572,1.4701214824758222,7.122999818984973,5.426543993654948,2.0021208652238003,0.004889506288230001,0.1342235303685419,2.849525327471623,2.8490046876674096,0.0006507997552669094,1.4244698038459416,-2337.017789893566,0,5,0,0,True
corridor_2400m_Greedy_w40_seed44,Greedy,corridor_2400m,w40,44,COMPLETED,1c70bdc5ba018ddcb7fcdc62a278ea1228722c0b95dbe66c0405446ff252c0a0,N/A,441296f18f1eddf09c399ac1840827d5a48b034d,400,395,5,0.9875,2.02940986201601,1.5246945524848357,7.222761730657208,4.124367512117182,2.0031184843405225,0.004905103452784866,0.021386274222702218,2.906515186228571,2.8786583958834706,0.034820987931375585,1.4375881485451665,-2300.4608136182155,0,5,0,0,True
corridor_2400m_Local_w40_seed44,Local,corridor_2400m,w40,44,COMPLETED,1c70bdc5ba018ddcb7fcdc62a278ea1228722c0b95dbe66c0405446ff252c0a0,N/A,441296f18f1eddf09c399ac1840827d5a48b034d,400,395,5,0.9875,2.0428345844287223,1.5138119053572032,0.28849422483524684,0.131862645188744,1.9337758092823032,0.005383129334848477,0.1036756458115704,0.25964480235172216,0.028849422483524685,0.28849422483524684,0.0,-950.5173279622232,0,5,0,0,True
corridor_2400m_CoTOP_w40_seed45,CoTOP,corridor_2400m,w40,45,COMPLETED,a9550c34900850ef87abdbfa4fe447b44c7bf925335f9dbcd4f10b0a8330eeb4,N/A,441296f18f1eddf09c399ac1840827d5a48b034d,400,395,5,0.9875,1.958522165669759,1.5313882568069423,6.092962316421767,4.679440669564435,1.9016786425341343,0.0051521171042194615,0.05169140603140514,2.443374360982057,2.433471265920697,0.012378868826700301,1.2161166895190134,-2065.54730034253,0,5,0,0,True
corridor_2400m_DDQN_w40_seed45,DDQN,corridor_2400m,w40,45,COMPLETED,a9550c34900850ef87abdbfa4fe447b44c7bf925335f9dbcd4f10b0a8330eeb4,N/A,441296f18f1eddf09c399ac1840827d5a48b034d,400,395,5,0.9875,1.958522165669759,1.5313882568069423,6.092962316421767,4.679440669564435,1.9016786425341343,0.0051521171042194615,0.05169140603140514,2.443374360982057,2.433471265920697,0.012378868826700301,1.2161166895190134,-2065.54730034253,0,5,0,0,True
corridor_2400m_Greedy_w40_seed45,Greedy,corridor_2400m,w40,45,COMPLETED,a9550c34900850ef87abdbfa4fe447b44c7bf925335f9dbcd4f10b0a8330eeb4,N/A,441296f18f1eddf09c399ac1840827d5a48b034d,400,396,4,0.99,1.9334830063764314,1.5239381297862087,6.99588958648772,4.147415941179891,1.9107079152347939,0.005014266000169149,0.01776082514146837,2.819013570657737,2.7859611929574988,0.0413154721252981,1.3909148228724846,-2157.9677101396005,0,4,0,0,True
corridor_2400m_Local_w40_seed45,Local,corridor_2400m,w40,45,COMPLETED,a9550c34900850ef87abdbfa4fe447b44c7bf925335f9dbcd4f10b0a8330eeb4,N/A,441296f18f1eddf09c399ac1840827d5a48b034d,400,398,2,0.995,1.9576425126374069,1.5188906900004702,0.29792220558634985,0.1355618510628381,1.8437282414257803,0.005589698463441841,0.10832457274818438,0.2681299850277149,0.029792220558634987,0.29792220558634985,0.0,-644.9810081219479,0,2,0,0,True
corridor_2400m_CoTOP_w40_seed46,CoTOP,corridor_2400m,w40,46,COMPLETED,dc687754fb9690a917a15d69ecbc77f83310c826edc3c7a931fc897ec02154cd,N/A,441296f18f1eddf09c399ac1840827d5a48b034d,400,397,3,0.9925,2.033560969095704,1.4654586366977087,5.353472554083489,4.2591969773965195,1.9854005567850992,0.005122768969152969,0.0430376433414515,2.1866936818652642,2.114206225494275,0.09060932046373611,1.0525726467239507,-1762.7790517869782,0,3,0,0,True
corridor_2400m_DDQN_w40_seed46,DDQN,corridor_2400m,w40,46,COMPLETED,dc687754fb9690a917a15d69ecbc77f83310c826edc3c7a931fc897ec02154cd,N/A,441296f18f1eddf09c399ac1840827d5a48b034d,400,397,3,0.9925,2.033560969095704,1.4654586366977087,5.353472554083489,4.2591969773965195,1.9854005567850992,0.005122768969152969,0.0430376433414515,2.1866936818652642,2.114206225494275,0.09060932046373611,1.0525726467239507,-1762.7790517869782,0,3,0,0,True
corridor_2400m_Greedy_w40_seed46,Greedy,corridor_2400m,w40,46,COMPLETED,dc687754fb9690a917a15d69ecbc77f83310c826edc3c7a931fc897ec02154cd,N/A,441296f18f1eddf09c399ac1840827d5a48b034d,400,396,4,0.99,2.028742254155091,1.4712064412782444,7.10749871014074,4.314217598450656,2.002940818345672,0.004955141317739854,0.020846294491679355,2.864282070427354,2.830229932233662,0.042565172742114576,1.4129867074797253,-2199.03418295611,0,4,0,0,True
corridor_2400m_Local_w40_seed46,Local,corridor_2400m,w40,46,COMPLETED,dc687754fb9690a917a15d69ecbc77f83310c826edc3c7a931fc897ec02154cd,N/A,441296f18f1eddf09c399ac1840827d5a48b034d,400,397,3,0.9925,2.0460715643847585,1.4606088516244964,0.2936577869102063,0.12968330347922408,1.9348024091133667,0.005486195256381452,0.10578296001501031,0.26429200821918564,0.029365778691020628,0.2936577869102063,0.0,-758.5856907100257,0,3,0,0,True
corridor_2400m_CoTOP_w40_seed47,CoTOP,corridor_2400m,w40,47,COMPLETED,967648a3fb5bf636c0093510403e864b6663cc6db80a43fa90723c304628767e,N/A,441296f18f1eddf09c399ac1840827d5a48b034d,400,390,10,0.975,1.9951008843970015,1.5402080479995637,7.4048647894401025,3.527169558297045,1.9048067169253295,0.0049934318335473245,0.08530073563812493,2.9619459157760413,2.9619459157760413,0.0,1.4809729578880206,-2777.5914629139934,0,10,0,0,True
corridor_2400m_DDQN_w40_seed47,DDQN,corridor_2400m,w40,47,COMPLETED,967648a3fb5bf636c0093510403e864b6663cc6db80a43fa90723c304628767e,N/A,441296f18f1eddf09c399ac1840827d5a48b034d,400,390,10,0.975,1.9951008843970015,1.5402080479995637,7.4048647894401025,3.527169558297045,1.9048067169253295,0.0049934318335473245,0.08530073563812493,2.9619459157760413,2.9619459157760413,0.0,1.4809729578880206,-2777.5914629139934,0,10,0,0,True
corridor_2400m_Greedy_w40_seed47,Greedy,corridor_2400m,w40,47,COMPLETED,967648a3fb5bf636c0093510403e864b6663cc6db80a43fa90723c304628767e,N/A,441296f18f1eddf09c399ac1840827d5a48b034d,400,392,8,0.98,1.9205688899304914,1.5483868883664285,7.067294268461795,4.05343966349013,1.9014310117155464,0.00500983045430251,0.014128047760642503,2.8474222932832536,2.8146149558455966,0.041009171797072363,1.4052570193329443,-2527.891112873785,0,8,0,0,True
corridor_2400m_Local_w40_seed47,Local,corridor_2400m,w40,47,COMPLETED,967648a3fb5bf636c0093510403e864b6663cc6db80a43fa90723c304628767e,N/A,441296f18f1eddf09c399ac1840827d5a48b034d,400,391,9,0.9775,1.9484791961323658,1.538194995073682,0.29613382919729275,0.13459596021678802,1.833719407322901,0.005555932702481276,0.10920385610698301,0.2665204462775635,0.02961338291972928,0.29613382919729275,0.0,-1320.8514610631767,0,9,0,0,True
corridor_2400m_CoTOP_w40_seed48,CoTOP,corridor_2400m,w40,48,COMPLETED,a6933bd6f3309c7ed62f584457a1de5b65e379254ac6143044d4fa7d135ec10a,N/A,441296f18f1eddf09c399ac1840827d5a48b034d,400,392,8,0.98,2.026866024330845,1.481796705677638,5.58304113931641,4.955569442425333,1.9715478927070922,0.005488948826985022,0.04982918279676775,2.2935883132626937,2.196993341204886,0.1207437150722595,1.09245948484883,-2251.6881936914097,0,8,0,0,True
corridor_2400m_DDQN_w40_seed48,DDQN,corridor_2400m,w40,48,COMPLETED,a6933bd6f3309c7ed62f584457a1de5b65e379254ac6143044d4fa7d135ec10a,N/A,441296f18f1eddf09c399ac1840827d5a48b034d,400,392,8,0.98,2.026866024330845,1.481796705677638,5.58304113931641,4.955569442425333,1.9715478927070922,0.005488948826985022,0.04982918279676775,2.2935883132626937,2.196993341204886,0.1207437150722595,1.09245948484883,-2251.6881936914097,0,8,0,0,True
corridor_2400m_Greedy_w40_seed48,Greedy,corridor_2400m,w40,48,COMPLETED,a6933bd6f3309c7ed62f584457a1de5b65e379254ac6143044d4fa7d135ec10a,N/A,441296f18f1eddf09c399ac1840827d5a48b034d,400,393,7,0.9825,2.0073465496661806,1.4949751934870126,7.132237636127727,4.272702065511423,1.9870398576752055,0.005236480650865236,0.015070211340109971,2.873834492479743,2.8403313916339004,0.041878876057304316,1.4180717520140849,-2459.1484567716725,0,7,0,0,True
corridor_2400m_Local_w40_seed48,Local,corridor_2400m,w40,48,COMPLETED,a6933bd6f3309c7ed62f584457a1de5b65e379254ac6143044d4fa7d135ec10a,N/A,441296f18f1eddf09c399ac1840827d5a48b034d,400,393,7,0.9825,2.040471090148208,1.4796230830664348,0.31020116966029065,0.13048350648211565,1.9188194930105311,0.0058202594946037065,0.11583133764307343,0.2791810526942616,0.03102011696602907,0.31020116966029065,0.0,-1147.8774438395226,0,7,0,0,True
corridor_2400m_CoTOP_w40_seed49,CoTOP,corridor_2400m,w40,49,COMPLETED,9634e76dad4b7fc48f38a0e7d0f7ee5d773c5243b65239d2c7e85b90e554aeff,N/A,441296f18f1eddf09c399ac1840827d5a48b034d,400,398,2,0.995,1.9598939865181877,1.5442140403024371,6.944174446342511,4.206442005200365,1.8972853580249704,0.004880146198815556,0.057728482294401584,2.779233920479914,2.7767312933712596,0.0031282838858184402,1.3882092324913387,-1964.4629311625795,0,2,0,0,True
corridor_2400m_DDQN_w40_seed49,DDQN,corridor_2400m,w40,49,COMPLETED,9634e76dad4b7fc48f38a0e7d0f7ee5d773c5243b65239d2c7e85b90e554aeff,N/A,441296f18f1eddf09c399ac1840827d5a48b034d,400,398,2,0.995,1.9598939865181877,1.5442140403024371,6.944174446342511,4.206442005200365,1.8972853580249704,0.004880146198815556,0.057728482294401584,2.779233920479914,2.7767312933712596,0.0031282838858184402,1.3882092324913387,-1964.4629311625795,0,2,0,0,True
corridor_2400m_Greedy_w40_seed49,Greedy,corridor_2400m,w40,49,COMPLETED,9634e76dad4b7fc48f38a0e7d0f7ee5d773c5243b65239d2c7e85b90e554aeff,N/A,441296f18f1eddf09c399ac1840827d5a48b034d,400,398,2,0.995,1.9207085375277626,1.5596118239658714,7.022395466744971,4.1122666933814145,1.898067568228995,0.004885327847625461,0.017755641451142258,2.828378683911235,2.797305888370041,0.03884099442649295,1.3967108944636957,-1970.3144723451865,0,2,0,0,True
corridor_2400m_Local_w40_seed49,Local,corridor_2400m,w40,49,COMPLETED,9634e76dad4b7fc48f38a0e7d0f7ee5d773c5243b65239d2c7e85b90e554aeff,N/A,441296f18f1eddf09c399ac1840827d5a48b034d,400,399,1,0.9975,1.943207806074379,1.5458789496541676,0.29050188486749995,0.13383294756464126,1.8307486324102202,0.005443887970867954,0.10701528569329058,0.26145169638074994,0.029050188486749996,0.29050188486749995,0.0,-543.5854965186279,0,1,0,0,True
corridor_2400m_CoTOP_w40_seed50,CoTOP,corridor_2400m,w40,50,COMPLETED,b8ecfcaeb468102fb2cc739833eb741fa1706415f03d21b801f9ba2688b5f610,N/A,441296f18f1eddf09c399ac1840827d5a48b034d,400,396,4,0.99,1.9890922255224865,1.6089578483081861,1.1775623660907244,2.496915251706149,1.8998414483499682,0.005504148128370665,0.08374662904414729,0.6005771556294228,0.3932936209204101,0.25910441838626586,0.18369158954089174,-1020.4508431230104,0,4,0,0,True
corridor_2400m_DDQN_w40_seed50,DDQN,corridor_2400m,w40,50,COMPLETED,b8ecfcaeb468102fb2cc739833eb741fa1706415f03d21b801f9ba2688b5f610,N/A,441296f18f1eddf09c399ac1840827d5a48b034d,400,396,4,0.99,1.9890922255224865,1.6089578483081861,1.1775623660907244,2.496915251706149,1.8998414483499682,0.005504148128370665,0.08374662904414729,0.6005771556294228,0.3932936209204101,0.25910441838626586,0.18369158954089174,-1020.4508431230104,0,4,0,0,True
corridor_2400m_Greedy_w40_seed50,Greedy,corridor_2400m,w40,50,COMPLETED,b8ecfcaeb468102fb2cc739833eb741fa1706415f03d21b801f9ba2688b5f610,N/A,441296f18f1eddf09c399ac1840827d5a48b034d,400,396,4,0.99,1.9788744454955511,1.6149769059665489,7.182354746558207,4.375232924282098,1.9598893721546427,0.005021147965260539,0.013963925375647595,2.8928140540537424,2.8610186053650084,0.03974431086091709,1.4285220871394584,-2192.209577985011,0,4,0,0,True
corridor_2400m_Local_w40_seed50,Local,corridor_2400m,w40,50,COMPLETED,b8ecfcaeb468102fb2cc739833eb741fa1706415f03d21b801f9ba2688b5f610,N/A,441296f18f1eddf09c399ac1840827d5a48b034d,400,396,4,0.99,2.004914599712361,1.6045887111565131,0.2984589112458319,0.12916567949870392,1.891050413801519,0.0055909681421563336,0.10827321776868558,0.2686130201212487,0.029845891124583194,0.2984589112458319,0.0,-847.7946269920069,0,4,0,0,True
corridor_2400m_CoTOP_w40_seed51,CoTOP,corridor_2400m,w40,51,COMPLETED,5823d1befd07544b1f9a7a641868dbd5615e02b5ec94aed7d6c2a3051d70b654,N/A,441296f18f1eddf09c399ac1840827d5a48b034d,400,390,10,0.975,2.1271852204350536,1.5689270655348129,7.261811180519742,5.191789281236474,2.0447965324850386,0.004763572791140844,0.07762511515887421,2.904724472207897,2.904724472207897,0.0,1.4523622361039485,-2846.590130317268,0,10,0,0,True
corridor_2400m_DDQN_w40_seed51,DDQN,corridor_2400m,w40,51,COMPLETED,5823d1befd07544b1f9a7a641868dbd5615e02b5ec94aed7d6c2a3051d70b654,N/A,441296f18f1eddf09c399ac1840827d5a48b034d,400,390,10,0.975,2.1271852204350536,1.5689270655348129,7.261811180519742,5.191789281236474,2.0447965324850386,0.004763572791140844,0.07762511515887421,2.904724472207897,2.904724472207897,0.0,1.4523622361039485,-2846.590130317268,0,10,0,0,True
corridor_2400m_Greedy_w40_seed51,Greedy,corridor_2400m,w40,51,COMPLETED,5823d1befd07544b1f9a7a641868dbd5615e02b5ec94aed7d6c2a3051d70b654,N/A,441296f18f1eddf09c399ac1840827d5a48b034d,400,389,11,0.9725,2.068648091208271,1.6008294356123383,7.2155075852805695,4.1968468933101715,2.044333496532647,0.004779692233015501,0.019534902442608616,2.905516910297531,2.874614708401046,0.03862775237060611,1.4353759665819925,-2866.3799179001303,0,11,0,0,True
corridor_2400m_Local_w40_seed51,Local,corridor_2400m,w40,51,COMPLETED,5823d1befd07544b1f9a7a641868dbd5615e02b5ec94aed7d6c2a3051d70b654,N/A,441296f18f1eddf09c399ac1840827d5a48b034d,400,390,10,0.975,2.083343972486194,1.5942929961776724,0.286589916666603,0.13077849041179673,1.9750443198465075,0.0053367894693627585,0.10296286317032412,0.25793092499994263,0.0286589916666603,0.286589916666603,0.0,-1442.8590868036592,0,10,0,0,True
grid_200m_CoTOP_w20_seed42,CoTOP,grid_200m,w20,42,COMPLETED,a8da4ce99a3ed874a8d14eb6f334632103224883a7704a2117534e8ca858cdfa,N/A,441296f18f1eddf09c399ac1840827d5a48b034d,200,200,0,1.0,0.6613123468919904,0.25719155458103626,0.9460467687886447,1.2280314014718505,0.6130395734353474,0.005224493955717307,0.043048279500925615,0.378418707515458,0.378418707515458,0.0,0.189209353757729,-160.7359115680636,0,0,0,0,True
grid_200m_DDQN_w20_seed42,DDQN,grid_200m,w20,42,COMPLETED,a8da4ce99a3ed874a8d14eb6f334632103224883a7704a2117534e8ca858cdfa,2c78ef50523fcc49280ad9b6574f4feea7fcd7315a7217488c1d6176748afd1a,441296f18f1eddf09c399ac1840827d5a48b034d,200,200,0,1.0,0.6590294366125556,0.26404188308908405,0.8012524684893644,1.4287262180739224,0.6115916304323546,0.005519420008109475,0.04191838617209143,0.40495228162025654,0.26983021086103937,0.16890258844902145,0.12646997600806859,-146.02819051019205,0,0,0,0,True
grid_200m_Greedy_w20_seed42,Greedy,grid_200m,w20,42,COMPLETED,a8da4ce99a3ed874a8d14eb6f334632103224883a7704a2117534e8ca858cdfa,N/A,441296f18f1eddf09c399ac1840827d5a48b034d,200,200,0,1.0,0.6448824012635231,0.2724563275885885,3.1752936059493067,1.7093484025678214,0.635332041806954,0.004527852973836624,0.005022506482732343,1.2875853873052083,1.2596366754244313,0.034935889850971326,0.628071543219667,-382.0176007212829,0,0,0,0,True
grid_200m_Local_w20_seed42,Local,grid_200m,w20,42,COMPLETED,a8da4ce99a3ed874a8d14eb6f334632103224883a7704a2117534e8ca858cdfa,N/A,441296f18f1eddf09c399ac1840827d5a48b034d,200,200,0,1.0,0.6636042213192309,0.2570670367884926,0.2862263154298333,0.12966546312434576,0.6064413689017593,0.005603238034816316,0.05155961438265527,0.25760368388685,0.028622631542983338,0.2862263154298333,0.0,-94.98305367490649,0,0,0,0,True
grid_200m_CoTOP_w20_seed43,CoTOP,grid_200m,w20,43,COMPLETED,e31eb04b48a7312bb56f210f70415d62b484795687d109427d9ed1363903bcb7,N/A,441296f18f1eddf09c399ac1840827d5a48b034d,200,200,0,1.0,0.6327832841866481,0.23990557712165467,1.3520267657626217,1.4980630410264686,0.595787244205451,0.004897389601658357,0.03209865037953883,0.5452846172958932,0.538126359710542,0.008947821981688916,0.26861578875618664,-198.481004994927,0,0,0,0,True
grid_200m_DDQN_w20_seed43,DDQN,grid_200m,w20,43,COMPLETED,e31eb04b48a7312bb56f210f70415d62b484795687d109427d9ed1363903bcb7,72d303cc45b87f6f977aaefe0ce39f7ea88480788659d53d8c4e79d0fe715f81,441296f18f1eddf09c399ac1840827d5a48b034d,200,200,0,1.0,0.6389603004969655,0.2449652912788058,0.8926998014454557,1.6560060109680197,0.5911939745622794,0.005300461089706862,0.04246586484497933,0.454491368930741,0.29863305156664705,0.1948228967051174,0.13957538094806765,-153.16601019424215,0,0,0,0,True
grid_200m_Greedy_w20_seed43,Greedy,grid_200m,w20,43,COMPLETED,e31eb04b48a7312bb56f210f70415d62b484795687d109427d9ed1363903bcb7,N/A,441296f18f1eddf09c399ac1840827d5a48b034d,200,200,0,1.0,0.6230886331003701,0.2521700241418464,3.127370471241156,1.6165774087584637,0.6135406812602363,0.004301063715792439,0.005246888124341361,1.2666334386990887,1.2415370383748865,0.03137050040525292,0.6191999941671805,-375.0459104341524,0,0,0,0,True
grid_200m_Local_w20_seed43,Local,grid_200m,w20,43,COMPLETED,e31eb04b48a7312bb56f210f70415d62b484795687d109427d9ed1363903bcb7,N/A,441296f18f1eddf09c399ac1840827d5a48b034d,200,200,0,1.0,0.642919495063858,0.2378576386789333,0.2741101993036568,0.12274275806455733,0.5850080785408613,0.005365202370364964,0.052546214152631714,0.24669917937329114,0.027411019930365682,0.2741101993036568,0.0,-91.70296943675149,0,0,0,0,True
grid_200m_CoTOP_w20_seed44,CoTOP,grid_200m,w20,44,COMPLETED,e024511ac1d2a4933a9b6fb14e0e68102efbc6764454fbdd2bb4387172fb61dd,N/A,441296f18f1eddf09c399ac1840827d5a48b034d,200,200,0,1.0,0.6367917317050834,0.24968907504025162,3.594399292050996,1.4203175348898074,0.6123392534868203,0.004228840572544862,0.020223637645718284,1.4377597168203986,1.4377597168203986,0.0,0.7188798584101993,-423.11910237560784,0,0,0,0,True
grid_200m_DDQN_w20_seed44,DDQN,grid_200m,w20,44,COMPLETED,e024511ac1d2a4933a9b6fb14e0e68102efbc6764454fbdd2bb4387172fb61dd,2e333f94fcf21dd963780b5b64b92544b0dd1cfe46a56a6d2f91d76702be8767,441296f18f1eddf09c399ac1840827d5a48b034d,200,200,0,1.0,0.6319453703585602,0.2386262905525684,0.3702780326260369,0.6353410272506888,0.5800980408925708,0.005134738517915646,0.046712590948073965,0.24853594302787102,0.08785637506394105,0.20084945995491238,0.0338857145342249,-100.22234029845976,0,0,0,0,True
grid_200m_Greedy_w20_seed44,Greedy,grid_200m,w20,44,COMPLETED,e024511ac1d2a4933a9b6fb14e0e68102efbc6764454fbdd2bb4387172fb61dd,N/A,441296f18f1eddf09c399ac1840827d5a48b034d,200,200,0,1.0,0.6154651482884524,0.25005871874376934,3.0034680504267066,1.6097564697752473,0.6064299410705773,0.004254822745014647,0.004780384472860388,1.2170249046648463,1.1920046094741847,0.03127536898832698,0.594438536287676,-361.89331987151576,0,0,0,0,True
grid_200m_Local_w20_seed44,Local,grid_200m,w20,44,COMPLETED,e024511ac1d2a4933a9b6fb14e0e68102efbc6764454fbdd2bb4387172fb61dd,N/A,441296f18f1eddf09c399ac1840827d5a48b034d,200,200,0,1.0,0.6333336205661629,0.23513895517506328,0.2661304660860628,0.13294687790554954,0.579056565227171,0.00520679800867582,0.04907025733031627,0.23951741947745644,0.02661304660860627,0.2661304660860628,0.0,-89.94640866522258,0,0,0,0,True
grid_200m_CoTOP_w20_seed45,CoTOP,grid_200m,w20,45,COMPLETED,8fae691a7d4403db2c85398ce8793fd241bdbb8a02187e631badad45e28e64bc,N/A,441296f18f1eddf09c399ac1840827d5a48b034d,200,200,0,1.0,0.646081845947794,0.2533730748268036,2.9949706490913104,1.863783088690278,0.6178129660966151,0.004908231018354423,0.023360648832824526,1.197988259636524,1.197988259636524,0.0,0.598994129818262,-364.10524950391067,0,0,0,0,True
grid_200m_DDQN_w20_seed45,DDQN,grid_200m,w20,45,COMPLETED,8fae691a7d4403db2c85398ce8793fd241bdbb8a02187e631badad45e28e64bc,f176c0ff7ee00bcef65f53d1676e94ee7e2a7701fe11d01c16252d5655b11c6b,441296f18f1eddf09c399ac1840827d5a48b034d,200,200,0,1.0,0.6463884533318333,0.2404944782923672,0.6745968067245397,1.1942747803230205,0.5946092276729473,0.0056338023965461425,0.04614542326233986,0.3579024585593539,0.21700048116809306,0.176127471739076,0.09969386699709276,-132.0985260056373,0,0,0,0,True
grid_200m_Greedy_w20_seed45,Greedy,grid_200m,w20,45,COMPLETED,8fae691a7d4403db2c85398ce8793fd241bdbb8a02187e631badad45e28e64bc,N/A,441296f18f1eddf09c399ac1840827d5a48b034d,200,200,0,1.0,0.6287382921142789,0.25280562790448696,3.089409999106642,1.748467805861945,0.6187573595967684,0.004688306541446035,0.005292625976064475,1.2525784915222797,1.2256753045148832,0.033628983759245605,0.6111562030694793,-371.81482912209214,0,0,0,0,True
grid_200m_Local_w20_seed45,Local,grid_200m,w20,45,COMPLETED,8fae691a7d4403db2c85398ce8793fd241bdbb8a02187e631badad45e28e64bc,N/A,441296f18f1eddf09c399ac1840827d5a48b034d,200,200,0,1.0,0.6507339760045525,0.2329711618390686,0.2970549022854683,0.13426410337579592,0.5908338086285566,0.005822931283983656,0.05407723609201222,0.26734941205692153,0.029705490228546835,0.2970549022854683,0.0,-94.77888782900207,0,0,0,0,True
grid_200m_CoTOP_w20_seed46,CoTOP,grid_200m,w20,46,COMPLETED,aa472acef9b1e2caa6ea22899fbbc437d529a36e00b6a85dc0bf0b1af017afa4,N/A,441296f18f1eddf09c399ac1840827d5a48b034d,200,200,0,1.0,0.6492243187835014,0.2543193088001419,0.5853018589454834,0.9726454264479023,0.6025307245064139,0.005362980594559543,0.041330613682527995,0.35974422248912363,0.1587466562316352,0.2512469578218605,0.06681098022472458,-123.45261777289844,0,0,0,0,True
grid_200m_DDQN_w20_seed46,DDQN,grid_200m,w20,46,COMPLETED,aa472acef9b1e2caa6ea22899fbbc437d529a36e00b6a85dc0bf0b1af017afa4,8597ebddba8abbdac22b529d924d9eb734f59acde10870b8f33ba523c4f05728,441296f18f1eddf09c399ac1840827d5a48b034d,200,200,0,1.0,0.6523609272579631,0.2543871103127909,0.7967813610834193,1.4803006609643172,0.6046455195277932,0.005411084201305656,0.042304323528864325,0.4068791663361313,0.2658125712917096,0.17633324380552715,0.12408962345557843,-144.9142288341383,0,0,0,0,True
grid_200m_Greedy_w20_seed46,Greedy,grid_200m,w20,46,COMPLETED,aa472acef9b1e2caa6ea22899fbbc437d529a36e00b6a85dc0bf0b1af017afa4,N/A,441296f18f1eddf09c399ac1840827d5a48b034d,200,200,0,1.0,0.6383924416074146,0.2683084047952155,3.234849582327335,1.7248505889489905,0.6290262017402324,0.004477004966315059,0.004889234900867127,1.311354804097135,1.2834908502312135,0.03482994233240182,0.6400039279989866,-387.32420239347476,0,0,0,0,True
grid_200m_Local_w20_seed46,Local,grid_200m,w20,46,COMPLETED,aa472acef9b1e2caa6ea22899fbbc437d529a36e00b6a85dc0bf0b1af017afa4,N/A,441296f18f1eddf09c399ac1840827d5a48b034d,200,200,0,1.0,0.6564455434000418,0.24881512601552452,0.28166492718625136,0.13716804053920048,0.5994943551888215,0.005513399672687262,0.051437788538533,0.2534984344676262,0.028166492718625136,0.28166492718625136,0.0,-93.8110470586293,0,0,0,0,True
grid_200m_CoTOP_w20_seed47,CoTOP,grid_200m,w20,47,COMPLETED,3cdf11673187d597401c2fc022de6cdf5ba2561f6bc1524c09d3145428f85316,N/A,441296f18f1eddf09c399ac1840827d5a48b034d,200,200,0,1.0,0.6313550845557623,0.23824104480205235,3.490452163244771,1.538414363388442,0.6088758745271541,0.0045329718481414965,0.01794623818046671,1.3961808652979084,1.3961808652979084,0.0,0.6980904326489542,-412.1807247800533,0,0,0,0,True
grid_200m_DDQN_w20_seed47,DDQN,grid_200m,w20,47,COMPLETED,3cdf11673187d597401c2fc022de6cdf5ba2561f6bc1524c09d3145428f85316,N/A,441296f18f1eddf09c399ac1840827d5a48b034d,200,200,0,1.0,0.6313550845557623,0.23824104480205235,3.490452163244771,1.538414363388442,0.6088758745271541,0.0045329718481414965,0.01794623818046671,1.3961808652979084,1.3961808652979084,0.0,0.6980904326489542,-412.1807247800533,0,0,0,0,True
grid_200m_Greedy_w20_seed47,Greedy,grid_200m,w20,47,COMPLETED,3cdf11673187d597401c2fc022de6cdf5ba2561f6bc1524c09d3145428f85316,N/A,441296f18f1eddf09c399ac1840827d5a48b034d,200,200,0,1.0,0.6140365487596778,0.23914509404823311,3.0409590617317575,1.7168900716323634,0.6043809435120239,0.0045405183335412635,0.005115086914112772,1.2345321557312194,1.2054945060695932,0.03629706207703297,0.6009323999309449,-365.49956104914367,0,0,0,0,True
grid_200m_Local_w20_seed47,Local,grid_200m,w20,47,COMPLETED,3cdf11673187d597401c2fc022de6cdf5ba2561f6bc1524c09d3145428f85316,N/A,441296f18f1eddf09c399ac1840827d5a48b034d,200,200,0,1.0,0.6356748874563425,0.2236859416200203,0.2862461897271332,0.13636861882852008,0.5768338147919776,0.005609557031584269,0.053231515632780474,0.2576215707544199,0.028624618972713324,0.2862461897271332,0.0,-92.19210771834747,0,0,0,0,True
grid_200m_CoTOP_w20_seed48,CoTOP,grid_200m,w20,48,COMPLETED,0bbff03f9f099996a15d5bd6d70141233161de94f38c091dc803af7eac602329,N/A,441296f18f1eddf09c399ac1840827d5a48b034d,200,200,0,1.0,0.6483346309059734,0.24079291066703723,3.6816600181008736,1.6411425184695718,0.6217019083566667,0.004748692958928777,0.021884029590378086,1.4726640072403496,1.4726640072403496,0.0,0.7363320036201748,-432.9994649006845,0,0,0,0,True
grid_200m_DDQN_w20_seed48,DDQN,grid_200m,w20,48,COMPLETED,0bbff03f9f099996a15d5bd6d70141233161de94f38c091dc803af7eac602329,N/A,441296f18f1eddf09c399ac1840827d5a48b034d,200,200,0,1.0,0.6483346309059734,0.24079291066703723,3.6816600181008736,1.6411425184695718,0.6217019083566667,0.004748692958928777,0.021884029590378086,1.4726640072403496,1.4726640072403496,0.0,0.7363320036201748,-432.9994649006845,0,0,0,0,True
grid_200m_Greedy_w20_seed48,Greedy,grid_200m,w20,48,COMPLETED,0bbff03f9f099996a15d5bd6d70141233161de94f38c091dc803af7eac602329,N/A,441296f18f1eddf09c399ac1840827d5a48b034d,200,200,0,1.0,0.6280245032590467,0.2427938624353547,3.274915328175602,1.6582880214606648,0.617634461457414,0.004741833967040998,0.005648207834591744,1.3277870229602906,1.299273596256211,0.035641783380099386,0.6478547089591005,-390.2939831434647,0,0,0,0,True
grid_200m_Local_w20_seed48,Local,grid_200m,w20,48,COMPLETED,0bbff03f9f099996a15d5bd6d70141233161de94f38c091dc803af7eac602329,N/A,441296f18f1eddf09c399ac1840827d5a48b034d,200,200,0,1.0,0.6513117517868516,0.22325060017682635,0.3009330800544729,0.13205442660955216,0.5878946389762026,0.0059010826732942175,0.0575160301373549,0.27083977204902565,0.030093308005447295,0.3009330800544729,0.0,-95.22448318413251,0,0,0,0,True
grid_200m_CoTOP_w20_seed49,CoTOP,grid_200m,w20,49,COMPLETED,6a64639e21d4f3e76a60915870be61ee5bafbd2cd434df11e18d032c140415eb,N/A,441296f18f1eddf09c399ac1840827d5a48b034d,200,200,0,1.0,0.6512126173499752,0.24287650228124164,3.773385420599011,1.3850828145487126,0.6109113296844795,0.004308928554831972,0.035992359110663556,1.5093541682396046,1.5093541682396046,0.0,0.7546770841198023,-442.4598037948986,0,0,0,0,True
grid_200m_DDQN_w20_seed49,DDQN,grid_200m,w20,49,COMPLETED,6a64639e21d4f3e76a60915870be61ee5bafbd2cd434df11e18d032c140415eb,N/A,441296f18f1eddf09c399ac1840827d5a48b034d,200,200,0,1.0,0.6512126173499752,0.24287650228124164,3.773385420599011,1.3850828145487126,0.6109113296844795,0.004308928554831972,0.035992359110663556,1.5093541682396046,1.5093541682396046,0.0,0.7546770841198023,-442.4598037948986,0,0,0,0,True
grid_200m_Greedy_w20_seed49,Greedy,grid_200m,w20,49,COMPLETED,6a64639e21d4f3e76a60915870be61ee5bafbd2cd434df11e18d032c140415eb,N/A,441296f18f1eddf09c399ac1840827d5a48b034d,200,200,0,1.0,0.6123693063198853,0.2480638245752523,2.9894721004595795,1.5973473112963237,0.6030721964830853,0.004350514651925246,0.004946595184874817,1.2115797229423477,1.1863143105287224,0.031581765517031506,0.5915780669885097,-360.18414067794623,0,0,0,0,True
grid_200m_Local_w20_seed49,Local,grid_200m,w20,49,COMPLETED,6a64639e21d4f3e76a60915870be61ee5bafbd2cd434df11e18d032c140415eb,N/A,441296f18f1eddf09c399ac1840827d5a48b034d,200,200,0,1.0,0.632162622676328,0.2317470795476018,0.27780707565367246,0.12586996404938194,0.5759555462350261,0.005440950403826444,0.05076612603747543,0.2500263680883052,0.027780707565367244,0.27780707565367246,0.0,-90.99696983300005,0,0,0,0,True
grid_200m_CoTOP_w20_seed50,CoTOP,grid_200m,w20,50,COMPLETED,12fbb46a3d4dad38c2a44530a1a2cc0171fb051d6ec4ef6c7519ad2c59ab82cc,N/A,441296f18f1eddf09c399ac1840827d5a48b034d,200,200,0,1.0,0.6467591000288618,0.26128848414036027,2.226926061228188,1.9485164053535726,0.6248695848865183,0.0049227833067070235,0.01696673183563652,0.9346674041635135,0.8644322366879323,0.0877939593444764,0.42782642037674234,-287.3685161257049,0,0,0,0,True
grid_200m_DDQN_w20_seed50,DDQN,grid_200m,w20,50,COMPLETED,12fbb46a3d4dad38c2a44530a1a2cc0171fb051d6ec4ef6c7519ad2c59ab82cc,N/A,441296f18f1eddf09c399ac1840827d5a48b034d,200,200,0,1.0,0.6467591000288618,0.26128848414036027,2.226926061228188,1.9485164053535726,0.6248695848865183,0.0049227833067070235,0.01696673183563652,0.9346674041635135,0.8644322366879323,0.0877939593444764,0.42782642037674234,-287.3685161257049,0,0,0,0,True
grid_200m_Greedy_w20_seed50,Greedy,grid_200m,w20,50,COMPLETED,12fbb46a3d4dad38c2a44530a1a2cc0171fb051d6ec4ef6c7519ad2c59ab82cc,N/A,441296f18f1eddf09c399ac1840827d5a48b034d,200,200,0,1.0,0.6449875259215986,0.26637876242470127,3.274795641074943,1.6731837232207676,0.6353482806849859,0.004451077110691125,0.005188168125921626,1.3265316399463059,1.2999502263201803,0.033226767032656736,0.6483137748084573,-391.9783166996542,0,0,0,0,True
grid_200m_Local_w20_seed50,Local,grid_200m,w20,50,COMPLETED,12fbb46a3d4dad38c2a44530a1a2cc0171fb051d6ec4ef6c7519ad2c59ab82cc,N/A,441296f18f1eddf09c399ac1840827d5a48b034d,200,200,0,1.0,0.6644230876307554,0.2501348294973669,0.2852528116379087,0.12496116291852127,0.6054528523906155,0.005583965662280052,0.05338626957785996,0.2567275304741179,0.02852528116379088,0.2852528116379087,0.0,-94.96758992686644,0,0,0,0,True
grid_200m_CoTOP_w20_seed51,CoTOP,grid_200m,w20,51,COMPLETED,c10cb5275eec2396074d1cd29354a2c1a7804964cc0b8f61f81dc12f9308c3ec,N/A,441296f18f1eddf09c399ac1840827d5a48b034d,200,200,0,1.0,0.6533138463038378,0.2662778405335668,3.3978704317307233,1.7575283976895018,0.6225160948130308,0.004414244757076762,0.026383506733730223,1.3591481726922894,1.3591481726922894,0.0,0.6795740863461447,-405.11842780345614,0,0,0,0,True
grid_200m_DDQN_w20_seed51,DDQN,grid_200m,w20,51,COMPLETED,c10cb5275eec2396074d1cd29354a2c1a7804964cc0b8f61f81dc12f9308c3ec,N/A,441296f18f1eddf09c399ac1840827d5a48b034d,200,200,0,1.0,0.6533138463038378,0.2662778405335668,3.3978704317307233,1.7575283976895018,0.6225160948130308,0.004414244757076762,0.026383506733730223,1.3591481726922894,1.3591481726922894,0.0,0.6795740863461447,-405.11842780345614,0,0,0,0,True
grid_200m_Greedy_w20_seed51,Greedy,grid_200m,w20,51,COMPLETED,c10cb5275eec2396074d1cd29354a2c1a7804964cc0b8f61f81dc12f9308c3ec,N/A,441296f18f1eddf09c399ac1840827d5a48b034d,200,200,0,1.0,0.6292194745798988,0.26215839706928074,3.1371411781538256,1.6636710892502449,0.6199088022772618,0.004388509866873452,0.004922162435763602,1.2706567804490827,1.245376285748999,0.03160061837510456,0.6211081119557442,-376.63606527337265,0,0,0,0,True
grid_200m_Local_w20_seed51,Local,grid_200m,w20,51,COMPLETED,c10cb5275eec2396074d1cd29354a2c1a7804964cc0b8f61f81dc12f9308c3ec,N/A,441296f18f1eddf09c399ac1840827d5a48b034d,200,200,0,1.0,0.6486460427384125,0.25037302268853495,0.2802307933031292,0.13046668468553632,0.5913396984287548,0.005486347926376834,0.05181999638328101,0.2522077139728163,0.028023079330312922,0.2802307933031292,0.0,-92.88768360415418,0,0,0,0,True
grid_200m_CoTOP_w30_seed42,CoTOP,grid_200m,w30,42,COMPLETED,32aee6919d8d71451883bf6e35e138ab72d21babff98728b2d1d273cb4b3355d,N/A,441296f18f1eddf09c399ac1840827d5a48b034d,300,300,0,1.0,0.6471088669771823,0.2417026069057052,1.4360382233082853,1.6478916867542326,0.6041210935884542,0.005171381654164181,0.03781639173456387,0.5989871040507455,0.5596722004868553,0.049143629454862614,0.27737891877068455,-312.47206354282014,0,0,0,0,True
grid_200m_DDQN_w30_seed42,DDQN,grid_200m,w30,42,COMPLETED,32aee6919d8d71451883bf6e35e138ab72d21babff98728b2d1d273cb4b3355d,N/A,441296f18f1eddf09c399ac1840827d5a48b034d,300,300,0,1.0,0.6471088669771823,0.2417026069057052,1.4360382233082853,1.6478916867542326,0.6041210935884542,0.005171381654164181,0.03781639173456387,0.5989871040507455,0.5596722004868553,0.049143629454862614,0.27737891877068455,-312.47206354282014,0,0,0,0,True
grid_200m_Greedy_w30_seed42,Greedy,grid_200m,w30,42,COMPLETED,32aee6919d8d71451883bf6e35e138ab72d21babff98728b2d1d273cb4b3355d,N/A,441296f18f1eddf09c399ac1840827d5a48b034d,300,300,0,1.0,0.6351701670317762,0.24844432960528293,3.19122321874777,1.5843434263805056,0.6216729435428491,0.00457915054520744,0.008918072943719697,1.2920947900366473,1.2671259859765842,0.031211005075078565,0.6320024427345382,-573.9590078669322,0,0,0,0,True
grid_200m_Local_w30_seed42,Local,grid_200m,w30,42,COMPLETED,32aee6919d8d71451883bf6e35e138ab72d21babff98728b2d1d273cb4b3355d,N/A,441296f18f1eddf09c399ac1840827d5a48b034d,300,300,0,1.0,0.6782907506345437,0.22599334667240464,0.2897779118688253,0.1269664375094997,0.5926584904740596,0.005677026539281694,0.07995523362120248,0.26080012068194275,0.028977791186882526,0.2897779118688253,0.0,-145.21029937550543,0,0,0,0,True
grid_200m_CoTOP_w30_seed43,CoTOP,grid_200m,w30,43,COMPLETED,c30ace34300085764bc6626e87c687359ea9e99eb8826c0fed6c444166df38f0,N/A,441296f18f1eddf09c399ac1840827d5a48b034d,300,300,0,1.0,0.6850642333770505,0.24512877376547135,3.690920294497068,1.3966897758106638,0.6276613857158589,0.004282648711593061,0.05312019894959851,1.4763681177988273,1.4763681177988273,0.0,0.7381840588994136,-656.397679181118,0,0,0,0,True
grid_200m_DDQN_w30_seed43,DDQN,grid_200m,w30,43,COMPLETED,c30ace34300085764bc6626e87c687359ea9e99eb8826c0fed6c444166df38f0,N/A,441296f18f1eddf09c399ac1840827d5a48b034d,300,300,0,1.0,0.6850642333770505,0.24512877376547135,3.690920294497068,1.3966897758106638,0.6276613857158589,0.004282648711593061,0.05312019894959851,1.4763681177988273,1.4763681177988273,0.0,0.7381840588994136,-656.397679181118,0,0,0,0,True
grid_200m_Greedy_w30_seed43,Greedy,grid_200m,w30,43,COMPLETED,c30ace34300085764bc6626e87c687359ea9e99eb8826c0fed6c444166df38f0,N/A,441296f18f1eddf09c399ac1840827d5a48b034d,300,300,0,1.0,0.6352238835654298,0.2575893011080151,3.139660935253019,1.6332232455975801,0.6221487921234184,0.004295334568565908,0.008779756873445482,1.2713266232052407,1.2465870246387882,0.030924498208065594,0.6217472874089908,-566.2327228227678,0,0,0,0,True
grid_200m_Local_w30_seed43,Local,grid_200m,w30,43,COMPLETED,c30ace34300085764bc6626e87c687359ea9e99eb8826c0fed6c444166df38f0,N/A,441296f18f1eddf09c399ac1840827d5a48b034d,300,300,0,1.0,0.6766048691457273,0.2396648292982024,0.2721686814223114,0.12641704186392486,0.5934738695851113,0.005324678854529204,0.07780632070608662,0.2449518132800802,0.02721686814223113,0.2721686814223114,0.0,-142.31603258520576,0,0,0,0,True
grid_200m_CoTOP_w30_seed44,CoTOP,grid_200m,w30,44,COMPLETED,aa7f46f0ffa273b33c019701f1a52143efd5a86411e0cf28a505e0fe6f98a68b,N/A,441296f18f1eddf09c399ac1840827d5a48b034d,300,300,0,1.0,0.6403178281735653,0.2480468154650806,3.2760523127302514,1.7763300097842465,0.6064442429172084,0.004463809307458415,0.02940977594889843,1.3104209250921006,1.3104209250921006,0.0,0.6552104625460503,-587.4555211355727,0,0,0,0,True
grid_200m_DDQN_w30_seed44,DDQN,grid_200m,w30,44,COMPLETED,aa7f46f0ffa273b33c019701f1a52143efd5a86411e0cf28a505e0fe6f98a68b,N/A,441296f18f1eddf09c399ac1840827d5a48b034d,300,300,0,1.0,0.6403178281735653,0.2480468154650806,3.2760523127302514,1.7763300097842465,0.6064442429172084,0.004463809307458415,0.02940977594889843,1.3104209250921006,1.3104209250921006,0.0,0.6552104625460503,-587.4555211355727,0,0,0,0,True
grid_200m_Greedy_w30_seed44,Greedy,grid_200m,w30,44,COMPLETED,aa7f46f0ffa273b33c019701f1a52143efd5a86411e0cf28a505e0fe6f98a68b,N/A,441296f18f1eddf09c399ac1840827d5a48b034d,300,300,0,1.0,0.6179937420634654,0.24710727555145867,3.1268587302234234,1.5854178741217049,0.6049523070921402,0.004326887603339363,0.008714547367985749,1.2657422312846642,1.2417442485721923,0.02999747839059026,0.6193722503665665,-561.7278708430331,0,0,0,0,True
grid_200m_Local_w30_seed44,Local,grid_200m,w30,44,COMPLETED,aa7f46f0ffa273b33c019701f1a52143efd5a86411e0cf28a505e0fe6f98a68b,N/A,441296f18f1eddf09c399ac1840827d5a48b034d,300,300,0,1.0,0.6584622257419317,0.22401823713909913,0.2713886193468348,0.1342343857094788,0.5763976059833743,0.005312492865740022,0.07675212689281735,0.24424975741215135,0.027138861934683487,0.2713886193468348,0.0,-139.47762676331504,0,0,0,0,True
grid_200m_CoTOP_w30_seed45,CoTOP,grid_200m,w30,45,COMPLETED,de75ab8e6c15f61f385143bff37110df4222c088a602836b7109ce21d59a8fc2,N/A,441296f18f1eddf09c399ac1840827d5a48b034d,300,300,0,1.0,0.6610418737861096,0.2315945019093385,0.5922898237631216,0.8997531105504011,0.5902402658070681,0.00557070532851285,0.06523090265052855,0.36083269788851285,0.16256586847529003,0.2478335367665286,0.06889125739931859,-187.99975463238474,0,0,0,0,True
grid_200m_DDQN_w30_seed45,DDQN,grid_200m,w30,45,COMPLETED,de75ab8e6c15f61f385143bff37110df4222c088a602836b7109ce21d59a8fc2,N/A,441296f18f1eddf09c399ac1840827d5a48b034d,300,300,0,1.0,0.6610418737861096,0.2315945019093385,0.5922898237631216,0.8997531105504011,0.5902402658070681,0.00557070532851285,0.06523090265052855,0.36083269788851285,0.16256586847529003,0.2478335367665286,0.06889125739931859,-187.99975463238474,0,0,0,0,True
grid_200m_Greedy_w30_seed45,Greedy,grid_200m,w30,45,COMPLETED,de75ab8e6c15f61f385143bff37110df4222c088a602836b7109ce21d59a8fc2,N/A,441296f18f1eddf09c399ac1840827d5a48b034d,300,300,0,1.0,0.6294134318632736,0.24881841311440786,3.1307613055738854,1.638490424243981,0.6156249806251757,0.00461624439553365,0.009172206842564274,1.2675799474114915,1.2431392671203922,0.03055085036387392,0.6200420910420024,-564.0262106155743,0,0,0,0,True
grid_200m_Local_w30_seed45,Local,grid_200m,w30,45,COMPLETED,de75ab8e6c15f61f385143bff37110df4222c088a602836b7109ce21d59a8fc2,N/A,441296f18f1eddf09c399ac1840827d5a48b034d,300,300,0,1.0,0.6743013862327684,0.22662573838563257,0.29163701636268774,0.13596306277289574,0.5872337377330638,0.005715293579707142,0.08135235491999747,0.26247331472641894,0.029163701636268774,0.29163701636268774,0.0,-144.89076038931847,0,0,0,0,True
grid_200m_CoTOP_w30_seed46,CoTOP,grid_200m,w30,46,COMPLETED,4fc08257e157d11df2717bf3a44adf91cb50971be0248ca638b169d94f7ad033,N/A,441296f18f1eddf09c399ac1840827d5a48b034d,300,300,0,1.0,0.6334506963190218,0.24304080369549222,1.6029998434409234,1.696265746651806,0.5987274716354049,0.004931591270505947,0.029791633413110828,0.7099911149935632,0.5999252308060532,0.13758235523438722,0.29308349764130726,-335.4675809639918,0,0,0,0,True
grid_200m_DDQN_w30_seed46,DDQN,grid_200m,w30,46,COMPLETED,4fc08257e157d11df2717bf3a44adf91cb50971be0248ca638b169d94f7ad033,N/A,441296f18f1eddf09c399ac1840827d5a48b034d,300,300,0,1.0,0.6334506963190218,0.24304080369549222,1.6029998434409234,1.696265746651806,0.5987274716354049,0.004931591270505947,0.029791633413110828,0.7099911149935632,0.5999252308060532,0.13758235523438722,0.29308349764130726,-335.4675809639918,0,0,0,0,True
grid_200m_Greedy_w30_seed46,Greedy,grid_200m,w30,46,COMPLETED,4fc08257e157d11df2717bf3a44adf91cb50971be0248ca638b169d94f7ad033,N/A,441296f18f1eddf09c399ac1840827d5a48b034d,300,300,0,1.0,0.627729575384568,0.24469592198461826,3.1954659887177144,1.615766979466054,0.6146521330881728,0.0044271472749131255,0.008650295021481959,1.294424044344535,1.2684438061726162,0.032475297714898266,0.6325981382005633,-573.4793346153425,0,0,0,0,True
grid_200m_Local_w30_seed46,Local,grid_200m,w30,46,COMPLETED,4fc08257e157d11df2717bf3a44adf91cb50971be0248ca638b169d94f7ad033,N/A,441296f18f1eddf09c399ac1840827d5a48b034d,300,300,0,1.0,0.6692360270737456,0.2252629548597318,0.279780698543827,0.13566159394449168,0.585495280186434,0.005478514914839254,0.07826223197247235,0.25180262868944436,0.027978069854382705,0.279780698543827,0.0,-142.35250884263593,0,0,0,0,True
grid_200m_CoTOP_w30_seed47,CoTOP,grid_200m,w30,47,COMPLETED,11e5656bd17a343fbd09308565e61a9929205d8f58996ad4337956e51f8438dc,N/A,441296f18f1eddf09c399ac1840827d5a48b034d,300,300,0,1.0,0.6522538331194695,0.2397022954666701,3.2739303794796797,1.4241145265158877,0.6107591116364685,0.004581100584119697,0.03691362089888124,1.309572151791872,1.309572151791872,0.0,0.654786075895936,-588.9276318898724,0,0,0,0,True
grid_200m_DDQN_w30_seed47,DDQN,grid_200m,w30,47,COMPLETED,11e5656bd17a343fbd09308565e61a9929205d8f58996ad4337956e51f8438dc,N/A,441296f18f1eddf09c399ac1840827d5a48b034d,300,300,0,1.0,0.6522538331194695,0.2397022954666701,3.2739303794796797,1.4241145265158877,0.6107591116364685,0.004581100584119697,0.03691362089888124,1.309572151791872,1.309572151791872,0.0,0.654786075895936,-588.9276318898724,0,0,0,0,True
grid_200m_Greedy_w30_seed47,Greedy,grid_200m,w30,47,COMPLETED,11e5656bd17a343fbd09308565e61a9929205d8f58996ad4337956e51f8438dc,N/A,441296f18f1eddf09c399ac1840827d5a48b034d,300,300,0,1.0,0.6233410615256442,0.24480721793425578,3.1652535906137595,1.6296350892082454,0.6096723437478092,0.0045183905808672525,0.009150327196967789,1.2811484979098056,1.2570731992469226,0.030094123328603787,0.6270318934570311,-568.2891978209107,0,0,0,0,True
grid_200m_Local_w30_seed47,Local,grid_200m,w30,47,COMPLETED,11e5656bd17a343fbd09308565e61a9929205d8f58996ad4337956e51f8438dc,N/A,441296f18f1eddf09c399ac1840827d5a48b034d,300,300,0,1.0,0.6686606594439441,0.2221623901941069,0.28672692551961004,0.1336455694591068,0.5808870770968677,0.005618361094972828,0.0821552212521035,0.258054232967649,0.028672692551961004,0.28672692551961004,0.0,-143.30813774453324,0,0,0,0,True
grid_200m_CoTOP_w30_seed48,CoTOP,grid_200m,w30,48,COMPLETED,a8a82d735a5c827791e06308f5a2c5bc69cd0ca7372c20a8cb924f9a83d13f51,N/A,441296f18f1eddf09c399ac1840827d5a48b034d,300,300,0,1.0,0.6363849454483966,0.23803994385061789,1.824779312178792,1.5820048534229072,0.5971690037713876,0.0050964274130668955,0.034119514263942156,0.795876872035103,0.6903326365733652,0.13193029432717246,0.33856980357032396,-369.1746386440784,0,0,0,0,True
grid_200m_DDQN_w30_seed48,DDQN,grid_200m,w30,48,COMPLETED,a8a82d735a5c827791e06308f5a2c5bc69cd0ca7372c20a8cb924f9a83d13f51,N/A,441296f18f1eddf09c399ac1840827d5a48b034d,300,300,0,1.0,0.6363849454483966,0.23803994385061789,1.824779312178792,1.5820048534229072,0.5971690037713876,0.0050964274130668955,0.034119514263942156,0.795876872035103,0.6903326365733652,0.13193029432717246,0.33856980357032396,-369.1746386440784,0,0,0,0,True
grid_200m_Greedy_w30_seed48,Greedy,grid_200m,w30,48,COMPLETED,a8a82d735a5c827791e06308f5a2c5bc69cd0ca7372c20a8cb924f9a83d13f51,N/A,441296f18f1eddf09c399ac1840827d5a48b034d,300,300,0,1.0,0.6245502658093681,0.24411481793029488,3.1264521251760047,1.646452419123995,0.6101857319013597,0.004673967462967649,0.00969056644504072,1.2667120227577093,1.2409021464580179,0.032262345374614705,0.618837955960278,-562.650358647806,0,0,0,0,True
grid_200m_Local_w30_seed48,Local,grid_200m,w30,48,COMPLETED,a8a82d735a5c827791e06308f5a2c5bc69cd0ca7372c20a8cb924f9a83d13f51,N/A,441296f18f1eddf09c399ac1840827d5a48b034d,300,300,0,1.0,0.6741251157569602,0.22457932929753133,0.29599815902413174,0.1308841781482323,0.581881192239841,0.005803586942034667,0.08644033657508458,0.2663983431217185,0.029599815902413174,0.29599815902413174,0.0,-145.51849121716384,0,0,0,0,True
grid_200m_CoTOP_w30_seed49,CoTOP,grid_200m,w30,49,COMPLETED,3b33f1b5e356f107d1d06438ba17e1072bbc7322b8295d882f9e14a50125d143,N/A,441296f18f1eddf09c399ac1840827d5a48b034d,300,300,0,1.0,0.6552195629310156,0.23395621235097824,0.4740586389579342,0.836088512129386,0.5793853244921895,0.005374530082759852,0.07045970835606635,0.32020887448213453,0.11127220424379725,0.2611708377979216,0.04257756023200255,-169.39173028334258,0,0,0,0,True
grid_200m_DDQN_w30_seed49,DDQN,grid_200m,w30,49,COMPLETED,3b33f1b5e356f107d1d06438ba17e1072bbc7322b8295d882f9e14a50125d143,N/A,441296f18f1eddf09c399ac1840827d5a48b034d,300,300,0,1.0,0.6552195629310156,0.23395621235097824,0.4740586389579342,0.836088512129386,0.5793853244921895,0.005374530082759852,0.07045970835606635,0.32020887448213453,0.11127220424379725,0.2611708377979216,0.04257756023200255,-169.39173028334258,0,0,0,0,True
grid_200m_Greedy_w30_seed49,Greedy,grid_200m,w30,49,COMPLETED,3b33f1b5e356f107d1d06438ba17e1072bbc7322b8295d882f9e14a50125d143,N/A,441296f18f1eddf09c399ac1840827d5a48b034d,300,300,0,1.0,0.6183240522295764,0.25162509152315016,3.048432268708541,1.6268187298733057,0.6051290607896955,0.0043838119039215275,0.008811179535959396,1.2345078103844398,1.2102919657428024,0.03026980580204692,0.6036324925812988,-550.0134481407181,0,0,0,0,True
grid_200m_Local_w30_seed49,Local,grid_200m,w30,49,COMPLETED,3b33f1b5e356f107d1d06438ba17e1072bbc7322b8295d882f9e14a50125d143,N/A,441296f18f1eddf09c399ac1840827d5a48b034d,300,300,0,1.0,0.6616729119115484,0.23112696362671653,0.27945575618242136,0.13085481810994434,0.5774392956644344,0.0054736272645155406,0.0787599889825987,0.25151018056417923,0.02794557561824214,0.27945575618242136,0.0,-141.16930021409553,0,0,0,0,True
grid_200m_CoTOP_w30_seed50,CoTOP,grid_200m,w30,50,COMPLETED,a760449c812516dfb8d1bb53d06a1e3276e0d73d71c68b117e4b82791e68bf02,N/A,441296f18f1eddf09c399ac1840827d5a48b034d,300,300,0,1.0,0.7020503027739625,0.2444451020048718,3.630239669565602,1.3659065659383898,0.6352308962220726,0.004396293788160403,0.06242311276372933,1.4524059018404254,1.4519098474177297,0.0006200680283697929,0.7259239203074463,-649.8434958509351,0,0,0,0,True
grid_200m_DDQN_w30_seed50,DDQN,grid_200m,w30,50,COMPLETED,a760449c812516dfb8d1bb53d06a1e3276e0d73d71c68b117e4b82791e68bf02,N/A,441296f18f1eddf09c399ac1840827d5a48b034d,300,300,0,1.0,0.7020503027739625,0.2444451020048718,3.630239669565602,1.3659065659383898,0.6352308962220726,0.004396293788160403,0.06242311276372933,1.4524059018404254,1.4519098474177297,0.0006200680283697929,0.7259239203074463,-649.8434958509351,0,0,0,0,True
grid_200m_Greedy_w30_seed50,Greedy,grid_200m,w30,50,COMPLETED,a760449c812516dfb8d1bb53d06a1e3276e0d73d71c68b117e4b82791e68bf02,N/A,441296f18f1eddf09c399ac1840827d5a48b034d,300,300,0,1.0,0.6439045938036014,0.25526163004762187,3.1801866246550428,1.67173841636162,0.6307303657729671,0.004423397027936057,0.008750831002698299,1.287616532630902,1.2627495202006866,0.03108376553776921,0.6298205718234549,-573.6136827687967,0,0,0,0,True
grid_200m_Local_w30_seed50,Local,grid_200m,w30,50,COMPLETED,a760449c812516dfb8d1bb53d06a1e3276e0d73d71c68b117e4b82791e68bf02,N/A,441296f18f1eddf09c399ac1840827d5a48b034d,300,300,0,1.0,0.6867405134553046,0.23386797974404347,0.2832499029716674,0.12553696540486042,0.6017609985561334,0.005544645859722121,0.0794348690394491,0.2549249126745006,0.028324990297166744,0.2832499029716674,0.0,-145.4985624640458,0,0,0,0,True
grid_200m_CoTOP_w30_seed51,CoTOP,grid_200m,w30,51,COMPLETED,f5c84fa8da0b2aec435e5aa29926c8ffc40eb97ea7e720a9eed0d5bf62827c90,N/A,441296f18f1eddf09c399ac1840827d5a48b034d,300,300,0,1.0,0.6711986086464246,0.26370599435142894,2.4113282750633243,1.7798418433548946,0.6137108910594652,0.00460747938493632,0.05288023820202311,0.9813498424557728,0.954440190567064,0.033637064860885996,0.4755382420404878,-462.37903255646194,0,0,0,0,True
grid_200m_DDQN_w30_seed51,DDQN,grid_200m,w30,51,COMPLETED,f5c84fa8da0b2aec435e5aa29926c8ffc40eb97ea7e720a9eed0d5bf62827c90,N/A,441296f18f1eddf09c399ac1840827d5a48b034d,300,300,0,1.0,0.6711986086464246,0.26370599435142894,2.4113282750633243,1.7798418433548946,0.6137108910594652,0.00460747938493632,0.05288023820202311,0.9813498424557728,0.954440190567064,0.033637064860885996,0.4755382420404878,-462.37903255646194,0,0,0,0,True
grid_200m_Greedy_w30_seed51,Greedy,grid_200m,w30,51,COMPLETED,f5c84fa8da0b2aec435e5aa29926c8ffc40eb97ea7e720a9eed0d5bf62827c90,N/A,441296f18f1eddf09c399ac1840827d5a48b034d,300,300,0,1.0,0.6336655021305444,0.2674430059644808,3.132567327485721,1.6539313528254258,0.6209232815836891,0.004265590608519398,0.008476629938335773,1.267927419942096,1.244086637625604,0.02980097789561512,0.6205532699180213,-564.9349244424399,0,0,0,0,True
grid_200m_Local_w30_seed51,Local,grid_200m,w30,51,COMPLETED,f5c84fa8da0b2aec435e5aa29926c8ffc40eb97ea7e720a9eed0d5bf62827c90,N/A,441296f18f1eddf09c399ac1840827d5a48b034d,300,300,0,1.0,0.6752349171522755,0.24683830711444124,0.2746186901756882,0.12965906776811725,0.5923437952105889,0.005373905044471648,0.07751721689721494,0.24715682115811943,0.027461869017568828,0.2746186901756882,0.0,-142.47804109919454,0,0,0,0,True
grid_200m_CoTOP_w40_seed42,CoTOP,grid_200m,w40,42,COMPLETED,6e92439f1b38705e21439490a9837376ff406931ff92523fdf7e0031d537c6ce,N/A,441296f18f1eddf09c399ac1840827d5a48b034d,400,400,0,1.0,0.6807971548284973,0.23670953825108906,3.4128701399335775,1.6044742821039388,0.626435269067089,0.004514702626954566,0.049847183134453736,1.365148055973431,1.365148055973431,0.0,0.6825740279867155,-818.7334589524145,0,0,0,0,True
grid_200m_DDQN_w40_seed42,DDQN,grid_200m,w40,42,COMPLETED,6e92439f1b38705e21439490a9837376ff406931ff92523fdf7e0031d537c6ce,N/A,441296f18f1eddf09c399ac1840827d5a48b034d,400,400,0,1.0,0.6807971548284973,0.23670953825108906,3.4128701399335775,1.6044742821039388,0.626435269067089,0.004514702626954566,0.049847183134453736,1.365148055973431,1.365148055973431,0.0,0.6825740279867155,-818.7334589524145,0,0,0,0,True
grid_200m_Greedy_w40_seed42,Greedy,grid_200m,w40,42,COMPLETED,6e92439f1b38705e21439490a9837376ff406931ff92523fdf7e0031d537c6ce,N/A,441296f18f1eddf09c399ac1840827d5a48b034d,400,400,0,1.0,0.6416922581325956,0.2528376247022119,3.2344642712871687,1.5843123553778846,0.6246512103806249,0.004433862557290434,0.012607185194680213,1.3085454768002336,1.284929847543648,0.029519536570732283,0.6409889469432873,-775.2313058839525,0,0,0,0,True
grid_200m_Local_w40_seed42,Local,grid_200m,w40,42,COMPLETED,6e92439f1b38705e21439490a9837376ff406931ff92523fdf7e0031d537c6ce,N/A,441296f18f1eddf09c399ac1840827d5a48b034d,400,400,0,1.0,0.7066728244826007,0.23068686264876867,0.28255349114826667,0.13022357938582244,0.5951321025792359,0.005532043402449487,0.10600867850091522,0.25429814203344003,0.028255349114826668,0.28255349114826667,0.0,-197.84526312617348,0,0,0,0,True
grid_200m_CoTOP_w40_seed43,CoTOP,grid_200m,w40,43,COMPLETED,ca19498c68c5decbcc2d3c9d2aa873ef3d727ddb0f70a66ef52402cf7d4f20f9,N/A,441296f18f1eddf09c399ac1840827d5a48b034d,400,400,0,1.0,0.6871302891248989,0.23970526435799616,0.47239909335442787,0.7202696400115918,0.5898336141066527,0.005328512527295162,0.09196816249095109,0.3167966037986222,0.11225745746766051,0.2556739329137021,0.04334503208814515,-231.90587649586507,0,0,0,0,True
grid_200m_DDQN_w40_seed43,DDQN,grid_200m,w40,43,COMPLETED,ca19498c68c5decbcc2d3c9d2aa873ef3d727ddb0f70a66ef52402cf7d4f20f9,N/A,441296f18f1eddf09c399ac1840827d5a48b034d,400,400,0,1.0,0.6871302891248989,0.23970526435799616,0.47239909335442787,0.7202696400115918,0.5898336141066527,0.005328512527295162,0.09196816249095109,0.3167966037986222,0.11225745746766051,0.2556739329137021,0.04334503208814515,-231.90587649586507,0,0,0,0,True
grid_200m_Greedy_w40_seed43,Greedy,grid_200m,w40,43,COMPLETED,ca19498c68c5decbcc2d3c9d2aa873ef3d727ddb0f70a66ef52402cf7d4f20f9,N/A,441296f18f1eddf09c399ac1840827d5a48b034d,400,400,0,1.0,0.6331403542702676,0.2584052148813575,3.0858542209328097,1.6242487480592167,0.6159681653824365,0.0043712390368768755,0.012800949850954268,1.2492540796623604,1.225394253599582,0.02982478257847287,0.6112058876708673,-743.7989150406152,0,0,0,0,True
grid_200m_Local_w40_seed43,Local,grid_200m,w40,43,COMPLETED,ca19498c68c5decbcc2d3c9d2aa873ef3d727ddb0f70a66ef52402cf7d4f20f9,N/A,441296f18f1eddf09c399ac1840827d5a48b034d,400,400,0,1.0,0.7003244275142957,0.23306890235809746,0.27756128638402955,0.12447393240461845,0.5878852360369486,0.005433648680473202,0.10700554279687388,0.24980515774562662,0.02775612863840296,0.27756128638402955,0.0,-195.57714277966494,0,0,0,0,True
grid_200m_CoTOP_w40_seed44,CoTOP,grid_200m,w40,44,COMPLETED,519d90ef11e71b1f4cffdc865e32afe109046f77a4668e5b78d544a7fb6e400b,N/A,441296f18f1eddf09c399ac1840827d5a48b034d,400,400,0,1.0,0.698915577305026,0.2348443609681577,3.7914420058559175,1.4833647639628258,0.6145248328614707,0.004388183707584678,0.08000256073597076,1.5168856576510459,1.51639148915716,0.0006177106173573518,0.7581648590477121,-898.0715166321886,0,0,0,0,True
grid_200m_DDQN_w40_seed44,DDQN,grid_200m,w40,44,COMPLETED,519d90ef11e71b1f4cffdc865e32afe109046f77a4668e5b78d544a7fb6e400b,N/A,441296f18f1eddf09c399ac1840827d5a48b034d,400,400,0,1.0,0.698915577305026,0.2348443609681577,3.7914420058559175,1.4833647639628258,0.6145248328614707,0.004388183707584678,0.08000256073597076,1.5168856576510459,1.51639148915716,0.0006177106173573518,0.7581648590477121,-898.0715166321886,0,0,0,0,True
grid_200m_Greedy_w40_seed44,Greedy,grid_200m,w40,44,COMPLETED,519d90ef11e71b1f4cffdc865e32afe109046f77a4668e5b78d544a7fb6e400b,N/A,441296f18f1eddf09c399ac1840827d5a48b034d,400,400,0,1.0,0.6247414898926947,0.24900518072651212,3.1307762527553775,1.6233542463649868,0.6079181753304652,0.004406812298577954,0.012416502263651555,1.2681861976646425,1.242785083164656,0.03175139312498289,0.619804971926079,-751.1035485296148,0,0,0,0,True
grid_200m_Local_w40_seed44,Local,grid_200m,w40,44,COMPLETED,519d90ef11e71b1f4cffdc865e32afe109046f77a4668e5b78d544a7fb6e400b,N/A,441296f18f1eddf09c399ac1840827d5a48b034d,400,400,0,1.0,0.6884186886081008,0.2227837762240003,0.27495006587704063,0.1307848854452334,0.5793599134616819,0.005383129334848477,0.1036756458115704,0.24745505928933656,0.027495006587704065,0.27495006587704063,0.0,-192.67375089702804,0,0,0,0,True
grid_200m_CoTOP_w40_seed45,CoTOP,grid_200m,w40,45,COMPLETED,dad26682a78ac5a65c816487680d6333cf13da30e317b3bfcdef6a4817d169ba,N/A,441296f18f1eddf09c399ac1840827d5a48b034d,400,400,0,1.0,0.6492926846554506,0.23063006145560958,1.9542099383810758,1.6082059172415502,0.6000195757305841,0.004833667777326595,0.04443944114753999,0.7875286189967707,0.778177189165826,0.011689287288680836,0.388504130218479,-520.7005246073056,0,0,0,0,True
grid_200m_DDQN_w40_seed45,DDQN,grid_200m,w40,45,COMPLETED,dad26682a78ac5a65c816487680d6333cf13da30e317b3bfcdef6a4817d169ba,N/A,441296f18f1eddf09c399ac1840827d5a48b034d,400,400,0,1.0,0.6492926846554506,0.23063006145560958,1.9542099383810758,1.6082059172415502,0.6000195757305841,0.004833667777326595,0.04443944114753999,0.7875286189967707,0.778177189165826,0.011689287288680836,0.388504130218479,-520.7005246073056,0,0,0,0,True
grid_200m_Greedy_w40_seed45,Greedy,grid_200m,w40,45,COMPLETED,dad26682a78ac5a65c816487680d6333cf13da30e317b3bfcdef6a4817d169ba,N/A,441296f18f1eddf09c399ac1840827d5a48b034d,400,400,0,1.0,0.6296368875363388,0.24391361698504163,3.183327574665612,1.575687904879629,0.6123107520934293,0.0044557459907452555,0.01287038945216417,1.2879897138232268,1.2645358194920557,0.029317367913963936,0.6308020413503297,-762.5928924403898,0,0,0,0,True
grid_200m_Local_w40_seed45,Local,grid_200m,w40,45,COMPLETED,dad26682a78ac5a65c816487680d6333cf13da30e317b3bfcdef6a4817d169ba,N/A,441296f18f1eddf09c399ac1840827d5a48b034d,400,400,0,1.0,0.6972449298559849,0.21576039847496792,0.28531822975853566,0.13356948703340063,0.5833306586443586,0.005589698463441841,0.1083245727481844,0.2567864067826821,0.02853182297585357,0.28531822975853566,0.0,-196.51263192290418,0,0,0,0,True
grid_200m_CoTOP_w40_seed46,CoTOP,grid_200m,w40,46,COMPLETED,c71ea073465716fcac69eb8c48bddbec7858ec24fa1a7b9c9196dc70e1797ef2,N/A,441296f18f1eddf09c399ac1840827d5a48b034d,400,400,0,1.0,0.649535261480697,0.2464144947621656,2.48580871961691,1.8296034855699925,0.6153785168667213,0.004715620553325099,0.02944112406065046,1.0370678000535738,0.9686769005226782,0.0854886244136197,0.48006401904065804,-627.0687962195216,0,0,0,0,True
grid_200m_DDQN_w40_seed46,DDQN,grid_200m,w40,46,COMPLETED,c71ea073465716fcac69eb8c48bddbec7858ec24fa1a7b9c9196dc70e1797ef2,N/A,441296f18f1eddf09c399ac1840827d5a48b034d,400,400,0,1.0,0.649535261480697,0.2464144947621656,2.48580871961691,1.8296034855699925,0.6153785168667213,0.004715620553325099,0.02944112406065046,1.0370678000535738,0.9686769005226782,0.0854886244136197,0.48006401904065804,-627.0687962195216,0,0,0,0,True
grid_200m_Greedy_w40_seed46,Greedy,grid_200m,w40,46,COMPLETED,c71ea073465716fcac69eb8c48bddbec7858ec24fa1a7b9c9196dc70e1797ef2,N/A,441296f18f1eddf09c399ac1840827d5a48b034d,400,400,0,1.0,0.6393912412587369,0.24900252499229134,3.193293239215609,1.6029464028769642,0.6224533620627084,0.004397935121922001,0.012539944074106595,1.2922085698706196,1.268382531175618,0.029782548368752094,0.6327021381693714,-766.5368960948693,0,0,0,0,True
grid_200m_Local_w40_seed46,Local,grid_200m,w40,46,COMPLETED,c71ea073465716fcac69eb8c48bddbec7858ec24fa1a7b9c9196dc70e1797ef2,N/A,441296f18f1eddf09c399ac1840827d5a48b034d,400,400,0,1.0,0.7045920148560932,0.2216685308987754,0.2802429914149196,0.1297407215216336,0.5933228595847014,0.005486195256381452,0.10578296001501031,0.25221869227342764,0.028024299141491963,0.2802429914149196,0.0,-196.96700125420276,0,0,0,0,True
grid_200m_CoTOP_w40_seed47,CoTOP,grid_200m,w40,47,COMPLETED,6e6b0018d12a299819ff84d3a2e15a5f218e3fa32b03a16b1cac7dce7dbce762,N/A,441296f18f1eddf09c399ac1840827d5a48b034d,400,400,0,1.0,0.6894952537693513,0.23723101912881445,2.6926009029208524,1.572437712813595,0.6043849045560937,0.004691454462545882,0.08041889475071157,1.077040361168341,1.077040361168341,0.0,0.5385201805841705,-676.4192313380406,0,0,0,0,True
grid_200m_DDQN_w40_seed47,DDQN,grid_200m,w40,47,COMPLETED,6e6b0018d12a299819ff84d3a2e15a5f218e3fa32b03a16b1cac7dce7dbce762,N/A,441296f18f1eddf09c399ac1840827d5a48b034d,400,400,0,1.0,0.6894952537693513,0.23723101912881445,2.6926009029208524,1.572437712813595,0.6043849045560937,0.004691454462545882,0.08041889475071157,1.077040361168341,1.077040361168341,0.0,0.5385201805841705,-676.4192313380406,0,0,0,0,True
grid_200m_Greedy_w40_seed47,Greedy,grid_200m,w40,47,COMPLETED,6e6b0018d12a299819ff84d3a2e15a5f218e3fa32b03a16b1cac7dce7dbce762,N/A,441296f18f1eddf09c399ac1840827d5a48b034d,400,400,0,1.0,0.6260107877609421,0.24472772969123613,3.119227754884397,1.6209124416029375,0.6086511730757291,0.0044530777072993265,0.01290653697791356,1.2628047724420783,1.2386228996607673,0.03022734097663882,0.6178000827815516,-749.0477085290685,0,0,0,0,True
grid_200m_Local_w40_seed47,Local,grid_200m,w40,47,COMPLETED,6e6b0018d12a299819ff84d3a2e15a5f218e3fa32b03a16b1cac7dce7dbce762,N/A,441296f18f1eddf09c399ac1840827d5a48b034d,400,400,0,1.0,0.6950546801767268,0.2199092456856096,0.2835995840377364,0.13370847164281416,0.5802948913672625,0.005555932702481276,0.10920385610698301,0.25523962563396274,0.028359958403773637,0.2835995840377364,0.0,-195.73085284289263,0,0,0,0,True
grid_200m_CoTOP_w40_seed48,CoTOP,grid_200m,w40,48,COMPLETED,515ad4031e8a00fead9cfbf5e36eac7386060247ce0332a08c02664ee7786d78,N/A,441296f18f1eddf09c399ac1840827d5a48b034d,400,400,0,1.0,0.6575630655288606,0.23469425838900132,2.342509280082162,1.9458713313288734,0.6027324366968766,0.005070507502508989,0.04976012132947494,0.9948047309705685,0.9023231006702427,0.11560203787540722,0.445381448441351,-600.0144691222048,0,0,0,0,True
grid_200m_DDQN_w40_seed48,DDQN,grid_200m,w40,48,COMPLETED,515ad4031e8a00fead9cfbf5e36eac7386060247ce0332a08c02664ee7786d78,N/A,441296f18f1eddf09c399ac1840827d5a48b034d,400,400,0,1.0,0.6575630655288606,0.23469425838900132,2.342509280082162,1.9458713313288734,0.6027324366968766,0.005070507502508989,0.04976012132947494,0.9948047309705685,0.9023231006702427,0.11560203787540722,0.445381448441351,-600.0144691222048,0,0,0,0,True
grid_200m_Greedy_w40_seed48,Greedy,grid_200m,w40,48,COMPLETED,515ad4031e8a00fead9cfbf5e36eac7386060247ce0332a08c02664ee7786d78,N/A,441296f18f1eddf09c399ac1840827d5a48b034d,400,400,0,1.0,0.6288737033518838,0.24353875464128688,3.1237943130809924,1.5928283230810598,0.610545287026865,0.004648162925703167,0.013680253399315667,1.264664773932367,1.240429496012415,0.03029409739994022,0.6187000431362104,-750.5336032865752,0,0,0,0,True
grid_200m_Local_w40_seed48,Local,grid_200m,w40,48,COMPLETED,515ad4031e8a00fead9cfbf5e36eac7386060247ce0332a08c02664ee7786d78,N/A,441296f18f1eddf09c399ac1840827d5a48b034d,400,400,0,1.0,0.7039272983511554,0.2161475643332867,0.29683573174232014,0.1296843658312185,0.5822757012134783,0.0058202594946037065,0.11583133764307343,0.2671521585680881,0.029683573174232012,0.29683573174232014,0.0,-200.152606018695,0,0,0,0,True
grid_200m_CoTOP_w40_seed49,CoTOP,grid_200m,w40,49,COMPLETED,f956fb6250bbe529591d38c69ffd6ad86b9f38f4cd9ea930f357749b3da757ff,N/A,441296f18f1eddf09c399ac1840827d5a48b034d,400,400,0,1.0,0.6589622721883908,0.24901133842455506,3.6412242594208304,1.404266550781316,0.6133396373812736,0.004357129096749582,0.04126550571036741,1.4579063064437483,1.455639742163083,0.002833205350831682,0.7276782108139999,-860.0373063218441,0,0,0,0,True
grid_200m_DDQN_w40_seed49,DDQN,grid_200m,w40,49,COMPLETED,f956fb6250bbe529591d38c69ffd6ad86b9f38f4cd9ea930f357749b3da757ff,N/A,441296f18f1eddf09c399ac1840827d5a48b034d,400,400,0,1.0,0.6589622721883908,0.24901133842455506,3.6412242594208304,1.404266550781316,0.6133396373812736,0.004357129096749582,0.04126550571036741,1.4579063064437483,1.455639742163083,0.002833205350831682,0.7276782108139999,-860.0373063218441,0,0,0,0,True
grid_200m_Greedy_w40_seed49,Greedy,grid_200m,w40,49,COMPLETED,f956fb6250bbe529591d38c69ffd6ad86b9f38f4cd9ea930f357749b3da757ff,N/A,441296f18f1eddf09c399ac1840827d5a48b034d,400,400,0,1.0,0.6250474300425866,0.2519786875347393,3.0923508026196727,1.5788182433052245,0.607850902813262,0.00436151767120302,0.012835009558121526,1.2511760256618596,1.228398898279475,0.028471409227980807,0.6127758786783384,-743.4796465324521,0,0,0,0,True
grid_200m_Local_w40_seed49,Local,grid_200m,w40,49,COMPLETED,f956fb6250bbe529591d38c69ffd6ad86b9f38f4cd9ea930f357749b3da757ff,N/A,441296f18f1eddf09c399ac1840827d5a48b034d,400,400,0,1.0,0.6921664831676081,0.22771574981740517,0.2779914716384322,0.13306523227092873,0.5797073095034496,0.005443887970867954,0.10701528569329061,0.250192324474589,0.027799147163843223,0.2779914716384322,0.0,-194.03159096120814,0,0,0,0,True
grid_200m_CoTOP_w40_seed50,CoTOP,grid_200m,w40,50,COMPLETED,dd891e52b4078e4643b953146ba2f1cc2a7514c700cc6a456c72850223102c72,N/A,441296f18f1eddf09c399ac1840827d5a48b034d,400,400,0,1.0,0.6931375395891999,0.24532862978990247,0.6700872893164171,1.0727231129149792,0.6032888147044182,0.005426785897080831,0.08442193898770085,0.39168423604521424,0.1938453235353785,0.24729864063729465,0.0845577297358245,-272.6449657811236,0,0,0,0,True
grid_200m_DDQN_w40_seed50,DDQN,grid_200m,w40,50,COMPLETED,dd891e52b4078e4643b953146ba2f1cc2a7514c700cc6a456c72850223102c72,N/A,441296f18f1eddf09c399ac1840827d5a48b034d,400,400,0,1.0,0.6931375395891999,0.24532862978990247,0.6700872893164171,1.0727231129149792,0.6032888147044182,0.005426785897080831,0.08442193898770085,0.39168423604521424,0.1938453235353785,0.24729864063729465,0.0845577297358245,-272.6449657811236,0,0,0,0,True
grid_200m_Greedy_w40_seed50,Greedy,grid_200m,w40,50,COMPLETED,dd891e52b4078e4643b953146ba2f1cc2a7514c700cc6a456c72850223102c72,N/A,441296f18f1eddf09c399ac1840827d5a48b034d,400,400,0,1.0,0.645760509070475,0.2596376537532524,3.19029084710019,1.6464505154285354,0.6284908502822558,0.004488174245386245,0.012781484542833043,1.2912581978785607,1.2670312234169854,0.030283718076969245,0.6320014258046441,-767.2102712341332,0,0,0,0,True
grid_200m_Local_w40_seed50,Local,grid_200m,w40,50,COMPLETED,dd891e52b4078e4643b953146ba2f1cc2a7514c700cc6a456c72850223102c72,N/A,441296f18f1eddf09c399ac1840827d5a48b034d,400,400,0,1.0,0.7133075561301959,0.23517899780364437,0.28554284081001025,0.12752882909784174,0.5994433702193541,0.0055909681421563336,0.10827321776868558,0.2569885567290092,0.028554284081001025,0.28554284081001025,0.0,-199.7700793880414,0,0,0,0,True
grid_200m_CoTOP_w40_seed51,CoTOP,grid_200m,w40,51,COMPLETED,19a5860d15fb30b8cfc38549484f6d95abb5b253d3768ea2c16113c10e6e422f,N/A,441296f18f1eddf09c399ac1840827d5a48b034d,400,400,0,1.0,0.6776055298903523,0.2544400376572966,3.5977439833819664,1.6573359675201231,0.6229216052542571,0.004274607518150238,0.050409317117945024,1.4390975933527863,1.4390975933527863,0.0,0.7195487966763932,-855.0699026544642,0,0,0,0,True
grid_200m_DDQN_w40_seed51,DDQN,grid_200m,w40,51,COMPLETED,19a5860d15fb30b8cfc38549484f6d95abb5b253d3768ea2c16113c10e6e422f,N/A,441296f18f1eddf09c399ac1840827d5a48b034d,400,400,0,1.0,0.6776055298903523,0.2544400376572966,3.5977439833819664,1.6573359675201231,0.6229216052542571,0.004274607518150238,0.050409317117945024,1.4390975933527863,1.4390975933527863,0.0,0.7195487966763932,-855.0699026544642,0,0,0,0,True
grid_200m_Greedy_w40_seed51,Greedy,grid_200m,w40,51,COMPLETED,19a5860d15fb30b8cfc38549484f6d95abb5b253d3768ea2c16113c10e6e422f,N/A,441296f18f1eddf09c399ac1840827d5a48b034d,400,400,0,1.0,0.6347971873021009,0.25871978443781407,3.1683849964044803,1.610512699257512,0.6186280153844822,0.004217617628443008,0.011951554289175617,1.2810140113480322,1.2591579908900483,0.027320025572480054,0.6282129941664001,-760.6364367413166,0,0,0,0,True
grid_200m_Local_w40_seed51,Local,grid_200m,w40,51,COMPLETED,19a5860d15fb30b8cfc38549484f6d95abb5b253d3768ea2c16113c10e6e422f,N/A,441296f18f1eddf09c399ac1840827d5a48b034d,400,400,0,1.0,0.6979711799475364,0.23417492349434002,0.27273618874121636,0.12921939981595845,0.5896715273078496,0.0053367894693627585,0.10296286317032412,0.2454625698670948,0.027273618874121643,0.27273618874121636,0.0,-194.1414737377504,0,0,0,0,True
