learning_rate,seed,episode,reward
0.0001,0,1,-175.9961
0.0001,0,2,-171.9849
0.0001,0,3,-173.1655
0.0001,0,4,-171.7387
0.0001,0,5,-166.8832
0.0001,0,6,-166.5304
0.0001,0,7,-163.61
0.0001,0,8,-162.3109
0.0001,0,9,-161.2697
0.0001,0,10,-158.1998
0.0001,0,11,-155.2725
0.0001,0,12,-154.7698
0.0001,0,13,-152.1277
0.0001,0,14,-148.8217
0.0001,0,15,-148.8346
0.0001,0,16,-145.5188
0.0001,0,17,-143.0786
0.0001,0,18,-141.8897
0.0001,0,19,-140.727
0.0001,0,20,-140.2498
0.0001,0,21,-136.9507
0.0001,0,22,-136.6973
0.0001,0,23,-136.0231
0.0001,0,24,-134.2142
0.0001,0,25,-130.1532
0.0001,0,26,-128.6215
0.0001,0,27,-128.9095
0.0001,0,28,-127.0738
0.0001,0,29,-124.1453
0.0001,0,30,-122.7517
0.0001,0,31,-123.9704
0.0001,0,32,-121.827
0.0001,0,33,-118.6886
0.0001,0,34,-117.9884
0.0001,0,35,-118.0548
0.0001,0,36,-118.1901
0.0001,0,37,-115.4723
0.0001,0,38,-113.1932
0.0001,0,39,-114.4042
0.0001,0,40,-110.0787
0.0001,0,41,-109.8052
0.0001,0,42,-109.1798
0.0001,0,43,-109.7937
0.0001,0,44,-106.276
0.0001,0,45,-104.5498
0.0001,0,46,-106.063
0.0001,0,47,-104.1676
0.0001,0,48,-103.2675
0.0001,0,49,-101.9925
0.0001,0,50,-100.5648
0.0001,0,51,-101.1516
0.0001,0,52,-97.8072
0.0001,0,53,-98.0929
0.0001,0,54,-96.809
0.0001,0,55,-99.2214
0.0001,0,56,-97.6172
0.0001,0,57,-95.864
0.0001,0,58,-94.8373
0.0001,0,59,-94.1621
0.0001,0,60,-93.6642
0.0001,0,61,-91.5277
0.0001,0,62,-91.2343
0.0001,0,63,-90.2646
0.0001,0,64,-89.3987
0.0001,0,65,-89.7304
0.0001,0,66,-88.3124
0.0001,0,67,-88.7953
0.0001,0,68,-85.9439
0.0001,0,69,-86.3717
0.0001,0,70,-84.1539
0.0001,0,71,-86.2773
0.0001,0,72,-84.059
0.0001,0,73,-82.5089
0.0001,0,74,-82.4763
0.0001,0,75,-82.2212
0.0001,0,76,-82.1983
0.0001,0,77,-82.3037
0.0001,0,78,-79.5917
0.0001,0,79,-80.1628
0.0001,0,80,-81.2605
0.0001,0,81,-80.4706
0.0001,0,82,-79.04
0.0001,0,83,-78.3273
0.0001,0,84,-78.26
0.0001,0,85,-76.8304
0.0001,0,86,-76.5879
0.0001,0,87,-77.1833
0.0001,0,88,-75.7627
0.0001,0,89,-75.0948
0.0001,0,90,-76.2535
0.0001,0,91,-74.1194
0.0001,0,92,-76.1201
0.0001,0,93,-73.3188
0.0001,0,94,-72.8725
0.0001,0,95,-74.1512
0.0001,0,96,-74.2209
0.0001,0,97,-72.2671
0.0001,0,98,-72.4811
0.0001,0,99,-69.9524
0.0001,0,100,-72.3415
0.0001,0,101,-69.8978
0.0001,0,102,-69.9581
0.0001,0,103,-70.4062
0.0001,0,104,-70.8614
0.0001,0,105,-70.781
0.0001,0,106,-70.0595
0.0001,0,107,-68.3617
0.0001,0,108,-69.6083
0.0001,0,109,-68.6333
0.0001,0,110,-69.0502
0.0001,0,111,-69.0258
0.0001,0,112,-68.4491
0.0001,0,113,-67.5536
0.0001,0,114,-65.4946
0.0001,0,115,-67.78
0.0001,0,116,-67.5049
0.0001,0,117,-65.7974
0.0001,0,118,-65.9885
0.0001,0,119,-65.7269
0.0001,0,120,-65.6909
0.0001,0,121,-65.8269
0.0001,0,122,-65.6469
0.0001,0,123,-64.3812
0.0001,0,124,-65.6122
0.0001,0,125,-65.3993
0.0001,0,126,-65.0555
0.0001,0,127,-64.9445
0.0001,0,128,-65.6408
0.0001,0,129,-65.8641
0.0001,0,130,-63.6545
0.0001,0,131,-62.3792
0.0001,0,132,-62.61
0.0001,0,133,-62.32
0.0001,0,134,-63.4322
0.0001,0,135,-62.2357
0.0001,0,136,-63.5479
0.0001,0,137,-63.2761
0.0001,0,138,-63.2051
0.0001,0,139,-62.1687
0.0001,0,140,-62.3106
0.0001,0,141,-63.5408
0.0001,0,142,-62.0558
0.0001,0,143,-61.4187
0.0001,0,144,-61.8156
0.0001,0,145,-62.0584
0.0001,0,146,-61.9586
0.0001,0,147,-61.9594
0.0001,0,148,-61.1089
0.0001,0,149,-61.8312
0.0001,0,150,-62.1649
0.0001,0,151,-60.7438
0.0001,0,152,-61.9874
0.0001,0,153,-59.846
0.0001,0,154,-60.1332
0.0001,0,155,-61.1798
0.0001,0,156,-61.4768
0.0001,0,157,-60.6162
0.0001,0,158,-60.5986
0.0001,0,159,-59.8359
0.0001,0,160,-60.4449
0.0001,0,161,-59.1121
0.0001,0,162,-60.6134
0.0001,0,163,-60.0457
0.0001,0,164,-60.125
0.0001,0,165,-60.1488
0.0001,0,166,-59.1331
0.0001,0,167,-60.156
0.0001,0,168,-58.9601
0.0001,0,169,-59.8414
0.0001,0,170,-59.7095
0.0001,0,171,-58.3716
0.0001,0,172,-58.9823
0.0001,0,173,-58.6678
0.0001,0,174,-59.0712
0.0001,0,175,-59.3548
0.0001,0,176,-59.7464
0.0001,0,177,-57.8234
0.0001,0,178,-60.2376
0.0001,0,179,-58.6518
0.0001,0,180,-59.4869
0.0001,0,181,-57.3192
0.0001,0,182,-59.032
0.0001,0,183,-59.0111
0.0001,0,184,-57.6893
0.0001,0,185,-56.5482
0.0001,0,186,-58.6436
0.0001,0,187,-57.1414
0.0001,0,188,-56.7342
0.0001,0,189,-57.4038
0.0001,0,190,-57.8752
0.0001,0,191,-57.9944
0.0001,0,192,-57.55
0.0001,0,193,-58.2234
0.0001,0,194,-58.6346
0.0001,0,195,-57.7246
0.0001,0,196,-56.9877
0.0001,0,197,-58.007
0.0001,0,198,-57.0854
0.0001,0,199,-57.4493
0.0001,0,200,-58.2402
0.0001,0,201,-57.1207
0.0001,0,202,-56.4606
0.0001,0,203,-57.3084
0.0001,0,204,-56.8347
0.0001,0,205,-57.344
0.0001,0,206,-57.3704
0.0001,0,207,-57.1935
0.0001,0,208,-56.3486
0.0001,0,209,-56.5625
0.0001,0,210,-56.4401
0.0001,0,211,-56.8505
0.0001,0,212,-56.198
0.0001,0,213,-56.742
0.0001,0,214,-56.6484
0.0001,0,215,-56.7302
0.0001,0,216,-57.0814
0.0001,0,217,-56.1374
0.0001,0,218,-55.8732
0.0001,0,219,-56.7886
0.0001,0,220,-57.3063
0.0001,0,221,-56.5845
0.0001,0,222,-57.267
0.0001,0,223,-55.738
0.0001,0,224,-56.4563
0.0001,0,225,-56.736
0.0001,0,226,-56.8296
0.0001,0,227,-56.1512
0.0001,0,228,-56.3489
0.0001,0,229,-56.5615
0.0001,0,230,-55.4629
0.0001,0,231,-55.8042
0.0001,0,232,-55.3907
0.0001,0,233,-56.0328
0.0001,0,234,-55.9199
0.0001,0,235,-55.9339
0.0001,0,236,-55.8793
0.0001,0,237,-54.9869
0.0001,0,238,-56.1995
0.0001,0,239,-56.0873
0.0001,0,240,-56.5224
0.0001,0,241,-55.2365
0.0001,0,242,-56.8212
0.0001,0,243,-55.1545
0.0001,0,244,-56.7385
0.0001,0,245,-56.4911
0.0001,0,246,-58.0228
0.0001,0,247,-55.7868
0.0001,0,248,-56.1383
0.0001,0,249,-57.6637
0.0001,0,250,-55.5449
0.0001,0,251,-56.8531
0.0001,0,252,-55.5949
0.0001,0,253,-56.302
0.0001,0,254,-55.1149
0.0001,0,255,-55.8496
0.0001,0,256,-56.8233
0.0001,0,257,-55.2674
0.0001,0,258,-55.9356
0.0001,0,259,-55.5666
0.0001,0,260,-55.8027
0.0001,0,261,-56.116
0.0001,0,262,-55.4346
0.0001,0,263,-56.8133
0.0001,0,264,-55.567
0.0001,0,265,-55.5877
0.0001,0,266,-56.2355
0.0001,0,267,-55.025
0.0001,0,268,-55.3073
0.0001,0,269,-55.3823
0.0001,0,270,-55.295
0.0001,0,271,-55.9276
0.0001,0,272,-55.5508
0.0001,0,273,-56.0406
0.0001,0,274,-56.3739
0.0001,0,275,-55.6849
0.0001,0,276,-56.8114
0.0001,0,277,-54.0142
0.0001,0,278,-55.72
0.0001,0,279,-55.0743
0.0001,0,280,-55.3013
0.0001,0,281,-56.0574
0.0001,0,282,-56.3596
0.0001,0,283,-54.997
0.0001,0,284,-55.2382
0.0001,0,285,-54.9103
0.0001,0,286,-55.731
0.0001,0,287,-56.1732
0.0001,0,288,-54.9473
0.0001,0,289,-55.2253
0.0001,0,290,-55.4837
0.0001,0,291,-55.3386
0.0001,0,292,-55.0133
0.0001,0,293,-55.5978
0.0001,0,294,-55.0837
0.0001,0,295,-55.3841
0.0001,0,296,-56.7016
0.0001,0,297,-55.4964
0.0001,0,298,-55.2126
0.0001,0,299,-55.8706
0.0001,0,300,-55.1045
0.0001,0,301,-55.1987
0.0001,0,302,-55.1685
0.0001,0,303,-55.3282
0.0001,0,304,-55.9007
0.0001,0,305,-55.0216
0.0001,0,306,-54.8671
0.0001,0,307,-55.7473
0.0001,0,308,-53.9743
0.0001,0,309,-54.737
0.0001,0,310,-55.4272
0.0001,0,311,-55.9387
0.0001,0,312,-54.3427
0.0001,0,313,-54.7859
0.0001,0,314,-55.2124
0.0001,0,315,-55.1721
0.0001,0,316,-55.0462
0.0001,0,317,-54.851
0.0001,0,318,-55.0863
0.0001,0,319,-55.162
0.0001,0,320,-54.5714
0.0001,0,321,-54.9924
0.0001,0,322,-55.7396
0.0001,0,323,-55.7479
0.0001,0,324,-54.7571
0.0001,0,325,-55.039
0.0001,0,326,-55.4701
0.0001,0,327,-55.3148
0.0001,0,328,-54.9133
0.0001,0,329,-55.1127
0.0001,0,330,-55.1432
0.0001,0,331,-54.5141
0.0001,0,332,-55.4565
0.0001,0,333,-54.99
0.0001,0,334,-56.0612
0.0001,0,335,-55.0328
0.0001,0,336,-54.9384
0.0001,0,337,-55.275
0.0001,0,338,-55.7745
0.0001,0,339,-55.5725
0.0001,0,340,-55.4201
0.0001,0,341,-55.4575
0.0001,0,342,-54.7781
0.0001,0,343,-55.1695
0.0001,0,344,-54.5096
0.0001,0,345,-55.1092
0.0001,0,346,-55.3514
0.0001,0,347,-55.485
0.0001,0,348,-54.7398
0.0001,0,349,-54.7728
0.0001,0,350,-55.3612
0.0001,0,351,-55.072
0.0001,0,352,-55.6406
0.0001,0,353,-55.0789
0.0001,0,354,-54.6785
0.0001,0,355,-55.1984
0.0001,0,356,-55.1206
0.0001,0,357,-54.8583
0.0001,0,358,-55.4947
0.0001,0,359,-55.3932
0.0001,0,360,-55.0337
0.0001,0,361,-54.9777
0.0001,0,362,-55.058
0.0001,0,363,-55.4226
0.0001,0,364,-54.6764
0.0001,0,365,-55.1452
0.0001,0,366,-54.9529
0.0001,0,367,-54.9627
0.0001,0,368,-55.6714
0.0001,0,369,-54.572
0.0001,0,370,-55.6496
0.0001,0,371,-55.3151
0.0001,0,372,-54.3431
0.0001,0,373,-55.3229
0.0001,0,374,-54.7681
0.0001,0,375,-54.4207
0.0001,0,376,-55.1452
0.0001,0,377,-55.1749
0.0001,0,378,-55.4732
0.0001,0,379,-55.1792
0.0001,0,380,-54.3802
0.0001,0,381,-55.1292
0.0001,0,382,-55.326
0.0001,0,383,-54.9194
0.0001,0,384,-55.1461
0.0001,0,385,-54.9947
0.0001,0,386,-54.2992
0.0001,0,387,-54.9953
0.0001,0,388,-54.5455
0.0001,0,389,-54.8586
0.0001,0,390,-55.302
0.0001,0,391,-54.9681
0.0001,0,392,-56.1745
0.0001,0,393,-54.91
0.0001,0,394,-54.8776
0.0001,0,395,-54.8665
0.0001,0,396,-54.3721
0.0001,0,397,-54.862
0.0001,0,398,-55.4731
0.0001,0,399,-54.8562
0.0001,0,400,-55.1811
0.0001,0,401,-54.8678
0.0001,0,402,-54.9273
0.0001,0,403,-55.9065
0.0001,0,404,-55.2213
0.0001,0,405,-55.2152
0.0001,0,406,-54.8739
0.0001,0,407,-55.626
0.0001,0,408,-54.1931
0.0001,0,409,-55.0069
0.0001,0,410,-55.1958
0.0001,0,411,-55.1667
0.0001,0,412,-54.736
0.0001,0,413,-55.0645
0.0001,0,414,-55.113
0.0001,0,415,-55.0265
0.0001,0,416,-54.9267
0.0001,0,417,-54.3959
0.0001,0,418,-54.8466
0.0001,0,419,-55.3058
0.0001,0,420,-55.1884
0.0001,0,421,-55.3486
0.0001,0,422,-54.6974
0.0001,0,423,-55.1135
0.0001,0,424,-55.7462
0.0001,0,425,-54.7212
0.0001,0,426,-54.769
0.0001,0,427,-55.4627
0.0001,0,428,-54.4975
0.0001,0,429,-54.4677
0.0001,0,430,-55.3363
0.0001,0,431,-54.8493
0.0001,0,432,-54.9622
0.0001,0,433,-54.4286
0.0001,0,434,-54.8492
0.0001,0,435,-54.526
0.0001,0,436,-54.5332
0.0001,0,437,-54.8754
0.0001,0,438,-55.8111
0.0001,0,439,-54.5412
0.0001,0,440,-54.9184
0.0001,0,441,-55.0618
0.0001,0,442,-55.1662
0.0001,0,443,-55.041
0.0001,0,444,-54.4651
0.0001,0,445,-55.4198
0.0001,0,446,-54.8479
0.0001,0,447,-54.8719
0.0001,0,448,-54.6903
0.0001,0,449,-55.031
0.0001,0,450,-55.103
0.0001,0,451,-54.8727
0.0001,0,452,-55.398
0.0001,0,453,-55.0397
0.0001,0,454,-55.0351
0.0001,0,455,-54.7335
0.0001,0,456,-55.05
0.0001,0,457,-54.7189
0.0001,0,458,-55.0983
0.0001,0,459,-55.3083
0.0001,0,460,-54.5408
0.0001,0,461,-55.495
0.0001,0,462,-54.597
0.0001,0,463,-55.281
0.0001,0,464,-55.6449
0.0001,0,465,-55.1437
0.0001,0,466,-54.5842
0.0001,0,467,-54.9807
0.0001,0,468,-54.812
0.0001,0,469,-54.7429
0.0001,0,470,-55.0467
0.0001,0,471,-54.2617
0.0001,0,472,-55.1245
0.0001,0,473,-55.3749
0.0001,0,474,-54.7744
0.0001,0,475,-54.3043
0.0001,0,476,-54.9764
0.0001,0,477,-54.6456
0.0001,0,478,-55.2356
0.0001,0,479,-55.5409
0.0001,0,480,-55.1186
0.0001,0,481,-55.3382
0.0001,0,482,-55.2975
0.0001,0,483,-55.3219
0.0001,0,484,-55.1931
0.0001,0,485,-54.6861
0.0001,0,486,-54.8331
0.0001,0,487,-55.0758
0.0001,0,488,-55.3478
0.0001,0,489,-54.8664
0.0001,0,490,-54.9348
0.0001,0,491,-54.8473
0.0001,0,492,-54.861
0.0001,0,493,-55.0344
0.0001,0,494,-54.5727
0.0001,0,495,-55.3999
0.0001,0,496,-55.259
0.0001,0,497,-55.4423
0.0001,0,498,-54.9602
0.0001,0,499,-55.0419
0.0001,0,500,-55.1295
0.0001,1,1,-179.6853
0.0001,1,2,-175.6663
0.0001,1,3,-170.5826
0.0001,1,4,-169.9596
0.0001,1,5,-168.277
0.0001,1,6,-165.2234
0.0001,1,7,-162.8374
0.0001,1,8,-161.6358
0.0001,1,9,-159.3864
0.0001,1,10,-153.6446
0.0001,1,11,-153.9373
0.0001,1,12,-153.4055
0.0001,1,13,-152.1304
0.0001,1,14,-151.0923
0.0001,1,15,-149.0647
0.0001,1,16,-145.855
0.0001,1,17,-144.762
0.0001,1,18,-143.0158
0.0001,1,19,-139.757
0.0001,1,20,-138.4393
0.0001,1,21,-136.5899
0.0001,1,22,-136.4784
0.0001,1,23,-135.8183
0.0001,1,24,-131.8994
0.0001,1,25,-130.6733
0.0001,1,26,-131.3552
0.0001,1,27,-128.5774
0.0001,1,28,-127.0753
0.0001,1,29,-126.0244
0.0001,1,30,-122.624
0.0001,1,31,-122.0732
0.0001,1,32,-119.9501
0.0001,1,33,-118.1387
0.0001,1,34,-117.8381
0.0001,1,35,-117.3776
0.0001,1,36,-116.8628
0.0001,1,37,-114.0742
0.0001,1,38,-113.5262
0.0001,1,39,-113.7483
0.0001,1,40,-112.5586
0.0001,1,41,-109.5371
0.0001,1,42,-108.3497
0.0001,1,43,-107.6096
0.0001,1,44,-109.993
0.0001,1,45,-106.4166
0.0001,1,46,-104.4122
0.0001,1,47,-102.7925
0.0001,1,48,-101.6028
0.0001,1,49,-102.9283
0.0001,1,50,-100.1665
0.0001,1,51,-101.6125
0.0001,1,52,-98.4945
0.0001,1,53,-96.5453
0.0001,1,54,-98.4601
0.0001,1,55,-96.0693
0.0001,1,56,-95.4603
0.0001,1,57,-93.9361
0.0001,1,58,-95.4174
0.0001,1,59,-93.6983
0.0001,1,60,-91.4959
0.0001,1,61,-90.8734
0.0001,1,62,-91.4165
0.0001,1,63,-90.2959
0.0001,1,64,-89.2118
0.0001,1,65,-86.5449
0.0001,1,66,-88.7665
0.0001,1,67,-88.0978
0.0001,1,68,-85.689
0.0001,1,69,-86.1709
0.0001,1,70,-87.74
0.0001,1,71,-86.0347
0.0001,1,72,-86.1352
0.0001,1,73,-85.2899
0.0001,1,74,-83.7626
0.0001,1,75,-82.4177
0.0001,1,76,-82.7062
0.0001,1,77,-80.5847
0.0001,1,78,-79.8718
0.0001,1,79,-80.4824
0.0001,1,80,-78.8511
0.0001,1,81,-80.8607
0.0001,1,82,-78.8129
0.0001,1,83,-78.5738
0.0001,1,84,-77.1131
0.0001,1,85,-78.3231
0.0001,1,86,-76.376
0.0001,1,87,-77.4119
0.0001,1,88,-77.3413
0.0001,1,89,-75.7387
0.0001,1,90,-74.9633
0.0001,1,91,-75.4011
0.0001,1,92,-75.293
0.0001,1,93,-74.336
0.0001,1,94,-73.4273
0.0001,1,95,-72.3852
0.0001,1,96,-74.3286
0.0001,1,97,-71.7361
0.0001,1,98,-72.5311
0.0001,1,99,-72.5346
0.0001,1,100,-70.9742
0.0001,1,101,-72.0987
0.0001,1,102,-70.9298
0.0001,1,103,-69.3859
0.0001,1,104,-70.7083
0.0001,1,105,-71.8236
0.0001,1,106,-70.4479
0.0001,1,107,-70.9827
0.0001,1,108,-69.8948
0.0001,1,109,-70.5932
0.0001,1,110,-68.3701
0.0001,1,111,-68.7364
0.0001,1,112,-66.2824
0.0001,1,113,-67.2152
0.0001,1,114,-69.5997
0.0001,1,115,-65.6021
0.0001,1,116,-68.094
0.0001,1,117,-66.5411
0.0001,1,118,-66.847
0.0001,1,119,-66.9903
0.0001,1,120,-66.2589
0.0001,1,121,-67.1081
0.0001,1,122,-66.1544
0.0001,1,123,-66.0845
0.0001,1,124,-66.5374
0.0001,1,125,-66.3565
0.0001,1,126,-64.7512
0.0001,1,127,-64.7486
0.0001,1,128,-64.2525
0.0001,1,129,-66.3104
0.0001,1,130,-64.2526
0.0001,1,131,-65.6688
0.0001,1,132,-64.8769
0.0001,1,133,-63.5443
0.0001,1,134,-63.4154
0.0001,1,135,-63.6613
0.0001,1,136,-64.0855
0.0001,1,137,-62.7992
0.0001,1,138,-63.0092
0.0001,1,139,-63.4939
0.0001,1,140,-63.9951
0.0001,1,141,-62.6772
0.0001,1,142,-61.3001
0.0001,1,143,-63.7713
0.0001,1,144,-61.4659
0.0001,1,145,-61.8129
0.0001,1,146,-62.9581
0.0001,1,147,-61.5353
0.0001,1,148,-62.0763
0.0001,1,149,-61.1545
0.0001,1,150,-62.8884
0.0001,1,151,-61.6358
0.0001,1,152,-61.2252
0.0001,1,153,-60.5083
0.0001,1,154,-61.2735
0.0001,1,155,-61.4313
0.0001,1,156,-59.8513
0.0001,1,157,-60.9005
0.0001,1,158,-60.9912
0.0001,1,159,-59.4435
0.0001,1,160,-60.531
0.0001,1,161,-59.227
0.0001,1,162,-59.6815
0.0001,1,163,-60.3046
0.0001,1,164,-58.9035
0.0001,1,165,-59.1555
0.0001,1,166,-61.6972
0.0001,1,167,-60.9186
0.0001,1,168,-59.7175
0.0001,1,169,-58.9556
0.0001,1,170,-58.8321
0.0001,1,171,-58.8042
0.0001,1,172,-58.6199
0.0001,1,173,-59.8362
0.0001,1,174,-58.8619
0.0001,1,175,-57.6013
0.0001,1,176,-58.3169
0.0001,1,177,-58.6825
0.0001,1,178,-58.1007
0.0001,1,179,-57.1441
0.0001,1,180,-58.5166
0.0001,1,181,-57.2777
0.0001,1,182,-58.1904
0.0001,1,183,-57.6144
0.0001,1,184,-57.9721
0.0001,1,185,-58.5643
0.0001,1,186,-59.1875
0.0001,1,187,-57.7908
0.0001,1,188,-57.6979
0.0001,1,189,-57.3953
0.0001,1,190,-58.4695
0.0001,1,191,-57.2759
0.0001,1,192,-58.6185
0.0001,1,193,-57.9225
0.0001,1,194,-57.9116
0.0001,1,195,-56.83
0.0001,1,196,-56.9405
0.0001,1,197,-56.9289
0.0001,1,198,-57.5693
0.0001,1,199,-57.2722
0.0001,1,200,-57.6965
0.0001,1,201,-56.9081
0.0001,1,202,-57.1269
0.0001,1,203,-58.0232
0.0001,1,204,-56.1451
0.0001,1,205,-58.2057
0.0001,1,206,-57.6724
0.0001,1,207,-56.4605
0.0001,1,208,-57.5767
0.0001,1,209,-56.7075
0.0001,1,210,-57.6711
0.0001,1,211,-57.1205
0.0001,1,212,-57.5614
0.0001,1,213,-57.928
0.0001,1,214,-57.2282
0.0001,1,215,-56.814
0.0001,1,216,-56.7053
0.0001,1,217,-56.4439
0.0001,1,218,-56.3278
0.0001,1,219,-56.3853
0.0001,1,220,-57.5233
0.0001,1,221,-57.2983
0.0001,1,222,-56.923
0.0001,1,223,-56.31
0.0001,1,224,-57.1768
0.0001,1,225,-56.8711
0.0001,1,226,-55.7432
0.0001,1,227,-57.5108
0.0001,1,228,-56.4656
0.0001,1,229,-56.4285
0.0001,1,230,-56.3121
0.0001,1,231,-55.5979
0.0001,1,232,-57.4765
0.0001,1,233,-55.6557
0.0001,1,234,-56.2169
0.0001,1,235,-55.8227
0.0001,1,236,-55.5731
0.0001,1,237,-55.8042
0.0001,1,238,-56.2106
0.0001,1,239,-56.1118
0.0001,1,240,-56.2529
0.0001,1,241,-56.1051
0.0001,1,242,-56.7256
0.0001,1,243,-55.29
0.0001,1,244,-55.1251
0.0001,1,245,-55.8023
0.0001,1,246,-55.8913
0.0001,1,247,-56.4316
0.0001,1,248,-56.0799
0.0001,1,249,-56.3928
0.0001,1,250,-55.5365
0.0001,1,251,-55.4532
0.0001,1,252,-55.7713
0.0001,1,253,-56.1107
0.0001,1,254,-55.465
0.0001,1,255,-55.184
0.0001,1,256,-56.0275
0.0001,1,257,-56.5258
0.0001,1,258,-55.3795
0.0001,1,259,-55.3619
0.0001,1,260,-55.7
0.0001,1,261,-55.208
0.0001,1,262,-55.5323
0.0001,1,263,-54.9462
0.0001,1,264,-55.2134
0.0001,1,265,-55.2108
0.0001,1,266,-56.1182
0.0001,1,267,-54.8126
0.0001,1,268,-55.1604
0.0001,1,269,-55.0471
0.0001,1,270,-55.0137
0.0001,1,271,-55.7866
0.0001,1,272,-55.3328
0.0001,1,273,-56.1994
0.0001,1,274,-56.1358
0.0001,1,275,-56.5119
0.0001,1,276,-55.8834
0.0001,1,277,-54.9038
0.0001,1,278,-55.3358
0.0001,1,279,-55.4305
0.0001,1,280,-56.2289
0.0001,1,281,-55.171
0.0001,1,282,-55.8048
0.0001,1,283,-54.8902
0.0001,1,284,-55.107
0.0001,1,285,-55.5947
0.0001,1,286,-55.3393
0.0001,1,287,-56.456
0.0001,1,288,-55.7911
0.0001,1,289,-55.5787
0.0001,1,290,-55.3973
0.0001,1,291,-54.8139
0.0001,1,292,-55.5275
0.0001,1,293,-55.3401
0.0001,1,294,-55.2206
0.0001,1,295,-55.3646
0.0001,1,296,-55.4566
0.0001,1,297,-54.8715
0.0001,1,298,-55.2009
0.0001,1,299,-55.2352
0.0001,1,300,-55.0045
0.0001,1,301,-55.6596
0.0001,1,302,-54.8586
0.0001,1,303,-55.2468
0.0001,1,304,-54.2982
0.0001,1,305,-56.2281
0.0001,1,306,-56.1728
0.0001,1,307,-55.0156
0.0001,1,308,-54.2777
0.0001,1,309,-55.5153
0.0001,1,310,-54.9839
0.0001,1,311,-54.8793
0.0001,1,312,-55.6206
0.0001,1,313,-55.1596
0.0001,1,314,-55.3114
0.0001,1,315,-54.8407
0.0001,1,316,-56.5877
0.0001,1,317,-55.7446
0.0001,1,318,-55.3662
0.0001,1,319,-55.184
0.0001,1,320,-55.7963
0.0001,1,321,-54.9519
0.0001,1,322,-55.1406
0.0001,1,323,-54.4969
0.0001,1,324,-55.9295
0.0001,1,325,-54.9223
0.0001,1,326,-55.2856
0.0001,1,327,-55.3765
0.0001,1,328,-54.9352
0.0001,1,329,-54.7441
0.0001,1,330,-55.4434
0.0001,1,331,-55.0369
0.0001,1,332,-55.4841
0.0001,1,333,-54.8267
0.0001,1,334,-55.3105
0.0001,1,335,-54.8863
0.0001,1,336,-55.1739
0.0001,1,337,-54.5358
0.0001,1,338,-54.13
0.0001,1,339,-55.4205
0.0001,1,340,-54.4694
0.0001,1,341,-55.3732
0.0001,1,342,-55.6645
0.0001,1,343,-55.5909
0.0001,1,344,-56.4426
0.0001,1,345,-55.2065
0.0001,1,346,-55.0608
0.0001,1,347,-54.9407
0.0001,1,348,-55.0675
0.0001,1,349,-55.5516
0.0001,1,350,-55.3508
0.0001,1,351,-55.6659
0.0001,1,352,-54.7135
0.0001,1,353,-55.091
0.0001,1,354,-54.6655
0.0001,1,355,-55.0696
0.0001,1,356,-54.6197
0.0001,1,357,-54.8138
0.0001,1,358,-55.6347
0.0001,1,359,-55.1034
0.0001,1,360,-55.0234
0.0001,1,361,-54.6483
0.0001,1,362,-55.524
0.0001,1,363,-55.9939
0.0001,1,364,-55.0715
0.0001,1,365,-55.8972
0.0001,1,366,-55.4089
0.0001,1,367,-55.1523
0.0001,1,368,-54.8235
0.0001,1,369,-55.3097
0.0001,1,370,-54.9296
0.0001,1,371,-55.1952
0.0001,1,372,-54.4466
0.0001,1,373,-55.4371
0.0001,1,374,-54.4005
0.0001,1,375,-54.9669
0.0001,1,376,-54.6823
0.0001,1,377,-54.7175
0.0001,1,378,-55.4482
0.0001,1,379,-55.3951
0.0001,1,380,-55.3945
0.0001,1,381,-54.5862
0.0001,1,382,-55.725
0.0001,1,383,-56.0008
0.0001,1,384,-55.0166
0.0001,1,385,-55.2942
0.0001,1,386,-54.6744
0.0001,1,387,-54.8414
0.0001,1,388,-54.9423
0.0001,1,389,-55.2395
0.0001,1,390,-54.849
0.0001,1,391,-55.8692
0.0001,1,392,-54.7016
0.0001,1,393,-54.3376
0.0001,1,394,-55.2517
0.0001,1,395,-54.9034
0.0001,1,396,-55.4843
0.0001,1,397,-55.178
0.0001,1,398,-55.4396
0.0001,1,399,-55.1666
0.0001,1,400,-55.18
0.0001,1,401,-54.9176
0.0001,1,402,-54.5201
0.0001,1,403,-54.6678
0.0001,1,404,-55.1912
0.0001,1,405,-55.2247
0.0001,1,406,-55.4807
0.0001,1,407,-55.2545
0.0001,1,408,-54.7453
0.0001,1,409,-54.9585
0.0001,1,410,-54.8701
0.0001,1,411,-54.7998
0.0001,1,412,-55.1108
0.0001,1,413,-54.8791
0.0001,1,414,-54.806
0.0001,1,415,-55.4691
0.0001,1,416,-55.2582
0.0001,1,417,-55.0249
0.0001,1,418,-55.7714
0.0001,1,419,-55.1003
0.0001,1,420,-55.0748
0.0001,1,421,-54.684
0.0001,1,422,-55.0066
0.0001,1,423,-55.3941
0.0001,1,424,-55.2993
0.0001,1,425,-54.7192
0.0001,1,426,-55.4993
0.0001,1,427,-55.1778
0.0001,1,428,-55.2377
0.0001,1,429,-55.19
0.0001,1,430,-55.5092
0.0001,1,431,-55.3484
0.0001,1,432,-54.7888
0.0001,1,433,-55.1627
0.0001,1,434,-54.9015
0.0001,1,435,-54.9826
0.0001,1,436,-55.5028
0.0001,1,437,-54.8143
0.0001,1,438,-54.9991
0.0001,1,439,-55.4321
0.0001,1,440,-55.066
0.0001,1,441,-55.0678
0.0001,1,442,-54.8447
0.0001,1,443,-55.3488
0.0001,1,444,-55.3302
0.0001,1,445,-54.6933
0.0001,1,446,-55.1985
0.0001,1,447,-55.1596
0.0001,1,448,-54.8672
0.0001,1,449,-55.2777
0.0001,1,450,-55.0177
0.0001,1,451,-55.1621
0.0001,1,452,-55.1358
0.0001,1,453,-54.6531
0.0001,1,454,-54.7689
0.0001,1,455,-55.3599
0.0001,1,456,-55.1616
0.0001,1,457,-55.296
0.0001,1,458,-55.4667
0.0001,1,459,-55.0423
0.0001,1,460,-54.743
0.0001,1,461,-54.282
0.0001,1,462,-54.6226
0.0001,1,463,-55.0385
0.0001,1,464,-54.9293
0.0001,1,465,-55.3877
0.0001,1,466,-55.1925
0.0001,1,467,-55.3902
0.0001,1,468,-54.7377
0.0001,1,469,-55.142
0.0001,1,470,-54.7629
0.0001,1,471,-54.8503
0.0001,1,472,-54.3531
0.0001,1,473,-55.2604
0.0001,1,474,-55.5908
0.0001,1,475,-55.1098
0.0001,1,476,-54.7625
0.0001,1,477,-55.2777
0.0001,1,478,-54.8133
0.0001,1,479,-55.4066
0.0001,1,480,-55.276
0.0001,1,481,-54.874
0.0001,1,482,-54.9904
0.0001,1,483,-54.3864
0.0001,1,484,-55.0771
0.0001,1,485,-55.0165
0.0001,1,486,-54.8984
0.0001,1,487,-54.7837
0.0001,1,488,-54.939
0.0001,1,489,-55.378
0.0001,1,490,-54.2414
0.0001,1,491,-54.6798
0.0001,1,492,-55.395
0.0001,1,493,-55.1032
0.0001,1,494,-55.1794
0.0001,1,495,-54.9379
0.0001,1,496,-54.4842
0.0001,1,497,-54.7625
0.0001,1,498,-54.796
0.0001,1,499,-54.7705
0.0001,1,500,-55.2065
0.0001,2,1,-175.6879
0.0001,2,2,-175.4973
0.0001,2,3,-172.6038
0.0001,2,4,-170.862
0.0001,2,5,-167.1452
0.0001,2,6,-164.7165
0.0001,2,7,-163.0396
0.0001,2,8,-159.7289
0.0001,2,9,-160.8607
0.0001,2,10,-157.2676
0.0001,2,11,-156.4292
0.0001,2,12,-153.6655
0.0001,2,13,-149.9795
0.0001,2,14,-149.5423
0.0001,2,15,-147.4228
0.0001,2,16,-145.4059
0.0001,2,17,-141.673
0.0001,2,18,-142.9086
0.0001,2,19,-142.4584
0.0001,2,20,-140.1728
0.0001,2,21,-138.1333
0.0001,2,22,-135.2502
0.0001,2,23,-134.2586
0.0001,2,24,-132.5439
0.0001,2,25,-131.4562
0.0001,2,26,-130.004
0.0001,2,27,-128.2465
0.0001,2,28,-127.3038
0.0001,2,29,-125.4967
0.0001,2,30,-123.6943
0.0001,2,31,-122.6669
0.0001,2,32,-119.4156
0.0001,2,33,-119.7965
0.0001,2,34,-118.7834
0.0001,2,35,-117.3456
0.0001,2,36,-115.0838
0.0001,2,37,-110.8952
0.0001,2,38,-113.6587
0.0001,2,39,-112.0727
0.0001,2,40,-110.2242
0.0001,2,41,-110.1633
0.0001,2,42,-107.7701
0.0001,2,43,-105.6724
0.0001,2,44,-108.2813
0.0001,2,45,-105.9844
0.0001,2,46,-104.9007
0.0001,2,47,-104.775
0.0001,2,48,-103.2393
0.0001,2,49,-101.5912
0.0001,2,50,-100.5716
0.0001,2,51,-101.0629
0.0001,2,52,-100.7137
0.0001,2,53,-99.2171
0.0001,2,54,-98.2155
0.0001,2,55,-94.5974
0.0001,2,56,-95.3272
0.0001,2,57,-96.2386
0.0001,2,58,-94.8111
0.0001,2,59,-94.8063
0.0001,2,60,-92.209
0.0001,2,61,-92.2299
0.0001,2,62,-89.8174
0.0001,2,63,-90.7826
0.0001,2,64,-89.5573
0.0001,2,65,-89.1622
0.0001,2,66,-88.7933
0.0001,2,67,-89.0367
0.0001,2,68,-86.8526
0.0001,2,69,-86.8914
0.0001,2,70,-87.5876
0.0001,2,71,-84.7874
0.0001,2,72,-83.9197
0.0001,2,73,-81.7566
0.0001,2,74,-83.8439
0.0001,2,75,-84.7548
0.0001,2,76,-80.0881
0.0001,2,77,-82.1324
0.0001,2,78,-80.8912
0.0001,2,79,-80.495
0.0001,2,80,-80.0919
0.0001,2,81,-79.5122
0.0001,2,82,-79.1753
0.0001,2,83,-78.0202
0.0001,2,84,-76.8859
0.0001,2,85,-77.7225
0.0001,2,86,-77.9364
0.0001,2,87,-76.5028
0.0001,2,88,-75.7553
0.0001,2,89,-75.5085
0.0001,2,90,-76.316
0.0001,2,91,-74.3658
0.0001,2,92,-75.2959
0.0001,2,93,-75.5722
0.0001,2,94,-74.7203
0.0001,2,95,-74.8537
0.0001,2,96,-72.3114
0.0001,2,97,-74.013
0.0001,2,98,-73.3714
0.0001,2,99,-73.0422
0.0001,2,100,-72.1784
0.0001,2,101,-71.3622
0.0001,2,102,-71.3315
0.0001,2,103,-72.0185
0.0001,2,104,-69.0029
0.0001,2,105,-71.4627
0.0001,2,106,-69.0189
0.0001,2,107,-68.7677
0.0001,2,108,-68.3106
0.0001,2,109,-68.5017
0.0001,2,110,-69.5869
0.0001,2,111,-69.8231
0.0001,2,112,-67.6439
0.0001,2,113,-68.858
0.0001,2,114,-68.6064
0.0001,2,115,-68.5849
0.0001,2,116,-67.6846
0.0001,2,117,-65.8525
0.0001,2,118,-67.9869
0.0001,2,119,-66.5767
0.0001,2,120,-66.4642
0.0001,2,121,-66.2343
0.0001,2,122,-65.4192
0.0001,2,123,-66.5459
0.0001,2,124,-64.672
0.0001,2,125,-64.182
0.0001,2,126,-64.0792
0.0001,2,127,-63.8878
0.0001,2,128,-64.4585
0.0001,2,129,-63.9896
0.0001,2,130,-64.3736
0.0001,2,131,-63.9374
0.0001,2,132,-65.2407
0.0001,2,133,-62.761
0.0001,2,134,-63.8505
0.0001,2,135,-63.2383
0.0001,2,136,-64.6412
0.0001,2,137,-62.6313
0.0001,2,138,-62.4715
0.0001,2,139,-61.0627
0.0001,2,140,-62.9784
0.0001,2,141,-63.0209
0.0001,2,142,-62.245
0.0001,2,143,-61.9822
0.0001,2,144,-62.5121
0.0001,2,145,-61.449
0.0001,2,146,-59.4427
0.0001,2,147,-61.6895
0.0001,2,148,-62.2147
0.0001,2,149,-60.3248
0.0001,2,150,-62.0743
0.0001,2,151,-60.8704
0.0001,2,152,-60.4231
0.0001,2,153,-60.9094
0.0001,2,154,-60.1537
0.0001,2,155,-59.9028
0.0001,2,156,-61.2726
0.0001,2,157,-60.5725
0.0001,2,158,-61.548
0.0001,2,159,-59.2498
0.0001,2,160,-60.5862
0.0001,2,161,-60.4515
0.0001,2,162,-60.2829
0.0001,2,163,-60.5269
0.0001,2,164,-59.4744
0.0001,2,165,-60.1075
0.0001,2,166,-60.2188
0.0001,2,167,-58.8552
0.0001,2,168,-59.7946
0.0001,2,169,-59.4205
0.0001,2,170,-59.3571
0.0001,2,171,-58.4808
0.0001,2,172,-59.1464
0.0001,2,173,-60.0978
0.0001,2,174,-59.5883
0.0001,2,175,-59.6585
0.0001,2,176,-58.3052
0.0001,2,177,-58.6154
0.0001,2,178,-58.3246
0.0001,2,179,-59.1331
0.0001,2,180,-58.386
0.0001,2,181,-58.0118
0.0001,2,182,-57.9755
0.0001,2,183,-58.1243
0.0001,2,184,-58.7164
0.0001,2,185,-57.5706
0.0001,2,186,-57.0317
0.0001,2,187,-58.2327
0.0001,2,188,-57.7572
0.0001,2,189,-58.5787
0.0001,2,190,-58.3608
0.0001,2,191,-58.0327
0.0001,2,192,-56.8893
0.0001,2,193,-57.0738
0.0001,2,194,-57.63
0.0001,2,195,-58.6046
0.0001,2,196,-57.8891
0.0001,2,197,-57.0475
0.0001,2,198,-59.2557
0.0001,2,199,-57.9146
0.0001,2,200,-56.9687
0.0001,2,201,-58.9945
0.0001,2,202,-58.2475
0.0001,2,203,-56.7201
0.0001,2,204,-56.8361
0.0001,2,205,-56.8368
0.0001,2,206,-56.8261
0.0001,2,207,-56.8033
0.0001,2,208,-57.5695
0.0001,2,209,-57.5611
0.0001,2,210,-57.807
0.0001,2,211,-57.112
0.0001,2,212,-56.4648
0.0001,2,213,-56.9843
0.0001,2,214,-56.9129
0.0001,2,215,-56.5722
0.0001,2,216,-56.3834
0.0001,2,217,-55.1875
0.0001,2,218,-57.1729
0.0001,2,219,-55.2592
0.0001,2,220,-55.9653
0.0001,2,221,-55.6948
0.0001,2,222,-56.9329
0.0001,2,223,-56.7237
0.0001,2,224,-56.4124
0.0001,2,225,-56.6896
0.0001,2,226,-56.6654
0.0001,2,227,-56.7854
0.0001,2,228,-56.5922
0.0001,2,229,-56.9068
0.0001,2,230,-54.8298
0.0001,2,231,-56.4052
0.0001,2,232,-56.4442
0.0001,2,233,-55.7333
0.0001,2,234,-56.3483
0.0001,2,235,-55.6682
0.0001,2,236,-56.626
0.0001,2,237,-55.7744
0.0001,2,238,-56.0104
0.0001,2,239,-54.9938
0.0001,2,240,-57.398
0.0001,2,241,-56.2759
0.0001,2,242,-56.6738
0.0001,2,243,-54.1799
0.0001,2,244,-56.3102
0.0001,2,245,-56.446
0.0001,2,246,-55.7839
0.0001,2,247,-56.2842
0.0001,2,248,-55.6449
0.0001,2,249,-56.4476
0.0001,2,250,-54.7734
0.0001,2,251,-55.3419
0.0001,2,252,-56.4188
0.0001,2,253,-55.8947
0.0001,2,254,-55.5682
0.0001,2,255,-56.0461
0.0001,2,256,-56.0259
0.0001,2,257,-56.7198
0.0001,2,258,-55.73
0.0001,2,259,-55.1387
0.0001,2,260,-55.1077
0.0001,2,261,-56.0075
0.0001,2,262,-55.1531
0.0001,2,263,-55.2847
0.0001,2,264,-55.2152
0.0001,2,265,-55.6705
0.0001,2,266,-55.1622
0.0001,2,267,-55.9334
0.0001,2,268,-56.1905
0.0001,2,269,-55.264
0.0001,2,270,-54.6602
0.0001,2,271,-56.4041
0.0001,2,272,-55.2277
0.0001,2,273,-56.1864
0.0001,2,274,-55.6182
0.0001,2,275,-56.239
0.0001,2,276,-55.5017
0.0001,2,277,-56.4173
0.0001,2,278,-55.903
0.0001,2,279,-55.27
0.0001,2,280,-55.7086
0.0001,2,281,-55.0229
0.0001,2,282,-55.1844
0.0001,2,283,-56.2133
0.0001,2,284,-54.3508
0.0001,2,285,-54.7488
0.0001,2,286,-55.7028
0.0001,2,287,-55.4588
0.0001,2,288,-56.0731
0.0001,2,289,-55.8545
0.0001,2,290,-54.7578
0.0001,2,291,-55.6552
0.0001,2,292,-55.4837
0.0001,2,293,-55.3068
0.0001,2,294,-54.4813
0.0001,2,295,-56.6699
0.0001,2,296,-55.2048
0.0001,2,297,-55.2243
0.0001,2,298,-54.6492
0.0001,2,299,-55.1493
0.0001,2,300,-55.6633
0.0001,2,301,-55.6521
0.0001,2,302,-55.1686
0.0001,2,303,-54.9941
0.0001,2,304,-56.23
0.0001,2,305,-55.4908
0.0001,2,306,-55.5257
0.0001,2,307,-54.8271
0.0001,2,308,-54.2899
0.0001,2,309,-56.515
0.0001,2,310,-54.1796
0.0001,2,311,-56.0545
0.0001,2,312,-55.0983
0.0001,2,313,-54.5199
0.0001,2,314,-55.3408
0.0001,2,315,-55.4568
0.0001,2,316,-55.9105
0.0001,2,317,-55.3723
0.0001,2,318,-55.6502
0.0001,2,319,-54.8336
0.0001,2,320,-55.7241
0.0001,2,321,-54.6948
0.0001,2,322,-55.2917
0.0001,2,323,-55.1736
0.0001,2,324,-54.9924
0.0001,2,325,-54.8893
0.0001,2,326,-55.7018
0.0001,2,327,-56.0192
0.0001,2,328,-55.8272
0.0001,2,329,-54.3592
0.0001,2,330,-55.4608
0.0001,2,331,-55.0319
0.0001,2,332,-55.678
0.0001,2,333,-54.1549
0.0001,2,334,-54.7878
0.0001,2,335,-55.2602
0.0001,2,336,-55.6243
0.0001,2,337,-55.8579
0.0001,2,338,-54.7604
0.0001,2,339,-55.6976
0.0001,2,340,-54.4561
0.0001,2,341,-55.6759
0.0001,2,342,-55.1624
0.0001,2,343,-54.8988
0.0001,2,344,-55.5854
0.0001,2,345,-54.8723
0.0001,2,346,-54.4903
0.0001,2,347,-56.1411
0.0001,2,348,-54.8675
0.0001,2,349,-54.6715
0.0001,2,350,-55.0821
0.0001,2,351,-56.0039
0.0001,2,352,-55.3297
0.0001,2,353,-55.9011
0.0001,2,354,-54.9538
0.0001,2,355,-55.2105
0.0001,2,356,-54.65
0.0001,2,357,-54.1087
0.0001,2,358,-54.696
0.0001,2,359,-54.5724
0.0001,2,360,-55.2494
0.0001,2,361,-54.5675
0.0001,2,362,-54.99
0.0001,2,363,-54.6585
0.0001,2,364,-55.6015
0.0001,2,365,-55.8369
0.0001,2,366,-55.886
0.0001,2,367,-55.5722
0.0001,2,368,-55.5044
0.0001,2,369,-54.8822
0.0001,2,370,-54.97
0.0001,2,371,-54.4902
0.0001,2,372,-54.8737
0.0001,2,373,-54.7633
0.0001,2,374,-54.7745
0.0001,2,375,-54.6125
0.0001,2,376,-55.1312
0.0001,2,377,-54.9348
0.0001,2,378,-55.6746
0.0001,2,379,-54.7992
0.0001,2,380,-54.5201
0.0001,2,381,-54.9413
0.0001,2,382,-55.1895
0.0001,2,383,-55.1994
0.0001,2,384,-55.1299
0.0001,2,385,-55.6381
0.0001,2,386,-54.9226
0.0001,2,387,-55.5158
0.0001,2,388,-54.7702
0.0001,2,389,-54.9347
0.0001,2,390,-55.6546
0.0001,2,391,-55.9675
0.0001,2,392,-55.6601
0.0001,2,393,-55.149
0.0001,2,394,-55.4206
0.0001,2,395,-55.0112
0.0001,2,396,-54.4523
0.0001,2,397,-55.5444
0.0001,2,398,-54.9825
0.0001,2,399,-55.6853
0.0001,2,400,-54.8281
0.0001,2,401,-54.6488
0.0001,2,402,-54.7521
0.0001,2,403,-54.2454
0.0001,2,404,-55.4633
0.0001,2,405,-54.2147
0.0001,2,406,-55.3329
0.0001,2,407,-55.4988
0.0001,2,408,-55.3427
0.0001,2,409,-55.1388
0.0001,2,410,-54.7432
0.0001,2,411,-55.0525
0.0001,2,412,-55.3315
0.0001,2,413,-55.3539
0.0001,2,414,-55.4168
0.0001,2,415,-55.4084
0.0001,2,416,-55.0316
0.0001,2,417,-54.8329
0.0001,2,418,-54.9899
0.0001,2,419,-54.1692
0.0001,2,420,-55.4822
0.0001,2,421,-55.2515
0.0001,2,422,-55.5877
0.0001,2,423,-55.2374
0.0001,2,424,-55.9312
0.0001,2,425,-55.1108
0.0001,2,426,-56.0399
0.0001,2,427,-54.7288
0.0001,2,428,-54.9203
0.0001,2,429,-54.7367
0.0001,2,430,-54.97
0.0001,2,431,-54.7457
0.0001,2,432,-55.392
0.0001,2,433,-55.3932
0.0001,2,434,-55.361
0.0001,2,435,-55.1301
0.0001,2,436,-55.3887
0.0001,2,437,-55.6895
0.0001,2,438,-55.2782
0.0001,2,439,-54.7634
0.0001,2,440,-55.3749
0.0001,2,441,-55.5448
0.0001,2,442,-55.0948
0.0001,2,443,-55.3888
0.0001,2,444,-55.8544
0.0001,2,445,-54.7409
0.0001,2,446,-55.2875
0.0001,2,447,-55.1742
0.0001,2,448,-55.2271
0.0001,2,449,-55.3213
0.0001,2,450,-54.6587
0.0001,2,451,-55.1069
0.0001,2,452,-54.9395
0.0001,2,453,-54.9803
0.0001,2,454,-55.0765
0.0001,2,455,-55.1221
0.0001,2,456,-54.7104
0.0001,2,457,-54.765
0.0001,2,458,-55.2486
0.0001,2,459,-54.7778
0.0001,2,460,-55.1134
0.0001,2,461,-55.164
0.0001,2,462,-55.6574
0.0001,2,463,-54.978
0.0001,2,464,-55.3453
0.0001,2,465,-55.1358
0.0001,2,466,-54.6738
0.0001,2,467,-54.9746
0.0001,2,468,-55.2781
0.0001,2,469,-54.8919
0.0001,2,470,-55.1032
0.0001,2,471,-54.7643
0.0001,2,472,-55.516
0.0001,2,473,-55.2235
0.0001,2,474,-55.3582
0.0001,2,475,-54.9083
0.0001,2,476,-54.0391
0.0001,2,477,-55.0774
0.0001,2,478,-55.3841
0.0001,2,479,-54.7314
0.0001,2,480,-55.4305
0.0001,2,481,-55.2631
0.0001,2,482,-55.0219
0.0001,2,483,-55.2348
0.0001,2,484,-55.0214
0.0001,2,485,-55.4065
0.0001,2,486,-55.0627
0.0001,2,487,-54.2418
0.0001,2,488,-54.9238
0.0001,2,489,-54.7621
0.0001,2,490,-54.347
0.0001,2,491,-54.9603
0.0001,2,492,-55.2411
0.0001,2,493,-54.759
0.0001,2,494,-55.4663
0.0001,2,495,-54.8295
0.0001,2,496,-54.7761
0.0001,2,497,-54.5017
0.0001,2,498,-55.0957
0.0001,2,499,-54.442
0.0001,2,500,-54.6275
0.0001,3,1,-176.9348
0.0001,3,2,-174.6592
0.0001,3,3,-173.1127
0.0001,3,4,-171.9705
0.0001,3,5,-168.4895
0.0001,3,6,-166.4765
0.0001,3,7,-163.5663
0.0001,3,8,-161.8368
0.0001,3,9,-157.2842
0.0001,3,10,-157.3583
0.0001,3,11,-155.1528
0.0001,3,12,-153.01
0.0001,3,13,-151.9736
0.0001,3,14,-151.3056
0.0001,3,15,-148.0204
0.0001,3,16,-144.6696
0.0001,3,17,-144.5424
0.0001,3,18,-139.334
0.0001,3,19,-140.5417
0.0001,3,20,-139.2513
0.0001,3,21,-136.1834
0.0001,3,22,-134.7854
0.0001,3,23,-134.9495
0.0001,3,24,-131.1874
0.0001,3,25,-131.191
0.0001,3,26,-127.3573
0.0001,3,27,-128.2371
0.0001,3,28,-127.8993
0.0001,3,29,-126.2661
0.0001,3,30,-124.5002
0.0001,3,31,-121.4483
0.0001,3,32,-120.9615
0.0001,3,33,-119.2255
0.0001,3,34,-118.6083
0.0001,3,35,-115.9365
0.0001,3,36,-115.038
0.0001,3,37,-111.8425
0.0001,3,38,-115.0883
0.0001,3,39,-113.0934
0.0001,3,40,-110.5056
0.0001,3,41,-110.7986
0.0001,3,42,-109.2806
0.0001,3,43,-110.0194
0.0001,3,44,-108.6977
0.0001,3,45,-107.6448
0.0001,3,46,-103.9365
0.0001,3,47,-103.5247
0.0001,3,48,-101.0224
0.0001,3,49,-103.7929
0.0001,3,50,-101.8361
0.0001,3,51,-100.7414
0.0001,3,52,-98.8287
0.0001,3,53,-98.3486
0.0001,3,54,-98.1014
0.0001,3,55,-97.255
0.0001,3,56,-95.7304
0.0001,3,57,-93.6926
0.0001,3,58,-93.2264
0.0001,3,59,-93.7302
0.0001,3,60,-92.7002
0.0001,3,61,-92.7567
0.0001,3,62,-90.2983
0.0001,3,63,-89.4819
0.0001,3,64,-89.4569
0.0001,3,65,-87.8634
0.0001,3,66,-87.7072
0.0001,3,67,-87.3093
0.0001,3,68,-86.4227
0.0001,3,69,-85.6514
0.0001,3,70,-84.9804
0.0001,3,71,-85.9291
0.0001,3,72,-84.4515
0.0001,3,73,-85.4637
0.0001,3,74,-83.273
0.0001,3,75,-84.007
0.0001,3,76,-81.8563
0.0001,3,77,-82.2842
0.0001,3,78,-81.5239
0.0001,3,79,-80.4908
0.0001,3,80,-79.1621
0.0001,3,81,-79.1519
0.0001,3,82,-78.7662
0.0001,3,83,-81.4282
0.0001,3,84,-80.1799
0.0001,3,85,-77.0341
0.0001,3,86,-78.9612
0.0001,3,87,-76.4421
0.0001,3,88,-76.4026
0.0001,3,89,-76.6295
0.0001,3,90,-77.7943
0.0001,3,91,-76.3485
0.0001,3,92,-73.7027
0.0001,3,93,-75.1564
0.0001,3,94,-73.376
0.0001,3,95,-73.2674
0.0001,3,96,-73.3304
0.0001,3,97,-73.0701
0.0001,3,98,-71.9188
0.0001,3,99,-71.9871
0.0001,3,100,-71.9755
0.0001,3,101,-72.4775
0.0001,3,102,-71.3962
0.0001,3,103,-71.1163
0.0001,3,104,-71.2229
0.0001,3,105,-70.8019
0.0001,3,106,-69.4691
0.0001,3,107,-69.0589
0.0001,3,108,-68.4405
0.0001,3,109,-67.136
0.0001,3,110,-67.6081
0.0001,3,111,-68.4185
0.0001,3,112,-67.453
0.0001,3,113,-68.4583
0.0001,3,114,-66.4605
0.0001,3,115,-66.9722
0.0001,3,116,-68.0451
0.0001,3,117,-67.6916
0.0001,3,118,-66.0745
0.0001,3,119,-67.8133
0.0001,3,120,-64.7717
0.0001,3,121,-65.4665
0.0001,3,122,-65.9057
0.0001,3,123,-66.1642
0.0001,3,124,-65.3899
0.0001,3,125,-64.1318
0.0001,3,126,-65.7127
0.0001,3,127,-64.6299
0.0001,3,128,-64.6434
0.0001,3,129,-63.3388
0.0001,3,130,-62.2072
0.0001,3,131,-63.1279
0.0001,3,132,-65.101
0.0001,3,133,-62.7989
0.0001,3,134,-64.7999
0.0001,3,135,-61.8429
0.0001,3,136,-62.1935
0.0001,3,137,-61.224
0.0001,3,138,-63.2156
0.0001,3,139,-64.2476
0.0001,3,140,-62.0019
0.0001,3,141,-61.7053
0.0001,3,142,-62.085
0.0001,3,143,-61.5855
0.0001,3,144,-62.6327
0.0001,3,145,-63.6608
0.0001,3,146,-63.2257
0.0001,3,147,-60.6725
0.0001,3,148,-62.1943
0.0001,3,149,-62.2706
0.0001,3,150,-62.9416
0.0001,3,151,-61.3456
0.0001,3,152,-61.4771
0.0001,3,153,-62.9286
0.0001,3,154,-61.4514
0.0001,3,155,-60.3555
0.0001,3,156,-59.5847
0.0001,3,157,-60.4189
0.0001,3,158,-61.2074
0.0001,3,159,-59.6842
0.0001,3,160,-59.6317
0.0001,3,161,-58.8616
0.0001,3,162,-60.0228
0.0001,3,163,-60.426
0.0001,3,164,-60.3193
0.0001,3,165,-59.911
0.0001,3,166,-58.5148
0.0001,3,167,-59.1786
0.0001,3,168,-58.3567
0.0001,3,169,-59.0923
0.0001,3,170,-60.1372
0.0001,3,171,-58.2306
0.0001,3,172,-58.9505
0.0001,3,173,-59.5065
0.0001,3,174,-58.3917
0.0001,3,175,-58.8321
0.0001,3,176,-57.2696
0.0001,3,177,-57.8417
0.0001,3,178,-58.8696
0.0001,3,179,-58.9814
0.0001,3,180,-58.2757
0.0001,3,181,-57.3951
0.0001,3,182,-59.5636
0.0001,3,183,-57.9566
0.0001,3,184,-57.9632
0.0001,3,185,-58.2499
0.0001,3,186,-57.697
0.0001,3,187,-58.5014
0.0001,3,188,-56.3544
0.0001,3,189,-59.1321
0.0001,3,190,-56.5508
0.0001,3,191,-57.3862
0.0001,3,192,-57.0236
0.0001,3,193,-58.6355
0.0001,3,194,-56.9449
0.0001,3,195,-57.8946
0.0001,3,196,-57.9938
0.0001,3,197,-58.6587
0.0001,3,198,-58.0377
0.0001,3,199,-58.1428
0.0001,3,200,-57.7242
0.0001,3,201,-57.8222
0.0001,3,202,-57.1253
0.0001,3,203,-56.4032
0.0001,3,204,-58.351
0.0001,3,205,-57.7275
0.0001,3,206,-57.3145
0.0001,3,207,-56.795
0.0001,3,208,-55.8343
0.0001,3,209,-57.6531
0.0001,3,210,-57.7036
0.0001,3,211,-57.594
0.0001,3,212,-58.2037
0.0001,3,213,-56.9982
0.0001,3,214,-57.4063
0.0001,3,215,-56.2524
0.0001,3,216,-57.2754
0.0001,3,217,-56.7705
0.0001,3,218,-57.3635
0.0001,3,219,-56.3924
0.0001,3,220,-57.1304
0.0001,3,221,-56.6768
0.0001,3,222,-57.3989
0.0001,3,223,-56.1918
0.0001,3,224,-56.7123
0.0001,3,225,-56.3024
0.0001,3,226,-56.3128
0.0001,3,227,-56.341
0.0001,3,228,-55.932
0.0001,3,229,-55.5185
0.0001,3,230,-55.6746
0.0001,3,231,-57.3348
0.0001,3,232,-56.7149
0.0001,3,233,-56.5486
0.0001,3,234,-56.1504
0.0001,3,235,-56.4929
0.0001,3,236,-55.7078
0.0001,3,237,-56.005
0.0001,3,238,-56.48
0.0001,3,239,-56.6614
0.0001,3,240,-56.3602
0.0001,3,241,-56.0449
0.0001,3,242,-55.6661
0.0001,3,243,-55.9805
0.0001,3,244,-55.0736
0.0001,3,245,-56.4861
0.0001,3,246,-55.5693
0.0001,3,247,-55.5113
0.0001,3,248,-55.9507
0.0001,3,249,-55.4189
0.0001,3,250,-54.3994
0.0001,3,251,-54.4382
0.0001,3,252,-55.9114
0.0001,3,253,-54.4684
0.0001,3,254,-56.0111
0.0001,3,255,-56.0362
0.0001,3,256,-56.0241
0.0001,3,257,-55.3358
0.0001,3,258,-56.1866
0.0001,3,259,-55.7428
0.0001,3,260,-56.1606
0.0001,3,261,-55.4979
0.0001,3,262,-55.4998
0.0001,3,263,-56.2291
0.0001,3,264,-55.8743
0.0001,3,265,-56.5303
0.0001,3,266,-55.4105
0.0001,3,267,-55.4066
0.0001,3,268,-55.2826
0.0001,3,269,-56.0364
0.0001,3,270,-55.171
0.0001,3,271,-55.2772
0.0001,3,272,-56.2672
0.0001,3,273,-56.1778
0.0001,3,274,-55.5166
0.0001,3,275,-56.5986
0.0001,3,276,-54.8028
0.0001,3,277,-55.5964
0.0001,3,278,-56.6041
0.0001,3,279,-56.368
0.0001,3,280,-55.3347
0.0001,3,281,-55.3466
0.0001,3,282,-54.7252
0.0001,3,283,-55.3656
0.0001,3,284,-55.4344
0.0001,3,285,-55.8135
0.0001,3,286,-55.4384
0.0001,3,287,-55.6236
0.0001,3,288,-54.7716
0.0001,3,289,-55.7944
0.0001,3,290,-55.3473
0.0001,3,291,-55.5302
0.0001,3,292,-55.9338
0.0001,3,293,-55.8675
0.0001,3,294,-55.2092
0.0001,3,295,-55.0011
0.0001,3,296,-55.3273
0.0001,3,297,-54.5733
0.0001,3,298,-54.944
0.0001,3,299,-55.2713
0.0001,3,300,-55.7184
0.0001,3,301,-54.6168
0.0001,3,302,-55.3448
0.0001,3,303,-55.0043
0.0001,3,304,-55.065
0.0001,3,305,-55.0977
0.0001,3,306,-55.3341
0.0001,3,307,-55.3412
0.0001,3,308,-54.137
0.0001,3,309,-54.5389
0.0001,3,310,-55.1223
0.0001,3,311,-55.0608
0.0001,3,312,-54.9772
0.0001,3,313,-55.2977
0.0001,3,314,-54.4157
0.0001,3,315,-55.0017
0.0001,3,316,-55.6704
0.0001,3,317,-54.7332
0.0001,3,318,-55.0893
0.0001,3,319,-55.6249
0.0001,3,320,-54.8693
0.0001,3,321,-54.6854
0.0001,3,322,-55.9689
0.0001,3,323,-55.2329
0.0001,3,324,-55.2601
0.0001,3,325,-55.1818
0.0001,3,326,-55.0034
0.0001,3,327,-55.0913
0.0001,3,328,-54.4387
0.0001,3,329,-55.0024
0.0001,3,330,-54.8413
0.0001,3,331,-55.568
0.0001,3,332,-54.7064
0.0001,3,333,-55.048
0.0001,3,334,-55.2621
0.0001,3,335,-54.9679
0.0001,3,336,-55.8598
0.0001,3,337,-55.1107
0.0001,3,338,-54.7233
0.0001,3,339,-54.988
0.0001,3,340,-54.6012
0.0001,3,341,-55.1954
0.0001,3,342,-54.7645
0.0001,3,343,-54.4078
0.0001,3,344,-55.7138
0.0001,3,345,-55.4627
0.0001,3,346,-56.0545
0.0001,3,347,-54.2823
0.0001,3,348,-55.2626
0.0001,3,349,-55.3904
0.0001,3,350,-56.0479
0.0001,3,351,-54.792
0.0001,3,352,-55.6952
0.0001,3,353,-55.361
0.0001,3,354,-55.2344
0.0001,3,355,-56.2251
0.0001,3,356,-55.166
0.0001,3,357,-54.8983
0.0001,3,358,-54.86
0.0001,3,359,-54.9747
0.0001,3,360,-55.8253
0.0001,3,361,-55.8457
0.0001,3,362,-55.114
0.0001,3,363,-54.5204
0.0001,3,364,-54.6584
0.0001,3,365,-55.0951
0.0001,3,366,-55.3017
0.0001,3,367,-55.5446
0.0001,3,368,-54.8141
0.0001,3,369,-54.526
0.0001,3,370,-55.3523
0.0001,3,371,-55.3321
0.0001,3,372,-55.379
0.0001,3,373,-55.5089
0.0001,3,374,-55.1548
0.0001,3,375,-55.0435
0.0001,3,376,-55.3709
0.0001,3,377,-54.8242
0.0001,3,378,-55.5256
0.0001,3,379,-54.6367
0.0001,3,380,-56.0034
0.0001,3,381,-55.1614
0.0001,3,382,-54.9529
0.0001,3,383,-55.2978
0.0001,3,384,-54.4908
0.0001,3,385,-54.5269
0.0001,3,386,-55.5942
0.0001,3,387,-54.8548
0.0001,3,388,-55.0504
0.0001,3,389,-54.7087
0.0001,3,390,-55.2844
0.0001,3,391,-55.5569
0.0001,3,392,-55.8805
0.0001,3,393,-54.483
0.0001,3,394,-55.124
0.0001,3,395,-55.466
0.0001,3,396,-54.4389
0.0001,3,397,-54.7987
0.0001,3,398,-54.8878
0.0001,3,399,-54.8451
0.0001,3,400,-55.0885
0.0001,3,401,-55.3971
0.0001,3,402,-55.1056
0.0001,3,403,-55.1365
0.0001,3,404,-55.0355
0.0001,3,405,-55.5771
0.0001,3,406,-54.8534
0.0001,3,407,-54.7532
0.0001,3,408,-55.5058
0.0001,3,409,-55.3531
0.0001,3,410,-54.8438
0.0001,3,411,-55.5415
0.0001,3,412,-55.3386
0.0001,3,413,-54.7943
0.0001,3,414,-55.023
0.0001,3,415,-55.0832
0.0001,3,416,-54.7714
0.0001,3,417,-54.8174
0.0001,3,418,-54.8691
0.0001,3,419,-54.6206
0.0001,3,420,-54.916
0.0001,3,421,-54.9374
0.0001,3,422,-54.8032
0.0001,3,423,-55.3596
0.0001,3,424,-55.2235
0.0001,3,425,-54.6295
0.0001,3,426,-55.0629
0.0001,3,427,-54.8403
0.0001,3,428,-54.1159
0.0001,3,429,-54.4846
0.0001,3,430,-55.3032
0.0001,3,431,-54.8689
0.0001,3,432,-55.0044
0.0001,3,433,-54.7336
0.0001,3,434,-55.4068
0.0001,3,435,-55.2464
0.0001,3,436,-55.2095
0.0001,3,437,-55.0288
0.0001,3,438,-55.1509
0.0001,3,439,-54.5971
0.0001,3,440,-55.2969
0.0001,3,441,-54.9137
0.0001,3,442,-54.6859
0.0001,3,443,-54.7041
0.0001,3,444,-54.6947
0.0001,3,445,-54.9293
0.0001,3,446,-54.7646
0.0001,3,447,-55.4452
0.0001,3,448,-54.9217
0.0001,3,449,-55.1907
0.0001,3,450,-54.9509
0.0001,3,451,-55.0761
0.0001,3,452,-55.5422
0.0001,3,453,-54.9603
0.0001,3,454,-54.4987
0.0001,3,455,-54.846
0.0001,3,456,-55.0653
0.0001,3,457,-55.3925
0.0001,3,458,-55.0785
0.0001,3,459,-54.6273
0.0001,3,460,-55.0847
0.0001,3,461,-55.3997
0.0001,3,462,-54.4949
0.0001,3,463,-54.6715
0.0001,3,464,-55.338
0.0001,3,465,-54.7177
0.0001,3,466,-55.0361
0.0001,3,467,-54.661
0.0001,3,468,-55.0355
0.0001,3,469,-54.6322
0.0001,3,470,-55.0551
0.0001,3,471,-55.333
0.0001,3,472,-55.0636
0.0001,3,473,-55.2612
0.0001,3,474,-54.9875
0.0001,3,475,-55.1588
0.0001,3,476,-55.0377
0.0001,3,477,-55.3681
0.0001,3,478,-54.7512
0.0001,3,479,-55.4636
0.0001,3,480,-55.4014
0.0001,3,481,-55.1534
0.0001,3,482,-54.8989
0.0001,3,483,-55.6992
0.0001,3,484,-54.7827
0.0001,3,485,-55.2795
0.0001,3,486,-54.9548
0.0001,3,487,-54.9458
0.0001,3,488,-54.9244
0.0001,3,489,-55.2938
0.0001,3,490,-55.3258
0.0001,3,491,-55.3846
0.0001,3,492,-54.7832
0.0001,3,493,-55.0039
0.0001,3,494,-54.8816
0.0001,3,495,-54.801
0.0001,3,496,-55.574
0.0001,3,497,-55.3143
0.0001,3,498,-54.8767
0.0001,3,499,-54.8897
0.0001,3,500,-55.2917
0.0001,4,1,-178.5653
0.0001,4,2,-174.7085
0.0001,4,3,-173.8276
0.0001,4,4,-171.3018
0.0001,4,5,-170.3585
0.0001,4,6,-167.4392
0.0001,4,7,-164.0003
0.0001,4,8,-160.6953
0.0001,4,9,-159.0683
0.0001,4,10,-158.5632
0.0001,4,11,-155.1318
0.0001,4,12,-153.1167
0.0001,4,13,-150.0767
0.0001,4,14,-149.4281
0.0001,4,15,-145.8939
0.0001,4,16,-144.3481
0.0001,4,17,-147.0059
0.0001,4,18,-140.715
0.0001,4,19,-140.7045
0.0001,4,20,-139.1721
0.0001,4,21,-137.2248
0.0001,4,22,-134.978
0.0001,4,23,-133.1241
0.0001,4,24,-133.2629
0.0001,4,25,-131.8081
0.0001,4,26,-128.8729
0.0001,4,27,-129.9867
0.0001,4,28,-126.1266
0.0001,4,29,-126.243
0.0001,4,30,-122.4905
0.0001,4,31,-121.8879
0.0001,4,32,-120.8935
0.0001,4,33,-122.1115
0.0001,4,34,-116.9955
0.0001,4,35,-117.2582
0.0001,4,36,-117.1123
0.0001,4,37,-114.4283
0.0001,4,38,-113.7042
0.0001,4,39,-111.8048
0.0001,4,40,-111.0566
0.0001,4,41,-112.1902
0.0001,4,42,-108.9636
0.0001,4,43,-107.4276
0.0001,4,44,-106.7562
0.0001,4,45,-105.16
0.0001,4,46,-105.2587
0.0001,4,47,-104.1488
0.0001,4,48,-104.3654
0.0001,4,49,-102.9395
0.0001,4,50,-101.8325
0.0001,4,51,-99.7749
0.0001,4,52,-99.3423
0.0001,4,53,-98.5996
0.0001,4,54,-97.1047
0.0001,4,55,-98.9554
0.0001,4,56,-94.8924
0.0001,4,57,-96.0807
0.0001,4,58,-95.7542
0.0001,4,59,-93.359
0.0001,4,60,-92.1248
0.0001,4,61,-91.4409
0.0001,4,62,-91.3418
0.0001,4,63,-88.9469
0.0001,4,64,-90.3804
0.0001,4,65,-89.1928
0.0001,4,66,-87.5185
0.0001,4,67,-89.283
0.0001,4,68,-88.3318
0.0001,4,69,-85.0785
0.0001,4,70,-85.4325
0.0001,4,71,-85.5118
0.0001,4,72,-84.0664
0.0001,4,73,-83.8531
0.0001,4,74,-84.5049
0.0001,4,75,-85.0034
0.0001,4,76,-81.6377
0.0001,4,77,-82.3455
0.0001,4,78,-80.5777
0.0001,4,79,-80.0188
0.0001,4,80,-81.3264
0.0001,4,81,-80.3128
0.0001,4,82,-78.0774
0.0001,4,83,-77.9974
0.0001,4,84,-78.9369
0.0001,4,85,-77.8235
0.0001,4,86,-77.4327
0.0001,4,87,-78.0533
0.0001,4,88,-76.7988
0.0001,4,89,-76.1659
0.0001,4,90,-76.9515
0.0001,4,91,-73.5819
0.0001,4,92,-74.9006
0.0001,4,93,-75.3093
0.0001,4,94,-75.3026
0.0001,4,95,-73.2832
0.0001,4,96,-73.1719
0.0001,4,97,-72.8653
0.0001,4,98,-72.3277
0.0001,4,99,-72.2733
0.0001,4,100,-71.7579
0.0001,4,101,-71.9101
0.0001,4,102,-72.7232
0.0001,4,103,-71.5817
0.0001,4,104,-69.7812
0.0001,4,105,-69.2762
0.0001,4,106,-69.9548
0.0001,4,107,-69.5288
0.0001,4,108,-70.2387
0.0001,4,109,-67.9115
0.0001,4,110,-68.042
0.0001,4,111,-67.9228
0.0001,4,112,-67.0956
0.0001,4,113,-68.3045
0.0001,4,114,-66.205
0.0001,4,115,-66.7051
0.0001,4,116,-67.3957
0.0001,4,117,-67.7869
0.0001,4,118,-67.6032
0.0001,4,119,-65.9145
0.0001,4,120,-65.8433
0.0001,4,121,-67.6218
0.0001,4,122,-65.0357
0.0001,4,123,-66.4948
0.0001,4,124,-66.5986
0.0001,4,125,-65.9068
0.0001,4,126,-63.5813
0.0001,4,127,-63.4538
0.0001,4,128,-65.7971
0.0001,4,129,-64.8862
0.0001,4,130,-64.3037
0.0001,4,131,-64.2286
0.0001,4,132,-63.9286
0.0001,4,133,-65.0512
0.0001,4,134,-64.3945
0.0001,4,135,-62.2596
0.0001,4,136,-63.5135
0.0001,4,137,-63.5805
0.0001,4,138,-63.9091
0.0001,4,139,-61.5799
0.0001,4,140,-61.5635
0.0001,4,141,-63.2825
0.0001,4,142,-61.5584
0.0001,4,143,-62.5105
0.0001,4,144,-61.5908
0.0001,4,145,-60.6677
0.0001,4,146,-59.7463
0.0001,4,147,-61.5799
0.0001,4,148,-61.4192
0.0001,4,149,-60.4223
0.0001,4,150,-62.4893
0.0001,4,151,-61.1772
0.0001,4,152,-60.9454
0.0001,4,153,-58.8318
0.0001,4,154,-59.2811
0.0001,4,155,-60.7709
0.0001,4,156,-60.4876
0.0001,4,157,-62.0584
0.0001,4,158,-60.5833
0.0001,4,159,-60.7089
0.0001,4,160,-58.9989
0.0001,4,161,-60.0414
0.0001,4,162,-59.6677
0.0001,4,163,-58.9425
0.0001,4,164,-60.7486
0.0001,4,165,-59.9948
0.0001,4,166,-58.9896
0.0001,4,167,-59.9485
0.0001,4,168,-59.6297
0.0001,4,169,-58.5018
0.0001,4,170,-58.7939
0.0001,4,171,-59.4966
0.0001,4,172,-58.5429
0.0001,4,173,-57.8715
0.0001,4,174,-58.8779
0.0001,4,175,-58.3857
0.0001,4,176,-58.035
0.0001,4,177,-59.0641
0.0001,4,178,-58.7493
0.0001,4,179,-59.9035
0.0001,4,180,-57.3939
0.0001,4,181,-58.7069
0.0001,4,182,-57.2873
0.0001,4,183,-58.7002
0.0001,4,184,-57.7689
0.0001,4,185,-57.8781
0.0001,4,186,-58.5267
0.0001,4,187,-57.6254
0.0001,4,188,-56.9634
0.0001,4,189,-59.0378
0.0001,4,190,-57.2564
0.0001,4,191,-58.003
0.0001,4,192,-57.1762
0.0001,4,193,-57.0439
0.0001,4,194,-58.4875
0.0001,4,195,-57.9681
0.0001,4,196,-57.9264
0.0001,4,197,-57.0636
0.0001,4,198,-58.0966
0.0001,4,199,-57.2251
0.0001,4,200,-57.7688
0.0001,4,201,-57.5989
0.0001,4,202,-57.326
0.0001,4,203,-56.9444
0.0001,4,204,-57.7285
0.0001,4,205,-57.0461
0.0001,4,206,-57.0095
0.0001,4,207,-55.1873
0.0001,4,208,-56.6707
0.0001,4,209,-56.9512
0.0001,4,210,-56.2524
0.0001,4,211,-57.0698
0.0001,4,212,-56.9046
0.0001,4,213,-57.2226
0.0001,4,214,-57.1784
0.0001,4,215,-57.5897
0.0001,4,216,-55.6195
0.0001,4,217,-56.3057
0.0001,4,218,-55.3818
0.0001,4,219,-57.0459
0.0001,4,220,-57.2887
0.0001,4,221,-56.431
0.0001,4,222,-56.6833
0.0001,4,223,-55.7565
0.0001,4,224,-57.1049
0.0001,4,225,-56.7906
0.0001,4,226,-56.3687
0.0001,4,227,-56.675
0.0001,4,228,-56.1957
0.0001,4,229,-56.1778
0.0001,4,230,-56.377
0.0001,4,231,-56.2285
0.0001,4,232,-57.625
0.0001,4,233,-55.6326
0.0001,4,234,-56.4787
0.0001,4,235,-55.3266
0.0001,4,236,-56.6186
0.0001,4,237,-55.498
0.0001,4,238,-55.3059
0.0001,4,239,-55.43
0.0001,4,240,-55.1545
0.0001,4,241,-55.3689
0.0001,4,242,-55.7686
0.0001,4,243,-56.3137
0.0001,4,244,-56.8432
0.0001,4,245,-56.1857
0.0001,4,246,-56.1825
0.0001,4,247,-55.125
0.0001,4,248,-56.8278
0.0001,4,249,-55.3969
0.0001,4,250,-56.2074
0.0001,4,251,-56.2573
0.0001,4,252,-56.2623
0.0001,4,253,-55.7054
0.0001,4,254,-54.9853
0.0001,4,255,-55.921
0.0001,4,256,-56.3446
0.0001,4,257,-54.6739
0.0001,4,258,-55.2913
0.0001,4,259,-54.561
0.0001,4,260,-55.6645
0.0001,4,261,-55.5732
0.0001,4,262,-56.8916
0.0001,4,263,-55.5081
0.0001,4,264,-55.9151
0.0001,4,265,-55.8802
0.0001,4,266,-55.3942
0.0001,4,267,-55.1709
0.0001,4,268,-55.917
0.0001,4,269,-56.1973
0.0001,4,270,-54.9812
0.0001,4,271,-54.9017
0.0001,4,272,-55.6744
0.0001,4,273,-55.9805
0.0001,4,274,-55.7748
0.0001,4,275,-55.42
0.0001,4,276,-54.6714
0.0001,4,277,-55.8958
0.0001,4,278,-55.0475
0.0001,4,279,-55.501
0.0001,4,280,-55.6045
0.0001,4,281,-54.8569
0.0001,4,282,-55.4703
0.0001,4,283,-55.5385
0.0001,4,284,-55.7131
0.0001,4,285,-55.9894
0.0001,4,286,-55.2761
0.0001,4,287,-55.8027
0.0001,4,288,-55.0231
0.0001,4,289,-55.0365
0.0001,4,290,-55.2498
0.0001,4,291,-55.7585
0.0001,4,292,-55.9097
0.0001,4,293,-54.5906
0.0001,4,294,-54.7242
0.0001,4,295,-55.2422
0.0001,4,296,-55.3406
0.0001,4,297,-55.3604
0.0001,4,298,-54.947
0.0001,4,299,-55.2821
0.0001,4,300,-55.9318
0.0001,4,301,-55.3086
0.0001,4,302,-54.8818
0.0001,4,303,-54.1989
0.0001,4,304,-54.8378
0.0001,4,305,-55.0144
0.0001,4,306,-55.5662
0.0001,4,307,-55.1509
0.0001,4,308,-55.2834
0.0001,4,309,-55.2209
0.0001,4,310,-55.6069
0.0001,4,311,-54.53
0.0001,4,312,-55.0274
0.0001,4,313,-55.8567
0.0001,4,314,-55.2745
0.0001,4,315,-55.2097
0.0001,4,316,-55.1589
0.0001,4,317,-54.8062
0.0001,4,318,-55.1323
0.0001,4,319,-55.2924
0.0001,4,320,-54.1978
0.0001,4,321,-54.7065
0.0001,4,322,-56.2443
0.0001,4,323,-55.5065
0.0001,4,324,-55.6503
0.0001,4,325,-54.6063
0.0001,4,326,-55.099
0.0001,4,327,-55.6794
0.0001,4,328,-55.6277
0.0001,4,329,-55.8823
0.0001,4,330,-54.6363
0.0001,4,331,-55.9029
0.0001,4,332,-55.8601
0.0001,4,333,-55.8668
0.0001,4,334,-54.454
0.0001,4,335,-54.8574
0.0001,4,336,-54.8475
0.0001,4,337,-55.5615
0.0001,4,338,-54.6396
0.0001,4,339,-55.0523
0.0001,4,340,-55.5351
0.0001,4,341,-54.5141
0.0001,4,342,-55.9499
0.0001,4,343,-55.2652
0.0001,4,344,-54.78
0.0001,4,345,-54.7431
0.0001,4,346,-54.7366
0.0001,4,347,-55.0735
0.0001,4,348,-54.6168
0.0001,4,349,-54.5343
0.0001,4,350,-54.4203
0.0001,4,351,-55.2869
0.0001,4,352,-54.9165
0.0001,4,353,-55.3977
0.0001,4,354,-55.282
0.0001,4,355,-55.7159
0.0001,4,356,-55.1131
0.0001,4,357,-55.0562
0.0001,4,358,-55.1292
0.0001,4,359,-55.1432
0.0001,4,360,-55.4689
0.0001,4,361,-55.2872
0.0001,4,362,-54.4182
0.0001,4,363,-55.3874
0.0001,4,364,-55.2633
0.0001,4,365,-54.0643
0.0001,4,366,-55.1904
0.0001,4,367,-54.9925
0.0001,4,368,-55.239
0.0001,4,369,-54.987
0.0001,4,370,-54.8752
0.0001,4,371,-55.2572
0.0001,4,372,-55.1198
0.0001,4,373,-54.876
0.0001,4,374,-55.0877
0.0001,4,375,-54.821
0.0001,4,376,-54.8846
0.0001,4,377,-55.0706
0.0001,4,378,-55.1317
0.0001,4,379,-55.3369
0.0001,4,380,-55.4416
0.0001,4,381,-54.5881
0.0001,4,382,-54.8706
0.0001,4,383,-55.1921
0.0001,4,384,-54.8894
0.0001,4,385,-54.8742
0.0001,4,386,-55.1506
0.0001,4,387,-54.6135
0.0001,4,388,-54.5672
0.0001,4,389,-54.2924
0.0001,4,390,-55.36
0.0001,4,391,-55.3546
0.0001,4,392,-54.9416
0.0001,4,393,-56.0573
0.0001,4,394,-55.0192
0.0001,4,395,-55.1141
0.0001,4,396,-55.4145
0.0001,4,397,-55.2207
0.0001,4,398,-55.2571
0.0001,4,399,-54.2731
0.0001,4,400,-54.8075
0.0001,4,401,-54.7394
0.0001,4,402,-55.1742
0.0001,4,403,-55.0483
0.0001,4,404,-55.5674
0.0001,4,405,-54.4505
0.0001,4,406,-54.7182
0.0001,4,407,-54.0525
0.0001,4,408,-54.7958
0.0001,4,409,-54.6794
0.0001,4,410,-54.4548
0.0001,4,411,-55.2827
0.0001,4,412,-54.7307
0.0001,4,413,-54.8086
0.0001,4,414,-54.8039
0.0001,4,415,-54.8416
0.0001,4,416,-55.1885
0.0001,4,417,-55.3367
0.0001,4,418,-55.2169
0.0001,4,419,-55.6415
0.0001,4,420,-55.3104
0.0001,4,421,-55.164
0.0001,4,422,-54.8324
0.0001,4,423,-53.8884
0.0001,4,424,-54.2937
0.0001,4,425,-54.4715
0.0001,4,426,-55.5601
0.0001,4,427,-55.1318
0.0001,4,428,-55.2785
0.0001,4,429,-55.2122
0.0001,4,430,-55.2831
0.0001,4,431,-55.2308
0.0001,4,432,-54.6013
0.0001,4,433,-55.0906
0.0001,4,434,-55.1512
0.0001,4,435,-55.1492
0.0001,4,436,-54.8411
0.0001,4,437,-55.345
0.0001,4,438,-54.578
0.0001,4,439,-54.7411
0.0001,4,440,-55.2672
0.0001,4,441,-54.7164
0.0001,4,442,-55.5108
0.0001,4,443,-54.6459
0.0001,4,444,-54.4387
0.0001,4,445,-54.8333
0.0001,4,446,-54.8857
0.0001,4,447,-55.1553
0.0001,4,448,-54.8826
0.0001,4,449,-55.3739
0.0001,4,450,-54.397
0.0001,4,451,-55.1368
0.0001,4,452,-55.2442
0.0001,4,453,-55.1645
0.0001,4,454,-55.6391
0.0001,4,455,-54.8933
0.0001,4,456,-54.7078
0.0001,4,457,-54.8292
0.0001,4,458,-55.1756
0.0001,4,459,-55.0179
0.0001,4,460,-55.2178
0.0001,4,461,-54.5201
0.0001,4,462,-55.351
0.0001,4,463,-54.9158
0.0001,4,464,-55.3422
0.0001,4,465,-54.7261
0.0001,4,466,-55.0241
0.0001,4,467,-55.3146
0.0001,4,468,-55.1327
0.0001,4,469,-55.1837
0.0001,4,470,-54.554
0.0001,4,471,-55.3152
0.0001,4,472,-55.4419
0.0001,4,473,-55.1938
0.0001,4,474,-55.0503
0.0001,4,475,-54.9197
0.0001,4,476,-54.644
0.0001,4,477,-55.4692
0.0001,4,478,-55.4151
0.0001,4,479,-55.4472
0.0001,4,480,-54.5739
0.0001,4,481,-54.8736
0.0001,4,482,-54.5419
0.0001,4,483,-54.8024
0.0001,4,484,-55.4454
0.0001,4,485,-54.2584
0.0001,4,486,-54.9166
0.0001,4,487,-54.9701
0.0001,4,488,-54.8093
0.0001,4,489,-54.9807
0.0001,4,490,-55.0191
0.0001,4,491,-54.9493
0.0001,4,492,-54.4855
0.0001,4,493,-55.2528
0.0001,4,494,-55.4505
0.0001,4,495,-55.2798
0.0001,4,496,-55.0035
0.0001,4,497,-54.7719
0.0001,4,498,-55.0807
0.0001,4,499,-55.1298
0.0001,4,500,-55.1532
0.0002,0,1,-175.7074
0.0002,0,2,-174.882
0.0002,0,3,-167.3316
0.0002,0,4,-165.8393
0.0002,0,5,-160.6068
0.0002,0,6,-158.3061
0.0002,0,7,-157.437
0.0002,0,8,-153.3192
0.0002,0,9,-150.2739
0.0002,0,10,-148.9381
0.0002,0,11,-147.022
0.0002,0,12,-140.7833
0.0002,0,13,-137.4452
0.0002,0,14,-134.3366
0.0002,0,15,-135.6253
0.0002,0,16,-130.3904
0.0002,0,17,-127.5432
0.0002,0,18,-126.0858
0.0002,0,19,-123.0949
0.0002,0,20,-122.5769
0.0002,0,21,-121.0229
0.0002,0,22,-118.3687
0.0002,0,23,-115.981
0.0002,0,24,-115.2738
0.0002,0,25,-113.1087
0.0002,0,26,-109.7323
0.0002,0,27,-108.1371
0.0002,0,28,-106.9071
0.0002,0,29,-106.1298
0.0002,0,30,-103.913
0.0002,0,31,-102.2804
0.0002,0,32,-102.2339
0.0002,0,33,-98.7044
0.0002,0,34,-99.0866
0.0002,0,35,-96.8831
0.0002,0,36,-96.3514
0.0002,0,37,-93.0438
0.0002,0,38,-93.5439
0.0002,0,39,-91.6608
0.0002,0,40,-89.9058
0.0002,0,41,-89.9977
0.0002,0,42,-88.3154
0.0002,0,43,-87.079
0.0002,0,44,-83.736
0.0002,0,45,-84.8926
0.0002,0,46,-83.6855
0.0002,0,47,-81.0016
0.0002,0,48,-80.0039
0.0002,0,49,-81.3326
0.0002,0,50,-82.3873
0.0002,0,51,-80.137
0.0002,0,52,-77.2852
0.0002,0,53,-76.2097
0.0002,0,54,-76.5755
0.0002,0,55,-76.525
0.0002,0,56,-74.3882
0.0002,0,57,-73.2421
0.0002,0,58,-73.627
0.0002,0,59,-72.8263
0.0002,0,60,-70.8753
0.0002,0,61,-69.434
0.0002,0,62,-71.8967
0.0002,0,63,-69.5303
0.0002,0,64,-69.5451
0.0002,0,65,-69.3464
0.0002,0,66,-67.9345
0.0002,0,67,-68.1431
0.0002,0,68,-67.4337
0.0002,0,69,-67.3107
0.0002,0,70,-66.0636
0.0002,0,71,-66.5659
0.0002,0,72,-63.1791
0.0002,0,73,-62.8106
0.0002,0,74,-63.1725
0.0002,0,75,-63.6329
0.0002,0,76,-62.385
0.0002,0,77,-62.8703
0.0002,0,78,-59.8424
0.0002,0,79,-62.0682
0.0002,0,80,-62.3619
0.0002,0,81,-59.5385
0.0002,0,82,-60.3311
0.0002,0,83,-60.2262
0.0002,0,84,-59.2693
0.0002,0,85,-59.0476
0.0002,0,86,-59.1699
0.0002,0,87,-59.5473
0.0002,0,88,-57.1397
0.0002,0,89,-58.8727
0.0002,0,90,-57.2365
0.0002,0,91,-56.9156
0.0002,0,92,-56.9504
0.0002,0,93,-57.9927
0.0002,0,94,-57.3613
0.0002,0,95,-57.4052
0.0002,0,96,-55.891
0.0002,0,97,-58.4864
0.0002,0,98,-55.2704
0.0002,0,99,-57.5196
0.0002,0,100,-55.5428
0.0002,0,101,-55.0792
0.0002,0,102,-53.9945
0.0002,0,103,-54.2233
0.0002,0,104,-53.2006
0.0002,0,105,-53.4517
0.0002,0,106,-54.1538
0.0002,0,107,-55.168
0.0002,0,108,-54.8342
0.0002,0,109,-54.8165
0.0002,0,110,-52.4762
0.0002,0,111,-53.3252
0.0002,0,112,-54.6356
0.0002,0,113,-52.4636
0.0002,0,114,-53.705
0.0002,0,115,-53.0425
0.0002,0,116,-52.8796
0.0002,0,117,-53.859
0.0002,0,118,-52.1495
0.0002,0,119,-52.719
0.0002,0,120,-51.7677
0.0002,0,121,-52.5083
0.0002,0,122,-52.5023
0.0002,0,123,-52.9259
0.0002,0,124,-50.4658
0.0002,0,125,-50.7362
0.0002,0,126,-50.7911
0.0002,0,127,-51.7446
0.0002,0,128,-52.7595
0.0002,0,129,-50.6492
0.0002,0,130,-50.9565
0.0002,0,131,-51.4146
0.0002,0,132,-51.6467
0.0002,0,133,-51.6222
0.0002,0,134,-48.9357
0.0002,0,135,-49.4473
0.0002,0,136,-51.0439
0.0002,0,137,-51.1648
0.0002,0,138,-50.9807
0.0002,0,139,-49.9283
0.0002,0,140,-50.6734
0.0002,0,141,-49.4808
0.0002,0,142,-48.8543
0.0002,0,143,-50.3934
0.0002,0,144,-49.5452
0.0002,0,145,-49.7769
0.0002,0,146,-50.6242
0.0002,0,147,-51.1844
0.0002,0,148,-50.092
0.0002,0,149,-50.3184
0.0002,0,150,-50.7286
0.0002,0,151,-49.4334
0.0002,0,152,-48.5423
0.0002,0,153,-48.8303
0.0002,0,154,-49.1798
0.0002,0,155,-49.0663
0.0002,0,156,-50.6451
0.0002,0,157,-49.7553
0.0002,0,158,-48.4878
0.0002,0,159,-49.783
0.0002,0,160,-49.2932
0.0002,0,161,-48.7635
0.0002,0,162,-48.4611
0.0002,0,163,-49.0757
0.0002,0,164,-49.6236
0.0002,0,165,-49.16
0.0002,0,166,-49.6754
0.0002,0,167,-50.1593
0.0002,0,168,-47.676
0.0002,0,169,-48.8963
0.0002,0,170,-49.1368
0.0002,0,171,-50.4809
0.0002,0,172,-49.9658
0.0002,0,173,-48.8295
0.0002,0,174,-48.2598
0.0002,0,175,-48.4172
0.0002,0,176,-47.6648
0.0002,0,177,-49.3957
0.0002,0,178,-48.1545
0.0002,0,179,-49.2031
0.0002,0,180,-49.3329
0.0002,0,181,-48.3047
0.0002,0,182,-48.1319
0.0002,0,183,-48.4662
0.0002,0,184,-49.3074
0.0002,0,185,-48.9691
0.0002,0,186,-49.0182
0.0002,0,187,-47.9847
0.0002,0,188,-49.2641
0.0002,0,189,-48.9518
0.0002,0,190,-50.4004
0.0002,0,191,-48.9324
0.0002,0,192,-49.1083
0.0002,0,193,-46.6738
0.0002,0,194,-48.5984
0.0002,0,195,-47.7281
0.0002,0,196,-49.0963
0.0002,0,197,-48.6476
0.0002,0,198,-48.8061
0.0002,0,199,-47.7014
0.0002,0,200,-48.66
0.0002,0,201,-49.769
0.0002,0,202,-49.1457
0.0002,0,203,-47.7843
0.0002,0,204,-48.2997
0.0002,0,205,-48.5406
0.0002,0,206,-49.8745
0.0002,0,207,-48.231
0.0002,0,208,-48.7225
0.0002,0,209,-47.6541
0.0002,0,210,-48.6875
0.0002,0,211,-47.7298
0.0002,0,212,-48.2197
0.0002,0,213,-48.0479
0.0002,0,214,-48.44
0.0002,0,215,-48.6193
0.0002,0,216,-48.8996
0.0002,0,217,-48.7873
0.0002,0,218,-47.4511
0.0002,0,219,-49.022
0.0002,0,220,-48.6769
0.0002,0,221,-48.2034
0.0002,0,222,-47.6835
0.0002,0,223,-47.6045
0.0002,0,224,-47.9621
0.0002,0,225,-47.5914
0.0002,0,226,-47.494
0.0002,0,227,-47.7913
0.0002,0,228,-48.1989
0.0002,0,229,-47.7345
0.0002,0,230,-48.2722
0.0002,0,231,-47.8714
0.0002,0,232,-48.6708
0.0002,0,233,-47.9387
0.0002,0,234,-48.509
0.0002,0,235,-48.322
0.0002,0,236,-48.1264
0.0002,0,237,-46.8946
0.0002,0,238,-47.9698
0.0002,0,239,-47.4834
0.0002,0,240,-48.2213
0.0002,0,241,-49.7131
0.0002,0,242,-48.806
0.0002,0,243,-48.5738
0.0002,0,244,-48.0492
0.0002,0,245,-47.2862
0.0002,0,246,-49.248
0.0002,0,247,-47.0359
0.0002,0,248,-46.3839
0.0002,0,249,-48.7929
0.0002,0,250,-48.6803
0.0002,0,251,-48.6563
0.0002,0,252,-48.1738
0.0002,0,253,-47.6498
0.0002,0,254,-47.9389
0.0002,0,255,-48.5569
0.0002,0,256,-47.8164
0.0002,0,257,-48.4185
0.0002,0,258,-48.3365
0.0002,0,259,-48.1372
0.0002,0,260,-48.2255
0.0002,0,261,-47.6595
0.0002,0,262,-46.933
0.0002,0,263,-48.4388
0.0002,0,264,-48.2951
0.0002,0,265,-47.5997
0.0002,0,266,-48.3402
0.0002,0,267,-47.9159
0.0002,0,268,-47.7284
0.0002,0,269,-48.6893
0.0002,0,270,-47.6814
0.0002,0,271,-48.8499
0.0002,0,272,-48.0083
0.0002,0,273,-48.7951
0.0002,0,274,-47.7606
0.0002,0,275,-47.3565
0.0002,0,276,-47.7527
0.0002,0,277,-48.4976
0.0002,0,278,-48.1418
0.0002,0,279,-49.1382
0.0002,0,280,-47.922
0.0002,0,281,-48.0099
0.0002,0,282,-47.9795
0.0002,0,283,-48.6118
0.0002,0,284,-47.1323
0.0002,0,285,-48.4149
0.0002,0,286,-47.4235
0.0002,0,287,-48.0537
0.0002,0,288,-47.6494
0.0002,0,289,-48.3667
0.0002,0,290,-48.2215
0.0002,0,291,-48.3148
0.0002,0,292,-47.4439
0.0002,0,293,-47.8729
0.0002,0,294,-47.465
0.0002,0,295,-46.969
0.0002,0,296,-47.507
0.0002,0,297,-48.1816
0.0002,0,298,-47.3265
0.0002,0,299,-46.8239
0.0002,0,300,-48.5481
0.0002,0,301,-47.87
0.0002,0,302,-47.9112
0.0002,0,303,-48.0177
0.0002,0,304,-48.0844
0.0002,0,305,-48.6334
0.0002,0,306,-48.3748
0.0002,0,307,-48.7428
0.0002,0,308,-48.272
0.0002,0,309,-48.2026
0.0002,0,310,-48.473
0.0002,0,311,-47.8397
0.0002,0,312,-47.2184
0.0002,0,313,-48.9781
0.0002,0,314,-48.3367
0.0002,0,315,-47.8738
0.0002,0,316,-48.0075
0.0002,0,317,-48.6717
0.0002,0,318,-48.4172
0.0002,0,319,-47.8554
0.0002,0,320,-47.8394
0.0002,0,321,-49.461
0.0002,0,322,-47.7765
0.0002,0,323,-47.8421
0.0002,0,324,-48.0595
0.0002,0,325,-48.8039
0.0002,0,326,-47.5729
0.0002,0,327,-47.2873
0.0002,0,328,-47.8648
0.0002,0,329,-48.7208
0.0002,0,330,-47.4694
0.0002,0,331,-47.5668
0.0002,0,332,-47.63
0.0002,0,333,-46.9337
0.0002,0,334,-47.5919
0.0002,0,335,-48.7312
0.0002,0,336,-47.3941
0.0002,0,337,-47.7725
0.0002,0,338,-47.0419
0.0002,0,339,-47.4715
0.0002,0,340,-47.9024
0.0002,0,341,-48.0813
0.0002,0,342,-47.3738
0.0002,0,343,-47.7629
0.0002,0,344,-48.1825
0.0002,0,345,-47.3898
0.0002,0,346,-48.4288
0.0002,0,347,-47.0906
0.0002,0,348,-48.3103
0.0002,0,349,-48.3243
0.0002,0,350,-48.3997
0.0002,0,351,-48.8299
0.0002,0,352,-48.1756
0.0002,0,353,-47.7631
0.0002,0,354,-48.9895
0.0002,0,355,-48.2026
0.0002,0,356,-48.401
0.0002,0,357,-48.1307
0.0002,0,358,-48.0353
0.0002,0,359,-48.0644
0.0002,0,360,-48.0503
0.0002,0,361,-48.6001
0.0002,0,362,-47.2728
0.0002,0,363,-48.1512
0.0002,0,364,-47.5645
0.0002,0,365,-48.4277
0.0002,0,366,-47.2079
0.0002,0,367,-48.7793
0.0002,0,368,-47.4606
0.0002,0,369,-48.6082
0.0002,0,370,-47.6324
0.0002,0,371,-47.7851
0.0002,0,372,-48.3983
0.0002,0,373,-47.581
0.0002,0,374,-48.0988
0.0002,0,375,-47.9908
0.0002,0,376,-47.0745
0.0002,0,377,-48.0335
0.0002,0,378,-48.4418
0.0002,0,379,-48.5411
0.0002,0,380,-47.2546
0.0002,0,381,-47.9737
0.0002,0,382,-47.6362
0.0002,0,383,-47.8753
0.0002,0,384,-47.7712
0.0002,0,385,-48.1514
0.0002,0,386,-48.2366
0.0002,0,387,-48.1294
0.0002,0,388,-47.8369
0.0002,0,389,-48.337
0.0002,0,390,-47.8925
0.0002,0,391,-47.5695
0.0002,0,392,-47.9914
0.0002,0,393,-48.2124
0.0002,0,394,-48.1891
0.0002,0,395,-47.7586
0.0002,0,396,-48.226
0.0002,0,397,-47.3662
0.0002,0,398,-48.2027
0.0002,0,399,-47.9929
0.0002,0,400,-48.504
0.0002,0,401,-47.5997
0.0002,0,402,-48.334
0.0002,0,403,-48.4449
0.0002,0,404,-48.506
0.0002,0,405,-48.4477
0.0002,0,406,-47.8628
0.0002,0,407,-48.0994
0.0002,0,408,-48.6734
0.0002,0,409,-48.3641
0.0002,0,410,-48.7666
0.0002,0,411,-47.4596
0.0002,0,412,-47.7065
0.0002,0,413,-48.178
0.0002,0,414,-48.134
0.0002,0,415,-48.4948
0.0002,0,416,-47.524
0.0002,0,417,-47.2044
0.0002,0,418,-47.83
0.0002,0,419,-48.2215
0.0002,0,420,-48.191
0.0002,0,421,-48.0104
0.0002,0,422,-48.4582
0.0002,0,423,-48.6262
0.0002,0,424,-47.2597
0.0002,0,425,-48.1072
0.0002,0,426,-47.6242
0.0002,0,427,-48.3546
0.0002,0,428,-47.9636
0.0002,0,429,-48.2655
0.0002,0,430,-47.7589
0.0002,0,431,-47.8121
0.0002,0,432,-48.049
0.0002,0,433,-47.8961
0.0002,0,434,-48.207
0.0002,0,435,-48.3075
0.0002,0,436,-47.7305
0.0002,0,437,-47.8306
0.0002,0,438,-47.8873
0.0002,0,439,-47.9483
0.0002,0,440,-47.5823
0.0002,0,441,-47.487
0.0002,0,442,-47.9908
0.0002,0,443,-48.3342
0.0002,0,444,-48.1383
0.0002,0,445,-48.3415
0.0002,0,446,-47.9223
0.0002,0,447,-47.8971
0.0002,0,448,-47.3627
0.0002,0,449,-48.018
0.0002,0,450,-47.8594
0.0002,0,451,-48.2742
0.0002,0,452,-47.5417
0.0002,0,453,-48.0324
0.0002,0,454,-47.7843
0.0002,0,455,-47.8092
0.0002,0,456,-48.4968
0.0002,0,457,-48.4497
0.0002,0,458,-48.194
0.0002,0,459,-48.5282
0.0002,0,460,-48.3129
0.0002,0,461,-47.6715
0.0002,0,462,-47.8667
0.0002,0,463,-47.3414
0.0002,0,464,-48.058
0.0002,0,465,-48.2532
0.0002,0,466,-47.7441
0.0002,0,467,-48.224
0.0002,0,468,-48.132
0.0002,0,469,-47.6053
0.0002,0,470,-47.8447
0.0002,0,471,-48.0254
0.0002,0,472,-47.8633
0.0002,0,473,-47.7866
0.0002,0,474,-48.1919
0.0002,0,475,-47.7676
0.0002,0,476,-47.7009
0.0002,0,477,-47.7222
0.0002,0,478,-47.5709
0.0002,0,479,-48.0636
0.0002,0,480,-47.4362
0.0002,0,481,-47.9741
0.0002,0,482,-48.4446
0.0002,0,483,-48.2593
0.0002,0,484,-47.9055
0.0002,0,485,-48.2575
0.0002,0,486,-48.0146
0.0002,0,487,-48.0346
0.0002,0,488,-48.4038
0.0002,0,489,-48.3858
0.0002,0,490,-48.0525
0.0002,0,491,-47.6149
0.0002,0,492,-47.9217
0.0002,0,493,-47.6211
0.0002,0,494,-47.8029
0.0002,0,495,-47.7253
0.0002,0,496,-48.3289
0.0002,0,497,-48.6531
0.0002,0,498,-47.8069
0.0002,0,499,-48.0761
0.0002,0,500,-48.2944
0.0002,1,1,-176.8273
0.0002,1,2,-170.44
0.0002,1,3,-170.1927
0.0002,1,4,-165.6887
0.0002,1,5,-162.1062
0.0002,1,6,-158.909
0.0002,1,7,-155.8453
0.0002,1,8,-153.0061
0.0002,1,9,-149.2473
0.0002,1,10,-146.5913
0.0002,1,11,-144.0363
0.0002,1,12,-141.3279
0.0002,1,13,-138.8742
0.0002,1,14,-136.9816
0.0002,1,15,-133.0434
0.0002,1,16,-128.0874
0.0002,1,17,-129.6708
0.0002,1,18,-128.1106
0.0002,1,19,-126.0488
0.0002,1,20,-122.1331
0.0002,1,21,-120.5568
0.0002,1,22,-118.836
0.0002,1,23,-115.4438
0.0002,1,24,-115.4484
0.0002,1,25,-112.6297
0.0002,1,26,-111.8839
0.0002,1,27,-108.3083
0.0002,1,28,-107.7159
0.0002,1,29,-106.4349
0.0002,1,30,-103.6543
0.0002,1,31,-102.0183
0.0002,1,32,-98.3932
0.0002,1,33,-99.8896
0.0002,1,34,-97.9425
0.0002,1,35,-95.6772
0.0002,1,36,-94.6869
0.0002,1,37,-92.5969
0.0002,1,38,-92.5665
0.0002,1,39,-92.3451
0.0002,1,40,-87.8139
0.0002,1,41,-90.0367
0.0002,1,42,-88.3434
0.0002,1,43,-87.5592
0.0002,1,44,-86.0618
0.0002,1,45,-84.2569
0.0002,1,46,-83.68
0.0002,1,47,-81.0078
0.0002,1,48,-82.9303
0.0002,1,49,-81.0485
0.0002,1,50,-79.1391
0.0002,1,51,-78.8906
0.0002,1,52,-77.4904
0.0002,1,53,-75.861
0.0002,1,54,-75.0446
0.0002,1,55,-75.9405
0.0002,1,56,-76.8824
0.0002,1,57,-72.655
0.0002,1,58,-73.8988
0.0002,1,59,-72.1777
0.0002,1,60,-71.9353
0.0002,1,61,-71.4751
0.0002,1,62,-70.1551
0.0002,1,63,-71.637
0.0002,1,64,-69.8853
0.0002,1,65,-67.9197
0.0002,1,66,-68.2334
0.0002,1,67,-67.0797
0.0002,1,68,-66.8251
0.0002,1,69,-67.5492
0.0002,1,70,-64.4176
0.0002,1,71,-66.0678
0.0002,1,72,-65.3071
0.0002,1,73,-63.7254
0.0002,1,74,-63.6027
0.0002,1,75,-63.9909
0.0002,1,76,-63.2199
0.0002,1,77,-62.114
0.0002,1,78,-61.7129
0.0002,1,79,-61.1114
0.0002,1,80,-60.4496
0.0002,1,81,-61.3545
0.0002,1,82,-61.871
0.0002,1,83,-59.168
0.0002,1,84,-59.9635
0.0002,1,85,-59.2304
0.0002,1,86,-58.1704
0.0002,1,87,-57.9046
0.0002,1,88,-57.4646
0.0002,1,89,-58.2671
0.0002,1,90,-57.4416
0.0002,1,91,-58.0025
0.0002,1,92,-56.4776
0.0002,1,93,-58.1205
0.0002,1,94,-58.5032
0.0002,1,95,-56.5251
0.0002,1,96,-56.4159
0.0002,1,97,-56.8265
0.0002,1,98,-55.385
0.0002,1,99,-55.9605
0.0002,1,100,-55.1785
0.0002,1,101,-55.3437
0.0002,1,102,-53.2586
0.0002,1,103,-54.0487
0.0002,1,104,-52.839
0.0002,1,105,-53.9062
0.0002,1,106,-54.2566
0.0002,1,107,-55.251
0.0002,1,108,-54.6383
0.0002,1,109,-54.9218
0.0002,1,110,-54.1071
0.0002,1,111,-52.403
0.0002,1,112,-52.2996
0.0002,1,113,-52.9937
0.0002,1,114,-52.5141
0.0002,1,115,-53.5945
0.0002,1,116,-53.4461
0.0002,1,117,-52.2461
0.0002,1,118,-51.1609
0.0002,1,119,-52.2987
0.0002,1,120,-53.3021
0.0002,1,121,-53.4058
0.0002,1,122,-51.8198
0.0002,1,123,-53.0172
0.0002,1,124,-52.1291
0.0002,1,125,-52.9064
0.0002,1,126,-51.4693
0.0002,1,127,-52.3895
0.0002,1,128,-52.5792
0.0002,1,129,-51.1538
0.0002,1,130,-51.9509
0.0002,1,131,-50.6661
0.0002,1,132,-51.0059
0.0002,1,133,-49.8938
0.0002,1,134,-51.5641
0.0002,1,135,-50.9893
0.0002,1,136,-49.6433
0.0002,1,137,-50.0477
0.0002,1,138,-50.7739
0.0002,1,139,-51.2805
0.0002,1,140,-48.1225
0.0002,1,141,-50.6507
0.0002,1,142,-50.5796
0.0002,1,143,-51.0269
0.0002,1,144,-50.3342
0.0002,1,145,-48.3385
0.0002,1,146,-49.817
0.0002,1,147,-50.9136
0.0002,1,148,-48.0259
0.0002,1,149,-50.5913
0.0002,1,150,-50.6625
0.0002,1,151,-49.4067
0.0002,1,152,-49.1841
0.0002,1,153,-49.6246
0.0002,1,154,-49.1673
0.0002,1,155,-50.0772
0.0002,1,156,-50.0141
0.0002,1,157,-48.5588
0.0002,1,158,-49.368
0.0002,1,159,-49.2851
0.0002,1,160,-50.5913
0.0002,1,161,-49.5795
0.0002,1,162,-50.5791
0.0002,1,163,-49.5636
0.0002,1,164,-48.8535
0.0002,1,165,-49.772
0.0002,1,166,-48.6341
0.0002,1,167,-49.4219
0.0002,1,168,-48.9913
0.0002,1,169,-48.4376
0.0002,1,170,-48.4503
0.0002,1,171,-49.1156
0.0002,1,172,-48.6169
0.0002,1,173,-49.564
0.0002,1,174,-48.4145
0.0002,1,175,-49.1113
0.0002,1,176,-48.4968
0.0002,1,177,-48.9208
0.0002,1,178,-49.4926
0.0002,1,179,-49.2095
0.0002,1,180,-48.6468
0.0002,1,181,-49.6938
0.0002,1,182,-49.0654
0.0002,1,183,-49.6173
0.0002,1,184,-49.0065
0.0002,1,185,-47.9935
0.0002,1,186,-47.5788
0.0002,1,187,-47.4073
0.0002,1,188,-48.4263
0.0002,1,189,-49.6585
0.0002,1,190,-49.1039
0.0002,1,191,-48.901
0.0002,1,192,-47.1689
0.0002,1,193,-49.2862
0.0002,1,194,-49.6251
0.0002,1,195,-49.9356
0.0002,1,196,-47.0844
0.0002,1,197,-49.709
0.0002,1,198,-48.0233
0.0002,1,199,-49.4808
0.0002,1,200,-48.1217
0.0002,1,201,-49.6771
0.0002,1,202,-47.4914
0.0002,1,203,-48.1967
0.0002,1,204,-47.4016
0.0002,1,205,-48.1947
0.0002,1,206,-48.8167
0.0002,1,207,-48.949
0.0002,1,208,-49.231
0.0002,1,209,-48.8057
0.0002,1,210,-47.934
0.0002,1,211,-48.909
0.0002,1,212,-48.3119
0.0002,1,213,-48.1586
0.0002,1,214,-48.7722
0.0002,1,215,-47.6702
0.0002,1,216,-47.5742
0.0002,1,217,-48.0106
0.0002,1,218,-49.2745
0.0002,1,219,-49.8338
0.0002,1,220,-48.0767
0.0002,1,221,-48.4128
0.0002,1,222,-47.2775
0.0002,1,223,-47.9102
0.0002,1,224,-47.5974
0.0002,1,225,-49.5641
0.0002,1,226,-48.9767
0.0002,1,227,-47.3747
0.0002,1,228,-48.1122
0.0002,1,229,-47.8159
0.0002,1,230,-47.6268
0.0002,1,231,-47.7751
0.0002,1,232,-47.9189
0.0002,1,233,-47.1821
0.0002,1,234,-48.3134
0.0002,1,235,-47.6335
0.0002,1,236,-48.68
0.0002,1,237,-48.5437
0.0002,1,238,-48.1428
0.0002,1,239,-49.3465
0.0002,1,240,-48.2014
0.0002,1,241,-48.2186
0.0002,1,242,-48.4407
0.0002,1,243,-48.4859
0.0002,1,244,-48.918
0.0002,1,245,-47.1361
0.0002,1,246,-48.6741
0.0002,1,247,-48.414
0.0002,1,248,-47.9962
0.0002,1,249,-48.4222
0.0002,1,250,-47.6844
0.0002,1,251,-47.1253
0.0002,1,252,-47.2306
0.0002,1,253,-47.9457
0.0002,1,254,-47.9793
0.0002,1,255,-48.702
0.0002,1,256,-47.0765
0.0002,1,257,-47.1338
0.0002,1,258,-47.9098
0.0002,1,259,-48.2934
0.0002,1,260,-47.8365
0.0002,1,261,-47.6694
0.0002,1,262,-47.9371
0.0002,1,263,-47.6993
0.0002,1,264,-47.8238
0.0002,1,265,-47.5927
0.0002,1,266,-46.9335
0.0002,1,267,-48.0528
0.0002,1,268,-46.2778
0.0002,1,269,-47.8271
0.0002,1,270,-47.9468
0.0002,1,271,-47.8727
0.0002,1,272,-47.8189
0.0002,1,273,-49.1186
0.0002,1,274,-47.2675
0.0002,1,275,-49.1836
0.0002,1,276,-48.3458
0.0002,1,277,-47.6897
0.0002,1,278,-47.9903
0.0002,1,279,-48.5657
0.0002,1,280,-48.4049
0.0002,1,281,-47.773
0.0002,1,282,-47.1123
0.0002,1,283,-48.482
0.0002,1,284,-48.3694
0.0002,1,285,-49.247
0.0002,1,286,-48.2163
0.0002,1,287,-48.9444
0.0002,1,288,-47.6372
0.0002,1,289,-49.3792
0.0002,1,290,-48.8558
0.0002,1,291,-48.7123
0.0002,1,292,-48.3429
0.0002,1,293,-48.3897
0.0002,1,294,-47.201
0.0002,1,295,-47.6862
0.0002,1,296,-47.5169
0.0002,1,297,-47.0779
0.0002,1,298,-47.8094
0.0002,1,299,-48.4608
0.0002,1,300,-47.0949
0.0002,1,301,-47.7815
0.0002,1,302,-47.9556
0.0002,1,303,-48.3538
0.0002,1,304,-48.5853
0.0002,1,305,-48.3104
0.0002,1,306,-48.091
0.0002,1,307,-48.0583
0.0002,1,308,-47.8744
0.0002,1,309,-47.4129
0.0002,1,310,-48.0362
0.0002,1,311,-48.9067
0.0002,1,312,-47.856
0.0002,1,313,-48.0001
0.0002,1,314,-48.1949
0.0002,1,315,-47.823
0.0002,1,316,-47.8618
0.0002,1,317,-48.8346
0.0002,1,318,-48.4084
0.0002,1,319,-48.0686
0.0002,1,320,-48.1604
0.0002,1,321,-47.3544
0.0002,1,322,-47.9746
0.0002,1,323,-48.0161
0.0002,1,324,-48.6863
0.0002,1,325,-48.1618
0.0002,1,326,-47.7907
0.0002,1,327,-47.7713
0.0002,1,328,-47.2767
0.0002,1,329,-48.4687
0.0002,1,330,-47.968
0.0002,1,331,-48.4613
0.0002,1,332,-48.5047
0.0002,1,333,-47.4381
0.0002,1,334,-48.2312
0.0002,1,335,-48.2859
0.0002,1,336,-48.5408
0.0002,1,337,-48.0368
0.0002,1,338,-48.2919
0.0002,1,339,-48.5235
0.0002,1,340,-48.3978
0.0002,1,341,-48.6612
0.0002,1,342,-48.0072
0.0002,1,343,-48.4443
0.0002,1,344,-48.6143
0.0002,1,345,-48.5409
0.0002,1,346,-47.7693
0.0002,1,347,-48.5117
0.0002,1,348,-48.764
0.0002,1,349,-47.6258
0.0002,1,350,-47.8582
0.0002,1,351,-47.6986
0.0002,1,352,-47.2465
0.0002,1,353,-48.1415
0.0002,1,354,-48.1283
0.0002,1,355,-47.8513
0.0002,1,356,-48.4274
0.0002,1,357,-47.8846
0.0002,1,358,-47.2086
0.0002,1,359,-48.3436
0.0002,1,360,-48.8039
0.0002,1,361,-47.8926
0.0002,1,362,-47.6764
0.0002,1,363,-48.0372
0.0002,1,364,-48.5945
0.0002,1,365,-47.49
0.0002,1,366,-47.8706
0.0002,1,367,-48.857
0.0002,1,368,-47.8034
0.0002,1,369,-47.912
0.0002,1,370,-47.7038
0.0002,1,371,-48.2984
0.0002,1,372,-48.2923
0.0002,1,373,-47.9938
0.0002,1,374,-48.4473
0.0002,1,375,-48.6147
0.0002,1,376,-48.6018
0.0002,1,377,-48.425
0.0002,1,378,-47.5965
0.0002,1,379,-48.5632
0.0002,1,380,-48.3489
0.0002,1,381,-48.8151
0.0002,1,382,-47.8564
0.0002,1,383,-48.4687
0.0002,1,384,-48.3943
0.0002,1,385,-47.8568
0.0002,1,386,-48.4524
0.0002,1,387,-48.0684
0.0002,1,388,-48.2008
0.0002,1,389,-48.2884
0.0002,1,390,-48.2717
0.0002,1,391,-47.7047
0.0002,1,392,-48.6072
0.0002,1,393,-48.583
0.0002,1,394,-48.026
0.0002,1,395,-47.9794
0.0002,1,396,-47.4013
0.0002,1,397,-47.5389
0.0002,1,398,-48.0048
0.0002,1,399,-47.9872
0.0002,1,400,-47.6099
0.0002,1,401,-47.4931
0.0002,1,402,-48.0884
0.0002,1,403,-48.1921
0.0002,1,404,-48.1476
0.0002,1,405,-47.3945
0.0002,1,406,-47.4374
0.0002,1,407,-47.4974
0.0002,1,408,-48.427
0.0002,1,409,-48.6535
0.0002,1,410,-48.0242
0.0002,1,411,-48.3329
0.0002,1,412,-47.9441
0.0002,1,413,-47.8106
0.0002,1,414,-47.9647
0.0002,1,415,-47.8628
0.0002,1,416,-47.7817
0.0002,1,417,-47.9347
0.0002,1,418,-48.412
0.0002,1,419,-48.1471
0.0002,1,420,-47.749
0.0002,1,421,-47.5529
0.0002,1,422,-47.8829
0.0002,1,423,-47.6802
0.0002,1,424,-48.0619
0.0002,1,425,-48.1489
0.0002,1,426,-47.9377
0.0002,1,427,-47.8593
0.0002,1,428,-48.5729
0.0002,1,429,-48.5998
0.0002,1,430,-48.4732
0.0002,1,431,-48.5921
0.0002,1,432,-48.1576
0.0002,1,433,-48.0086
0.0002,1,434,-48.3373
0.0002,1,435,-48.1676
0.0002,1,436,-47.4347
0.0002,1,437,-48.3846
0.0002,1,438,-47.8406
0.0002,1,439,-48.2365
0.0002,1,440,-48.2101
0.0002,1,441,-47.8306
0.0002,1,442,-48.0519
0.0002,1,443,-47.7549
0.0002,1,444,-48.3991
0.0002,1,445,-48.1001
0.0002,1,446,-48.4124
0.0002,1,447,-48.6382
0.0002,1,448,-47.3483
0.0002,1,449,-47.6819
0.0002,1,450,-48.7203
0.0002,1,451,-48.0275
0.0002,1,452,-47.6342
0.0002,1,453,-47.7704
0.0002,1,454,-47.6964
0.0002,1,455,-48.1092
0.0002,1,456,-48.4204
0.0002,1,457,-47.8613
0.0002,1,458,-48.0538
0.0002,1,459,-48.4289
0.0002,1,460,-48.1475
0.0002,1,461,-47.6715
0.0002,1,462,-48.1688
0.0002,1,463,-47.9441
0.0002,1,464,-48.0589
0.0002,1,465,-48.1107
0.0002,1,466,-47.9007
0.0002,1,467,-48.2071
0.0002,1,468,-47.8301
0.0002,1,469,-48.3449
0.0002,1,470,-47.8652
0.0002,1,471,-48.086
0.0002,1,472,-47.7855
0.0002,1,473,-47.9073
0.0002,1,474,-48.1822
0.0002,1,475,-48.5278
0.0002,1,476,-48.0013
0.0002,1,477,-48.3413
0.0002,1,478,-47.7779
0.0002,1,479,-48.0333
0.0002,1,480,-48.1644
0.0002,1,481,-48.1973
0.0002,1,482,-48.2024
0.0002,1,483,-48.0554
0.0002,1,484,-48.1635
0.0002,1,485,-48.1071
0.0002,1,486,-48.2771
0.0002,1,487,-47.7117
0.0002,1,488,-48.1863
0.0002,1,489,-47.6989
0.0002,1,490,-47.9102
0.0002,1,491,-48.235
0.0002,1,492,-48.1776
0.0002,1,493,-48.269
0.0002,1,494,-48.5321
0.0002,1,495,-48.0155
0.0002,1,496,-47.6756
0.0002,1,497,-47.5272
0.0002,1,498,-47.4439
0.0002,1,499,-47.8832
0.0002,1,500,-47.9768
0.0002,2,1,-177.7594
0.0002,2,2,-173.0246
0.0002,2,3,-169.6187
0.0002,2,4,-164.7986
0.0002,2,5,-162.3908
0.0002,2,6,-162.5792
0.0002,2,7,-158.283
0.0002,2,8,-151.8411
0.0002,2,9,-150.169
0.0002,2,10,-149.5764
0.0002,2,11,-142.8443
0.0002,2,12,-142.8591
0.0002,2,13,-141.2519
0.0002,2,14,-135.411
0.0002,2,15,-133.3406
0.0002,2,16,-129.8603
0.0002,2,17,-128.8869
0.0002,2,18,-126.0075
0.0002,2,19,-123.1565
0.0002,2,20,-121.061
0.0002,2,21,-119.6018
0.0002,2,22,-118.8588
0.0002,2,23,-118.2565
0.0002,2,24,-115.3189
0.0002,2,25,-113.8748
0.0002,2,26,-110.5209
0.0002,2,27,-109.6991
0.0002,2,28,-106.6028
0.0002,2,29,-105.0562
0.0002,2,30,-104.1354
0.0002,2,31,-101.4051
0.0002,2,32,-101.7483
0.0002,2,33,-100.5128
0.0002,2,34,-100.1583
0.0002,2,35,-96.7331
0.0002,2,36,-95.3572
0.0002,2,37,-93.8174
0.0002,2,38,-91.4798
0.0002,2,39,-92.0141
0.0002,2,40,-89.8018
0.0002,2,41,-87.3174
0.0002,2,42,-90.4819
0.0002,2,43,-84.6755
0.0002,2,44,-86.2543
0.0002,2,45,-84.5382
0.0002,2,46,-82.9769
0.0002,2,47,-83.0004
0.0002,2,48,-80.7003
0.0002,2,49,-80.5317
0.0002,2,50,-78.9606
0.0002,2,51,-77.755
0.0002,2,52,-78.4041
0.0002,2,53,-78.467
0.0002,2,54,-76.0926
0.0002,2,55,-73.1221
0.0002,2,56,-75.4646
0.0002,2,57,-73.676
0.0002,2,58,-73.5641
0.0002,2,59,-73.5646
0.0002,2,60,-72.2632
0.0002,2,61,-70.8068
0.0002,2,62,-70.5566
0.0002,2,63,-69.5837
0.0002,2,64,-69.4879
0.0002,2,65,-66.797
0.0002,2,66,-68.67
0.0002,2,67,-67.6517
0.0002,2,68,-66.8629
0.0002,2,69,-66.5455
0.0002,2,70,-65.6349
0.0002,2,71,-67.9581
0.0002,2,72,-62.7561
0.0002,2,73,-64.3604
0.0002,2,74,-64.8423
0.0002,2,75,-63.0823
0.0002,2,76,-64.2315
0.0002,2,77,-64.3692
0.0002,2,78,-61.6154
0.0002,2,79,-62.8701
0.0002,2,80,-60.672
0.0002,2,81,-62.0805
0.0002,2,82,-60.2248
0.0002,2,83,-60.3886
0.0002,2,84,-59.8563
0.0002,2,85,-58.822
0.0002,2,86,-58.46
0.0002,2,87,-58.3302
0.0002,2,88,-59.1004
0.0002,2,89,-58.0595
0.0002,2,90,-57.7858
0.0002,2,91,-55.9511
0.0002,2,92,-57.5431
0.0002,2,93,-56.0545
0.0002,2,94,-58.0007
0.0002,2,95,-58.954
0.0002,2,96,-55.7197
0.0002,2,97,-56.4101
0.0002,2,98,-56.2675
0.0002,2,99,-55.1261
0.0002,2,100,-55.4969
0.0002,2,101,-55.0665
0.0002,2,102,-54.3551
0.0002,2,103,-54.0614
0.0002,2,104,-53.9174
0.0002,2,105,-53.7521
0.0002,2,106,-53.363
0.0002,2,107,-54.6493
0.0002,2,108,-53.4876
0.0002,2,109,-53.5412
0.0002,2,110,-52.5974
0.0002,2,111,-54.0266
0.0002,2,112,-54.468
0.0002,2,113,-53.564
0.0002,2,114,-53.8629
0.0002,2,115,-51.634
0.0002,2,116,-52.3314
0.0002,2,117,-53.818
0.0002,2,118,-53.2969
0.0002,2,119,-52.6271
0.0002,2,120,-53.5104
0.0002,2,121,-52.3901
0.0002,2,122,-51.2909
0.0002,2,123,-52.1518
0.0002,2,124,-51.5495
0.0002,2,125,-52.5527
0.0002,2,126,-51.2567
0.0002,2,127,-51.5555
0.0002,2,128,-50.5561
0.0002,2,129,-51.5685
0.0002,2,130,-50.9982
0.0002,2,131,-49.4549
0.0002,2,132,-49.8819
0.0002,2,133,-50.4571
0.0002,2,134,-52.2095
0.0002,2,135,-49.9704
0.0002,2,136,-50.6213
0.0002,2,137,-50.2586
0.0002,2,138,-50.5995
0.0002,2,139,-48.1778
0.0002,2,140,-50.7523
0.0002,2,141,-48.9375
0.0002,2,142,-50.456
0.0002,2,143,-50.1706
0.0002,2,144,-49.7657
0.0002,2,145,-50.4914
0.0002,2,146,-49.7504
0.0002,2,147,-50.2437
0.0002,2,148,-50.9152
0.0002,2,149,-50.4255
0.0002,2,150,-49.1093
0.0002,2,151,-49.0779
0.0002,2,152,-49.7237
0.0002,2,153,-49.4633
0.0002,2,154,-49.1718
0.0002,2,155,-49.5962
0.0002,2,156,-50.2885
0.0002,2,157,-49.1354
0.0002,2,158,-49.7647
0.0002,2,159,-49.789
0.0002,2,160,-48.4175
0.0002,2,161,-49.4259
0.0002,2,162,-49.0297
0.0002,2,163,-50.355
0.0002,2,164,-50.3376
0.0002,2,165,-49.575
0.0002,2,166,-50.5844
0.0002,2,167,-50.4298
0.0002,2,168,-49.215
0.0002,2,169,-48.3469
0.0002,2,170,-48.8122
0.0002,2,171,-49.665
0.0002,2,172,-49.0644
0.0002,2,173,-49.2959
0.0002,2,174,-49.8272
0.0002,2,175,-49.7351
0.0002,2,176,-48.7415
0.0002,2,177,-47.7404
0.0002,2,178,-49.6026
0.0002,2,179,-48.6858
0.0002,2,180,-49.4506
0.0002,2,181,-47.6872
0.0002,2,182,-49.6224
0.0002,2,183,-48.3929
0.0002,2,184,-50.1627
0.0002,2,185,-48.0914
0.0002,2,186,-48.5267
0.0002,2,187,-47.9544
0.0002,2,188,-47.6792
0.0002,2,189,-48.8276
0.0002,2,190,-48.183
0.0002,2,191,-47.8588
0.0002,2,192,-49.2638
0.0002,2,193,-48.4064
0.0002,2,194,-47.8498
0.0002,2,195,-48.3259
0.0002,2,196,-48.777
0.0002,2,197,-48.6097
0.0002,2,198,-49.7075
0.0002,2,199,-48.7335
0.0002,2,200,-48.4093
0.0002,2,201,-49.5482
0.0002,2,202,-48.6066
0.0002,2,203,-49.2755
0.0002,2,204,-47.5135
0.0002,2,205,-48.4133
0.0002,2,206,-49.0219
0.0002,2,207,-48.9661
0.0002,2,208,-47.7283
0.0002,2,209,-49.0617
0.0002,2,210,-48.6994
0.0002,2,211,-48.5318
0.0002,2,212,-48.2537
0.0002,2,213,-48.0861
0.0002,2,214,-47.2222
0.0002,2,215,-47.548
0.0002,2,216,-47.1902
0.0002,2,217,-48.1314
0.0002,2,218,-47.9884
0.0002,2,219,-48.0405
0.0002,2,220,-47.5137
0.0002,2,221,-48.5803
0.0002,2,222,-49.2517
0.0002,2,223,-47.9532
0.0002,2,224,-46.9723
0.0002,2,225,-47.04
0.0002,2,226,-47.2811
0.0002,2,227,-47.926
0.0002,2,228,-48.2005
0.0002,2,229,-49.0661
0.0002,2,230,-48.0875
0.0002,2,231,-48.2204
0.0002,2,232,-48.3401
0.0002,2,233,-48.0061
0.0002,2,234,-46.6511
0.0002,2,235,-47.6515
0.0002,2,236,-49.6295
0.0002,2,237,-49.2992
0.0002,2,238,-48.5558
0.0002,2,239,-48.1891
0.0002,2,240,-48.8721
0.0002,2,241,-48.397
0.0002,2,242,-48.0724
0.0002,2,243,-48.5321
0.0002,2,244,-49.2884
0.0002,2,245,-47.7424
0.0002,2,246,-47.7851
0.0002,2,247,-47.5745
0.0002,2,248,-49.1239
0.0002,2,249,-48.6111
0.0002,2,250,-47.8974
0.0002,2,251,-46.9635
0.0002,2,252,-48.3705
0.0002,2,253,-47.2246
0.0002,2,254,-47.8346
0.0002,2,255,-48.1404
0.0002,2,256,-49.0494
0.0002,2,257,-48.1272
0.0002,2,258,-48.6835
0.0002,2,259,-49.2985
0.0002,2,260,-48.3814
0.0002,2,261,-48.9254
0.0002,2,262,-47.786
0.0002,2,263,-48.694
0.0002,2,264,-48.1005
0.0002,2,265,-47.7212
0.0002,2,266,-47.7216
0.0002,2,267,-48.3332
0.0002,2,268,-46.9061
0.0002,2,269,-46.7975
0.0002,2,270,-47.6212
0.0002,2,271,-47.5491
0.0002,2,272,-47.9892
0.0002,2,273,-48.0078
0.0002,2,274,-48.6531
0.0002,2,275,-48.9403
0.0002,2,276,-47.291
0.0002,2,277,-47.3497
0.0002,2,278,-47.7681
0.0002,2,279,-47.3414
0.0002,2,280,-48.4502
0.0002,2,281,-49.4483
0.0002,2,282,-48.3519
0.0002,2,283,-48.7682
0.0002,2,284,-47.6474
0.0002,2,285,-48.4186
0.0002,2,286,-48.2237
0.0002,2,287,-47.9751
0.0002,2,288,-48.2227
0.0002,2,289,-47.7698
0.0002,2,290,-48.2478
0.0002,2,291,-47.1444
0.0002,2,292,-47.0967
0.0002,2,293,-48.5276
0.0002,2,294,-47.7506
0.0002,2,295,-48.9108
0.0002,2,296,-48.274
0.0002,2,297,-47.647
0.0002,2,298,-47.7454
0.0002,2,299,-47.6738
0.0002,2,300,-47.4659
0.0002,2,301,-47.7279
0.0002,2,302,-47.8062
0.0002,2,303,-48.009
0.0002,2,304,-48.0294
0.0002,2,305,-48.1328
0.0002,2,306,-48.3829
0.0002,2,307,-49.1154
0.0002,2,308,-47.5733
0.0002,2,309,-47.5205
0.0002,2,310,-47.3658
0.0002,2,311,-48.5416
0.0002,2,312,-47.9407
0.0002,2,313,-47.8446
0.0002,2,314,-48.1113
0.0002,2,315,-48.0901
0.0002,2,316,-47.2969
0.0002,2,317,-47.9107
0.0002,2,318,-47.9702
0.0002,2,319,-47.5596
0.0002,2,320,-47.8541
0.0002,2,321,-47.8844
0.0002,2,322,-47.8292
0.0002,2,323,-47.2295
0.0002,2,324,-48.5433
0.0002,2,325,-48.5354
0.0002,2,326,-48.4578
0.0002,2,327,-48.5571
0.0002,2,328,-47.8359
0.0002,2,329,-48.077
0.0002,2,330,-47.9525
0.0002,2,331,-48.0186
0.0002,2,332,-48.3924
0.0002,2,333,-48.2501
0.0002,2,334,-48.9256
0.0002,2,335,-47.3899
0.0002,2,336,-47.9758
0.0002,2,337,-48.0299
0.0002,2,338,-46.9881
0.0002,2,339,-47.955
0.0002,2,340,-47.4797
0.0002,2,341,-48.7615
0.0002,2,342,-48.2428
0.0002,2,343,-47.8837
0.0002,2,344,-47.9797
0.0002,2,345,-48.4795
0.0002,2,346,-48.6304
0.0002,2,347,-48.2898
0.0002,2,348,-48.6789
0.0002,2,349,-48.4267
0.0002,2,350,-47.6656
0.0002,2,351,-48.1997
0.0002,2,352,-48.4801
0.0002,2,353,-47.9221
0.0002,2,354,-48.4218
0.0002,2,355,-48.1401
0.0002,2,356,-47.5583
0.0002,2,357,-47.2947
0.0002,2,358,-48.237
0.0002,2,359,-48.4772
0.0002,2,360,-48.5427
0.0002,2,361,-48.0458
0.0002,2,362,-47.9577
0.0002,2,363,-47.9752
0.0002,2,364,-47.4567
0.0002,2,365,-47.5505
0.0002,2,366,-47.7541
0.0002,2,367,-48.0209
0.0002,2,368,-47.8788
0.0002,2,369,-47.5547
0.0002,2,370,-47.8835
0.0002,2,371,-48.5398
0.0002,2,372,-48.4711
0.0002,2,373,-47.8662
0.0002,2,374,-48.0463
0.0002,2,375,-48.0944
0.0002,2,376,-47.4835
0.0002,2,377,-47.4305
0.0002,2,378,-47.7815
0.0002,2,379,-46.96
0.0002,2,380,-47.619
0.0002,2,381,-47.5765
0.0002,2,382,-48.1977
0.0002,2,383,-48.1757
0.0002,2,384,-47.9406
0.0002,2,385,-47.8565
0.0002,2,386,-47.8909
0.0002,2,387,-48.58
0.0002,2,388,-47.924
0.0002,2,389,-48.1242
0.0002,2,390,-47.3535
0.0002,2,391,-48.1016
0.0002,2,392,-47.8646
0.0002,2,393,-48.0963
0.0002,2,394,-47.2917
0.0002,2,395,-47.902
0.0002,2,396,-48.4111
0.0002,2,397,-48.3679
0.0002,2,398,-48.1893
0.0002,2,399,-47.2064
0.0002,2,400,-47.338
0.0002,2,401,-48.2578
0.0002,2,402,-48.2387
0.0002,2,403,-47.3499
0.0002,2,404,-47.4826
0.0002,2,405,-47.3519
0.0002,2,406,-47.2364
0.0002,2,407,-48.256
0.0002,2,408,-47.8699
0.0002,2,409,-47.8094
0.0002,2,410,-48.8024
0.0002,2,411,-48.5908
0.0002,2,412,-47.6667
0.0002,2,413,-47.6285
0.0002,2,414,-48.1267
0.0002,2,415,-47.9507
0.0002,2,416,-47.4014
0.0002,2,417,-47.5779
0.0002,2,418,-48.0538
0.0002,2,419,-47.7472
0.0002,2,420,-48.2924
0.0002,2,421,-47.5985
0.0002,2,422,-47.8634
0.0002,2,423,-47.7703
0.0002,2,424,-47.8233
0.0002,2,425,-48.4564
0.0002,2,426,-47.8312
0.0002,2,427,-48.1599
0.0002,2,428,-48.0855
0.0002,2,429,-47.9422
0.0002,2,430,-48.2236
0.0002,2,431,-47.9959
0.0002,2,432,-48.1013
0.0002,2,433,-47.6358
0.0002,2,434,-47.9276
0.0002,2,435,-48.1493
0.0002,2,436,-47.9284
0.0002,2,437,-47.9732
0.0002,2,438,-48.1279
0.0002,2,439,-48.3801
0.0002,2,440,-47.95
0.0002,2,441,-48.1283
0.0002,2,442,-48.2222
0.0002,2,443,-47.9458
0.0002,2,444,-48.6759
0.0002,2,445,-47.952
0.0002,2,446,-48.3042
0.0002,2,447,-48.1869
0.0002,2,448,-48.0906
0.0002,2,449,-48.3139
0.0002,2,450,-47.8507
0.0002,2,451,-47.9092
0.0002,2,452,-48.0788
0.0002,2,453,-47.8797
0.0002,2,454,-48.2295
0.0002,2,455,-48.0116
0.0002,2,456,-48.0895
0.0002,2,457,-47.4487
0.0002,2,458,-47.8045
0.0002,2,459,-48.0108
0.0002,2,460,-48.3564
0.0002,2,461,-48.1036
0.0002,2,462,-47.6323
0.0002,2,463,-47.9121
0.0002,2,464,-48.318
0.0002,2,465,-47.9649
0.0002,2,466,-47.7959
0.0002,2,467,-47.8957
0.0002,2,468,-47.7654
0.0002,2,469,-47.726
0.0002,2,470,-47.379
0.0002,2,471,-48.3372
0.0002,2,472,-47.8673
0.0002,2,473,-48.0648
0.0002,2,474,-47.8428
0.0002,2,475,-48.0305
0.0002,2,476,-47.5981
0.0002,2,477,-48.0046
0.0002,2,478,-47.977
0.0002,2,479,-47.1405
0.0002,2,480,-48.5686
0.0002,2,481,-47.9809
0.0002,2,482,-48.4627
0.0002,2,483,-47.7443
0.0002,2,484,-48.1236
0.0002,2,485,-48.4263
0.0002,2,486,-47.9887
0.0002,2,487,-47.9704
0.0002,2,488,-47.7905
0.0002,2,489,-48.2328
0.0002,2,490,-47.8443
0.0002,2,491,-47.8666
0.0002,2,492,-47.8556
0.0002,2,493,-48.3794
0.0002,2,494,-47.8073
0.0002,2,495,-47.8428
0.0002,2,496,-47.6861
0.0002,2,497,-47.6459
0.0002,2,498,-47.6618
0.0002,2,499,-48.0919
0.0002,2,500,-47.6357
0.0002,3,1,-176.2051
0.0002,3,2,-175.4071
0.0002,3,3,-169.0048
0.0002,3,4,-163.5529
0.0002,3,5,-161.3988
0.0002,3,6,-158.8266
0.0002,3,7,-157.4051
0.0002,3,8,-152.282
0.0002,3,9,-149.7559
0.0002,3,10,-146.8875
0.0002,3,11,-145.4497
0.0002,3,12,-142.7723
0.0002,3,13,-141.6706
0.0002,3,14,-136.1549
0.0002,3,15,-132.5926
0.0002,3,16,-132.6815
0.0002,3,17,-128.1018
0.0002,3,18,-126.209
0.0002,3,19,-126.4824
0.0002,3,20,-119.5253
0.0002,3,21,-122.1599
0.0002,3,22,-116.8366
0.0002,3,23,-116.6555
0.0002,3,24,-115.8206
0.0002,3,25,-113.425
0.0002,3,26,-110.5957
0.0002,3,27,-109.0733
0.0002,3,28,-107.8003
0.0002,3,29,-105.8732
0.0002,3,30,-103.9345
0.0002,3,31,-101.9382
0.0002,3,32,-100.5622
0.0002,3,33,-99.7994
0.0002,3,34,-99.0366
0.0002,3,35,-96.8475
0.0002,3,36,-96.0086
0.0002,3,37,-95.0291
0.0002,3,38,-93.4057
0.0002,3,39,-90.633
0.0002,3,40,-90.026
0.0002,3,41,-89.7904
0.0002,3,42,-87.6076
0.0002,3,43,-86.2966
0.0002,3,44,-83.9989
0.0002,3,45,-82.8368
0.0002,3,46,-83.9394
0.0002,3,47,-81.4526
0.0002,3,48,-82.4901
0.0002,3,49,-79.3377
0.0002,3,50,-80.5686
0.0002,3,51,-78.001
0.0002,3,52,-78.6945
0.0002,3,53,-77.8918
0.0002,3,54,-75.812
0.0002,3,55,-74.4443
0.0002,3,56,-74.4587
0.0002,3,57,-74.4549
0.0002,3,58,-73.8865
0.0002,3,59,-71.4155
0.0002,3,60,-71.7131
0.0002,3,61,-71.9134
0.0002,3,62,-71.6253
0.0002,3,63,-69.4914
0.0002,3,64,-67.9372
0.0002,3,65,-68.0625
0.0002,3,66,-68.61
0.0002,3,67,-66.0888
0.0002,3,68,-64.8844
0.0002,3,69,-66.4107
0.0002,3,70,-66.2658
0.0002,3,71,-64.5619
0.0002,3,72,-64.9187
0.0002,3,73,-63.434
0.0002,3,74,-66.2673
0.0002,3,75,-62.8366
0.0002,3,76,-61.7512
0.0002,3,77,-62.311
0.0002,3,78,-63.2908
0.0002,3,79,-62.1523
0.0002,3,80,-61.8418
0.0002,3,81,-59.8618
0.0002,3,82,-62.1074
0.0002,3,83,-59.2522
0.0002,3,84,-59.7995
0.0002,3,85,-60.8054
0.0002,3,86,-59.4458
0.0002,3,87,-59.3555
0.0002,3,88,-59.395
0.0002,3,89,-57.2406
0.0002,3,90,-60.7681
0.0002,3,91,-57.1485
0.0002,3,92,-57.9834
0.0002,3,93,-57.2623
0.0002,3,94,-57.2668
0.0002,3,95,-58.0281
0.0002,3,96,-54.2657
0.0002,3,97,-54.9844
0.0002,3,98,-57.4032
0.0002,3,99,-56.031
0.0002,3,100,-55.8602
0.0002,3,101,-56.058
0.0002,3,102,-55.9601
0.0002,3,103,-53.0739
0.0002,3,104,-52.8711
0.0002,3,105,-54.9917
0.0002,3,106,-54.0233
0.0002,3,107,-54.3948
0.0002,3,108,-55.1156
0.0002,3,109,-55.4402
0.0002,3,110,-54.3197
0.0002,3,111,-53.0489
0.0002,3,112,-53.0279
0.0002,3,113,-53.8818
0.0002,3,114,-53.6606
0.0002,3,115,-52.8227
0.0002,3,116,-52.7891
0.0002,3,117,-52.493
0.0002,3,118,-51.5771
0.0002,3,119,-51.4143
0.0002,3,120,-52.4498
0.0002,3,121,-53.1304
0.0002,3,122,-51.8678
0.0002,3,123,-52.6608
0.0002,3,124,-50.2159
0.0002,3,125,-52.7523
0.0002,3,126,-52.5
0.0002,3,127,-50.6401
0.0002,3,128,-51.5584
0.0002,3,129,-51.5157
0.0002,3,130,-51.4973
0.0002,3,131,-52.4947
0.0002,3,132,-51.2647
0.0002,3,133,-51.7498
0.0002,3,134,-52.2537
0.0002,3,135,-49.9993
0.0002,3,136,-50.2843
0.0002,3,137,-51.3194
0.0002,3,138,-50.277
0.0002,3,139,-51.2209
0.0002,3,140,-49.8783
0.0002,3,141,-50.0546
0.0002,3,142,-49.4518
0.0002,3,143,-49.5968
0.0002,3,144,-50.0763
0.0002,3,145,-50.1566
0.0002,3,146,-49.6854
0.0002,3,147,-49.3729
0.0002,3,148,-49.1156
0.0002,3,149,-51.1724
0.0002,3,150,-49.5252
0.0002,3,151,-49.8198
0.0002,3,152,-50.3789
0.0002,3,153,-48.9265
0.0002,3,154,-49.8402
0.0002,3,155,-49.2827
0.0002,3,156,-49.5679
0.0002,3,157,-50.5138
0.0002,3,158,-49.8145
0.0002,3,159,-50.0443
0.0002,3,160,-48.8333
0.0002,3,161,-49.2545
0.0002,3,162,-49.0412
0.0002,3,163,-49.5621
0.0002,3,164,-50.4449
0.0002,3,165,-48.4536
0.0002,3,166,-48.7849
0.0002,3,167,-50.7464
0.0002,3,168,-49.7924
0.0002,3,169,-46.9147
0.0002,3,170,-49.1581
0.0002,3,171,-49.5109
0.0002,3,172,-49.0978
0.0002,3,173,-49.2554
0.0002,3,174,-49.0605
0.0002,3,175,-49.83
0.0002,3,176,-48.3075
0.0002,3,177,-48.938
0.0002,3,178,-49.4194
0.0002,3,179,-47.5694
0.0002,3,180,-48.8943
0.0002,3,181,-47.4142
0.0002,3,182,-48.5394
0.0002,3,183,-50.7212
0.0002,3,184,-47.5821
0.0002,3,185,-47.8761
0.0002,3,186,-49.3166
0.0002,3,187,-48.1199
0.0002,3,188,-48.4793
0.0002,3,189,-47.7266
0.0002,3,190,-48.7989
0.0002,3,191,-47.4148
0.0002,3,192,-48.824
0.0002,3,193,-48.8641
0.0002,3,194,-49.3276
0.0002,3,195,-48.8032
0.0002,3,196,-48.4821
0.0002,3,197,-48.4228
0.0002,3,198,-48.4331
0.0002,3,199,-48.4587
0.0002,3,200,-47.7766
0.0002,3,201,-48.0456
0.0002,3,202,-47.365
0.0002,3,203,-47.7323
0.0002,3,204,-48.2083
0.0002,3,205,-49.4396
0.0002,3,206,-49.2258
0.0002,3,207,-48.8261
0.0002,3,208,-47.7718
0.0002,3,209,-48.1171
0.0002,3,210,-47.6291
0.0002,3,211,-48.2472
0.0002,3,212,-48.3426
0.0002,3,213,-48.0742
0.0002,3,214,-47.7153
0.0002,3,215,-48.3886
0.0002,3,216,-48.2479
0.0002,3,217,-47.5051
0.0002,3,218,-48.0252
0.0002,3,219,-48.3723
0.0002,3,220,-48.1898
0.0002,3,221,-48.81
0.0002,3,222,-47.5532
0.0002,3,223,-48.7534
0.0002,3,224,-48.3623
0.0002,3,225,-48.4369
0.0002,3,226,-48.0625
0.0002,3,227,-48.2547
0.0002,3,228,-48.0294
0.0002,3,229,-49.4887
0.0002,3,230,-49.4187
0.0002,3,231,-47.6786
0.0002,3,232,-48.3734
0.0002,3,233,-49.6612
0.0002,3,234,-48.29
0.0002,3,235,-48.7375
0.0002,3,236,-48.5046
0.0002,3,237,-48.7798
0.0002,3,238,-48.079
0.0002,3,239,-48.2544
0.0002,3,240,-48.5592
0.0002,3,241,-47.7482
0.0002,3,242,-47.6774
0.0002,3,243,-47.4022
0.0002,3,244,-48.1242
0.0002,3,245,-48.1826
0.0002,3,246,-48.27
0.0002,3,247,-47.614
0.0002,3,248,-48.446
0.0002,3,249,-47.6356
0.0002,3,250,-47.9006
0.0002,3,251,-48.4392
0.0002,3,252,-48.6849
0.0002,3,253,-48.927
0.0002,3,254,-48.0034
0.0002,3,255,-48.0657
0.0002,3,256,-48.8274
0.0002,3,257,-46.8603
0.0002,3,258,-48.4958
0.0002,3,259,-48.5191
0.0002,3,260,-47.8645
0.0002,3,261,-48.2874
0.0002,3,262,-48.2947
0.0002,3,263,-48.864
0.0002,3,264,-47.8043
0.0002,3,265,-49.462
0.0002,3,266,-48.3231
0.0002,3,267,-47.7964
0.0002,3,268,-47.3702
0.0002,3,269,-49.0065
0.0002,3,270,-49.1353
0.0002,3,271,-47.0587
0.0002,3,272,-48.1895
0.0002,3,273,-47.5862
0.0002,3,274,-47.8083
0.0002,3,275,-47.6068
0.0002,3,276,-48.142
0.0002,3,277,-47.6695
0.0002,3,278,-47.6606
0.0002,3,279,-47.6161
0.0002,3,280,-49.3444
0.0002,3,281,-47.1987
0.0002,3,282,-47.8386
0.0002,3,283,-48.7634
0.0002,3,284,-48.3847
0.0002,3,285,-47.6126
0.0002,3,286,-48.2557
0.0002,3,287,-48.3337
0.0002,3,288,-47.0182
0.0002,3,289,-48.207
0.0002,3,290,-48.3587
0.0002,3,291,-47.3739
0.0002,3,292,-48.208
0.0002,3,293,-48.0116
0.0002,3,294,-47.6462
0.0002,3,295,-47.7157
0.0002,3,296,-48.7614
0.0002,3,297,-48.6119
0.0002,3,298,-48.4604
0.0002,3,299,-47.2478
0.0002,3,300,-48.0603
0.0002,3,301,-48.3291
0.0002,3,302,-48.1791
0.0002,3,303,-48.8562
0.0002,3,304,-47.525
0.0002,3,305,-47.2828
0.0002,3,306,-48.4261
0.0002,3,307,-47.6018
0.0002,3,308,-48.5455
0.0002,3,309,-47.1703
0.0002,3,310,-48.5057
0.0002,3,311,-48.3858
0.0002,3,312,-47.6936
0.0002,3,313,-48.0039
0.0002,3,314,-49.1548
0.0002,3,315,-47.7558
0.0002,3,316,-47.8675
0.0002,3,317,-48.5757
0.0002,3,318,-47.891
0.0002,3,319,-47.9596
0.0002,3,320,-47.1156
0.0002,3,321,-47.5896
0.0002,3,322,-48.12
0.0002,3,323,-48.6748
0.0002,3,324,-47.6642
0.0002,3,325,-48.382
0.0002,3,326,-47.8958
0.0002,3,327,-48.4099
0.0002,3,328,-48.0948
0.0002,3,329,-49.5
0.0002,3,330,-47.7856
0.0002,3,331,-47.9954
0.0002,3,332,-47.5966
0.0002,3,333,-48.4653
0.0002,3,334,-47.1873
0.0002,3,335,-47.5469
0.0002,3,336,-47.436
0.0002,3,337,-48.4572
0.0002,3,338,-47.7389
0.0002,3,339,-47.8215
0.0002,3,340,-47.6733
0.0002,3,341,-47.9567
0.0002,3,342,-47.6857
0.0002,3,343,-46.9698
0.0002,3,344,-47.2119
0.0002,3,345,-47.1603
0.0002,3,346,-48.3432
0.0002,3,347,-46.8943
0.0002,3,348,-48.4441
0.0002,3,349,-48.4096
0.0002,3,350,-48.0291
0.0002,3,351,-47.5523
0.0002,3,352,-48.3791
0.0002,3,353,-47.8529
0.0002,3,354,-48.597
0.0002,3,355,-48.2176
0.0002,3,356,-47.7018
0.0002,3,357,-47.5657
0.0002,3,358,-47.3537
0.0002,3,359,-48.6107
0.0002,3,360,-47.9442
0.0002,3,361,-47.6558
0.0002,3,362,-48.1222
0.0002,3,363,-47.8376
0.0002,3,364,-48.3205
0.0002,3,365,-48.0308
0.0002,3,366,-47.5198
0.0002,3,367,-48.453
0.0002,3,368,-47.4062
0.0002,3,369,-47.708
0.0002,3,370,-48.558
0.0002,3,371,-48.4545
0.0002,3,372,-47.7851
0.0002,3,373,-47.8493
0.0002,3,374,-48.2877
0.0002,3,375,-47.8529
0.0002,3,376,-47.1772
0.0002,3,377,-48.9445
0.0002,3,378,-48.3831
0.0002,3,379,-47.6981
0.0002,3,380,-48.1233
0.0002,3,381,-47.3584
0.0002,3,382,-47.8472
0.0002,3,383,-48.2149
0.0002,3,384,-48.0708
0.0002,3,385,-47.7875
0.0002,3,386,-47.798
0.0002,3,387,-48.0098
0.0002,3,388,-47.4864
0.0002,3,389,-48.1231
0.0002,3,390,-47.9229
0.0002,3,391,-47.6552
0.0002,3,392,-47.9998
0.0002,3,393,-48.5716
0.0002,3,394,-47.6175
0.0002,3,395,-48.0034
0.0002,3,396,-48.6037
0.0002,3,397,-48.424
0.0002,3,398,-47.5042
0.0002,3,399,-47.9041
0.0002,3,400,-48.1656
0.0002,3,401,-48.5255
0.0002,3,402,-47.7435
0.0002,3,403,-47.1925
0.0002,3,404,-47.9268
0.0002,3,405,-48.0526
0.0002,3,406,-47.8006
0.0002,3,407,-47.9986
0.0002,3,408,-48.1411
0.0002,3,409,-48.2969
0.0002,3,410,-48.4097
0.0002,3,411,-48.1318
0.0002,3,412,-48.1168
0.0002,3,413,-48.1472
0.0002,3,414,-48.123
0.0002,3,415,-47.8107
0.0002,3,416,-47.9623
0.0002,3,417,-48.1093
0.0002,3,418,-48.1329
0.0002,3,419,-48.1365
0.0002,3,420,-47.8874
0.0002,3,421,-47.8369
0.0002,3,422,-48.108
0.0002,3,423,-47.954
0.0002,3,424,-48.0985
0.0002,3,425,-47.712
0.0002,3,426,-48.0982
0.0002,3,427,-47.411
0.0002,3,428,-48.0177
0.0002,3,429,-47.8157
0.0002,3,430,-48.5166
0.0002,3,431,-48.3179
0.0002,3,432,-47.9999
0.0002,3,433,-47.8429
0.0002,3,434,-48.1687
0.0002,3,435,-47.4904
0.0002,3,436,-48.2919
0.0002,3,437,-48.0471
0.0002,3,438,-48.2844
0.0002,3,439,-48.4672
0.0002,3,440,-47.4001
0.0002,3,441,-48.1909
0.0002,3,442,-48.1349
0.0002,3,443,-48.3917
0.0002,3,444,-48.217
0.0002,3,445,-48.134
0.0002,3,446,-47.7709
0.0002,3,447,-48.0686
0.0002,3,448,-47.7733
0.0002,3,449,-48.1654
0.0002,3,450,-47.9292
0.0002,3,451,-47.8218
0.0002,3,452,-47.9511
0.0002,3,453,-48.2313
0.0002,3,454,-48.0148
0.0002,3,455,-48.0448
0.0002,3,456,-48.9302
0.0002,3,457,-48.2641
0.0002,3,458,-48.4822
0.0002,3,459,-48.1104
0.0002,3,460,-47.6829
0.0002,3,461,-47.5146
0.0002,3,462,-48.5926
0.0002,3,463,-48.3687
0.0002,3,464,-48.2751
0.0002,3,465,-47.5934
0.0002,3,466,-48.1302
0.0002,3,467,-47.7759
0.0002,3,468,-48.2055
0.0002,3,469,-47.9838
0.0002,3,470,-47.5589
0.0002,3,471,-48.3414
0.0002,3,472,-47.6398
0.0002,3,473,-48.3662
0.0002,3,474,-48.3153
0.0002,3,475,-47.7111
0.0002,3,476,-48.0227
0.0002,3,477,-48.2864
0.0002,3,478,-47.5044
0.0002,3,479,-47.8201
0.0002,3,480,-47.821
0.0002,3,481,-47.6804
0.0002,3,482,-47.8138
0.0002,3,483,-48.032
0.0002,3,484,-47.8922
0.0002,3,485,-47.9436
0.0002,3,486,-47.856
0.0002,3,487,-48.3533
0.0002,3,488,-48.106
0.0002,3,489,-48.1469
0.0002,3,490,-48.2396
0.0002,3,491,-47.5162
0.0002,3,492,-47.9695
0.0002,3,493,-47.9537
0.0002,3,494,-48.0649
0.0002,3,495,-47.9081
0.0002,3,496,-48.041
0.0002,3,497,-48.2956
0.0002,3,498,-47.9051
0.0002,3,499,-48.1564
0.0002,3,500,-47.9555
0.0002,4,1,-177.8011
0.0002,4,2,-170.8883
0.0002,4,3,-170.2921
0.0002,4,4,-164.8664
0.0002,4,5,-162.2464
0.0002,4,6,-159.4842
0.0002,4,7,-157.2572
0.0002,4,8,-152.233
0.0002,4,9,-149.2808
0.0002,4,10,-147.1932
0.0002,4,11,-144.2712
0.0002,4,12,-140.2912
0.0002,4,13,-139.1315
0.0002,4,14,-134.9207
0.0002,4,15,-133.125
0.0002,4,16,-130.6465
0.0002,4,17,-128.1538
0.0002,4,18,-125.7582
0.0002,4,19,-125.0033
0.0002,4,20,-123.2186
0.0002,4,21,-119.0147
0.0002,4,22,-118.3666
0.0002,4,23,-116.188
0.0002,4,24,-114.1258
0.0002,4,25,-113.322
0.0002,4,26,-111.819
0.0002,4,27,-108.6676
0.0002,4,28,-106.1574
0.0002,4,29,-105.2712
0.0002,4,30,-104.8409
0.0002,4,31,-100.1126
0.0002,4,32,-100.0521
0.0002,4,33,-98.9485
0.0002,4,34,-97.8591
0.0002,4,35,-96.5388
0.0002,4,36,-96.4452
0.0002,4,37,-94.4077
0.0002,4,38,-92.3536
0.0002,4,39,-90.8569
0.0002,4,40,-91.4073
0.0002,4,41,-87.9355
0.0002,4,42,-86.8475
0.0002,4,43,-87.41
0.0002,4,44,-85.3401
0.0002,4,45,-84.106
0.0002,4,46,-85.4941
0.0002,4,47,-81.678
0.0002,4,48,-81.4566
0.0002,4,49,-82.1318
0.0002,4,50,-80.3021
0.0002,4,51,-78.4572
0.0002,4,52,-76.7404
0.0002,4,53,-75.9848
0.0002,4,54,-76.6378
0.0002,4,55,-74.6763
0.0002,4,56,-75.0159
0.0002,4,57,-74.3722
0.0002,4,58,-73.9873
0.0002,4,59,-71.3832
0.0002,4,60,-71.6671
0.0002,4,61,-70.317
0.0002,4,62,-71.2109
0.0002,4,63,-69.9505
0.0002,4,64,-69.19
0.0002,4,65,-69.3671
0.0002,4,66,-67.5027
0.0002,4,67,-67.6067
0.0002,4,68,-67.7351
0.0002,4,69,-67.4281
0.0002,4,70,-65.3767
0.0002,4,71,-66.3609
0.0002,4,72,-67.054
0.0002,4,73,-64.185
0.0002,4,74,-65.3695
0.0002,4,75,-63.2628
0.0002,4,76,-63.5641
0.0002,4,77,-62.8266
0.0002,4,78,-62.6225
0.0002,4,79,-61.9624
0.0002,4,80,-62.7286
0.0002,4,81,-59.2281
0.0002,4,82,-61.142
0.0002,4,83,-59.8221
0.0002,4,84,-59.9327
0.0002,4,85,-58.8466
0.0002,4,86,-59.5367
0.0002,4,87,-58.4243
0.0002,4,88,-58.8686
0.0002,4,89,-58.2843
0.0002,4,90,-57.2148
0.0002,4,91,-56.705
0.0002,4,92,-56.0277
0.0002,4,93,-57.0563
0.0002,4,94,-57.6519
0.0002,4,95,-56.2653
0.0002,4,96,-56.0953
0.0002,4,97,-56.4819
0.0002,4,98,-54.7554
0.0002,4,99,-56.0121
0.0002,4,100,-55.5514
0.0002,4,101,-55.524
0.0002,4,102,-55.1081
0.0002,4,103,-54.6041
0.0002,4,104,-53.6381
0.0002,4,105,-55.3838
0.0002,4,106,-53.3732
0.0002,4,107,-55.0907
0.0002,4,108,-53.0259
0.0002,4,109,-54.9582
0.0002,4,110,-53.6674
0.0002,4,111,-54.2449
0.0002,4,112,-53.3287
0.0002,4,113,-53.3626
0.0002,4,114,-52.7979
0.0002,4,115,-52.2557
0.0002,4,116,-52.6233
0.0002,4,117,-53.4697
0.0002,4,118,-51.9395
0.0002,4,119,-51.6616
0.0002,4,120,-52.704
0.0002,4,121,-52.3455
0.0002,4,122,-52.3975
0.0002,4,123,-52.3851
0.0002,4,124,-50.5857
0.0002,4,125,-52.0811
0.0002,4,126,-51.7902
0.0002,4,127,-51.5308
0.0002,4,128,-51.935
0.0002,4,129,-51.9979
0.0002,4,130,-51.8237
0.0002,4,131,-51.9583
0.0002,4,132,-51.9412
0.0002,4,133,-50.3991
0.0002,4,134,-51.076
0.0002,4,135,-51.6008
0.0002,4,136,-50.04
0.0002,4,137,-50.4432
0.0002,4,138,-49.779
0.0002,4,139,-49.0233
0.0002,4,140,-50.5107
0.0002,4,141,-50.0498
0.0002,4,142,-50.1268
0.0002,4,143,-50.8821
0.0002,4,144,-49.3964
0.0002,4,145,-49.4258
0.0002,4,146,-50.0207
0.0002,4,147,-49.0059
0.0002,4,148,-50.7716
0.0002,4,149,-50.0116
0.0002,4,150,-51.1355
0.0002,4,151,-49.0776
0.0002,4,152,-49.9242
0.0002,4,153,-48.4344
0.0002,4,154,-49.1764
0.0002,4,155,-50.7294
0.0002,4,156,-49.5415
0.0002,4,157,-48.702
0.0002,4,158,-48.4166
0.0002,4,159,-49.9497
0.0002,4,160,-51.2176
0.0002,4,161,-49.0755
0.0002,4,162,-48.4078
0.0002,4,163,-47.9307
0.0002,4,164,-50.0356
0.0002,4,165,-49.0036
0.0002,4,166,-47.56
0.0002,4,167,-49.5145
0.0002,4,168,-48.2207
0.0002,4,169,-48.5721
0.0002,4,170,-49.6431
0.0002,4,171,-49.6266
0.0002,4,172,-49.0708
0.0002,4,173,-47.9138
0.0002,4,174,-49.0317
0.0002,4,175,-48.9349
0.0002,4,176,-50.2862
0.0002,4,177,-49.6106
0.0002,4,178,-48.9134
0.0002,4,179,-48.8849
0.0002,4,180,-47.5446
0.0002,4,181,-48.3669
0.0002,4,182,-48.5327
0.0002,4,183,-49.6755
0.0002,4,184,-48.6992
0.0002,4,185,-49.1266
0.0002,4,186,-50.6572
0.0002,4,187,-48.282
0.0002,4,188,-47.9369
0.0002,4,189,-48.2946
0.0002,4,190,-48.9693
0.0002,4,191,-48.8167
0.0002,4,192,-48.2702
0.0002,4,193,-48.4882
0.0002,4,194,-49.1354
0.0002,4,195,-49.0348
0.0002,4,196,-48.6355
0.0002,4,197,-49.5249
0.0002,4,198,-48.022
0.0002,4,199,-48.2496
0.0002,4,200,-48.62
0.0002,4,201,-48.9482
0.0002,4,202,-47.7293
0.0002,4,203,-48.3323
0.0002,4,204,-48.9378
0.0002,4,205,-48.3853
0.0002,4,206,-48.3853
0.0002,4,207,-48.5497
0.0002,4,208,-48.1916
0.0002,4,209,-48.2735
0.0002,4,210,-48.532
0.0002,4,211,-48.3596
0.0002,4,212,-48.4552
0.0002,4,213,-48.0005
0.0002,4,214,-48.2867
0.0002,4,215,-47.7851
0.0002,4,216,-48.7727
0.0002,4,217,-50.3254
0.0002,4,218,-47.8366
0.0002,4,219,-48.1284
0.0002,4,220,-48.0841
0.0002,4,221,-47.5576
0.0002,4,222,-47.7696
0.0002,4,223,-48.9485
0.0002,4,224,-49.2019
0.0002,4,225,-48.0722
0.0002,4,226,-48.3085
0.0002,4,227,-46.8747
0.0002,4,228,-48.5958
0.0002,4,229,-47.6896
0.0002,4,230,-47.9776
0.0002,4,231,-47.6666
0.0002,4,232,-47.8126
0.0002,4,233,-48.794
0.0002,4,234,-48.3939
0.0002,4,235,-47.7045
0.0002,4,236,-48.7335
0.0002,4,237,-49.1114
0.0002,4,238,-48.1717
0.0002,4,239,-48.481
0.0002,4,240,-47.5938
0.0002,4,241,-48.3302
0.0002,4,242,-46.4254
0.0002,4,243,-47.79
0.0002,4,244,-46.924
0.0002,4,245,-47.3295
0.0002,4,246,-48.6074
0.0002,4,247,-47.4332
0.0002,4,248,-48.0841
0.0002,4,249,-46.9981
0.0002,4,250,-47.9601
0.0002,4,251,-46.4569
0.0002,4,252,-47.4969
0.0002,4,253,-48.331
0.0002,4,254,-47.3932
0.0002,4,255,-47.1813
0.0002,4,256,-48.3116
0.0002,4,257,-48.0508
0.0002,4,258,-48.3993
0.0002,4,259,-47.6022
0.0002,4,260,-47.6879
0.0002,4,261,-48.1161
0.0002,4,262,-48.5496
0.0002,4,263,-48.3072
0.0002,4,264,-48.4341
0.0002,4,265,-48.4723
0.0002,4,266,-48.042
0.0002,4,267,-48.5064
0.0002,4,268,-48.2365
0.0002,4,269,-47.5704
0.0002,4,270,-48.4598
0.0002,4,271,-47.6042
0.0002,4,272,-48.7716
0.0002,4,273,-48.6147
0.0002,4,274,-48.9551
0.0002,4,275,-48.5391
0.0002,4,276,-47.7486
0.0002,4,277,-47.2886
0.0002,4,278,-48.4145
0.0002,4,279,-47.4346
0.0002,4,280,-47.6803
0.0002,4,281,-48.548
0.0002,4,282,-48.6796
0.0002,4,283,-48.1224
0.0002,4,284,-48.1803
0.0002,4,285,-48.2922
0.0002,4,286,-47.7225
0.0002,4,287,-46.9624
0.0002,4,288,-47.5433
0.0002,4,289,-48.1004
0.0002,4,290,-47.8149
0.0002,4,291,-47.745
0.0002,4,292,-47.9439
0.0002,4,293,-47.9523
0.0002,4,294,-48.237
0.0002,4,295,-48.4732
0.0002,4,296,-47.0821
0.0002,4,297,-47.92
0.0002,4,298,-48.6443
0.0002,4,299,-48.3421
0.0002,4,300,-48.3167
0.0002,4,301,-48.1562
0.0002,4,302,-47.4369
0.0002,4,303,-48.0004
0.0002,4,304,-47.7676
0.0002,4,305,-48.642
0.0002,4,306,-48.4402
0.0002,4,307,-46.6978
0.0002,4,308,-47.486
0.0002,4,309,-49.3187
0.0002,4,310,-48.292
0.0002,4,311,-48.2103
0.0002,4,312,-47.4167
0.0002,4,313,-48.7185
0.0002,4,314,-47.0511
0.0002,4,315,-48.7831
0.0002,4,316,-48.537
0.0002,4,317,-47.5383
0.0002,4,318,-48.782
0.0002,4,319,-47.527
0.0002,4,320,-48.5989
0.0002,4,321,-47.8711
0.0002,4,322,-47.2137
0.0002,4,323,-48.4959
0.0002,4,324,-48.2055
0.0002,4,325,-48.8326
0.0002,4,326,-47.7289
0.0002,4,327,-49.3031
0.0002,4,328,-48.2048
0.0002,4,329,-47.9363
0.0002,4,330,-47.5795
0.0002,4,331,-47.8567
0.0002,4,332,-48.2928
0.0002,4,333,-47.9039
0.0002,4,334,-47.3402
0.0002,4,335,-47.8781
0.0002,4,336,-47.8814
0.0002,4,337,-47.9295
0.0002,4,338,-48.1392
0.0002,4,339,-47.6822
0.0002,4,340,-49.1758
0.0002,4,341,-48.0872
0.0002,4,342,-48.7764
0.0002,4,343,-47.1942
0.0002,4,344,-48.6988
0.0002,4,345,-47.9502
0.0002,4,346,-48.2917
0.0002,4,347,-47.9377
0.0002,4,348,-48.1239
0.0002,4,349,-48.4714
0.0002,4,350,-48.5181
0.0002,4,351,-47.5765
0.0002,4,352,-48.0593
0.0002,4,353,-47.5136
0.0002,4,354,-47.3879
0.0002,4,355,-47.662
0.0002,4,356,-48.0864
0.0002,4,357,-47.519
0.0002,4,358,-48.219
0.0002,4,359,-47.6346
0.0002,4,360,-48.824
0.0002,4,361,-47.8858
0.0002,4,362,-47.7929
0.0002,4,363,-48.067
0.0002,4,364,-47.7572
0.0002,4,365,-47.7635
0.0002,4,366,-47.5176
0.0002,4,367,-48.3661
0.0002,4,368,-47.5457
0.0002,4,369,-48.2615
0.0002,4,370,-47.7657
0.0002,4,371,-47.4441
0.0002,4,372,-47.8087
0.0002,4,373,-48.2083
0.0002,4,374,-48.3988
0.0002,4,375,-48.789
0.0002,4,376,-47.6601
0.0002,4,377,-48.2773
0.0002,4,378,-47.7491
0.0002,4,379,-47.6774
0.0002,4,380,-48.3075
0.0002,4,381,-47.9364
0.0002,4,382,-48.3017
0.0002,4,383,-48.2937
0.0002,4,384,-48.4493
0.0002,4,385,-47.9778
0.0002,4,386,-47.8068
0.0002,4,387,-47.8624
0.0002,4,388,-47.6298
0.0002,4,389,-48.0847
0.0002,4,390,-47.6095
0.0002,4,391,-48.5107
0.0002,4,392,-48.1222
0.0002,4,393,-48.0938
0.0002,4,394,-47.0894
0.0002,4,395,-48.7878
0.0002,4,396,-47.3196
0.0002,4,397,-48.1199
0.0002,4,398,-47.8854
0.0002,4,399,-47.3534
0.0002,4,400,-47.4662
0.0002,4,401,-48.2416
0.0002,4,402,-48.2611
0.0002,4,403,-48.1649
0.0002,4,404,-47.7352
0.0002,4,405,-48.6331
0.0002,4,406,-47.845
0.0002,4,407,-48.0061
0.0002,4,408,-47.7605
0.0002,4,409,-48.8707
0.0002,4,410,-47.4575
0.0002,4,411,-48.1901
0.0002,4,412,-47.8769
0.0002,4,413,-47.6874
0.0002,4,414,-47.8926
0.0002,4,415,-48.6944
0.0002,4,416,-48.0507
0.0002,4,417,-48.1057
0.0002,4,418,-48.0653
0.0002,4,419,-47.6505
0.0002,4,420,-47.72
0.0002,4,421,-47.6563
0.0002,4,422,-48.8118
0.0002,4,423,-48.0671
0.0002,4,424,-48.1039
0.0002,4,425,-48.0742
0.0002,4,426,-48.0276
0.0002,4,427,-48.7847
0.0002,4,428,-47.5022
0.0002,4,429,-48.4487
0.0002,4,430,-47.7857
0.0002,4,431,-47.771
0.0002,4,432,-47.5337
0.0002,4,433,-48.5903
0.0002,4,434,-48.1928
0.0002,4,435,-48.3534
0.0002,4,436,-47.612
0.0002,4,437,-48.7819
0.0002,4,438,-47.3051
0.0002,4,439,-48.0115
0.0002,4,440,-47.6217
0.0002,4,441,-48.2558
0.0002,4,442,-47.5957
0.0002,4,443,-48.0306
0.0002,4,444,-47.6038
0.0002,4,445,-48.0282
0.0002,4,446,-47.787
0.0002,4,447,-48.0524
0.0002,4,448,-47.8042
0.0002,4,449,-48.1961
0.0002,4,450,-47.8735
0.0002,4,451,-47.8589
0.0002,4,452,-48.3505
0.0002,4,453,-48.2526
0.0002,4,454,-47.6408
0.0002,4,455,-48.3797
0.0002,4,456,-48.3568
0.0002,4,457,-48.0287
0.0002,4,458,-48.4661
0.0002,4,459,-47.8852
0.0002,4,460,-47.931
0.0002,4,461,-48.2802
0.0002,4,462,-48.1451
0.0002,4,463,-47.679
0.0002,4,464,-48.0584
0.0002,4,465,-48.1882
0.0002,4,466,-48.3033
0.0002,4,467,-47.656
0.0002,4,468,-47.4811
0.0002,4,469,-48.1879
0.0002,4,470,-48.0096
0.0002,4,471,-48.2378
0.0002,4,472,-47.884
0.0002,4,473,-47.9843
0.0002,4,474,-48.9118
0.0002,4,475,-47.8907
0.0002,4,476,-47.4567
0.0002,4,477,-47.9212
0.0002,4,478,-48.4895
0.0002,4,479,-47.5029
0.0002,4,480,-48.181
0.0002,4,481,-47.8154
0.0002,4,482,-48.2538
0.0002,4,483,-47.981
0.0002,4,484,-47.4651
0.0002,4,485,-47.5439
0.0002,4,486,-48.3033
0.0002,4,487,-48.46
0.0002,4,488,-48.1513
0.0002,4,489,-48.4319
0.0002,4,490,-48.4735
0.0002,4,491,-48.2017
0.0002,4,492,-48.0065
0.0002,4,493,-47.8069
0.0002,4,494,-47.8428
0.0002,4,495,-48.0824
0.0002,4,496,-48.0947
0.0002,4,497,-47.5755
0.0002,4,498,-47.45
0.0002,4,499,-47.3001
0.0002,4,500,-47.4062
0.0005,0,1,-170.1704
0.0005,0,2,-171.2801
0.0005,0,3,-175.4455
0.0005,0,4,-159.5879
0.0005,0,5,-159.4371
0.0005,0,6,-163.9663
0.0005,0,7,-159.9458
0.0005,0,8,-150.3669
0.0005,0,9,-142.451
0.0005,0,10,-143.4692
0.0005,0,11,-145.8351
0.0005,0,12,-140.2282
0.0005,0,13,-133.4718
0.0005,0,14,-138.9989
0.0005,0,15,-136.4201
0.0005,0,16,-134.28
0.0005,0,17,-129.6469
0.0005,0,18,-130.0572
0.0005,0,19,-125.1539
0.0005,0,20,-121.1137
0.0005,0,21,-115.4052
0.0005,0,22,-116.5777
0.0005,0,23,-120.2767
0.0005,0,24,-114.0104
0.0005,0,25,-122.1237
0.0005,0,26,-113.3999
0.0005,0,27,-116.9464
0.0005,0,28,-112.5053
0.0005,0,29,-110.1061
0.0005,0,30,-108.8024
0.0005,0,31,-116.6629
0.0005,0,32,-105.0207
0.0005,0,33,-106.3508
0.0005,0,34,-105.5337
0.0005,0,35,-110.0105
0.0005,0,36,-102.5071
0.0005,0,37,-99.8989
0.0005,0,38,-97.1136
0.0005,0,39,-100.991
0.0005,0,40,-100.8509
0.0005,0,41,-96.8601
0.0005,0,42,-94.9586
0.0005,0,43,-99.7279
0.0005,0,44,-92.4913
0.0005,0,45,-93.3128
0.0005,0,46,-103.4096
0.0005,0,47,-101.4521
0.0005,0,48,-86.5539
0.0005,0,49,-92.4843
0.0005,0,50,-86.6025
0.0005,0,51,-89.7887
0.0005,0,52,-92.9042
0.0005,0,53,-92.023
0.0005,0,54,-80.5993
0.0005,0,55,-90.5574
0.0005,0,56,-87.1662
0.0005,0,57,-89.6213
0.0005,0,58,-92.573
0.0005,0,59,-92.7344
0.0005,0,60,-85.8797
0.0005,0,61,-79.1529
0.0005,0,62,-85.9948
0.0005,0,63,-87.3342
0.0005,0,64,-83.7
0.0005,0,65,-79.0351
0.0005,0,66,-77.9469
0.0005,0,67,-79.3386
0.0005,0,68,-85.1604
0.0005,0,69,-81.4878
0.0005,0,70,-83.3009
0.0005,0,71,-75.6393
0.0005,0,72,-77.942
0.0005,0,73,-90.3255
0.0005,0,74,-74.6027
0.0005,0,75,-77.8263
0.0005,0,76,-86.488
0.0005,0,77,-85.5137
0.0005,0,78,-86.3357
0.0005,0,79,-79.9832
0.0005,0,80,-76.0071
0.0005,0,81,-78.1666
0.0005,0,82,-81.2097
0.0005,0,83,-81.3621
0.0005,0,84,-84.7393
0.0005,0,85,-79.4581
0.0005,0,86,-83.0976
0.0005,0,87,-74.8875
0.0005,0,88,-82.5397
0.0005,0,89,-76.0601
0.0005,0,90,-78.2652
0.0005,0,91,-85.6007
0.0005,0,92,-85.8649
0.0005,0,93,-77.1678
0.0005,0,94,-86.3554
0.0005,0,95,-74.3108
0.0005,0,96,-80.4877
0.0005,0,97,-79.8658
0.0005,0,98,-84.4674
0.0005,0,99,-81.9657
0.0005,0,100,-80.3275
0.0005,0,101,-85.0215
0.0005,0,102,-80.3587
0.0005,0,103,-78.571
0.0005,0,104,-82.8313
0.0005,0,105,-78.1671
0.0005,0,106,-75.6034
0.0005,0,107,-79.4532
0.0005,0,108,-84.2046
0.0005,0,109,-78.789
0.0005,0,110,-75.7385
0.0005,0,111,-77.1082
0.0005,0,112,-86.7397
0.0005,0,113,-77.3166
0.0005,0,114,-80.0012
0.0005,0,115,-71.7728
0.0005,0,116,-81.5236
0.0005,0,117,-81.2437
0.0005,0,118,-80.0717
0.0005,0,119,-82.4481
0.0005,0,120,-85.0776
0.0005,0,121,-77.4131
0.0005,0,122,-82.2334
0.0005,0,123,-73.9376
0.0005,0,124,-80.4807
0.0005,0,125,-74.4502
0.0005,0,126,-72.0702
0.0005,0,127,-75.636
0.0005,0,128,-82.6743
0.0005,0,129,-73.6908
0.0005,0,130,-82.8462
0.0005,0,131,-80.9426
0.0005,0,132,-79.7011
0.0005,0,133,-77.6503
0.0005,0,134,-75.5679
0.0005,0,135,-76.7019
0.0005,0,136,-81.2999
0.0005,0,137,-82.1021
0.0005,0,138,-77.7702
0.0005,0,139,-84.1245
0.0005,0,140,-85.6654
0.0005,0,141,-78.9679
0.0005,0,142,-78.3035
0.0005,0,143,-78.46
0.0005,0,144,-69.6098
0.0005,0,145,-73.1273
0.0005,0,146,-82.5593
0.0005,0,147,-81.0725
0.0005,0,148,-84.9731
0.0005,0,149,-74.719
0.0005,0,150,-79.3333
0.0005,0,151,-76.135
0.0005,0,152,-76.1081
0.0005,0,153,-72.6739
0.0005,0,154,-74.9133
0.0005,0,155,-75.8415
0.0005,0,156,-74.0208
0.0005,0,157,-79.2851
0.0005,0,158,-81.4754
0.0005,0,159,-76.4437
0.0005,0,160,-78.2748
0.0005,0,161,-84.9319
0.0005,0,162,-82.7741
0.0005,0,163,-75.9576
0.0005,0,164,-78.3089
0.0005,0,165,-75.2552
0.0005,0,166,-81.1908
0.0005,0,167,-78.2387
0.0005,0,168,-82.5534
0.0005,0,169,-78.8523
0.0005,0,170,-81.2423
0.0005,0,171,-80.5935
0.0005,0,172,-76.1154
0.0005,0,173,-82.8001
0.0005,0,174,-81.4216
0.0005,0,175,-73.5627
0.0005,0,176,-78.2542
0.0005,0,177,-80.654
0.0005,0,178,-78.0063
0.0005,0,179,-73.3918
0.0005,0,180,-81.8541
0.0005,0,181,-77.8633
0.0005,0,182,-78.2134
0.0005,0,183,-76.3134
0.0005,0,184,-78.4477
0.0005,0,185,-75.4822
0.0005,0,186,-80.656
0.0005,0,187,-77.1815
0.0005,0,188,-77.035
0.0005,0,189,-73.3808
0.0005,0,190,-76.0379
0.0005,0,191,-73.6346
0.0005,0,192,-73.4037
0.0005,0,193,-77.3237
0.0005,0,194,-80.0509
0.0005,0,195,-76.3965
0.0005,0,196,-75.1007
0.0005,0,197,-75.6923
0.0005,0,198,-79.2438
0.0005,0,199,-80.2709
0.0005,0,200,-75.3989
0.0005,0,201,-78.8956
0.0005,0,202,-75.2412
0.0005,0,203,-77.8905
0.0005,0,204,-79.1159
0.0005,0,205,-80.4399
0.0005,0,206,-81.0223
0.0005,0,207,-76.0503
0.0005,0,208,-76.9002
0.0005,0,209,-76.7382
0.0005,0,210,-80.4151
0.0005,0,211,-79.497
0.0005,0,212,-82.1092
0.0005,0,213,-76.0485
0.0005,0,214,-72.3305
0.0005,0,215,-75.5388
0.0005,0,216,-79.7906
0.0005,0,217,-79.6896
0.0005,0,218,-77.9814
0.0005,0,219,-80.0595
0.0005,0,220,-79.8466
0.0005,0,221,-79.7804
0.0005,0,222,-77.0879
0.0005,0,223,-75.9194
0.0005,0,224,-76.1721
0.0005,0,225,-78.6038
0.0005,0,226,-81.8457
0.0005,0,227,-78.6101
0.0005,0,228,-82.2487
0.0005,0,229,-81.4033
0.0005,0,230,-76.7546
0.0005,0,231,-78.8455
0.0005,0,232,-74.9651
0.0005,0,233,-84.4574
0.0005,0,234,-78.8416
0.0005,0,235,-78.7292
0.0005,0,236,-77.2063
0.0005,0,237,-77.2916
0.0005,0,238,-77.4825
0.0005,0,239,-80.088
0.0005,0,240,-74.4266
0.0005,0,241,-73.7611
0.0005,0,242,-76.5936
0.0005,0,243,-80.1162
0.0005,0,244,-74.647
0.0005,0,245,-76.4989
0.0005,0,246,-77.2936
0.0005,0,247,-80.5363
0.0005,0,248,-76.906
0.0005,0,249,-77.1805
0.0005,0,250,-78.6114
0.0005,0,251,-77.5421
0.0005,0,252,-85.5165
0.0005,0,253,-78.3303
0.0005,0,254,-75.6186
0.0005,0,255,-76.1261
0.0005,0,256,-74.5966
0.0005,0,257,-79.8704
0.0005,0,258,-80.0513
0.0005,0,259,-72.8671
0.0005,0,260,-74.6469
0.0005,0,261,-75.2085
0.0005,0,262,-74.8393
0.0005,0,263,-74.5008
0.0005,0,264,-77.2497
0.0005,0,265,-77.4231
0.0005,0,266,-79.5677
0.0005,0,267,-78.2746
0.0005,0,268,-78.7551
0.0005,0,269,-71.6194
0.0005,0,270,-76.3817
0.0005,0,271,-70.8829
0.0005,0,272,-78.1316
0.0005,0,273,-78.1275
0.0005,0,274,-77.0701
0.0005,0,275,-76.0668
0.0005,0,276,-75.614
0.0005,0,277,-76.3953
0.0005,0,278,-77.3372
0.0005,0,279,-76.7503
0.0005,0,280,-73.8126
0.0005,0,281,-79.9745
0.0005,0,282,-78.1211
0.0005,0,283,-75.6856
0.0005,0,284,-78.8806
0.0005,0,285,-74.7742
0.0005,0,286,-78.5519
0.0005,0,287,-79.2976
0.0005,0,288,-81.3931
0.0005,0,289,-78.6905
0.0005,0,290,-74.4392
0.0005,0,291,-76.7292
0.0005,0,292,-77.9191
0.0005,0,293,-79.6294
0.0005,0,294,-75.8298
0.0005,0,295,-81.0839
0.0005,0,296,-76.5031
0.0005,0,297,-72.5832
0.0005,0,298,-78.5497
0.0005,0,299,-84.5646
0.0005,0,300,-77.5132
0.0005,0,301,-75.6488
0.0005,0,302,-75.4414
0.0005,0,303,-78.4537
0.0005,0,304,-76.0213
0.0005,0,305,-78.0667
0.0005,0,306,-80.144
0.0005,0,307,-78.7898
0.0005,0,308,-77.5658
0.0005,0,309,-78.1861
0.0005,0,310,-76.8848
0.0005,0,311,-75.5825
0.0005,0,312,-78.0625
0.0005,0,313,-76.5828
0.0005,0,314,-77.3151
0.0005,0,315,-76.5641
0.0005,0,316,-78.1939
0.0005,0,317,-79.7939
0.0005,0,318,-76.7327
0.0005,0,319,-77.679
0.0005,0,320,-81.4228
0.0005,0,321,-78.0751
0.0005,0,322,-77.4611
0.0005,0,323,-81.6748
0.0005,0,324,-78.5062
0.0005,0,325,-78.5957
0.0005,0,326,-77.2744
0.0005,0,327,-79.3923
0.0005,0,328,-78.3863
0.0005,0,329,-77.9668
0.0005,0,330,-77.6464
0.0005,0,331,-78.1343
0.0005,0,332,-78.5231
0.0005,0,333,-79.1553
0.0005,0,334,-79.6401
0.0005,0,335,-77.2685
0.0005,0,336,-79.2534
0.0005,0,337,-76.4309
0.0005,0,338,-80.9725
0.0005,0,339,-76.497
0.0005,0,340,-75.5803
0.0005,0,341,-77.8961
0.0005,0,342,-80.1209
0.0005,0,343,-77.7144
0.0005,0,344,-78.1697
0.0005,0,345,-78.1747
0.0005,0,346,-80.5016
0.0005,0,347,-79.008
0.0005,0,348,-79.7564
0.0005,0,349,-78.1492
0.0005,0,350,-77.6892
0.0005,0,351,-79.5266
0.0005,0,352,-77.1546
0.0005,0,353,-74.9288
0.0005,0,354,-76.6702
0.0005,0,355,-75.1186
0.0005,0,356,-77.8588
0.0005,0,357,-78.9735
0.0005,0,358,-76.5796
0.0005,0,359,-77.5827
0.0005,0,360,-77.8823
0.0005,0,361,-75.6671
0.0005,0,362,-78.7973
0.0005,0,363,-74.4273
0.0005,0,364,-76.3221
0.0005,0,365,-76.7686
0.0005,0,366,-76.3507
0.0005,0,367,-76.7778
0.0005,0,368,-79.4462
0.0005,0,369,-78.2493
0.0005,0,370,-76.1063
0.0005,0,371,-73.7365
0.0005,0,372,-78.1619
0.0005,0,373,-79.4001
0.0005,0,374,-79.7583
0.0005,0,375,-75.6908
0.0005,0,376,-78.8944
0.0005,0,377,-80.8598
0.0005,0,378,-80.1976
0.0005,0,379,-77.6631
0.0005,0,380,-78.6643
0.0005,0,381,-80.347
0.0005,0,382,-77.0938
0.0005,0,383,-75.1689
0.0005,0,384,-76.9808
0.0005,0,385,-77.9003
0.0005,0,386,-75.4476
0.0005,0,387,-75.0167
0.0005,0,388,-77.0965
0.0005,0,389,-78.649
0.0005,0,390,-77.9101
0.0005,0,391,-79.3549
0.0005,0,392,-79.9672
0.0005,0,393,-77.6572
0.0005,0,394,-80.6271
0.0005,0,395,-79.582
0.0005,0,396,-75.369
0.0005,0,397,-81.3001
0.0005,0,398,-76.7246
0.0005,0,399,-82.1859
0.0005,0,400,-78.5242
0.0005,0,401,-77.911
0.0005,0,402,-77.0342
0.0005,0,403,-77.8957
0.0005,0,404,-78.676
0.0005,0,405,-79.0267
0.0005,0,406,-78.6438
0.0005,0,407,-77.6612
0.0005,0,408,-81.1312
0.0005,0,409,-79.8445
0.0005,0,410,-76.8402
0.0005,0,411,-79.2338
0.0005,0,412,-76.2793
0.0005,0,413,-75.9965
0.0005,0,414,-80.9686
0.0005,0,415,-78.9832
0.0005,0,416,-78.9789
0.0005,0,417,-78.4304
0.0005,0,418,-79.6128
0.0005,0,419,-77.6156
0.0005,0,420,-77.2898
0.0005,0,421,-77.5802
0.0005,0,422,-76.6103
0.0005,0,423,-76.9576
0.0005,0,424,-76.1976
0.0005,0,425,-79.9259
0.0005,0,426,-76.5487
0.0005,0,427,-78.0866
0.0005,0,428,-76.1949
0.0005,0,429,-75.201
0.0005,0,430,-77.0959
0.0005,0,431,-78.1672
0.0005,0,432,-78.9563
0.0005,0,433,-80.3041
0.0005,0,434,-79.3768
0.0005,0,435,-79.5522
0.0005,0,436,-78.2512
0.0005,0,437,-76.8908
0.0005,0,438,-76.5075
0.0005,0,439,-76.9311
0.0005,0,440,-79.592
0.0005,0,441,-78.0182
0.0005,0,442,-75.2388
0.0005,0,443,-76.4882
0.0005,0,444,-75.3181
0.0005,0,445,-76.0401
0.0005,0,446,-78.3968
0.0005,0,447,-77.6567
0.0005,0,448,-78.0364
0.0005,0,449,-76.9845
0.0005,0,450,-77.1974
0.0005,0,451,-74.907
0.0005,0,452,-75.7979
0.0005,0,453,-80.7367
0.0005,0,454,-80.8372
0.0005,0,455,-76.0658
0.0005,0,456,-77.7345
0.0005,0,457,-80.8004
0.0005,0,458,-75.8406
0.0005,0,459,-78.2911
0.0005,0,460,-78.1131
0.0005,0,461,-76.5502
0.0005,0,462,-80.5987
0.0005,0,463,-79.0848
0.0005,0,464,-76.8499
0.0005,0,465,-78.0664
0.0005,0,466,-77.1961
0.0005,0,467,-78.1814
0.0005,0,468,-77.4766
0.0005,0,469,-78.7944
0.0005,0,470,-78.3869
0.0005,0,471,-78.9794
0.0005,0,472,-77.5496
0.0005,0,473,-79.5919
0.0005,0,474,-76.2903
0.0005,0,475,-78.9445
0.0005,0,476,-77.711
0.0005,0,477,-77.8921
0.0005,0,478,-77.1034
0.0005,0,479,-76.9244
0.0005,0,480,-75.7654
0.0005,0,481,-78.8427
0.0005,0,482,-80.8282
0.0005,0,483,-77.7426
0.0005,0,484,-76.3694
0.0005,0,485,-78.7256
0.0005,0,486,-77.1592
0.0005,0,487,-77.5777
0.0005,0,488,-80.9874
0.0005,0,489,-79.8787
0.0005,0,490,-80.4855
0.0005,0,491,-75.9152
0.0005,0,492,-79.2119
0.0005,0,493,-76.3797
0.0005,0,494,-77.2155
0.0005,0,495,-79.3913
0.0005,0,496,-79.5887
0.0005,0,497,-78.4615
0.0005,0,498,-79.0082
0.0005,0,499,-80.5682
0.0005,0,500,-78.2146
0.0005,1,1,-161.7919
0.0005,1,2,-175.5304
0.0005,1,3,-163.7341
0.0005,1,4,-165.6679
0.0005,1,5,-163.504
0.0005,1,6,-155.5665
0.0005,1,7,-152.5827
0.0005,1,8,-149.2629
0.0005,1,9,-150.1671
0.0005,1,10,-149.5609
0.0005,1,11,-145.9262
0.0005,1,12,-143.2635
0.0005,1,13,-129.98
0.0005,1,14,-139.3719
0.0005,1,15,-136.2136
0.0005,1,16,-129.7818
0.0005,1,17,-130.0686
0.0005,1,18,-138.8203
0.0005,1,19,-123.0854
0.0005,1,20,-129.2831
0.0005,1,21,-112.0328
0.0005,1,22,-120.9899
0.0005,1,23,-107.8291
0.0005,1,24,-113.2881
0.0005,1,25,-117.5603
0.0005,1,26,-105.286
0.0005,1,27,-102.5122
0.0005,1,28,-114.8241
0.0005,1,29,-113.6393
0.0005,1,30,-110.4694
0.0005,1,31,-104.5865
0.0005,1,32,-104.2131
0.0005,1,33,-110.3712
0.0005,1,34,-106.7413
0.0005,1,35,-101.1278
0.0005,1,36,-106.5781
0.0005,1,37,-110.9617
0.0005,1,38,-106.2104
0.0005,1,39,-102.3363
0.0005,1,40,-104.5159
0.0005,1,41,-103.0549
0.0005,1,42,-104.3938
0.0005,1,43,-90.4151
0.0005,1,44,-90.6567
0.0005,1,45,-95.7647
0.0005,1,46,-97.4009
0.0005,1,47,-94.804
0.0005,1,48,-91.2791
0.0005,1,49,-87.7347
0.0005,1,50,-102.0659
0.0005,1,51,-85.8474
0.0005,1,52,-96.6157
0.0005,1,53,-91.7762
0.0005,1,54,-95.0762
0.0005,1,55,-80.2051
0.0005,1,56,-88.6206
0.0005,1,57,-92.4015
0.0005,1,58,-81.2852
0.0005,1,59,-86.2776
0.0005,1,60,-93.6463
0.0005,1,61,-87.3208
0.0005,1,62,-90.1494
0.0005,1,63,-90.4178
0.0005,1,64,-86.4585
0.0005,1,65,-90.9386
0.0005,1,66,-82.6141
0.0005,1,67,-84.8997
0.0005,1,68,-83.5853
0.0005,1,69,-83.6398
0.0005,1,70,-83.2877
0.0005,1,71,-82.3355
0.0005,1,72,-86.8892
0.0005,1,73,-87.6361
0.0005,1,74,-89.9389
0.0005,1,75,-87.9294
0.0005,1,76,-81.6607
0.0005,1,77,-81.4068
0.0005,1,78,-79.0775
0.0005,1,79,-86.6491
0.0005,1,80,-84.0871
0.0005,1,81,-72.1525
0.0005,1,82,-81.7027
0.0005,1,83,-85.2944
0.0005,1,84,-86.1564
0.0005,1,85,-85.5439
0.0005,1,86,-85.6272
0.0005,1,87,-78.4016
0.0005,1,88,-75.4357
0.0005,1,89,-83.6637
0.0005,1,90,-66.0718
0.0005,1,91,-84.1186
0.0005,1,92,-82.7275
0.0005,1,93,-81.478
0.0005,1,94,-87.5226
0.0005,1,95,-79.0107
0.0005,1,96,-75.4757
0.0005,1,97,-79.8076
0.0005,1,98,-84.4004
0.0005,1,99,-72.7254
0.0005,1,100,-82.5961
0.0005,1,101,-69.4814
0.0005,1,102,-78.9984
0.0005,1,103,-83.1866
0.0005,1,104,-76.3239
0.0005,1,105,-81.9677
0.0005,1,106,-83.3596
0.0005,1,107,-86.8542
0.0005,1,108,-85.1821
0.0005,1,109,-76.8012
0.0005,1,110,-84.4334
0.0005,1,111,-83.6504
0.0005,1,112,-74.9597
0.0005,1,113,-82.8258
0.0005,1,114,-79.2479
0.0005,1,115,-74.1573
0.0005,1,116,-83.3529
0.0005,1,117,-77.1282
0.0005,1,118,-81.7759
0.0005,1,119,-73.5602
0.0005,1,120,-73.8887
0.0005,1,121,-82.9671
0.0005,1,122,-79.3126
0.0005,1,123,-83.6492
0.0005,1,124,-79.6005
0.0005,1,125,-82.7683
0.0005,1,126,-86.8666
0.0005,1,127,-73.9885
0.0005,1,128,-76.3621
0.0005,1,129,-79.578
0.0005,1,130,-75.0847
0.0005,1,131,-75.2825
0.0005,1,132,-74.034
0.0005,1,133,-66.323
0.0005,1,134,-79.4702
0.0005,1,135,-66.5356
0.0005,1,136,-77.0063
0.0005,1,137,-79.5467
0.0005,1,138,-76.7125
0.0005,1,139,-81.8733
0.0005,1,140,-82.8462
0.0005,1,141,-74.9248
0.0005,1,142,-76.4948
0.0005,1,143,-79.7727
0.0005,1,144,-80.9224
0.0005,1,145,-86.015
0.0005,1,146,-77.5784
0.0005,1,147,-71.5541
0.0005,1,148,-76.9165
0.0005,1,149,-77.5268
0.0005,1,150,-77.4721
0.0005,1,151,-74.2965
0.0005,1,152,-78.6482
0.0005,1,153,-77.8334
0.0005,1,154,-81.193
0.0005,1,155,-81.7589
0.0005,1,156,-74.6595
0.0005,1,157,-77.6334
0.0005,1,158,-72.9851
0.0005,1,159,-79.4201
0.0005,1,160,-72.4776
0.0005,1,161,-80.2337
0.0005,1,162,-79.2158
0.0005,1,163,-80.7819
0.0005,1,164,-86.6628
0.0005,1,165,-78.15
0.0005,1,166,-72.4461
0.0005,1,167,-72.6072
0.0005,1,168,-82.1018
0.0005,1,169,-76.9861
0.0005,1,170,-73.692
0.0005,1,171,-75.7704
0.0005,1,172,-73.9422
0.0005,1,173,-75.868
0.0005,1,174,-77.2397
0.0005,1,175,-80.9055
0.0005,1,176,-72.6946
0.0005,1,177,-79.2029
0.0005,1,178,-75.6333
0.0005,1,179,-75.9609
0.0005,1,180,-81.2149
0.0005,1,181,-77.3484
0.0005,1,182,-79.0462
0.0005,1,183,-78.9484
0.0005,1,184,-77.759
0.0005,1,185,-80.6623
0.0005,1,186,-75.8225
0.0005,1,187,-82.3586
0.0005,1,188,-76.5532
0.0005,1,189,-74.4568
0.0005,1,190,-84.2268
0.0005,1,191,-75.9759
0.0005,1,192,-82.3466
0.0005,1,193,-77.2468
0.0005,1,194,-74.7831
0.0005,1,195,-80.2454
0.0005,1,196,-84.6242
0.0005,1,197,-75.9944
0.0005,1,198,-76.4258
0.0005,1,199,-72.3022
0.0005,1,200,-75.8332
0.0005,1,201,-81.2177
0.0005,1,202,-79.9459
0.0005,1,203,-79.9574
0.0005,1,204,-81.4814
0.0005,1,205,-73.3312
0.0005,1,206,-75.0517
0.0005,1,207,-79.2012
0.0005,1,208,-72.7598
0.0005,1,209,-78.9589
0.0005,1,210,-79.5667
0.0005,1,211,-78.9964
0.0005,1,212,-77.2637
0.0005,1,213,-79.8901
0.0005,1,214,-71.972
0.0005,1,215,-76.2942
0.0005,1,216,-73.2857
0.0005,1,217,-82.008
0.0005,1,218,-77.7457
0.0005,1,219,-79.7761
0.0005,1,220,-71.2854
0.0005,1,221,-80.5434
0.0005,1,222,-77.193
0.0005,1,223,-76.8137
0.0005,1,224,-79.462
0.0005,1,225,-81.3983
0.0005,1,226,-79.76
0.0005,1,227,-75.2285
0.0005,1,228,-78.7717
0.0005,1,229,-75.1765
0.0005,1,230,-85.0278
0.0005,1,231,-76.14
0.0005,1,232,-76.4375
0.0005,1,233,-78.9555
0.0005,1,234,-82.2422
0.0005,1,235,-73.3471
0.0005,1,236,-78.221
0.0005,1,237,-76.3547
0.0005,1,238,-79.8367
0.0005,1,239,-78.0724
0.0005,1,240,-76.9867
0.0005,1,241,-77.7501
0.0005,1,242,-80.5962
0.0005,1,243,-75.4845
0.0005,1,244,-76.9589
0.0005,1,245,-76.9174
0.0005,1,246,-79.4645
0.0005,1,247,-79.4472
0.0005,1,248,-81.0841
0.0005,1,249,-80.5698
0.0005,1,250,-73.7681
0.0005,1,251,-77.5336
0.0005,1,252,-78.8222
0.0005,1,253,-82.7036
0.0005,1,254,-78.4867
0.0005,1,255,-73.3786
0.0005,1,256,-80.3131
0.0005,1,257,-77.0181
0.0005,1,258,-77.8201
0.0005,1,259,-81.1611
0.0005,1,260,-71.722
0.0005,1,261,-80.2739
0.0005,1,262,-78.0128
0.0005,1,263,-85.0343
0.0005,1,264,-78.7069
0.0005,1,265,-77.3865
0.0005,1,266,-75.6928
0.0005,1,267,-73.6874
0.0005,1,268,-74.851
0.0005,1,269,-83.5644
0.0005,1,270,-76.7823
0.0005,1,271,-81.7775
0.0005,1,272,-76.5656
0.0005,1,273,-80.999
0.0005,1,274,-80.0735
0.0005,1,275,-78.4474
0.0005,1,276,-75.7146
0.0005,1,277,-75.1044
0.0005,1,278,-79.2534
0.0005,1,279,-79.9121
0.0005,1,280,-77.5138
0.0005,1,281,-80.2137
0.0005,1,282,-75.2363
0.0005,1,283,-79.161
0.0005,1,284,-78.5357
0.0005,1,285,-76.8456
0.0005,1,286,-76.218
0.0005,1,287,-76.4301
0.0005,1,288,-72.2606
0.0005,1,289,-83.101
0.0005,1,290,-80.1504
0.0005,1,291,-73.5486
0.0005,1,292,-76.9398
0.0005,1,293,-77.6257
0.0005,1,294,-80.8573
0.0005,1,295,-79.0006
0.0005,1,296,-77.3747
0.0005,1,297,-80.841
0.0005,1,298,-79.018
0.0005,1,299,-72.6957
0.0005,1,300,-79.1676
0.0005,1,301,-76.9623
0.0005,1,302,-80.5349
0.0005,1,303,-76.9825
0.0005,1,304,-78.931
0.0005,1,305,-76.1766
0.0005,1,306,-77.8866
0.0005,1,307,-81.1658
0.0005,1,308,-76.6293
0.0005,1,309,-78.929
0.0005,1,310,-79.8459
0.0005,1,311,-75.2751
0.0005,1,312,-78.9149
0.0005,1,313,-78.7413
0.0005,1,314,-82.006
0.0005,1,315,-80.4367
0.0005,1,316,-74.6118
0.0005,1,317,-80.2742
0.0005,1,318,-78.9124
0.0005,1,319,-79.4842
0.0005,1,320,-77.1721
0.0005,1,321,-80.1841
0.0005,1,322,-79.9317
0.0005,1,323,-77.3136
0.0005,1,324,-75.2243
0.0005,1,325,-76.0158
0.0005,1,326,-78.7589
0.0005,1,327,-79.806
0.0005,1,328,-81.8951
0.0005,1,329,-78.4727
0.0005,1,330,-76.8614
0.0005,1,331,-75.6556
0.0005,1,332,-76.5152
0.0005,1,333,-78.6723
0.0005,1,334,-79.6664
0.0005,1,335,-79.8931
0.0005,1,336,-74.4047
0.0005,1,337,-76.0331
0.0005,1,338,-79.3044
0.0005,1,339,-79.5568
0.0005,1,340,-83.2034
0.0005,1,341,-75.7442
0.0005,1,342,-80.3084
0.0005,1,343,-76.4325
0.0005,1,344,-79.1651
0.0005,1,345,-77.876
0.0005,1,346,-75.1577
0.0005,1,347,-77.9749
0.0005,1,348,-79.7104
0.0005,1,349,-77.9108
0.0005,1,350,-78.4438
0.0005,1,351,-81.8972
0.0005,1,352,-81.4485
0.0005,1,353,-78.7479
0.0005,1,354,-77.614
0.0005,1,355,-79.9678
0.0005,1,356,-79.191
0.0005,1,357,-77.1657
0.0005,1,358,-78.6886
0.0005,1,359,-78.9194
0.0005,1,360,-77.3645
0.0005,1,361,-79.4713
0.0005,1,362,-80.3836
0.0005,1,363,-77.9944
0.0005,1,364,-78.7608
0.0005,1,365,-80.0291
0.0005,1,366,-77.8505
0.0005,1,367,-77.8109
0.0005,1,368,-81.8414
0.0005,1,369,-77.3952
0.0005,1,370,-77.5553
0.0005,1,371,-77.6216
0.0005,1,372,-80.3285
0.0005,1,373,-77.9591
0.0005,1,374,-80.3115
0.0005,1,375,-77.3145
0.0005,1,376,-79.4366
0.0005,1,377,-78.2899
0.0005,1,378,-79.6495
0.0005,1,379,-79.1125
0.0005,1,380,-79.1272
0.0005,1,381,-79.3227
0.0005,1,382,-76.0886
0.0005,1,383,-76.2512
0.0005,1,384,-78.2361
0.0005,1,385,-75.2009
0.0005,1,386,-77.7368
0.0005,1,387,-78.5957
0.0005,1,388,-76.6219
0.0005,1,389,-80.1447
0.0005,1,390,-82.3616
0.0005,1,391,-77.4256
0.0005,1,392,-79.3544
0.0005,1,393,-78.1457
0.0005,1,394,-75.4862
0.0005,1,395,-78.2814
0.0005,1,396,-78.73
0.0005,1,397,-76.5364
0.0005,1,398,-75.6548
0.0005,1,399,-73.9153
0.0005,1,400,-80.3587
0.0005,1,401,-75.869
0.0005,1,402,-74.5244
0.0005,1,403,-74.419
0.0005,1,404,-78.3677
0.0005,1,405,-78.7679
0.0005,1,406,-78.5898
0.0005,1,407,-79.0247
0.0005,1,408,-78.0117
0.0005,1,409,-81.2259
0.0005,1,410,-77.6219
0.0005,1,411,-78.7098
0.0005,1,412,-77.5401
0.0005,1,413,-76.6961
0.0005,1,414,-79.8826
0.0005,1,415,-81.7775
0.0005,1,416,-80.9549
0.0005,1,417,-80.9621
0.0005,1,418,-79.5152
0.0005,1,419,-78.9278
0.0005,1,420,-78.7891
0.0005,1,421,-75.9987
0.0005,1,422,-80.0922
0.0005,1,423,-78.3717
0.0005,1,424,-77.6785
0.0005,1,425,-78.7904
0.0005,1,426,-76.5431
0.0005,1,427,-80.8988
0.0005,1,428,-79.1345
0.0005,1,429,-80.0426
0.0005,1,430,-76.8014
0.0005,1,431,-80.9465
0.0005,1,432,-78.7196
0.0005,1,433,-82.4464
0.0005,1,434,-76.6151
0.0005,1,435,-79.2797
0.0005,1,436,-78.4514
0.0005,1,437,-78.0776
0.0005,1,438,-79.5545
0.0005,1,439,-77.9514
0.0005,1,440,-80.0557
0.0005,1,441,-79.4065
0.0005,1,442,-79.0197
0.0005,1,443,-78.7246
0.0005,1,444,-77.8882
0.0005,1,445,-78.1755
0.0005,1,446,-78.2811
0.0005,1,447,-76.8958
0.0005,1,448,-77.4379
0.0005,1,449,-78.5638
0.0005,1,450,-75.1823
0.0005,1,451,-77.9654
0.0005,1,452,-77.7019
0.0005,1,453,-76.6718
0.0005,1,454,-79.3606
0.0005,1,455,-78.1211
0.0005,1,456,-75.9027
0.0005,1,457,-77.7679
0.0005,1,458,-79.5077
0.0005,1,459,-78.6934
0.0005,1,460,-76.1628
0.0005,1,461,-78.1374
0.0005,1,462,-77.8811
0.0005,1,463,-80.6288
0.0005,1,464,-75.8679
0.0005,1,465,-76.7088
0.0005,1,466,-75.0409
0.0005,1,467,-80.682
0.0005,1,468,-78.2214
0.0005,1,469,-75.0152
0.0005,1,470,-78.8655
0.0005,1,471,-76.1306
0.0005,1,472,-77.2034
0.0005,1,473,-78.9646
0.0005,1,474,-77.093
0.0005,1,475,-79.9334
0.0005,1,476,-76.8151
0.0005,1,477,-79.9245
0.0005,1,478,-79.2845
0.0005,1,479,-77.8012
0.0005,1,480,-76.6188
0.0005,1,481,-77.5416
0.0005,1,482,-78.0175
0.0005,1,483,-78.2445
0.0005,1,484,-77.0622
0.0005,1,485,-77.831
0.0005,1,486,-76.9329
0.0005,1,487,-75.6958
0.0005,1,488,-76.6746
0.0005,1,489,-79.28
0.0005,1,490,-77.909
0.0005,1,491,-78.3857
0.0005,1,492,-75.9396
0.0005,1,493,-76.5919
0.0005,1,494,-78.3523
0.0005,1,495,-77.8995
0.0005,1,496,-78.2128
0.0005,1,497,-75.9428
0.0005,1,498,-77.8432
0.0005,1,499,-78.5015
0.0005,1,500,-78.4646
0.0005,2,1,-171.6253
0.0005,2,2,-165.6091
0.0005,2,3,-168.7778
0.0005,2,4,-160.6142
0.0005,2,5,-171.2176
0.0005,2,6,-167.5217
0.0005,2,7,-156.5604
0.0005,2,8,-157.1311
0.0005,2,9,-148.7838
0.0005,2,10,-138.9834
0.0005,2,11,-146.0491
0.0005,2,12,-143.7293
0.0005,2,13,-131.852
0.0005,2,14,-128.8737
0.0005,2,15,-133.3896
0.0005,2,16,-130.0049
0.0005,2,17,-128.9298
0.0005,2,18,-130.2653
0.0005,2,19,-123.0287
0.0005,2,20,-123.5701
0.0005,2,21,-120.0278
0.0005,2,22,-123.8869
0.0005,2,23,-116.9857
0.0005,2,24,-119.7256
0.0005,2,25,-114.811
0.0005,2,26,-116.9678
0.0005,2,27,-106.0757
0.0005,2,28,-107.9548
0.0005,2,29,-110.5986
0.0005,2,30,-110.4679
0.0005,2,31,-111.257
0.0005,2,32,-102.1265
0.0005,2,33,-103.9428
0.0005,2,34,-91.6945
0.0005,2,35,-104.3437
0.0005,2,36,-105.5266
0.0005,2,37,-90.338
0.0005,2,38,-109.7446
0.0005,2,39,-91.9622
0.0005,2,40,-97.7446
0.0005,2,41,-94.1603
0.0005,2,42,-97.7365
0.0005,2,43,-104.1361
0.0005,2,44,-96.0691
0.0005,2,45,-90.3822
0.0005,2,46,-92.8375
0.0005,2,47,-83.3713
0.0005,2,48,-87.0945
0.0005,2,49,-86.0368
0.0005,2,50,-90.6825
0.0005,2,51,-95.2263
0.0005,2,52,-85.8687
0.0005,2,53,-89.8135
0.0005,2,54,-92.8456
0.0005,2,55,-81.6274
0.0005,2,56,-89.9594
0.0005,2,57,-82.9647
0.0005,2,58,-82.2746
0.0005,2,59,-87.6966
0.0005,2,60,-86.4587
0.0005,2,61,-88.3327
0.0005,2,62,-84.7604
0.0005,2,63,-86.8753
0.0005,2,64,-87.8342
0.0005,2,65,-94.5974
0.0005,2,66,-83.8845
0.0005,2,67,-88.3036
0.0005,2,68,-78.7653
0.0005,2,69,-80.4862
0.0005,2,70,-84.5337
0.0005,2,71,-86.7976
0.0005,2,72,-84.8626
0.0005,2,73,-79.1127
0.0005,2,74,-82.3312
0.0005,2,75,-79.627
0.0005,2,76,-76.6643
0.0005,2,77,-75.3024
0.0005,2,78,-82.2167
0.0005,2,79,-87.2617
0.0005,2,80,-88.375
0.0005,2,81,-81.7335
0.0005,2,82,-78.0029
0.0005,2,83,-81.7101
0.0005,2,84,-83.2952
0.0005,2,85,-78.3651
0.0005,2,86,-83.2873
0.0005,2,87,-85.6814
0.0005,2,88,-76.5795
0.0005,2,89,-77.9998
0.0005,2,90,-82.1042
0.0005,2,91,-80.1535
0.0005,2,92,-82.4473
0.0005,2,93,-70.2979
0.0005,2,94,-77.3095
0.0005,2,95,-81.196
0.0005,2,96,-79.0722
0.0005,2,97,-76.6865
0.0005,2,98,-77.2893
0.0005,2,99,-83.2684
0.0005,2,100,-77.5536
0.0005,2,101,-69.0799
0.0005,2,102,-84.7961
0.0005,2,103,-84.7746
0.0005,2,104,-79.8503
0.0005,2,105,-77.2612
0.0005,2,106,-83.0402
0.0005,2,107,-77.9442
0.0005,2,108,-77.2376
0.0005,2,109,-79.0524
0.0005,2,110,-84.2001
0.0005,2,111,-77.5729
0.0005,2,112,-81.0796
0.0005,2,113,-83.7535
0.0005,2,114,-77.0407
0.0005,2,115,-75.0512
0.0005,2,116,-73.9221
0.0005,2,117,-80.3492
0.0005,2,118,-79.8783
0.0005,2,119,-81.9894
0.0005,2,120,-74.7515
0.0005,2,121,-75.0102
0.0005,2,122,-79.4642
0.0005,2,123,-73.182
0.0005,2,124,-72.9156
0.0005,2,125,-79.9148
0.0005,2,126,-78.2264
0.0005,2,127,-77.8385
0.0005,2,128,-73.8063
0.0005,2,129,-75.3827
0.0005,2,130,-76.8131
0.0005,2,131,-76.7278
0.0005,2,132,-83.0018
0.0005,2,133,-79.6311
0.0005,2,134,-79.4647
0.0005,2,135,-78.4942
0.0005,2,136,-80.2195
0.0005,2,137,-75.9822
0.0005,2,138,-74.0195
0.0005,2,139,-74.2136
0.0005,2,140,-76.5748
0.0005,2,141,-72.8866
0.0005,2,142,-80.3941
0.0005,2,143,-79.925
0.0005,2,144,-78.7345
0.0005,2,145,-86.0299
0.0005,2,146,-72.0519
0.0005,2,147,-77.9122
0.0005,2,148,-79.3033
0.0005,2,149,-78.7048
0.0005,2,150,-72.4358
0.0005,2,151,-79.7356
0.0005,2,152,-78.129
0.0005,2,153,-76.0866
0.0005,2,154,-78.6541
0.0005,2,155,-83.8057
0.0005,2,156,-78.4207
0.0005,2,157,-72.3337
0.0005,2,158,-78.1581
0.0005,2,159,-76.6518
0.0005,2,160,-76.4643
0.0005,2,161,-72.7837
0.0005,2,162,-73.2187
0.0005,2,163,-80.4298
0.0005,2,164,-78.7583
0.0005,2,165,-78.2434
0.0005,2,166,-83.6803
0.0005,2,167,-77.6498
0.0005,2,168,-78.1672
0.0005,2,169,-76.437
0.0005,2,170,-85.2008
0.0005,2,171,-76.1506
0.0005,2,172,-76.6763
0.0005,2,173,-80.2912
0.0005,2,174,-74.1035
0.0005,2,175,-77.9781
0.0005,2,176,-81.4555
0.0005,2,177,-75.189
0.0005,2,178,-73.1994
0.0005,2,179,-80.4393
0.0005,2,180,-74.7255
0.0005,2,181,-80.1467
0.0005,2,182,-81.3382
0.0005,2,183,-83.6211
0.0005,2,184,-76.5016
0.0005,2,185,-79.1727
0.0005,2,186,-71.3344
0.0005,2,187,-72.964
0.0005,2,188,-78.4819
0.0005,2,189,-74.6512
0.0005,2,190,-79.8064
0.0005,2,191,-77.4029
0.0005,2,192,-76.9501
0.0005,2,193,-78.9665
0.0005,2,194,-74.4881
0.0005,2,195,-80.8939
0.0005,2,196,-76.411
0.0005,2,197,-76.8076
0.0005,2,198,-73.8051
0.0005,2,199,-76.2966
0.0005,2,200,-76.6201
0.0005,2,201,-76.4938
0.0005,2,202,-74.3626
0.0005,2,203,-76.2176
0.0005,2,204,-74.3504
0.0005,2,205,-78.494
0.0005,2,206,-78.9538
0.0005,2,207,-78.1813
0.0005,2,208,-77.7764
0.0005,2,209,-78.4811
0.0005,2,210,-79.4568
0.0005,2,211,-78.7459
0.0005,2,212,-79.8085
0.0005,2,213,-73.051
0.0005,2,214,-78.6662
0.0005,2,215,-71.9231
0.0005,2,216,-79.2983
0.0005,2,217,-78.9974
0.0005,2,218,-83.0171
0.0005,2,219,-79.6957
0.0005,2,220,-78.7567
0.0005,2,221,-79.555
0.0005,2,222,-82.5503
0.0005,2,223,-82.5725
0.0005,2,224,-70.9151
0.0005,2,225,-80.5799
0.0005,2,226,-77.5292
0.0005,2,227,-76.5641
0.0005,2,228,-80.823
0.0005,2,229,-79.9558
0.0005,2,230,-81.6935
0.0005,2,231,-75.5043
0.0005,2,232,-75.6752
0.0005,2,233,-81.8477
0.0005,2,234,-78.3915
0.0005,2,235,-80.8093
0.0005,2,236,-82.2626
0.0005,2,237,-76.7725
0.0005,2,238,-75.8337
0.0005,2,239,-78.1588
0.0005,2,240,-81.6883
0.0005,2,241,-80.0864
0.0005,2,242,-76.5685
0.0005,2,243,-80.0777
0.0005,2,244,-79.2289
0.0005,2,245,-78.7094
0.0005,2,246,-78.6125
0.0005,2,247,-83.4378
0.0005,2,248,-75.4
0.0005,2,249,-77.9755
0.0005,2,250,-79.5136
0.0005,2,251,-77.2789
0.0005,2,252,-80.7713
0.0005,2,253,-77.9134
0.0005,2,254,-76.402
0.0005,2,255,-79.9276
0.0005,2,256,-79.3832
0.0005,2,257,-80.8152
0.0005,2,258,-77.0644
0.0005,2,259,-79.3966
0.0005,2,260,-74.6028
0.0005,2,261,-73.4613
0.0005,2,262,-78.9291
0.0005,2,263,-78.6376
0.0005,2,264,-74.0039
0.0005,2,265,-80.2719
0.0005,2,266,-77.1234
0.0005,2,267,-74.6588
0.0005,2,268,-77.9946
0.0005,2,269,-83.5646
0.0005,2,270,-82.8705
0.0005,2,271,-78.8898
0.0005,2,272,-76.8973
0.0005,2,273,-83.5868
0.0005,2,274,-79.3957
0.0005,2,275,-74.8682
0.0005,2,276,-78.9375
0.0005,2,277,-77.6543
0.0005,2,278,-75.9187
0.0005,2,279,-74.7071
0.0005,2,280,-80.2639
0.0005,2,281,-76.8352
0.0005,2,282,-82.0023
0.0005,2,283,-77.2554
0.0005,2,284,-80.8258
0.0005,2,285,-81.0705
0.0005,2,286,-77.1669
0.0005,2,287,-78.6129
0.0005,2,288,-73.5238
0.0005,2,289,-77.9317
0.0005,2,290,-80.6239
0.0005,2,291,-78.0741
0.0005,2,292,-81.153
0.0005,2,293,-78.4389
0.0005,2,294,-80.6168
0.0005,2,295,-75.0173
0.0005,2,296,-79.9771
0.0005,2,297,-78.6479
0.0005,2,298,-79.8968
0.0005,2,299,-77.05
0.0005,2,300,-78.3391
0.0005,2,301,-76.3609
0.0005,2,302,-82.6896
0.0005,2,303,-77.9523
0.0005,2,304,-78.7669
0.0005,2,305,-75.9935
0.0005,2,306,-75.9575
0.0005,2,307,-77.6428
0.0005,2,308,-77.6966
0.0005,2,309,-78.5466
0.0005,2,310,-76.6132
0.0005,2,311,-80.6104
0.0005,2,312,-76.054
0.0005,2,313,-79.8791
0.0005,2,314,-78.891
0.0005,2,315,-83.1219
0.0005,2,316,-78.6195
0.0005,2,317,-74.8019
0.0005,2,318,-79.457
0.0005,2,319,-74.0115
0.0005,2,320,-80.8212
0.0005,2,321,-79.2863
0.0005,2,322,-75.9931
0.0005,2,323,-78.063
0.0005,2,324,-73.1153
0.0005,2,325,-80.6397
0.0005,2,326,-75.6929
0.0005,2,327,-76.9395
0.0005,2,328,-79.736
0.0005,2,329,-77.3838
0.0005,2,330,-77.1439
0.0005,2,331,-78.2219
0.0005,2,332,-78.61
0.0005,2,333,-81.672
0.0005,2,334,-76.6662
0.0005,2,335,-79.616
0.0005,2,336,-73.3828
0.0005,2,337,-76.2708
0.0005,2,338,-75.8626
0.0005,2,339,-74.7584
0.0005,2,340,-77.3375
0.0005,2,341,-77.6202
0.0005,2,342,-77.5709
0.0005,2,343,-77.7683
0.0005,2,344,-75.7774
0.0005,2,345,-80.524
0.0005,2,346,-77.6916
0.0005,2,347,-77.3225
0.0005,2,348,-79.1504
0.0005,2,349,-78.5359
0.0005,2,350,-78.228
0.0005,2,351,-79.6022
0.0005,2,352,-74.6896
0.0005,2,353,-78.5508
0.0005,2,354,-78.9935
0.0005,2,355,-78.7933
0.0005,2,356,-74.1828
0.0005,2,357,-78.2136
0.0005,2,358,-76.4164
0.0005,2,359,-80.4218
0.0005,2,360,-80.7442
0.0005,2,361,-82.3598
0.0005,2,362,-78.9999
0.0005,2,363,-81.2853
0.0005,2,364,-79.5477
0.0005,2,365,-79.7491
0.0005,2,366,-82.3223
0.0005,2,367,-77.0489
0.0005,2,368,-78.795
0.0005,2,369,-77.7914
0.0005,2,370,-77.9193
0.0005,2,371,-75.1271
0.0005,2,372,-78.5987
0.0005,2,373,-73.9034
0.0005,2,374,-79.5248
0.0005,2,375,-74.2422
0.0005,2,376,-76.967
0.0005,2,377,-82.1884
0.0005,2,378,-81.3358
0.0005,2,379,-73.8339
0.0005,2,380,-78.091
0.0005,2,381,-77.6529
0.0005,2,382,-76.3484
0.0005,2,383,-74.4066
0.0005,2,384,-75.9403
0.0005,2,385,-76.6465
0.0005,2,386,-76.1138
0.0005,2,387,-75.7153
0.0005,2,388,-78.0997
0.0005,2,389,-79.6905
0.0005,2,390,-78.1332
0.0005,2,391,-75.854
0.0005,2,392,-77.462
0.0005,2,393,-77.8058
0.0005,2,394,-77.1622
0.0005,2,395,-80.0888
0.0005,2,396,-79.3726
0.0005,2,397,-74.8346
0.0005,2,398,-78.1853
0.0005,2,399,-75.0209
0.0005,2,400,-80.6516
0.0005,2,401,-78.6169
0.0005,2,402,-76.1785
0.0005,2,403,-75.7777
0.0005,2,404,-77.553
0.0005,2,405,-76.6483
0.0005,2,406,-81.6126
0.0005,2,407,-78.4433
0.0005,2,408,-77.8688
0.0005,2,409,-76.5679
0.0005,2,410,-76.5821
0.0005,2,411,-80.275
0.0005,2,412,-77.7316
0.0005,2,413,-76.703
0.0005,2,414,-81.8333
0.0005,2,415,-78.4247
0.0005,2,416,-76.9965
0.0005,2,417,-75.1714
0.0005,2,418,-77.0089
0.0005,2,419,-79.3624
0.0005,2,420,-79.4303
0.0005,2,421,-77.1237
0.0005,2,422,-76.3411
0.0005,2,423,-79.2678
0.0005,2,424,-76.0499
0.0005,2,425,-81.3738
0.0005,2,426,-78.0167
0.0005,2,427,-77.1318
0.0005,2,428,-80.8835
0.0005,2,429,-79.8852
0.0005,2,430,-79.8235
0.0005,2,431,-81.8126
0.0005,2,432,-80.4061
0.0005,2,433,-77.2092
0.0005,2,434,-77.2318
0.0005,2,435,-76.4589
0.0005,2,436,-79.2563
0.0005,2,437,-77.6894
0.0005,2,438,-79.0585
0.0005,2,439,-81.0126
0.0005,2,440,-74.8913
0.0005,2,441,-78.9778
0.0005,2,442,-79.094
0.0005,2,443,-79.5043
0.0005,2,444,-76.704
0.0005,2,445,-80.6095
0.0005,2,446,-77.0663
0.0005,2,447,-79.8401
0.0005,2,448,-77.1237
0.0005,2,449,-78.1708
0.0005,2,450,-76.2791
0.0005,2,451,-77.8108
0.0005,2,452,-76.5954
0.0005,2,453,-79.3877
0.0005,2,454,-79.4246
0.0005,2,455,-80.4994
0.0005,2,456,-74.1379
0.0005,2,457,-78.1573
0.0005,2,458,-76.8147
0.0005,2,459,-77.0012
0.0005,2,460,-73.9899
0.0005,2,461,-78.3539
0.0005,2,462,-78.1974
0.0005,2,463,-78.8294
0.0005,2,464,-78.6107
0.0005,2,465,-77.7061
0.0005,2,466,-78.2158
0.0005,2,467,-79.4968
0.0005,2,468,-77.7131
0.0005,2,469,-76.8418
0.0005,2,470,-78.7341
0.0005,2,471,-78.1701
0.0005,2,472,-76.2034
0.0005,2,473,-76.0711
0.0005,2,474,-80.3887
0.0005,2,475,-75.7178
0.0005,2,476,-77.8833
0.0005,2,477,-78.8712
0.0005,2,478,-79.084
0.0005,2,479,-77.3222
0.0005,2,480,-79.3832
0.0005,2,481,-76.8426
0.0005,2,482,-78.1349
0.0005,2,483,-80.0386
0.0005,2,484,-78.6202
0.0005,2,485,-78.2322
0.0005,2,486,-76.7564
0.0005,2,487,-78.5955
0.0005,2,488,-77.9467
0.0005,2,489,-78.6358
0.0005,2,490,-78.1978
0.0005,2,491,-76.779
0.0005,2,492,-77.9845
0.0005,2,493,-79.8421
0.0005,2,494,-76.0236
0.0005,2,495,-78.135
0.0005,2,496,-76.5422
0.0005,2,497,-78.6654
0.0005,2,498,-78.5437
0.0005,2,499,-78.2217
0.0005,2,500,-79.5461
0.0005,3,1,-169.2162
0.0005,3,2,-173.0898
0.0005,3,3,-177.1555
0.0005,3,4,-162.5537
0.0005,3,5,-165.713
0.0005,3,6,-160.4247
0.0005,3,7,-151.8706
0.0005,3,8,-142.6318
0.0005,3,9,-146.1228
0.0005,3,10,-145.1124
0.0005,3,11,-146.5086
0.0005,3,12,-150.952
0.0005,3,13,-141.2398
0.0005,3,14,-128.049
0.0005,3,15,-140.2559
0.0005,3,16,-133.6987
0.0005,3,17,-126.9089
0.0005,3,18,-117.5597
0.0005,3,19,-120.3553
0.0005,3,20,-125.4859
0.0005,3,21,-113.3427
0.0005,3,22,-117.1839
0.0005,3,23,-108.7621
0.0005,3,24,-126.2988
0.0005,3,25,-118.6388
0.0005,3,26,-106.9426
0.0005,3,27,-115.7302
0.0005,3,28,-106.0045
0.0005,3,29,-103.6446
0.0005,3,30,-106.5602
0.0005,3,31,-111.4012
0.0005,3,32,-106.3221
0.0005,3,33,-104.4098
0.0005,3,34,-101.7905
0.0005,3,35,-101.136
0.0005,3,36,-92.4268
0.0005,3,37,-96.1825
0.0005,3,38,-102.9097
0.0005,3,39,-93.9227
0.0005,3,40,-106.4322
0.0005,3,41,-97.7432
0.0005,3,42,-103.522
0.0005,3,43,-93.8319
0.0005,3,44,-84.6296
0.0005,3,45,-99.4827
0.0005,3,46,-93.1698
0.0005,3,47,-86.6635
0.0005,3,48,-91.5481
0.0005,3,49,-95.9778
0.0005,3,50,-95.5095
0.0005,3,51,-83.7736
0.0005,3,52,-82.109
0.0005,3,53,-101.4027
0.0005,3,54,-89.3718
0.0005,3,55,-97.6971
0.0005,3,56,-87.3226
0.0005,3,57,-95.1538
0.0005,3,58,-91.3147
0.0005,3,59,-84.2063
0.0005,3,60,-89.0551
0.0005,3,61,-86.8287
0.0005,3,62,-85.9734
0.0005,3,63,-86.1132
0.0005,3,64,-82.561
0.0005,3,65,-89.5658
0.0005,3,66,-80.2869
0.0005,3,67,-88.419
0.0005,3,68,-81.3055
0.0005,3,69,-89.6394
0.0005,3,70,-82.1442
0.0005,3,71,-81.7547
0.0005,3,72,-81.5245
0.0005,3,73,-86.9432
0.0005,3,74,-80.7401
0.0005,3,75,-76.9583
0.0005,3,76,-77.9151
0.0005,3,77,-82.3409
0.0005,3,78,-85.938
0.0005,3,79,-79.8386
0.0005,3,80,-81.8012
0.0005,3,81,-80.0303
0.0005,3,82,-83.4864
0.0005,3,83,-78.5449
0.0005,3,84,-83.9295
0.0005,3,85,-81.1846
0.0005,3,86,-80.2116
0.0005,3,87,-77.0644
0.0005,3,88,-83.9905
0.0005,3,89,-78.7961
0.0005,3,90,-85.724
0.0005,3,91,-77.247
0.0005,3,92,-84.7404
0.0005,3,93,-81.2619
0.0005,3,94,-78.3312
0.0005,3,95,-80.4236
0.0005,3,96,-78.6261
0.0005,3,97,-76.5494
0.0005,3,98,-87.1713
0.0005,3,99,-77.9549
0.0005,3,100,-84.7897
0.0005,3,101,-78.8022
0.0005,3,102,-77.7448
0.0005,3,103,-77.0679
0.0005,3,104,-79.0821
0.0005,3,105,-84.1346
0.0005,3,106,-85.568
0.0005,3,107,-83.4886
0.0005,3,108,-83.488
0.0005,3,109,-83.6836
0.0005,3,110,-79.1241
0.0005,3,111,-89.9118
0.0005,3,112,-68.0029
0.0005,3,113,-70.9516
0.0005,3,114,-78.9256
0.0005,3,115,-73.9404
0.0005,3,116,-78.9133
0.0005,3,117,-73.3003
0.0005,3,118,-80.3533
0.0005,3,119,-71.0141
0.0005,3,120,-76.6839
0.0005,3,121,-73.6001
0.0005,3,122,-80.2419
0.0005,3,123,-80.4663
0.0005,3,124,-75.3788
0.0005,3,125,-76.2198
0.0005,3,126,-78.2714
0.0005,3,127,-75.554
0.0005,3,128,-67.8607
0.0005,3,129,-76.5065
0.0005,3,130,-80.6746
0.0005,3,131,-81.0758
0.0005,3,132,-79.5767
0.0005,3,133,-72.3768
0.0005,3,134,-79.005
0.0005,3,135,-77.5617
0.0005,3,136,-83.109
0.0005,3,137,-82.7916
0.0005,3,138,-87.5858
0.0005,3,139,-79.678
0.0005,3,140,-80.1066
0.0005,3,141,-74.2291
0.0005,3,142,-84.9888
0.0005,3,143,-74.9352
0.0005,3,144,-78.2729
0.0005,3,145,-73.6787
0.0005,3,146,-77.4635
0.0005,3,147,-75.673
0.0005,3,148,-78.2356
0.0005,3,149,-82.2193
0.0005,3,150,-86.4451
0.0005,3,151,-74.1873
0.0005,3,152,-78.9972
0.0005,3,153,-76.585
0.0005,3,154,-72.9521
0.0005,3,155,-79.7148
0.0005,3,156,-71.5796
0.0005,3,157,-74.002
0.0005,3,158,-80.981
0.0005,3,159,-77.9975
0.0005,3,160,-79.6132
0.0005,3,161,-78.424
0.0005,3,162,-77.7021
0.0005,3,163,-73.5401
0.0005,3,164,-72.9745
0.0005,3,165,-71.2434
0.0005,3,166,-77.7372
0.0005,3,167,-73.4135
0.0005,3,168,-74.1625
0.0005,3,169,-77.9821
0.0005,3,170,-77.372
0.0005,3,171,-73.7019
0.0005,3,172,-84.839
0.0005,3,173,-80.9117
0.0005,3,174,-81.1341
0.0005,3,175,-76.9839
0.0005,3,176,-74.09
0.0005,3,177,-77.0572
0.0005,3,178,-72.9138
0.0005,3,179,-78.9085
0.0005,3,180,-78.5091
0.0005,3,181,-77.8835
0.0005,3,182,-80.3598
0.0005,3,183,-81.6638
0.0005,3,184,-79.1774
0.0005,3,185,-74.3875
0.0005,3,186,-81.5146
0.0005,3,187,-79.8967
0.0005,3,188,-75.2814
0.0005,3,189,-74.5757
0.0005,3,190,-80.8868
0.0005,3,191,-74.4949
0.0005,3,192,-77.1794
0.0005,3,193,-81.0247
0.0005,3,194,-75.1769
0.0005,3,195,-79.9422
0.0005,3,196,-75.3743
0.0005,3,197,-80.3733
0.0005,3,198,-80.5909
0.0005,3,199,-83.6173
0.0005,3,200,-78.1435
0.0005,3,201,-81.8329
0.0005,3,202,-78.7399
0.0005,3,203,-74.9799
0.0005,3,204,-76.5115
0.0005,3,205,-73.7011
0.0005,3,206,-77.0497
0.0005,3,207,-75.9498
0.0005,3,208,-75.3398
0.0005,3,209,-77.2733
0.0005,3,210,-87.0201
0.0005,3,211,-75.815
0.0005,3,212,-79.0948
0.0005,3,213,-82.8018
0.0005,3,214,-80.888
0.0005,3,215,-81.543
0.0005,3,216,-82.3284
0.0005,3,217,-78.8805
0.0005,3,218,-78.0746
0.0005,3,219,-80.4742
0.0005,3,220,-76.6281
0.0005,3,221,-80.1231
0.0005,3,222,-77.0565
0.0005,3,223,-76.1091
0.0005,3,224,-75.1776
0.0005,3,225,-76.436
0.0005,3,226,-75.6836
0.0005,3,227,-76.0581
0.0005,3,228,-72.1585
0.0005,3,229,-79.1182
0.0005,3,230,-80.1225
0.0005,3,231,-76.9732
0.0005,3,232,-75.8558
0.0005,3,233,-78.1163
0.0005,3,234,-76.0001
0.0005,3,235,-77.467
0.0005,3,236,-77.2394
0.0005,3,237,-77.4838
0.0005,3,238,-81.0065
0.0005,3,239,-78.1408
0.0005,3,240,-78.1189
0.0005,3,241,-82.4606
0.0005,3,242,-77.5458
0.0005,3,243,-79.3148
0.0005,3,244,-76.2852
0.0005,3,245,-76.0321
0.0005,3,246,-75.6361
0.0005,3,247,-78.0436
0.0005,3,248,-77.1669
0.0005,3,249,-78.0401
0.0005,3,250,-74.6662
0.0005,3,251,-76.3351
0.0005,3,252,-73.8076
0.0005,3,253,-79.9635
0.0005,3,254,-73.9317
0.0005,3,255,-74.0468
0.0005,3,256,-76.8535
0.0005,3,257,-79.5025
0.0005,3,258,-84.8439
0.0005,3,259,-81.1908
0.0005,3,260,-77.172
0.0005,3,261,-74.8466
0.0005,3,262,-74.8858
0.0005,3,263,-82.7746
0.0005,3,264,-77.1539
0.0005,3,265,-79.0818
0.0005,3,266,-83.9049
0.0005,3,267,-77.6496
0.0005,3,268,-79.7738
0.0005,3,269,-74.1061
0.0005,3,270,-78.3573
0.0005,3,271,-79.2336
0.0005,3,272,-82.5334
0.0005,3,273,-75.9077
0.0005,3,274,-75.6318
0.0005,3,275,-73.1902
0.0005,3,276,-76.4329
0.0005,3,277,-78.182
0.0005,3,278,-76.9534
0.0005,3,279,-77.0923
0.0005,3,280,-78.7451
0.0005,3,281,-77.3814
0.0005,3,282,-79.28
0.0005,3,283,-78.1581
0.0005,3,284,-74.4085
0.0005,3,285,-78.0079
0.0005,3,286,-74.8516
0.0005,3,287,-75.08
0.0005,3,288,-76.5468
0.0005,3,289,-75.9326
0.0005,3,290,-75.6274
0.0005,3,291,-76.3466
0.0005,3,292,-79.2798
0.0005,3,293,-80.9259
0.0005,3,294,-74.6446
0.0005,3,295,-79.6789
0.0005,3,296,-72.5801
0.0005,3,297,-77.1251
0.0005,3,298,-78.0404
0.0005,3,299,-77.6137
0.0005,3,300,-78.2679
0.0005,3,301,-81.3669
0.0005,3,302,-79.5074
0.0005,3,303,-78.5507
0.0005,3,304,-79.08
0.0005,3,305,-79.677
0.0005,3,306,-77.6985
0.0005,3,307,-78.6731
0.0005,3,308,-85.1813
0.0005,3,309,-78.1166
0.0005,3,310,-79.6446
0.0005,3,311,-77.8033
0.0005,3,312,-78.1136
0.0005,3,313,-77.7578
0.0005,3,314,-77.3512
0.0005,3,315,-73.8643
0.0005,3,316,-78.9874
0.0005,3,317,-76.8222
0.0005,3,318,-75.8199
0.0005,3,319,-74.7154
0.0005,3,320,-79.7752
0.0005,3,321,-78.9769
0.0005,3,322,-78.8155
0.0005,3,323,-76.3802
0.0005,3,324,-79.5851
0.0005,3,325,-78.3068
0.0005,3,326,-80.0291
0.0005,3,327,-79.2419
0.0005,3,328,-75.2805
0.0005,3,329,-80.1581
0.0005,3,330,-78.6575
0.0005,3,331,-76.2886
0.0005,3,332,-80.5013
0.0005,3,333,-77.5141
0.0005,3,334,-77.0364
0.0005,3,335,-79.5678
0.0005,3,336,-77.5502
0.0005,3,337,-79.0764
0.0005,3,338,-80.2029
0.0005,3,339,-74.9749
0.0005,3,340,-76.7736
0.0005,3,341,-76.7337
0.0005,3,342,-80.5533
0.0005,3,343,-77.6864
0.0005,3,344,-80.1887
0.0005,3,345,-78.0349
0.0005,3,346,-78.8476
0.0005,3,347,-74.6617
0.0005,3,348,-79.3302
0.0005,3,349,-79.3873
0.0005,3,350,-79.8659
0.0005,3,351,-77.2332
0.0005,3,352,-76.0076
0.0005,3,353,-82.7665
0.0005,3,354,-81.3039
0.0005,3,355,-77.527
0.0005,3,356,-77.9133
0.0005,3,357,-78.5448
0.0005,3,358,-76.7258
0.0005,3,359,-81.5796
0.0005,3,360,-75.4323
0.0005,3,361,-76.8793
0.0005,3,362,-81.7512
0.0005,3,363,-76.1739
0.0005,3,364,-78.1603
0.0005,3,365,-80.3336
0.0005,3,366,-78.3419
0.0005,3,367,-76.6812
0.0005,3,368,-78.1575
0.0005,3,369,-76.9692
0.0005,3,370,-76.8326
0.0005,3,371,-77.751
0.0005,3,372,-78.6446
0.0005,3,373,-75.5466
0.0005,3,374,-75.8387
0.0005,3,375,-76.5451
0.0005,3,376,-80.6112
0.0005,3,377,-77.8319
0.0005,3,378,-77.102
0.0005,3,379,-77.0033
0.0005,3,380,-76.498
0.0005,3,381,-79.3467
0.0005,3,382,-80.5243
0.0005,3,383,-76.3967
0.0005,3,384,-77.7678
0.0005,3,385,-80.6569
0.0005,3,386,-79.3447
0.0005,3,387,-76.5623
0.0005,3,388,-78.9973
0.0005,3,389,-75.5753
0.0005,3,390,-76.083
0.0005,3,391,-73.9225
0.0005,3,392,-78.7771
0.0005,3,393,-78.601
0.0005,3,394,-79.9815
0.0005,3,395,-78.6377
0.0005,3,396,-78.2211
0.0005,3,397,-79.7602
0.0005,3,398,-81.1025
0.0005,3,399,-78.8038
0.0005,3,400,-76.7205
0.0005,3,401,-75.6309
0.0005,3,402,-79.5246
0.0005,3,403,-76.737
0.0005,3,404,-77.5104
0.0005,3,405,-79.0823
0.0005,3,406,-74.8757
0.0005,3,407,-77.3266
0.0005,3,408,-77.6684
0.0005,3,409,-77.2612
0.0005,3,410,-73.6131
0.0005,3,411,-78.7562
0.0005,3,412,-82.0567
0.0005,3,413,-76.2135
0.0005,3,414,-76.1195
0.0005,3,415,-76.3329
0.0005,3,416,-76.4706
0.0005,3,417,-77.6855
0.0005,3,418,-80.5695
0.0005,3,419,-76.757
0.0005,3,420,-78.6897
0.0005,3,421,-77.5972
0.0005,3,422,-77.9639
0.0005,3,423,-76.8587
0.0005,3,424,-79.8306
0.0005,3,425,-78.5747
0.0005,3,426,-77.743
0.0005,3,427,-79.8677
0.0005,3,428,-77.4746
0.0005,3,429,-79.0705
0.0005,3,430,-82.4959
0.0005,3,431,-77.1822
0.0005,3,432,-78.5625
0.0005,3,433,-79.6378
0.0005,3,434,-78.8494
0.0005,3,435,-76.6946
0.0005,3,436,-77.6103
0.0005,3,437,-78.7815
0.0005,3,438,-78.4792
0.0005,3,439,-78.3753
0.0005,3,440,-80.1798
0.0005,3,441,-80.3477
0.0005,3,442,-78.4116
0.0005,3,443,-78.4523
0.0005,3,444,-80.5387
0.0005,3,445,-76.1181
0.0005,3,446,-77.5069
0.0005,3,447,-77.9184
0.0005,3,448,-76.929
0.0005,3,449,-76.7917
0.0005,3,450,-75.9369
0.0005,3,451,-76.4536
0.0005,3,452,-76.7195
0.0005,3,453,-76.5994
0.0005,3,454,-78.5883
0.0005,3,455,-77.3924
0.0005,3,456,-78.6483
0.0005,3,457,-77.2814
0.0005,3,458,-77.846
0.0005,3,459,-75.9055
0.0005,3,460,-77.0212
0.0005,3,461,-78.7013
0.0005,3,462,-78.6783
0.0005,3,463,-80.416
0.0005,3,464,-76.195
0.0005,3,465,-77.3478
0.0005,3,466,-75.5743
0.0005,3,467,-78.0022
0.0005,3,468,-77.5427
0.0005,3,469,-80.7241
0.0005,3,470,-79.6622
0.0005,3,471,-78.9057
0.0005,3,472,-78.9492
0.0005,3,473,-77.7327
0.0005,3,474,-79.1734
0.0005,3,475,-77.3439
0.0005,3,476,-78.3958
0.0005,3,477,-78.4248
0.0005,3,478,-78.4786
0.0005,3,479,-78.9443
0.0005,3,480,-77.1551
0.0005,3,481,-78.3544
0.0005,3,482,-78.9049
0.0005,3,483,-77.2804
0.0005,3,484,-78.6792
0.0005,3,485,-79.8325
0.0005,3,486,-77.3862
0.0005,3,487,-78.2049
0.0005,3,488,-76.8559
0.0005,3,489,-78.455
0.0005,3,490,-77.7854
0.0005,3,491,-77.1159
0.0005,3,492,-77.3341
0.0005,3,493,-76.7824
0.0005,3,494,-78.8644
0.0005,3,495,-76.7185
0.0005,3,496,-76.6831
0.0005,3,497,-76.9919
0.0005,3,498,-79.6109
0.0005,3,499,-77.5679
0.0005,3,500,-78.7089
0.0005,4,1,-171.122
0.0005,4,2,-179.1479
0.0005,4,3,-172.052
0.0005,4,4,-168.2136
0.0005,4,5,-167.2458
0.0005,4,6,-160.2273
0.0005,4,7,-143.8601
0.0005,4,8,-145.7766
0.0005,4,9,-154.2719
0.0005,4,10,-152.2176
0.0005,4,11,-141.0713
0.0005,4,12,-137.766
0.0005,4,13,-140.0172
0.0005,4,14,-140.287
0.0005,4,15,-145.9124
0.0005,4,16,-132.0702
0.0005,4,17,-129.123
0.0005,4,18,-124.223
0.0005,4,19,-128.7675
0.0005,4,20,-130.0353
0.0005,4,21,-123.3194
0.0005,4,22,-120.8027
0.0005,4,23,-123.7427
0.0005,4,24,-104.575
0.0005,4,25,-111.3711
0.0005,4,26,-115.3326
0.0005,4,27,-114.4871
0.0005,4,28,-112.224
0.0005,4,29,-108.7618
0.0005,4,30,-106.708
0.0005,4,31,-109.5858
0.0005,4,32,-106.6723
0.0005,4,33,-101.0321
0.0005,4,34,-105.9302
0.0005,4,35,-93.7754
0.0005,4,36,-103.1646
0.0005,4,37,-104.8667
0.0005,4,38,-100.0782
0.0005,4,39,-98.7929
0.0005,4,40,-100.3295
0.0005,4,41,-97.5807
0.0005,4,42,-104.6271
0.0005,4,43,-95.3624
0.0005,4,44,-99.4515
0.0005,4,45,-86.0752
0.0005,4,46,-94.7999
0.0005,4,47,-92.8724
0.0005,4,48,-87.0398
0.0005,4,49,-90.8788
0.0005,4,50,-94.0509
0.0005,4,51,-90.5384
0.0005,4,52,-94.7024
0.0005,4,53,-95.4701
0.0005,4,54,-95.4046
0.0005,4,55,-98.3188
0.0005,4,56,-85.3658
0.0005,4,57,-88.3744
0.0005,4,58,-95.5213
0.0005,4,59,-85.3204
0.0005,4,60,-91.6382
0.0005,4,61,-85.7886
0.0005,4,62,-78.5245
0.0005,4,63,-80.7695
0.0005,4,64,-87.8016
0.0005,4,65,-93.8216
0.0005,4,66,-79.0094
0.0005,4,67,-88.5781
0.0005,4,68,-81.0377
0.0005,4,69,-81.649
0.0005,4,70,-78.6213
0.0005,4,71,-85.1049
0.0005,4,72,-77.2839
0.0005,4,73,-80.3689
0.0005,4,74,-84.3844
0.0005,4,75,-85.6548
0.0005,4,76,-80.937
0.0005,4,77,-80.7531
0.0005,4,78,-80.264
0.0005,4,79,-82.6086
0.0005,4,80,-80.7578
0.0005,4,81,-92.8051
0.0005,4,82,-81.3333
0.0005,4,83,-85.0503
0.0005,4,84,-79.6765
0.0005,4,85,-84.1612
0.0005,4,86,-74.5796
0.0005,4,87,-82.3146
0.0005,4,88,-82.1266
0.0005,4,89,-85.4247
0.0005,4,90,-78.5283
0.0005,4,91,-82.1549
0.0005,4,92,-83.0506
0.0005,4,93,-75.5349
0.0005,4,94,-85.9702
0.0005,4,95,-83.8489
0.0005,4,96,-82.285
0.0005,4,97,-81.1439
0.0005,4,98,-74.7822
0.0005,4,99,-81.671
0.0005,4,100,-76.2677
0.0005,4,101,-74.6597
0.0005,4,102,-80.4305
0.0005,4,103,-77.9126
0.0005,4,104,-80.0386
0.0005,4,105,-85.0682
0.0005,4,106,-80.9001
0.0005,4,107,-79.9348
0.0005,4,108,-75.4964
0.0005,4,109,-87.2162
0.0005,4,110,-74.0417
0.0005,4,111,-79.6038
0.0005,4,112,-77.9824
0.0005,4,113,-83.0258
0.0005,4,114,-77.1903
0.0005,4,115,-81.4187
0.0005,4,116,-72.5271
0.0005,4,117,-74.6932
0.0005,4,118,-79.4946
0.0005,4,119,-79.7557
0.0005,4,120,-74.8514
0.0005,4,121,-77.3105
0.0005,4,122,-80.8553
0.0005,4,123,-78.9191
0.0005,4,124,-78.9948
0.0005,4,125,-80.2284
0.0005,4,126,-81.6512
0.0005,4,127,-73.165
0.0005,4,128,-73.6795
0.0005,4,129,-73.5213
0.0005,4,130,-70.2806
0.0005,4,131,-80.608
0.0005,4,132,-79.2748
0.0005,4,133,-72.3982
0.0005,4,134,-75.6742
0.0005,4,135,-79.5025
0.0005,4,136,-74.4045
0.0005,4,137,-80.6682
0.0005,4,138,-80.8081
0.0005,4,139,-80.1085
0.0005,4,140,-82.4207
0.0005,4,141,-82.3831
0.0005,4,142,-76.0818
0.0005,4,143,-80.1892
0.0005,4,144,-77.5438
0.0005,4,145,-79.5756
0.0005,4,146,-75.0417
0.0005,4,147,-75.0904
0.0005,4,148,-74.5459
0.0005,4,149,-77.6517
0.0005,4,150,-80.9981
0.0005,4,151,-76.583
0.0005,4,152,-77.4036
0.0005,4,153,-82.4434
0.0005,4,154,-86.0773
0.0005,4,155,-69.7928
0.0005,4,156,-75.4704
0.0005,4,157,-80.142
0.0005,4,158,-84.6985
0.0005,4,159,-84.0024
0.0005,4,160,-76.695
0.0005,4,161,-74.5559
0.0005,4,162,-75.3766
0.0005,4,163,-80.4817
0.0005,4,164,-79.5726
0.0005,4,165,-77.4437
0.0005,4,166,-76.4512
0.0005,4,167,-80.5782
0.0005,4,168,-81.5152
0.0005,4,169,-80.009
0.0005,4,170,-79.4065
0.0005,4,171,-74.9533
0.0005,4,172,-80.1376
0.0005,4,173,-71.3362
0.0005,4,174,-76.4877
0.0005,4,175,-79.6861
0.0005,4,176,-83.2697
0.0005,4,177,-81.3312
0.0005,4,178,-79.1005
0.0005,4,179,-80.3429
0.0005,4,180,-80.9377
0.0005,4,181,-73.64
0.0005,4,182,-72.4654
0.0005,4,183,-74.4486
0.0005,4,184,-77.737
0.0005,4,185,-74.315
0.0005,4,186,-81.433
0.0005,4,187,-79.3965
0.0005,4,188,-79.081
0.0005,4,189,-78.6535
0.0005,4,190,-79.3054
0.0005,4,191,-78.4916
0.0005,4,192,-83.2731
0.0005,4,193,-75.2597
0.0005,4,194,-81.434
0.0005,4,195,-75.4539
0.0005,4,196,-79.6548
0.0005,4,197,-81.4651
0.0005,4,198,-78.296
0.0005,4,199,-80.1561
0.0005,4,200,-76.2675
0.0005,4,201,-81.2432
0.0005,4,202,-73.0302
0.0005,4,203,-77.7863
0.0005,4,204,-80.2747
0.0005,4,205,-77.9506
0.0005,4,206,-75.8383
0.0005,4,207,-77.2342
0.0005,4,208,-79.6916
0.0005,4,209,-75.9695
0.0005,4,210,-81.3883
0.0005,4,211,-77.8197
0.0005,4,212,-75.3203
0.0005,4,213,-77.8346
0.0005,4,214,-79.4936
0.0005,4,215,-78.69
0.0005,4,216,-77.7917
0.0005,4,217,-77.7563
0.0005,4,218,-76.0615
0.0005,4,219,-80.7668
0.0005,4,220,-78.3555
0.0005,4,221,-73.4089
0.0005,4,222,-75.0617
0.0005,4,223,-71.0704
0.0005,4,224,-81.8017
0.0005,4,225,-79.7111
0.0005,4,226,-81.9202
0.0005,4,227,-80.4484
0.0005,4,228,-77.0568
0.0005,4,229,-76.6584
0.0005,4,230,-80.5175
0.0005,4,231,-78.5391
0.0005,4,232,-72.9948
0.0005,4,233,-79.1414
0.0005,4,234,-80.1166
0.0005,4,235,-74.162
0.0005,4,236,-80.0826
0.0005,4,237,-81.4723
0.0005,4,238,-76.4425
0.0005,4,239,-77.0473
0.0005,4,240,-77.3518
0.0005,4,241,-78.8643
0.0005,4,242,-80.4866
0.0005,4,243,-77.6536
0.0005,4,244,-74.3064
0.0005,4,245,-77.7503
0.0005,4,246,-77.3241
0.0005,4,247,-77.3754
0.0005,4,248,-75.2514
0.0005,4,249,-82.5392
0.0005,4,250,-76.0037
0.0005,4,251,-78.9042
0.0005,4,252,-76.7984
0.0005,4,253,-78.2323
0.0005,4,254,-79.06
0.0005,4,255,-79.7977
0.0005,4,256,-73.9042
0.0005,4,257,-74.0377
0.0005,4,258,-77.4428
0.0005,4,259,-77.5902
0.0005,4,260,-80.7184
0.0005,4,261,-73.2734
0.0005,4,262,-77.3994
0.0005,4,263,-84.3437
0.0005,4,264,-76.3637
0.0005,4,265,-73.1345
0.0005,4,266,-81.9405
0.0005,4,267,-75.579
0.0005,4,268,-77.9774
0.0005,4,269,-78.1819
0.0005,4,270,-76.7134
0.0005,4,271,-79.498
0.0005,4,272,-74.6892
0.0005,4,273,-82.2355
0.0005,4,274,-75.0893
0.0005,4,275,-77.7004
0.0005,4,276,-76.3639
0.0005,4,277,-78.6095
0.0005,4,278,-79.2854
0.0005,4,279,-80.2985
0.0005,4,280,-75.601
0.0005,4,281,-76.2805
0.0005,4,282,-79.8006
0.0005,4,283,-78.8196
0.0005,4,284,-79.1957
0.0005,4,285,-74.2149
0.0005,4,286,-81.2697
0.0005,4,287,-82.2096
0.0005,4,288,-79.5191
0.0005,4,289,-79.1803
0.0005,4,290,-76.8669
0.0005,4,291,-78.0792
0.0005,4,292,-76.9693
0.0005,4,293,-75.5267
0.0005,4,294,-81.6073
0.0005,4,295,-77.9085
0.0005,4,296,-79.9159
0.0005,4,297,-80.2512
0.0005,4,298,-79.0141
0.0005,4,299,-76.2952
0.0005,4,300,-78.0163
0.0005,4,301,-75.6662
0.0005,4,302,-74.1478
0.0005,4,303,-76.5433
0.0005,4,304,-76.2605
0.0005,4,305,-75.7939
0.0005,4,306,-76.8956
0.0005,4,307,-80.6705
0.0005,4,308,-77.9645
0.0005,4,309,-80.7041
0.0005,4,310,-78.0821
0.0005,4,311,-74.0887
0.0005,4,312,-76.8616
0.0005,4,313,-76.8537
0.0005,4,314,-75.082
0.0005,4,315,-76.0202
0.0005,4,316,-74.6793
0.0005,4,317,-77.759
0.0005,4,318,-76.4043
0.0005,4,319,-75.8843
0.0005,4,320,-80.8559
0.0005,4,321,-78.5914
0.0005,4,322,-76.5385
0.0005,4,323,-78.1726
0.0005,4,324,-77.6891
0.0005,4,325,-76.6499
0.0005,4,326,-78.5941
0.0005,4,327,-77.5301
0.0005,4,328,-78.6672
0.0005,4,329,-79.3935
0.0005,4,330,-77.6737
0.0005,4,331,-77.5082
0.0005,4,332,-79.8433
0.0005,4,333,-81.6296
0.0005,4,334,-77.8062
0.0005,4,335,-79.4256
0.0005,4,336,-81.7596
0.0005,4,337,-82.7753
0.0005,4,338,-80.5904
0.0005,4,339,-77.0358
0.0005,4,340,-74.4069
0.0005,4,341,-78.7702
0.0005,4,342,-79.3022
0.0005,4,343,-76.6911
0.0005,4,344,-78.1333
0.0005,4,345,-78.3264
0.0005,4,346,-76.4114
0.0005,4,347,-78.461
0.0005,4,348,-77.9484
0.0005,4,349,-74.147
0.0005,4,350,-75.0395
0.0005,4,351,-76.8462
0.0005,4,352,-75.5873
0.0005,4,353,-76.9447
0.0005,4,354,-76.2497
0.0005,4,355,-76.4842
0.0005,4,356,-77.0154
0.0005,4,357,-75.6743
0.0005,4,358,-77.7163
0.0005,4,359,-77.1794
0.0005,4,360,-77.5583
0.0005,4,361,-76.4298
0.0005,4,362,-76.059
0.0005,4,363,-80.839
0.0005,4,364,-77.5896
0.0005,4,365,-78.1567
0.0005,4,366,-77.2568
0.0005,4,367,-78.2088
0.0005,4,368,-78.9397
0.0005,4,369,-76.6673
0.0005,4,370,-79.3205
0.0005,4,371,-76.4465
0.0005,4,372,-77.165
0.0005,4,373,-77.508
0.0005,4,374,-77.1882
0.0005,4,375,-76.7117
0.0005,4,376,-74.206
0.0005,4,377,-79.4208
0.0005,4,378,-79.5441
0.0005,4,379,-77.5375
0.0005,4,380,-76.0593
0.0005,4,381,-78.0442
0.0005,4,382,-80.489
0.0005,4,383,-77.7066
0.0005,4,384,-78.9208
0.0005,4,385,-79.8177
0.0005,4,386,-77.6036
0.0005,4,387,-76.7991
0.0005,4,388,-76.9669
0.0005,4,389,-78.1086
0.0005,4,390,-78.9547
0.0005,4,391,-79.4046
0.0005,4,392,-79.2715
0.0005,4,393,-77.9562
0.0005,4,394,-78.1295
0.0005,4,395,-79.3444
0.0005,4,396,-76.6651
0.0005,4,397,-79.2881
0.0005,4,398,-78.043
0.0005,4,399,-73.3802
0.0005,4,400,-78.5694
0.0005,4,401,-83.8442
0.0005,4,402,-79.7443
0.0005,4,403,-76.9324
0.0005,4,404,-76.5157
0.0005,4,405,-78.5743
0.0005,4,406,-79.3446
0.0005,4,407,-79.6241
0.0005,4,408,-80.4741
0.0005,4,409,-77.0561
0.0005,4,410,-79.4088
0.0005,4,411,-76.8681
0.0005,4,412,-75.6261
0.0005,4,413,-76.7269
0.0005,4,414,-77.5348
0.0005,4,415,-75.0503
0.0005,4,416,-76.0563
0.0005,4,417,-77.6975
0.0005,4,418,-78.3862
0.0005,4,419,-79.1801
0.0005,4,420,-76.7122
0.0005,4,421,-78.5675
0.0005,4,422,-76.0464
0.0005,4,423,-76.5733
0.0005,4,424,-78.8255
0.0005,4,425,-77.8016
0.0005,4,426,-78.876
0.0005,4,427,-78.0561
0.0005,4,428,-77.0008
0.0005,4,429,-77.7335
0.0005,4,430,-77.0776
0.0005,4,431,-75.7681
0.0005,4,432,-79.3751
0.0005,4,433,-80.5257
0.0005,4,434,-77.2767
0.0005,4,435,-78.8239
0.0005,4,436,-80.0486
0.0005,4,437,-79.473
0.0005,4,438,-77.664
0.0005,4,439,-79.7305
0.0005,4,440,-79.0369
0.0005,4,441,-79.6269
0.0005,4,442,-78.8157
0.0005,4,443,-78.731
0.0005,4,444,-77.0538
0.0005,4,445,-75.4041
0.0005,4,446,-77.4328
0.0005,4,447,-75.9579
0.0005,4,448,-75.9796
0.0005,4,449,-77.2725
0.0005,4,450,-80.5891
0.0005,4,451,-76.6807
0.0005,4,452,-78.979
0.0005,4,453,-77.3381
0.0005,4,454,-77.8635
0.0005,4,455,-79.8342
0.0005,4,456,-77.7675
0.0005,4,457,-79.6619
0.0005,4,458,-77.8694
0.0005,4,459,-78.2906
0.0005,4,460,-76.0664
0.0005,4,461,-79.2357
0.0005,4,462,-77.3023
0.0005,4,463,-77.5858
0.0005,4,464,-79.7398
0.0005,4,465,-78.5022
0.0005,4,466,-79.3303
0.0005,4,467,-76.9051
0.0005,4,468,-79.5356
0.0005,4,469,-76.7484
0.0005,4,470,-77.2437
0.0005,4,471,-78.4363
0.0005,4,472,-80.1339
0.0005,4,473,-78.8786
0.0005,4,474,-78.2957
0.0005,4,475,-78.6911
0.0005,4,476,-77.2979
0.0005,4,477,-78.2977
0.0005,4,478,-79.4818
0.0005,4,479,-78.087
0.0005,4,480,-77.3519
0.0005,4,481,-76.7554
0.0005,4,482,-77.8971
0.0005,4,483,-76.4527
0.0005,4,484,-80.1421
0.0005,4,485,-79.8017
0.0005,4,486,-77.9525
0.0005,4,487,-78.794
0.0005,4,488,-77.341
0.0005,4,489,-79.4748
0.0005,4,490,-80.3689
0.0005,4,491,-78.1352
0.0005,4,492,-80.6874
0.0005,4,493,-75.449
0.0005,4,494,-78.3276
0.0005,4,495,-77.598
0.0005,4,496,-79.0551
0.0005,4,497,-73.2251
0.0005,4,498,-75.71
0.0005,4,499,-76.1852
0.0005,4,500,-76.2896
0.001,0,1,-184.571
0.001,0,2,-172.0315
0.001,0,3,-161.2408
0.001,0,4,-171.3264
0.001,0,5,-153.0575
0.001,0,6,-158.4177
0.001,0,7,-167.3572
0.001,0,8,-172.9175
0.001,0,9,-136.9216
0.001,0,10,-142.8225
0.001,0,11,-141.1496
0.001,0,12,-166.3396
0.001,0,13,-143.864
0.001,0,14,-149.5263
0.001,0,15,-131.2721
0.001,0,16,-131.598
0.001,0,17,-154.9995
0.001,0,18,-131.1415
0.001,0,19,-150.5342
0.001,0,20,-140.9339
0.001,0,21,-144.6567
0.001,0,22,-122.8475
0.001,0,23,-130.0916
0.001,0,24,-159.5483
0.001,0,25,-136.5823
0.001,0,26,-117.4711
0.001,0,27,-117.1085
0.001,0,28,-123.2569
0.001,0,29,-131.4259
0.001,0,30,-131.3961
0.001,0,31,-117.5426
0.001,0,32,-121.6223
0.001,0,33,-108.9763
0.001,0,34,-128.8025
0.001,0,35,-113.8566
0.001,0,36,-115.8638
0.001,0,37,-114.5036
0.001,0,38,-132.2768
0.001,0,39,-119.9545
0.001,0,40,-111.988
0.001,0,41,-120.2721
0.001,0,42,-106.9947
0.001,0,43,-122.7318
0.001,0,44,-114.1476
0.001,0,45,-134.1309
0.001,0,46,-124.1266
0.001,0,47,-98.8302
0.001,0,48,-121.5117
0.001,0,49,-126.9787
0.001,0,50,-110.6346
0.001,0,51,-111.2006
0.001,0,52,-118.4273
0.001,0,53,-138.765
0.001,0,54,-111.5346
0.001,0,55,-113.1393
0.001,0,56,-111.358
0.001,0,57,-107.3752
0.001,0,58,-110.4262
0.001,0,59,-123.1302
0.001,0,60,-131.9033
0.001,0,61,-107.3786
0.001,0,62,-124.0716
0.001,0,63,-90.3094
0.001,0,64,-126.8133
0.001,0,65,-108.1485
0.001,0,66,-103.1352
0.001,0,67,-103.013
0.001,0,68,-106.2424
0.001,0,69,-121.9387
0.001,0,70,-114.7829
0.001,0,71,-118.4158
0.001,0,72,-88.7057
0.001,0,73,-102.6646
0.001,0,74,-104.3308
0.001,0,75,-124.484
0.001,0,76,-132.1004
0.001,0,77,-116.3946
0.001,0,78,-105.1404
0.001,0,79,-114.1802
0.001,0,80,-112.625
0.001,0,81,-100.0371
0.001,0,82,-92.5414
0.001,0,83,-88.0412
0.001,0,84,-95.3937
0.001,0,85,-102.8222
0.001,0,86,-88.8988
0.001,0,87,-107.1905
0.001,0,88,-111.2022
0.001,0,89,-125.2164
0.001,0,90,-105.2345
0.001,0,91,-91.7459
0.001,0,92,-108.8724
0.001,0,93,-112.9508
0.001,0,94,-117.2254
0.001,0,95,-102.335
0.001,0,96,-110.0119
0.001,0,97,-112.2976
0.001,0,98,-114.0775
0.001,0,99,-105.8111
0.001,0,100,-116.6261
0.001,0,101,-121.7467
0.001,0,102,-109.7562
0.001,0,103,-114.0579
0.001,0,104,-100.1298
0.001,0,105,-103.7873
0.001,0,106,-104.2591
0.001,0,107,-82.0157
0.001,0,108,-100.1117
0.001,0,109,-99.3608
0.001,0,110,-84.1846
0.001,0,111,-97.8908
0.001,0,112,-109.157
0.001,0,113,-101.4593
0.001,0,114,-102.1516
0.001,0,115,-101.5674
0.001,0,116,-110.9021
0.001,0,117,-114.3023
0.001,0,118,-104.1073
0.001,0,119,-107.9822
0.001,0,120,-83.5848
0.001,0,121,-98.6469
0.001,0,122,-118.6575
0.001,0,123,-103.6625
0.001,0,124,-107.7169
0.001,0,125,-99.6106
0.001,0,126,-100.2398
0.001,0,127,-108.7778
0.001,0,128,-123.9853
0.001,0,129,-109.7612
0.001,0,130,-111.6337
0.001,0,131,-109.0836
0.001,0,132,-125.1023
0.001,0,133,-115.5629
0.001,0,134,-109.4703
0.001,0,135,-91.766
0.001,0,136,-110.17
0.001,0,137,-117.4892
0.001,0,138,-103.4175
0.001,0,139,-109.5498
0.001,0,140,-100.6311
0.001,0,141,-102.529
0.001,0,142,-109.8127
0.001,0,143,-96.0283
0.001,0,144,-99.3155
0.001,0,145,-104.7886
0.001,0,146,-102.5896
0.001,0,147,-103.9373
0.001,0,148,-97.3031
0.001,0,149,-112.0535
0.001,0,150,-119.9724
0.001,0,151,-101.576
0.001,0,152,-109.6737
0.001,0,153,-114.851
0.001,0,154,-98.0333
0.001,0,155,-108.94
0.001,0,156,-121.6476
0.001,0,157,-101.4864
0.001,0,158,-99.2203
0.001,0,159,-108.876
0.001,0,160,-80.9001
0.001,0,161,-99.6429
0.001,0,162,-104.6347
0.001,0,163,-101.1604
0.001,0,164,-100.0718
0.001,0,165,-100.9664
0.001,0,166,-111.8711
0.001,0,167,-111.0682
0.001,0,168,-87.458
0.001,0,169,-111.0565
0.001,0,170,-106.4291
0.001,0,171,-109.1931
0.001,0,172,-118.3335
0.001,0,173,-114.4183
0.001,0,174,-106.004
0.001,0,175,-99.4052
0.001,0,176,-115.6524
0.001,0,177,-103.559
0.001,0,178,-108.7132
0.001,0,179,-105.0776
0.001,0,180,-101.7989
0.001,0,181,-98.8974
0.001,0,182,-111.2398
0.001,0,183,-105.1752
0.001,0,184,-120.0374
0.001,0,185,-100.0407
0.001,0,186,-98.6184
0.001,0,187,-105.5138
0.001,0,188,-107.2935
0.001,0,189,-115.6967
0.001,0,190,-103.1936
0.001,0,191,-123.2083
0.001,0,192,-110.41
0.001,0,193,-103.2132
0.001,0,194,-100.1135
0.001,0,195,-111.0958
0.001,0,196,-112.1077
0.001,0,197,-111.2044
0.001,0,198,-111.7661
0.001,0,199,-111.8692
0.001,0,200,-103.7695
0.001,0,201,-101.2925
0.001,0,202,-109.2594
0.001,0,203,-105.8255
0.001,0,204,-121.2905
0.001,0,205,-106.7761
0.001,0,206,-105.0796
0.001,0,207,-112.3703
0.001,0,208,-107.4201
0.001,0,209,-107.6079
0.001,0,210,-103.9967
0.001,0,211,-109.206
0.001,0,212,-108.4435
0.001,0,213,-103.1325
0.001,0,214,-111.3744
0.001,0,215,-102.3547
0.001,0,216,-100.5762
0.001,0,217,-114.3894
0.001,0,218,-112.5202
0.001,0,219,-106.5337
0.001,0,220,-112.8894
0.001,0,221,-118.8607
0.001,0,222,-102.7587
0.001,0,223,-108.1609
0.001,0,224,-103.0814
0.001,0,225,-100.4265
0.001,0,226,-104.4373
0.001,0,227,-100.9863
0.001,0,228,-100.5052
0.001,0,229,-117.2594
0.001,0,230,-104.5893
0.001,0,231,-113.6801
0.001,0,232,-101.7866
0.001,0,233,-106.4697
0.001,0,234,-120.3222
0.001,0,235,-107.0649
0.001,0,236,-98.616
0.001,0,237,-98.0601
0.001,0,238,-105.9005
0.001,0,239,-105.0461
0.001,0,240,-112.4487
0.001,0,241,-97.002
0.001,0,242,-107.051
0.001,0,243,-108.058
0.001,0,244,-109.6933
0.001,0,245,-98.9344
0.001,0,246,-116.6686
0.001,0,247,-103.6614
0.001,0,248,-104.5606
0.001,0,249,-114.8095
0.001,0,250,-104.8475
0.001,0,251,-98.7746
0.001,0,252,-101.2682
0.001,0,253,-98.3648
0.001,0,254,-103.6526
0.001,0,255,-102.5079
0.001,0,256,-106.3958
0.001,0,257,-92.4885
0.001,0,258,-99.6911
0.001,0,259,-101.2934
0.001,0,260,-108.311
0.001,0,261,-97.387
0.001,0,262,-99.9449
0.001,0,263,-102.207
0.001,0,264,-103.9147
0.001,0,265,-109.2797
0.001,0,266,-101.3722
0.001,0,267,-105.2029
0.001,0,268,-117.6745
0.001,0,269,-105.4295
0.001,0,270,-100.0129
0.001,0,271,-106.4739
0.001,0,272,-105.434
0.001,0,273,-100.3399
0.001,0,274,-109.303
0.001,0,275,-109.2636
0.001,0,276,-104.3356
0.001,0,277,-103.5625
0.001,0,278,-96.3446
0.001,0,279,-106.4498
0.001,0,280,-106.3295
0.001,0,281,-102.8499
0.001,0,282,-97.3759
0.001,0,283,-104.709
0.001,0,284,-104.7233
0.001,0,285,-106.6126
0.001,0,286,-102.8738
0.001,0,287,-102.7373
0.001,0,288,-100.6501
0.001,0,289,-104.1749
0.001,0,290,-106.1078
0.001,0,291,-117.6314
0.001,0,292,-111.4796
0.001,0,293,-108.0068
0.001,0,294,-96.4365
0.001,0,295,-107.1379
0.001,0,296,-93.3319
0.001,0,297,-110.2207
0.001,0,298,-109.5757
0.001,0,299,-105.5182
0.001,0,300,-104.8116
0.001,0,301,-98.2514
0.001,0,302,-109.7287
0.001,0,303,-107.9732
0.001,0,304,-110.8033
0.001,0,305,-100.5516
0.001,0,306,-105.7213
0.001,0,307,-107.7197
0.001,0,308,-105.8488
0.001,0,309,-97.503
0.001,0,310,-104.5994
0.001,0,311,-105.4716
0.001,0,312,-111.4913
0.001,0,313,-99.0097
0.001,0,314,-109.7987
0.001,0,315,-107.1283
0.001,0,316,-110.3319
0.001,0,317,-103.1822
0.001,0,318,-101.8159
0.001,0,319,-111.505
0.001,0,320,-107.3356
0.001,0,321,-95.3327
0.001,0,322,-107.9918
0.001,0,323,-101.4881
0.001,0,324,-104.0641
0.001,0,325,-100.1892
0.001,0,326,-107.9882
0.001,0,327,-103.7248
0.001,0,328,-102.427
0.001,0,329,-103.3002
0.001,0,330,-107.5324
0.001,0,331,-101.2316
0.001,0,332,-104.0627
0.001,0,333,-95.1363
0.001,0,334,-102.5761
0.001,0,335,-105.6188
0.001,0,336,-103.8467
0.001,0,337,-109.0606
0.001,0,338,-100.4617
0.001,0,339,-106.9807
0.001,0,340,-107.1043
0.001,0,341,-97.492
0.001,0,342,-107.7142
0.001,0,343,-100.8859
0.001,0,344,-106.759
0.001,0,345,-100.4877
0.001,0,346,-105.7273
0.001,0,347,-105.8086
0.001,0,348,-94.0082
0.001,0,349,-102.0666
0.001,0,350,-113.875
0.001,0,351,-101.7094
0.001,0,352,-106.4891
0.001,0,353,-107.3902
0.001,0,354,-106.1394
0.001,0,355,-107.6
0.001,0,356,-105.1755
0.001,0,357,-101.0175
0.001,0,358,-101.1892
0.001,0,359,-99.3864
0.001,0,360,-114.2316
0.001,0,361,-107.1127
0.001,0,362,-105.488
0.001,0,363,-104.8972
0.001,0,364,-105.0928
0.001,0,365,-107.5418
0.001,0,366,-106.9591
0.001,0,367,-104.0368
0.001,0,368,-100.9063
0.001,0,369,-105.4153
0.001,0,370,-103.7482
0.001,0,371,-104.1314
0.001,0,372,-99.3125
0.001,0,373,-109.6076
0.001,0,374,-100.8574
0.001,0,375,-99.3828
0.001,0,376,-109.5852
0.001,0,377,-109.3913
0.001,0,378,-107.6144
0.001,0,379,-104.2633
0.001,0,380,-101.1845
0.001,0,381,-106.2674
0.001,0,382,-103.5713
0.001,0,383,-101.6624
0.001,0,384,-105.9881
0.001,0,385,-106.4155
0.001,0,386,-101.9832
0.001,0,387,-101.2433
0.001,0,388,-109.3498
0.001,0,389,-103.5124
0.001,0,390,-101.7286
0.001,0,391,-104.0709
0.001,0,392,-110.06
0.001,0,393,-95.2161
0.001,0,394,-99.9039
0.001,0,395,-107.0223
0.001,0,396,-102.2253
0.001,0,397,-104.7686
0.001,0,398,-104.888
0.001,0,399,-107.9184
0.001,0,400,-108.1864
0.001,0,401,-112.0936
0.001,0,402,-108.437
0.001,0,403,-105.1367
0.001,0,404,-107.6387
0.001,0,405,-102.7922
0.001,0,406,-107.461
0.001,0,407,-102.6721
0.001,0,408,-104.8942
0.001,0,409,-103.8465
0.001,0,410,-108.9684
0.001,0,411,-105.8577
0.001,0,412,-103.2121
0.001,0,413,-105.2801
0.001,0,414,-108.631
0.001,0,415,-95.7474
0.001,0,416,-97.7895
0.001,0,417,-106.4378
0.001,0,418,-106.381
0.001,0,419,-105.2224
0.001,0,420,-106.7026
0.001,0,421,-101.7803
0.001,0,422,-103.9949
0.001,0,423,-107.0524
0.001,0,424,-101.4929
0.001,0,425,-107.2913
0.001,0,426,-98.7161
0.001,0,427,-107.2031
0.001,0,428,-108.9789
0.001,0,429,-101.6003
0.001,0,430,-105.8747
0.001,0,431,-98.9674
0.001,0,432,-103.729
0.001,0,433,-102.8064
0.001,0,434,-106.2862
0.001,0,435,-101.5141
0.001,0,436,-107.5143
0.001,0,437,-103.6433
0.001,0,438,-104.7697
0.001,0,439,-99.0034
0.001,0,440,-101.874
0.001,0,441,-99.4009
0.001,0,442,-109.4433
0.001,0,443,-103.0948
0.001,0,444,-110.581
0.001,0,445,-103.7443
0.001,0,446,-100.9551
0.001,0,447,-104.9938
0.001,0,448,-101.7705
0.001,0,449,-100.606
0.001,0,450,-109.7593
0.001,0,451,-104.9491
0.001,0,452,-104.1675
0.001,0,453,-103.9566
0.001,0,454,-103.6913
0.001,0,455,-101.0554
0.001,0,456,-105.8052
0.001,0,457,-101.3423
0.001,0,458,-102.9731
0.001,0,459,-108.9593
0.001,0,460,-104.7232
0.001,0,461,-105.8112
0.001,0,462,-113.1517
0.001,0,463,-105.6413
0.001,0,464,-103.0063
0.001,0,465,-104.3919
0.001,0,466,-109.3204
0.001,0,467,-103.351
0.001,0,468,-103.0189
0.001,0,469,-106.8289
0.001,0,470,-106.5833
0.001,0,471,-109.9914
0.001,0,472,-105.6626
0.001,0,473,-106.4385
0.001,0,474,-103.5394
0.001,0,475,-108.4885
0.001,0,476,-105.7434
0.001,0,477,-103.9535
0.001,0,478,-103.3715
0.001,0,479,-100.3055
0.001,0,480,-103.1812
0.001,0,481,-106.4489
0.001,0,482,-108.3135
0.001,0,483,-104.644
0.001,0,484,-106.5603
0.001,0,485,-103.7751
0.001,0,486,-104.1117
0.001,0,487,-104.8025
0.001,0,488,-105.9028
0.001,0,489,-101.9716
0.001,0,490,-102.0257
0.001,0,491,-102.4481
0.001,0,492,-104.1305
0.001,0,493,-101.4402
0.001,0,494,-102.2833
0.001,0,495,-103.9857
0.001,0,496,-107.335
0.001,0,497,-104.1799
0.001,0,498,-106.1904
0.001,0,499,-104.8159
0.001,0,500,-109.1591
0.001,1,1,-180.2955
0.001,1,2,-160.1636
0.001,1,3,-159.6401
0.001,1,4,-167.8479
0.001,1,5,-154.2726
0.001,1,6,-162.4922
0.001,1,7,-179.6354
0.001,1,8,-158.934
0.001,1,9,-128.8858
0.001,1,10,-168.3307
0.001,1,11,-163.5703
0.001,1,12,-147.7327
0.001,1,13,-147.2816
0.001,1,14,-151.1114
0.001,1,15,-121.3889
0.001,1,16,-139.4645
0.001,1,17,-136.1454
0.001,1,18,-157.4996
0.001,1,19,-142.1972
0.001,1,20,-137.516
0.001,1,21,-137.6549
0.001,1,22,-128.3272
0.001,1,23,-122.449
0.001,1,24,-134.1344
0.001,1,25,-158.6944
0.001,1,26,-123.7485
0.001,1,27,-123.9585
0.001,1,28,-118.6298
0.001,1,29,-120.1884
0.001,1,30,-114.7577
0.001,1,31,-124.4588
0.001,1,32,-131.2308
0.001,1,33,-125.3419
0.001,1,34,-129.4822
0.001,1,35,-113.4024
0.001,1,36,-118.5505
0.001,1,37,-114.0907
0.001,1,38,-110.9373
0.001,1,39,-115.2495
0.001,1,40,-123.2957
0.001,1,41,-121.3029
0.001,1,42,-116.0499
0.001,1,43,-134.0119
0.001,1,44,-124.7249
0.001,1,45,-120.804
0.001,1,46,-118.7399
0.001,1,47,-120.0327
0.001,1,48,-119.6592
0.001,1,49,-113.2658
0.001,1,50,-93.2627
0.001,1,51,-103.3462
0.001,1,52,-114.7426
0.001,1,53,-122.2837
0.001,1,54,-120.7152
0.001,1,55,-106.9392
0.001,1,56,-135.4117
0.001,1,57,-112.6036
0.001,1,58,-124.2398
0.001,1,59,-128.2436
0.001,1,60,-110.5251
0.001,1,61,-115.1741
0.001,1,62,-125.3711
0.001,1,63,-116.5984
0.001,1,64,-91.5111
0.001,1,65,-101.4001
0.001,1,66,-124.7353
0.001,1,67,-117.4921
0.001,1,68,-112.5646
0.001,1,69,-126.7447
0.001,1,70,-113.7267
0.001,1,71,-101.5907
0.001,1,72,-115.6491
0.001,1,73,-89.5433
0.001,1,74,-123.0546
0.001,1,75,-93.376
0.001,1,76,-90.9218
0.001,1,77,-89.8002
0.001,1,78,-121.5537
0.001,1,79,-115.0063
0.001,1,80,-105.7155
0.001,1,81,-97.6097
0.001,1,82,-100.6476
0.001,1,83,-83.7818
0.001,1,84,-91.7645
0.001,1,85,-104.2452
0.001,1,86,-104.5541
0.001,1,87,-96.3511
0.001,1,88,-88.878
0.001,1,89,-102.7775
0.001,1,90,-107.577
0.001,1,91,-100.5074
0.001,1,92,-101.0517
0.001,1,93,-110.644
0.001,1,94,-113.9543
0.001,1,95,-111.2149
0.001,1,96,-94.6645
0.001,1,97,-105.0129
0.001,1,98,-97.057
0.001,1,99,-102.9032
0.001,1,100,-91.9078
0.001,1,101,-109.565
0.001,1,102,-101.0284
0.001,1,103,-104.9508
0.001,1,104,-90.5889
0.001,1,105,-112.2303
0.001,1,106,-112.6905
0.001,1,107,-119.8614
0.001,1,108,-116.5362
0.001,1,109,-106.441
0.001,1,110,-116.0146
0.001,1,111,-94.3328
0.001,1,112,-99.427
0.001,1,113,-91.0949
0.001,1,114,-120.688
0.001,1,115,-107.6041
0.001,1,116,-102.6198
0.001,1,117,-115.3552
0.001,1,118,-111.1291
0.001,1,119,-120.4123
0.001,1,120,-111.8487
0.001,1,121,-109.7056
0.001,1,122,-91.8539
0.001,1,123,-100.8821
0.001,1,124,-107.374
0.001,1,125,-104.7162
0.001,1,126,-99.9439
0.001,1,127,-100.2878
0.001,1,128,-94.9273
0.001,1,129,-111.6729
0.001,1,130,-105.4697
0.001,1,131,-123.9311
0.001,1,132,-108.3888
0.001,1,133,-103.6353
0.001,1,134,-88.5195
0.001,1,135,-104.1485
0.001,1,136,-110.1638
0.001,1,137,-103.3086
0.001,1,138,-103.5064
0.001,1,139,-108.9994
0.001,1,140,-111.8529
0.001,1,141,-114.121
0.001,1,142,-93.5424
0.001,1,143,-111.4443
0.001,1,144,-95.2838
0.001,1,145,-88.8507
0.001,1,146,-105.1196
0.001,1,147,-101.5897
0.001,1,148,-101.1321
0.001,1,149,-101.1803
0.001,1,150,-109.0026
0.001,1,151,-113.8413
0.001,1,152,-99.344
0.001,1,153,-109.8255
0.001,1,154,-102.9452
0.001,1,155,-95.2369
0.001,1,156,-100.7156
0.001,1,157,-99.6439
0.001,1,158,-107.7027
0.001,1,159,-100.0977
0.001,1,160,-95.2463
0.001,1,161,-115.3107
0.001,1,162,-100.9912
0.001,1,163,-104.1902
0.001,1,164,-98.5852
0.001,1,165,-109.598
0.001,1,166,-88.4662
0.001,1,167,-104.1105
0.001,1,168,-105.6528
0.001,1,169,-105.2937
0.001,1,170,-116.0043
0.001,1,171,-100.2454
0.001,1,172,-112.1616
0.001,1,173,-95.2111
0.001,1,174,-112.5514
0.001,1,175,-111.6195
0.001,1,176,-110.6367
0.001,1,177,-109.9474
0.001,1,178,-105.692
0.001,1,179,-108.5918
0.001,1,180,-104.5069
0.001,1,181,-108.3286
0.001,1,182,-111.1716
0.001,1,183,-104.9567
0.001,1,184,-113.7015
0.001,1,185,-100.4752
0.001,1,186,-94.2391
0.001,1,187,-99.8092
0.001,1,188,-104.9026
0.001,1,189,-109.5968
0.001,1,190,-101.0041
0.001,1,191,-105.8856
0.001,1,192,-104.3697
0.001,1,193,-114.3807
0.001,1,194,-107.5826
0.001,1,195,-105.1722
0.001,1,196,-105.5119
0.001,1,197,-106.4992
0.001,1,198,-105.2293
0.001,1,199,-109.4869
0.001,1,200,-104.8118
0.001,1,201,-100.671
0.001,1,202,-117.5048
0.001,1,203,-103.632
0.001,1,204,-104.5045
0.001,1,205,-102.0702
0.001,1,206,-92.1666
0.001,1,207,-102.8476
0.001,1,208,-106.885
0.001,1,209,-106.3757
0.001,1,210,-112.1519
0.001,1,211,-89.8882
0.001,1,212,-100.9846
0.001,1,213,-101.6755
0.001,1,214,-93.455
0.001,1,215,-91.6832
0.001,1,216,-94.0513
0.001,1,217,-112.6286
0.001,1,218,-91.5166
0.001,1,219,-110.9818
0.001,1,220,-98.8734
0.001,1,221,-106.0891
0.001,1,222,-101.2673
0.001,1,223,-113.7732
0.001,1,224,-103.6324
0.001,1,225,-110.6815
0.001,1,226,-102.9782
0.001,1,227,-108.5353
0.001,1,228,-101.2505
0.001,1,229,-96.4012
0.001,1,230,-103.5519
0.001,1,231,-123.7185
0.001,1,232,-102.0926
0.001,1,233,-102.8064
0.001,1,234,-106.0616
0.001,1,235,-114.507
0.001,1,236,-100.4625
0.001,1,237,-98.2916
0.001,1,238,-117.3527
0.001,1,239,-113.1547
0.001,1,240,-107.9795
0.001,1,241,-105.696
0.001,1,242,-107.721
0.001,1,243,-107.9812
0.001,1,244,-103.93
0.001,1,245,-91.9754
0.001,1,246,-98.2724
0.001,1,247,-102.8163
0.001,1,248,-110.1165
0.001,1,249,-96.1835
0.001,1,250,-113.4102
0.001,1,251,-98.944
0.001,1,252,-108.8853
0.001,1,253,-103.8339
0.001,1,254,-94.3855
0.001,1,255,-98.4504
0.001,1,256,-111.3297
0.001,1,257,-110.1092
0.001,1,258,-94.878
0.001,1,259,-102.2417
0.001,1,260,-108.2505
0.001,1,261,-103.3875
0.001,1,262,-106.86
0.001,1,263,-107.9892
0.001,1,264,-102.6224
0.001,1,265,-111.377
0.001,1,266,-109.8563
0.001,1,267,-109.3278
0.001,1,268,-104.6229
0.001,1,269,-99.6638
0.001,1,270,-106.9246
0.001,1,271,-108.981
0.001,1,272,-97.6196
0.001,1,273,-108.56
0.001,1,274,-107.874
0.001,1,275,-107.1911
0.001,1,276,-106.473
0.001,1,277,-103.0823
0.001,1,278,-107.392
0.001,1,279,-121.6312
0.001,1,280,-99.2137
0.001,1,281,-97.7129
0.001,1,282,-105.8876
0.001,1,283,-99.7668
0.001,1,284,-109.5453
0.001,1,285,-109.0584
0.001,1,286,-109.1517
0.001,1,287,-106.5326
0.001,1,288,-103.6224
0.001,1,289,-103.2754
0.001,1,290,-107.5441
0.001,1,291,-109.8417
0.001,1,292,-105.7493
0.001,1,293,-109.4704
0.001,1,294,-103.4493
0.001,1,295,-104.6106
0.001,1,296,-110.077
0.001,1,297,-99.1239
0.001,1,298,-104.619
0.001,1,299,-113.3364
0.001,1,300,-100.9535
0.001,1,301,-111.2283
0.001,1,302,-106.2125
0.001,1,303,-111.0772
0.001,1,304,-106.2857
0.001,1,305,-102.4446
0.001,1,306,-104.3179
0.001,1,307,-99.1851
0.001,1,308,-107.464
0.001,1,309,-100.4672
0.001,1,310,-107.1094
0.001,1,311,-102.7076
0.001,1,312,-108.2831
0.001,1,313,-101.239
0.001,1,314,-103.1602
0.001,1,315,-101.264
0.001,1,316,-101.4787
0.001,1,317,-105.4535
0.001,1,318,-115.5865
0.001,1,319,-105.0524
0.001,1,320,-94.546
0.001,1,321,-106.7819
0.001,1,322,-104.0576
0.001,1,323,-109.6239
0.001,1,324,-106.2005
0.001,1,325,-103.9464
0.001,1,326,-103.3902
0.001,1,327,-110.5582
0.001,1,328,-113.6568
0.001,1,329,-98.6886
0.001,1,330,-108.1719
0.001,1,331,-103.593
0.001,1,332,-96.3496
0.001,1,333,-103.7808
0.001,1,334,-109.9109
0.001,1,335,-105.6448
0.001,1,336,-111.3207
0.001,1,337,-101.309
0.001,1,338,-106.8242
0.001,1,339,-105.7457
0.001,1,340,-104.5231
0.001,1,341,-96.8015
0.001,1,342,-102.6562
0.001,1,343,-99.1888
0.001,1,344,-96.3402
0.001,1,345,-105.9904
0.001,1,346,-110.9616
0.001,1,347,-98.3266
0.001,1,348,-110.5397
0.001,1,349,-98.229
0.001,1,350,-102.7732
0.001,1,351,-105.6449
0.001,1,352,-111.6094
0.001,1,353,-99.9787
0.001,1,354,-104.9615
0.001,1,355,-107.3501
0.001,1,356,-102.7576
0.001,1,357,-102.4202
0.001,1,358,-108.1446
0.001,1,359,-105.113
0.001,1,360,-115.5009
0.001,1,361,-106.2761
0.001,1,362,-105.3528
0.001,1,363,-102.1964
0.001,1,364,-108.9054
0.001,1,365,-110.1416
0.001,1,366,-104.6285
0.001,1,367,-106.9176
0.001,1,368,-100.9392
0.001,1,369,-103.7692
0.001,1,370,-105.2649
0.001,1,371,-107.6025
0.001,1,372,-100.4273
0.001,1,373,-101.5684
0.001,1,374,-107.2085
0.001,1,375,-103.1817
0.001,1,376,-103.3114
0.001,1,377,-106.0751
0.001,1,378,-98.6727
0.001,1,379,-106.1882
0.001,1,380,-102.5676
0.001,1,381,-104.1989
0.001,1,382,-110.5629
0.001,1,383,-104.3374
0.001,1,384,-100.5974
0.001,1,385,-108.083
0.001,1,386,-103.6762
0.001,1,387,-109.2395
0.001,1,388,-105.4014
0.001,1,389,-102.5698
0.001,1,390,-106.2036
0.001,1,391,-110.1584
0.001,1,392,-107.6999
0.001,1,393,-110.5285
0.001,1,394,-100.6111
0.001,1,395,-106.3467
0.001,1,396,-108.2869
0.001,1,397,-103.7999
0.001,1,398,-107.7071
0.001,1,399,-107.1301
0.001,1,400,-101.8203
0.001,1,401,-102.8338
0.001,1,402,-110.9605
0.001,1,403,-106.8161
0.001,1,404,-103.3951
0.001,1,405,-101.8635
0.001,1,406,-109.4328
0.001,1,407,-109.7372
0.001,1,408,-100.4663
0.001,1,409,-110.6508
0.001,1,410,-102.8593
0.001,1,411,-105.0732
0.001,1,412,-107.4817
0.001,1,413,-103.7978
0.001,1,414,-103.2056
0.001,1,415,-105.5095
0.001,1,416,-111.1542
0.001,1,417,-104.07
0.001,1,418,-104.0562
0.001,1,419,-107.1725
0.001,1,420,-100.6114
0.001,1,421,-109.306
0.001,1,422,-110.7062
0.001,1,423,-102.9967
0.001,1,424,-104.6405
0.001,1,425,-103.5079
0.001,1,426,-107.7776
0.001,1,427,-106.1484
0.001,1,428,-105.0818
0.001,1,429,-104.7693
0.001,1,430,-105.5352
0.001,1,431,-108.9914
0.001,1,432,-106.177
0.001,1,433,-102.6918
0.001,1,434,-105.6363
0.001,1,435,-104.2757
0.001,1,436,-107.0746
0.001,1,437,-103.3452
0.001,1,438,-106.5265
0.001,1,439,-105.1128
0.001,1,440,-98.5108
0.001,1,441,-105.8367
0.001,1,442,-106.5128
0.001,1,443,-102.507
0.001,1,444,-110.5535
0.001,1,445,-101.274
0.001,1,446,-104.3638
0.001,1,447,-107.9177
0.001,1,448,-99.0946
0.001,1,449,-107.462
0.001,1,450,-98.9814
0.001,1,451,-102.2355
0.001,1,452,-102.7037
0.001,1,453,-106.667
0.001,1,454,-101.9183
0.001,1,455,-104.1083
0.001,1,456,-109.1473
0.001,1,457,-104.9123
0.001,1,458,-103.829
0.001,1,459,-102.2012
0.001,1,460,-101.7886
0.001,1,461,-102.354
0.001,1,462,-101.2573
0.001,1,463,-105.1014
0.001,1,464,-102.698
0.001,1,465,-105.8638
0.001,1,466,-105.4056
0.001,1,467,-107.3947
0.001,1,468,-99.2682
0.001,1,469,-105.0641
0.001,1,470,-106.1877
0.001,1,471,-105.4101
0.001,1,472,-101.7502
0.001,1,473,-101.9549
0.001,1,474,-100.2379
0.001,1,475,-103.2035
0.001,1,476,-99.585
0.001,1,477,-109.114
0.001,1,478,-106.7164
0.001,1,479,-98.4247
0.001,1,480,-98.8399
0.001,1,481,-104.7727
0.001,1,482,-103.6365
0.001,1,483,-103.1225
0.001,1,484,-104.6907
0.001,1,485,-99.9491
0.001,1,486,-102.7044
0.001,1,487,-108.9727
0.001,1,488,-102.5583
0.001,1,489,-105.3426
0.001,1,490,-103.7012
0.001,1,491,-103.3076
0.001,1,492,-104.5447
0.001,1,493,-104.6511
0.001,1,494,-103.6372
0.001,1,495,-111.5836
0.001,1,496,-104.9514
0.001,1,497,-104.0789
0.001,1,498,-104.8232
0.001,1,499,-105.9851
0.001,1,500,-104.5749
0.001,2,1,-188.691
0.001,2,2,-169.7128
0.001,2,3,-174.6535
0.001,2,4,-181.7377
0.001,2,5,-167.7657
0.001,2,6,-165.4913
0.001,2,7,-157.3533
0.001,2,8,-160.4663
0.001,2,9,-147.6539
0.001,2,10,-172.6464
0.001,2,11,-119.3529
0.001,2,12,-134.2378
0.001,2,13,-151.4474
0.001,2,14,-175.1144
0.001,2,15,-146.9482
0.001,2,16,-133.4724
0.001,2,17,-124.2088
0.001,2,18,-136.7215
0.001,2,19,-129.1701
0.001,2,20,-164.8709
0.001,2,21,-122.2226
0.001,2,22,-130.4819
0.001,2,23,-113.6868
0.001,2,24,-145.6791
0.001,2,25,-134.1351
0.001,2,26,-137.6984
0.001,2,27,-133.2304
0.001,2,28,-133.6039
0.001,2,29,-127.1744
0.001,2,30,-145.2853
0.001,2,31,-115.4694
0.001,2,32,-111.4257
0.001,2,33,-112.8332
0.001,2,34,-121.3726
0.001,2,35,-123.718
0.001,2,36,-137.0725
0.001,2,37,-130.9402
0.001,2,38,-105.8746
0.001,2,39,-119.4381
0.001,2,40,-123.4146
0.001,2,41,-116.73
0.001,2,42,-129.9903
0.001,2,43,-110.5835
0.001,2,44,-102.3226
0.001,2,45,-114.5452
0.001,2,46,-113.509
0.001,2,47,-114.6851
0.001,2,48,-108.1039
0.001,2,49,-109.5542
0.001,2,50,-115.432
0.001,2,51,-112.0727
0.001,2,52,-118.0481
0.001,2,53,-102.8006
0.001,2,54,-109.3427
0.001,2,55,-116.8435
0.001,2,56,-98.973
0.001,2,57,-94.6451
0.001,2,58,-124.7709
0.001,2,59,-105.1305
0.001,2,60,-115.5457
0.001,2,61,-88.7751
0.001,2,62,-108.9484
0.001,2,63,-115.0152
0.001,2,64,-106.2476
0.001,2,65,-103.5487
0.001,2,66,-99.5773
0.001,2,67,-110.2029
0.001,2,68,-106.9565
0.001,2,69,-120.1754
0.001,2,70,-109.9105
0.001,2,71,-104.9743
0.001,2,72,-107.3525
0.001,2,73,-97.8566
0.001,2,74,-130.6794
0.001,2,75,-117.0775
0.001,2,76,-109.3161
0.001,2,77,-104.9811
0.001,2,78,-102.1818
0.001,2,79,-98.6569
0.001,2,80,-119.8476
0.001,2,81,-104.2217
0.001,2,82,-108.1109
0.001,2,83,-118.06
0.001,2,84,-106.9507
0.001,2,85,-100.8307
0.001,2,86,-114.6901
0.001,2,87,-91.6011
0.001,2,88,-115.2056
0.001,2,89,-113.9537
0.001,2,90,-113.953
0.001,2,91,-102.7438
0.001,2,92,-101.2086
0.001,2,93,-103.2495
0.001,2,94,-113.1966
0.001,2,95,-110.1507
0.001,2,96,-116.0985
0.001,2,97,-109.0405
0.001,2,98,-104.7006
0.001,2,99,-115.7044
0.001,2,100,-129.0063
0.001,2,101,-102.0837
0.001,2,102,-113.0684
0.001,2,103,-84.7085
0.001,2,104,-106.2876
0.001,2,105,-125.0286
0.001,2,106,-103.0406
0.001,2,107,-93.8399
0.001,2,108,-116.7654
0.001,2,109,-113.9388
0.001,2,110,-110.8483
0.001,2,111,-106.1682
0.001,2,112,-109.274
0.001,2,113,-139.5189
0.001,2,114,-101.0989
0.001,2,115,-89.6227
0.001,2,116,-118.2018
0.001,2,117,-112.2004
0.001,2,118,-108.4109
0.001,2,119,-95.2604
0.001,2,120,-106.3263
0.001,2,121,-92.4631
0.001,2,122,-96.516
0.001,2,123,-109.4206
0.001,2,124,-96.3468
0.001,2,125,-105.2787
0.001,2,126,-106.015
0.001,2,127,-107.772
0.001,2,128,-102.1902
0.001,2,129,-96.8107
0.001,2,130,-105.8012
0.001,2,131,-96.3331
0.001,2,132,-105.1109
0.001,2,133,-105.2006
0.001,2,134,-118.6775
0.001,2,135,-97.2039
0.001,2,136,-113.4802
0.001,2,137,-111.3077
0.001,2,138,-106.9789
0.001,2,139,-121.8693
0.001,2,140,-102.1191
0.001,2,141,-103.1484
0.001,2,142,-105.7309
0.001,2,143,-93.0807
0.001,2,144,-116.159
0.001,2,145,-114.5789
0.001,2,146,-100.8264
0.001,2,147,-106.5037
0.001,2,148,-103.9598
0.001,2,149,-104.3633
0.001,2,150,-111.1197
0.001,2,151,-103.3331
0.001,2,152,-111.0265
0.001,2,153,-104.01
0.001,2,154,-99.7214
0.001,2,155,-112.2551
0.001,2,156,-95.7706
0.001,2,157,-91.9368
0.001,2,158,-105.5618
0.001,2,159,-113.9016
0.001,2,160,-84.5735
0.001,2,161,-113.911
0.001,2,162,-101.1067
0.001,2,163,-107.5503
0.001,2,164,-96.0739
0.001,2,165,-94.9878
0.001,2,166,-102.3438
0.001,2,167,-100.9135
0.001,2,168,-108.0167
0.001,2,169,-103.8398
0.001,2,170,-113.6052
0.001,2,171,-100.1277
0.001,2,172,-94.8014
0.001,2,173,-113.0148
0.001,2,174,-107.0002
0.001,2,175,-114.4927
0.001,2,176,-99.1921
0.001,2,177,-102.0535
0.001,2,178,-110.4446
0.001,2,179,-109.119
0.001,2,180,-109.2881
0.001,2,181,-108.087
0.001,2,182,-111.4873
0.001,2,183,-109.5755
0.001,2,184,-124.9419
0.001,2,185,-115.9189
0.001,2,186,-104.6735
0.001,2,187,-100.9256
0.001,2,188,-107.5153
0.001,2,189,-111.4752
0.001,2,190,-96.2121
0.001,2,191,-96.0209
0.001,2,192,-100.0439
0.001,2,193,-94.7885
0.001,2,194,-109.0808
0.001,2,195,-99.6445
0.001,2,196,-105.3567
0.001,2,197,-97.5186
0.001,2,198,-115.9697
0.001,2,199,-101.8208
0.001,2,200,-109.1409
0.001,2,201,-100.0565
0.001,2,202,-104.1772
0.001,2,203,-104.8164
0.001,2,204,-98.5242
0.001,2,205,-109.5019
0.001,2,206,-107.228
0.001,2,207,-116.5396
0.001,2,208,-109.6354
0.001,2,209,-104.0584
0.001,2,210,-103.8707
0.001,2,211,-102.7954
0.001,2,212,-95.0649
0.001,2,213,-106.25
0.001,2,214,-112.0884
0.001,2,215,-89.7936
0.001,2,216,-110.5206
0.001,2,217,-98.1681
0.001,2,218,-102.1188
0.001,2,219,-106.8306
0.001,2,220,-111.6525
0.001,2,221,-114.1873
0.001,2,222,-101.9587
0.001,2,223,-106.0077
0.001,2,224,-116.2399
0.001,2,225,-99.3568
0.001,2,226,-118.1308
0.001,2,227,-118.2887
0.001,2,228,-99.9352
0.001,2,229,-105.521
0.001,2,230,-100.5153
0.001,2,231,-109.0908
0.001,2,232,-112.3079
0.001,2,233,-111.5643
0.001,2,234,-93.1927
0.001,2,235,-108.2312
0.001,2,236,-108.6014
0.001,2,237,-100.8131
0.001,2,238,-121.3748
0.001,2,239,-111.1498
0.001,2,240,-92.2749
0.001,2,241,-100.5585
0.001,2,242,-108.1907
0.001,2,243,-102.8432
0.001,2,244,-102.3466
0.001,2,245,-113.8434
0.001,2,246,-101.7335
0.001,2,247,-112.5919
0.001,2,248,-97.7948
0.001,2,249,-104.6543
0.001,2,250,-104.8029
0.001,2,251,-111.3654
0.001,2,252,-106.34
0.001,2,253,-102.4802
0.001,2,254,-98.5442
0.001,2,255,-105.7583
0.001,2,256,-112.2859
0.001,2,257,-111.0962
0.001,2,258,-102.9277
0.001,2,259,-108.2007
0.001,2,260,-99.8282
0.001,2,261,-112.1358
0.001,2,262,-108.0734
0.001,2,263,-113.1701
0.001,2,264,-106.0049
0.001,2,265,-111.624
0.001,2,266,-118.1995
0.001,2,267,-103.7061
0.001,2,268,-97.4451
0.001,2,269,-93.2509
0.001,2,270,-106.129
0.001,2,271,-112.3995
0.001,2,272,-106.2235
0.001,2,273,-103.986
0.001,2,274,-110.8013
0.001,2,275,-102.8636
0.001,2,276,-101.1879
0.001,2,277,-104.0772
0.001,2,278,-111.1394
0.001,2,279,-98.5117
0.001,2,280,-106.0103
0.001,2,281,-106.7565
0.001,2,282,-108.3691
0.001,2,283,-106.7627
0.001,2,284,-103.8406
0.001,2,285,-101.0916
0.001,2,286,-100.6678
0.001,2,287,-99.4839
0.001,2,288,-108.3976
0.001,2,289,-112.0457
0.001,2,290,-102.0856
0.001,2,291,-98.1962
0.001,2,292,-110.3406
0.001,2,293,-94.5518
0.001,2,294,-99.3893
0.001,2,295,-100.0492
0.001,2,296,-106.2363
0.001,2,297,-107.6607
0.001,2,298,-105.6294
0.001,2,299,-100.7329
0.001,2,300,-108.083
0.001,2,301,-98.8264
0.001,2,302,-107.9837
0.001,2,303,-102.206
0.001,2,304,-112.5881
0.001,2,305,-113.3753
0.001,2,306,-102.1969
0.001,2,307,-102.474
0.001,2,308,-110.7964
0.001,2,309,-101.4078
0.001,2,310,-105.0015
0.001,2,311,-107.3557
0.001,2,312,-101.5159
0.001,2,313,-103.5708
0.001,2,314,-105.5691
0.001,2,315,-109.3912
0.001,2,316,-120.9845
0.001,2,317,-107.7996
0.001,2,318,-104.6032
0.001,2,319,-104.9241
0.001,2,320,-108.7492
0.001,2,321,-108.8384
0.001,2,322,-101.5005
0.001,2,323,-106.0079
0.001,2,324,-98.7396
0.001,2,325,-100.3176
0.001,2,326,-103.3046
0.001,2,327,-98.9981
0.001,2,328,-101.6156
0.001,2,329,-107.7471
0.001,2,330,-103.7659
0.001,2,331,-105.5999
0.001,2,332,-105.8857
0.001,2,333,-105.3761
0.001,2,334,-104.1249
0.001,2,335,-109.1565
0.001,2,336,-101.1112
0.001,2,337,-112.7279
0.001,2,338,-99.8881
0.001,2,339,-99.898
0.001,2,340,-109.5986
0.001,2,341,-103.9994
0.001,2,342,-102.8808
0.001,2,343,-106.0283
0.001,2,344,-110.2509
0.001,2,345,-109.9519
0.001,2,346,-102.6436
0.001,2,347,-110.6243
0.001,2,348,-109.5448
0.001,2,349,-102.6594
0.001,2,350,-104.9126
0.001,2,351,-104.793
0.001,2,352,-106.7878
0.001,2,353,-109.981
0.001,2,354,-112.4547
0.001,2,355,-110.6239
0.001,2,356,-98.7991
0.001,2,357,-106.5918
0.001,2,358,-103.7488
0.001,2,359,-108.6321
0.001,2,360,-105.5043
0.001,2,361,-100.8319
0.001,2,362,-101.6562
0.001,2,363,-105.8413
0.001,2,364,-102.7118
0.001,2,365,-106.3246
0.001,2,366,-100.5562
0.001,2,367,-102.8607
0.001,2,368,-105.6302
0.001,2,369,-106.7497
0.001,2,370,-103.0741
0.001,2,371,-97.0614
0.001,2,372,-100.9769
0.001,2,373,-108.0005
0.001,2,374,-110.5355
0.001,2,375,-103.4702
0.001,2,376,-102.4219
0.001,2,377,-106.3211
0.001,2,378,-106.1195
0.001,2,379,-106.8615
0.001,2,380,-109.1105
0.001,2,381,-99.0263
0.001,2,382,-106.0626
0.001,2,383,-113.0541
0.001,2,384,-102.5142
0.001,2,385,-107.21
0.001,2,386,-110.7261
0.001,2,387,-109.2616
0.001,2,388,-106.3972
0.001,2,389,-106.5715
0.001,2,390,-104.078
0.001,2,391,-102.5352
0.001,2,392,-105.5824
0.001,2,393,-98.9377
0.001,2,394,-97.7788
0.001,2,395,-111.5855
0.001,2,396,-102.4578
0.001,2,397,-104.9056
0.001,2,398,-109.4472
0.001,2,399,-104.9578
0.001,2,400,-109.4923
0.001,2,401,-108.2455
0.001,2,402,-104.1352
0.001,2,403,-106.4577
0.001,2,404,-112.8448
0.001,2,405,-103.8976
0.001,2,406,-100.7527
0.001,2,407,-99.4361
0.001,2,408,-108.1429
0.001,2,409,-102.202
0.001,2,410,-103.2339
0.001,2,411,-104.1403
0.001,2,412,-100.6463
0.001,2,413,-99.4052
0.001,2,414,-105.1685
0.001,2,415,-101.9135
0.001,2,416,-106.6289
0.001,2,417,-108.7425
0.001,2,418,-110.3234
0.001,2,419,-104.6332
0.001,2,420,-102.4192
0.001,2,421,-108.1827
0.001,2,422,-108.0954
0.001,2,423,-100.8147
0.001,2,424,-108.3601
0.001,2,425,-101.2259
0.001,2,426,-105.1758
0.001,2,427,-107.9467
0.001,2,428,-104.3559
0.001,2,429,-107.1433
0.001,2,430,-102.4249
0.001,2,431,-106.4255
0.001,2,432,-105.1993
0.001,2,433,-106.9155
0.001,2,434,-103.3492
0.001,2,435,-106.5089
0.001,2,436,-107.7521
0.001,2,437,-103.6035
0.001,2,438,-105.7857
0.001,2,439,-107.506
0.001,2,440,-108.8176
0.001,2,441,-102.0138
0.001,2,442,-105.0973
0.001,2,443,-114.9724
0.001,2,444,-110.2328
0.001,2,445,-107.8116
0.001,2,446,-104.8405
0.001,2,447,-108.2076
0.001,2,448,-104.1174
0.001,2,449,-102.1209
0.001,2,450,-105.1484
0.001,2,451,-104.0368
0.001,2,452,-100.5814
0.001,2,453,-105.5508
0.001,2,454,-101.7448
0.001,2,455,-101.4264
0.001,2,456,-109.289
0.001,2,457,-102.1402
0.001,2,458,-107.8022
0.001,2,459,-107.201
0.001,2,460,-107.6761
0.001,2,461,-102.4547
0.001,2,462,-107.4243
0.001,2,463,-101.5427
0.001,2,464,-106.9214
0.001,2,465,-101.3788
0.001,2,466,-101.9573
0.001,2,467,-103.61
0.001,2,468,-96.2572
0.001,2,469,-105.2594
0.001,2,470,-102.724
0.001,2,471,-108.4122
0.001,2,472,-101.6629
0.001,2,473,-103.0048
0.001,2,474,-106.694
0.001,2,475,-104.2637
0.001,2,476,-106.2833
0.001,2,477,-101.876
0.001,2,478,-104.6543
0.001,2,479,-101.4662
0.001,2,480,-102.7035
0.001,2,481,-105.2378
0.001,2,482,-108.6535
0.001,2,483,-103.8566
0.001,2,484,-107.2756
0.001,2,485,-105.1041
0.001,2,486,-103.962
0.001,2,487,-103.8177
0.001,2,488,-104.3554
0.001,2,489,-104.9209
0.001,2,490,-106.3678
0.001,2,491,-108.6403
0.001,2,492,-104.1663
0.001,2,493,-107.3101
0.001,2,494,-105.2019
0.001,2,495,-104.6031
0.001,2,496,-106.9469
0.001,2,497,-104.2546
0.001,2,498,-103.1689
0.001,2,499,-102.3439
0.001,2,500,-103.6978
0.001,3,1,-170.2962
0.001,3,2,-183.2486
0.001,3,3,-198.3718
0.001,3,4,-177.9137
0.001,3,5,-155.887
0.001,3,6,-156.8468
0.001,3,7,-154.3298
0.001,3,8,-155.7204
0.001,3,9,-177.6193
0.001,3,10,-167.4126
0.001,3,11,-164.4323
0.001,3,12,-156.1262
0.001,3,13,-150.9671
0.001,3,14,-140.793
0.001,3,15,-142.3593
0.001,3,16,-142.9801
0.001,3,17,-152.0985
0.001,3,18,-152.3964
0.001,3,19,-154.6598
0.001,3,20,-159.9601
0.001,3,21,-156.72
0.001,3,22,-141.5998
0.001,3,23,-119.0219
0.001,3,24,-127.848
0.001,3,25,-163.1791
0.001,3,26,-115.6948
0.001,3,27,-140.5905
0.001,3,28,-130.5391
0.001,3,29,-125.8974
0.001,3,30,-132.7914
0.001,3,31,-130.0234
0.001,3,32,-145.4394
0.001,3,33,-111.8753
0.001,3,34,-139.9173
0.001,3,35,-122.7361
0.001,3,36,-122.0253
0.001,3,37,-126.0377
0.001,3,38,-123.8551
0.001,3,39,-125.62
0.001,3,40,-102.283
0.001,3,41,-124.7116
0.001,3,42,-127.426
0.001,3,43,-114.8981
0.001,3,44,-108.444
0.001,3,45,-108.8155
0.001,3,46,-122.0501
0.001,3,47,-121.0912
0.001,3,48,-127.9787
0.001,3,49,-127.3353
0.001,3,50,-102.4097
0.001,3,51,-125.1013
0.001,3,52,-116.788
0.001,3,53,-119.2132
0.001,3,54,-118.6125
0.001,3,55,-102.4948
0.001,3,56,-115.2076
0.001,3,57,-101.0781
0.001,3,58,-98.7287
0.001,3,59,-115.7899
0.001,3,60,-111.3575
0.001,3,61,-110.6077
0.001,3,62,-109.4618
0.001,3,63,-100.3525
0.001,3,64,-105.5147
0.001,3,65,-112.3759
0.001,3,66,-114.1512
0.001,3,67,-98.1214
0.001,3,68,-108.0341
0.001,3,69,-112.5597
0.001,3,70,-92.9656
0.001,3,71,-97.6074
0.001,3,72,-103.3068
0.001,3,73,-108.3796
0.001,3,74,-130.8121
0.001,3,75,-112.4948
0.001,3,76,-115.0203
0.001,3,77,-118.6157
0.001,3,78,-104.8765
0.001,3,79,-105.5007
0.001,3,80,-119.1541
0.001,3,81,-115.3829
0.001,3,82,-92.2204
0.001,3,83,-105.6813
0.001,3,84,-100.8481
0.001,3,85,-88.2418
0.001,3,86,-106.3493
0.001,3,87,-103.6132
0.001,3,88,-105.9968
0.001,3,89,-113.2013
0.001,3,90,-110.4507
0.001,3,91,-93.3864
0.001,3,92,-109.3597
0.001,3,93,-114.1988
0.001,3,94,-107.1545
0.001,3,95,-104.7618
0.001,3,96,-100.8964
0.001,3,97,-95.4502
0.001,3,98,-108.9364
0.001,3,99,-96.4459
0.001,3,100,-102.9564
0.001,3,101,-113.3261
0.001,3,102,-114.2352
0.001,3,103,-103.7692
0.001,3,104,-89.5094
0.001,3,105,-100.8131
0.001,3,106,-107.0071
0.001,3,107,-121.5454
0.001,3,108,-97.4067
0.001,3,109,-91.5139
0.001,3,110,-112.9959
0.001,3,111,-95.3161
0.001,3,112,-103.4759
0.001,3,113,-104.5913
0.001,3,114,-93.4729
0.001,3,115,-96.027
0.001,3,116,-116.5047
0.001,3,117,-100.4009
0.001,3,118,-89.709
0.001,3,119,-118.5128
0.001,3,120,-97.8675
0.001,3,121,-90.7283
0.001,3,122,-91.0823
0.001,3,123,-91.2512
0.001,3,124,-103.4387
0.001,3,125,-94.909
0.001,3,126,-113.6083
0.001,3,127,-96.3055
0.001,3,128,-98.2579
0.001,3,129,-114.5853
0.001,3,130,-121.7021
0.001,3,131,-100.4092
0.001,3,132,-102.3157
0.001,3,133,-99.2767
0.001,3,134,-103.4577
0.001,3,135,-114.2826
0.001,3,136,-93.4118
0.001,3,137,-101.925
0.001,3,138,-110.8343
0.001,3,139,-91.6235
0.001,3,140,-103.9843
0.001,3,141,-96.7989
0.001,3,142,-106.5687
0.001,3,143,-115.9936
0.001,3,144,-109.5205
0.001,3,145,-101.7039
0.001,3,146,-105.282
0.001,3,147,-108.1039
0.001,3,148,-99.2829
0.001,3,149,-114.1584
0.001,3,150,-101.4602
0.001,3,151,-97.3192
0.001,3,152,-110.9387
0.001,3,153,-114.8686
0.001,3,154,-106.8851
0.001,3,155,-113.2665
0.001,3,156,-104.7796
0.001,3,157,-123.6288
0.001,3,158,-117.2207
0.001,3,159,-110.4567
0.001,3,160,-98.2436
0.001,3,161,-108.3531
0.001,3,162,-103.141
0.001,3,163,-111.5784
0.001,3,164,-107.9173
0.001,3,165,-94.4002
0.001,3,166,-100.4595
0.001,3,167,-96.3026
0.001,3,168,-103.0251
0.001,3,169,-102.554
0.001,3,170,-105.6547
0.001,3,171,-115.0559
0.001,3,172,-110.241
0.001,3,173,-101.2876
0.001,3,174,-106.2398
0.001,3,175,-108.1288
0.001,3,176,-118.4154
0.001,3,177,-105.9086
0.001,3,178,-115.2236
0.001,3,179,-107.2592
0.001,3,180,-103.0996
0.001,3,181,-110.2111
0.001,3,182,-108.0703
0.001,3,183,-107.7521
0.001,3,184,-102.6771
0.001,3,185,-105.9886
0.001,3,186,-101.4015
0.001,3,187,-105.0968
0.001,3,188,-83.4853
0.001,3,189,-106.0458
0.001,3,190,-112.7279
0.001,3,191,-112.9416
0.001,3,192,-102.4802
0.001,3,193,-101.3042
0.001,3,194,-108.9829
0.001,3,195,-103.6602
0.001,3,196,-109.9943
0.001,3,197,-106.4217
0.001,3,198,-103.4288
0.001,3,199,-109.4221
0.001,3,200,-93.9986
0.001,3,201,-104.864
0.001,3,202,-107.4937
0.001,3,203,-109.6585
0.001,3,204,-105.3492
0.001,3,205,-109.2761
0.001,3,206,-96.7304
0.001,3,207,-102.3052
0.001,3,208,-106.6699
0.001,3,209,-105.5725
0.001,3,210,-104.258
0.001,3,211,-92.0012
0.001,3,212,-115.4754
0.001,3,213,-108.5853
0.001,3,214,-96.8291
0.001,3,215,-100.6817
0.001,3,216,-116.2511
0.001,3,217,-109.6104
0.001,3,218,-110.991
0.001,3,219,-107.098
0.001,3,220,-113.7379
0.001,3,221,-107.6825
0.001,3,222,-117.2722
0.001,3,223,-102.9955
0.001,3,224,-125.9799
0.001,3,225,-103.0321
0.001,3,226,-113.4778
0.001,3,227,-108.1428
0.001,3,228,-102.5661
0.001,3,229,-93.9221
0.001,3,230,-103.3046
0.001,3,231,-111.7802
0.001,3,232,-109.5691
0.001,3,233,-107.9183
0.001,3,234,-112.5107
0.001,3,235,-103.6
0.001,3,236,-108.467
0.001,3,237,-101.1804
0.001,3,238,-115.6215
0.001,3,239,-108.4701
0.001,3,240,-101.2
0.001,3,241,-107.5328
0.001,3,242,-100.7684
0.001,3,243,-110.8284
0.001,3,244,-106.4621
0.001,3,245,-105.5024
0.001,3,246,-103.091
0.001,3,247,-117.1536
0.001,3,248,-99.9916
0.001,3,249,-99.1662
0.001,3,250,-106.4656
0.001,3,251,-106.3708
0.001,3,252,-97.8945
0.001,3,253,-105.4969
0.001,3,254,-104.3805
0.001,3,255,-110.0087
0.001,3,256,-99.8742
0.001,3,257,-99.355
0.001,3,258,-103.0784
0.001,3,259,-101.83
0.001,3,260,-106.9106
0.001,3,261,-99.7932
0.001,3,262,-106.6267
0.001,3,263,-119.1903
0.001,3,264,-103.2035
0.001,3,265,-111.1783
0.001,3,266,-111.1114
0.001,3,267,-105.2607
0.001,3,268,-106.3546
0.001,3,269,-109.42
0.001,3,270,-95.0216
0.001,3,271,-100.1475
0.001,3,272,-102.3816
0.001,3,273,-107.8552
0.001,3,274,-104.4339
0.001,3,275,-97.3572
0.001,3,276,-113.7422
0.001,3,277,-104.2711
0.001,3,278,-103.582
0.001,3,279,-104.6156
0.001,3,280,-106.8956
0.001,3,281,-94.9966
0.001,3,282,-108.4258
0.001,3,283,-90.5016
0.001,3,284,-106.8669
0.001,3,285,-98.1195
0.001,3,286,-107.0884
0.001,3,287,-104.942
0.001,3,288,-104.8605
0.001,3,289,-102.0601
0.001,3,290,-99.2039
0.001,3,291,-101.284
0.001,3,292,-101.2023
0.001,3,293,-106.111
0.001,3,294,-105.0469
0.001,3,295,-98.6562
0.001,3,296,-111.3709
0.001,3,297,-107.3104
0.001,3,298,-98.3991
0.001,3,299,-107.2944
0.001,3,300,-109.8008
0.001,3,301,-116.6847
0.001,3,302,-88.0308
0.001,3,303,-111.0257
0.001,3,304,-110.2835
0.001,3,305,-104.1954
0.001,3,306,-107.2724
0.001,3,307,-109.1974
0.001,3,308,-106.8958
0.001,3,309,-105.6916
0.001,3,310,-103.0331
0.001,3,311,-104.7853
0.001,3,312,-102.3614
0.001,3,313,-112.3489
0.001,3,314,-105.4451
0.001,3,315,-101.6364
0.001,3,316,-105.5777
0.001,3,317,-105.3737
0.001,3,318,-111.6327
0.001,3,319,-107.6549
0.001,3,320,-104.8316
0.001,3,321,-104.1811
0.001,3,322,-108.6961
0.001,3,323,-103.1945
0.001,3,324,-108.3389
0.001,3,325,-104.8118
0.001,3,326,-106.5583
0.001,3,327,-109.8195
0.001,3,328,-103.6915
0.001,3,329,-97.871
0.001,3,330,-104.6616
0.001,3,331,-100.8567
0.001,3,332,-109.8804
0.001,3,333,-108.7299
0.001,3,334,-110.534
0.001,3,335,-102.6475
0.001,3,336,-102.3968
0.001,3,337,-104.0475
0.001,3,338,-106.5382
0.001,3,339,-101.7355
0.001,3,340,-104.9151
0.001,3,341,-109.2232
0.001,3,342,-112.0871
0.001,3,343,-103.487
0.001,3,344,-104.6817
0.001,3,345,-99.2749
0.001,3,346,-101.9776
0.001,3,347,-106.9603
0.001,3,348,-109.7225
0.001,3,349,-105.2529
0.001,3,350,-112.5635
0.001,3,351,-106.2297
0.001,3,352,-101.7617
0.001,3,353,-97.1013
0.001,3,354,-105.7114
0.001,3,355,-106.8885
0.001,3,356,-102.9703
0.001,3,357,-103.1166
0.001,3,358,-107.6284
0.001,3,359,-106.2072
0.001,3,360,-100.8314
0.001,3,361,-109.4424
0.001,3,362,-111.2937
0.001,3,363,-101.7339
0.001,3,364,-111.0047
0.001,3,365,-106.5499
0.001,3,366,-110.9865
0.001,3,367,-105.3525
0.001,3,368,-104.8511
0.001,3,369,-96.3524
0.001,3,370,-109.1205
0.001,3,371,-104.1275
0.001,3,372,-100.0367
0.001,3,373,-102.8602
0.001,3,374,-105.1792
0.001,3,375,-100.7725
0.001,3,376,-105.7909
0.001,3,377,-106.0941
0.001,3,378,-107.634
0.001,3,379,-110.2812
0.001,3,380,-104.7063
0.001,3,381,-111.2734
0.001,3,382,-107.2211
0.001,3,383,-108.5205
0.001,3,384,-104.8938
0.001,3,385,-106.0082
0.001,3,386,-104.7911
0.001,3,387,-103.4856
0.001,3,388,-111.8455
0.001,3,389,-99.7225
0.001,3,390,-110.2271
0.001,3,391,-103.1333
0.001,3,392,-102.7932
0.001,3,393,-114.0627
0.001,3,394,-99.2544
0.001,3,395,-109.8637
0.001,3,396,-96.8943
0.001,3,397,-105.1622
0.001,3,398,-98.9969
0.001,3,399,-102.8378
0.001,3,400,-98.6076
0.001,3,401,-109.8447
0.001,3,402,-110.1387
0.001,3,403,-106.0242
0.001,3,404,-105.9933
0.001,3,405,-103.776
0.001,3,406,-108.8479
0.001,3,407,-104.0767
0.001,3,408,-104.6969
0.001,3,409,-104.642
0.001,3,410,-104.7222
0.001,3,411,-107.4227
0.001,3,412,-101.4402
0.001,3,413,-109.4773
0.001,3,414,-103.5089
0.001,3,415,-108.1906
0.001,3,416,-99.953
0.001,3,417,-104.5408
0.001,3,418,-103.4043
0.001,3,419,-99.3223
0.001,3,420,-103.2829
0.001,3,421,-101.9749
0.001,3,422,-101.5109
0.001,3,423,-103.6601
0.001,3,424,-105.0296
0.001,3,425,-107.6987
0.001,3,426,-107.8376
0.001,3,427,-105.5658
0.001,3,428,-107.2257
0.001,3,429,-110.8476
0.001,3,430,-104.4978
0.001,3,431,-104.1738
0.001,3,432,-103.1415
0.001,3,433,-107.583
0.001,3,434,-103.0042
0.001,3,435,-106.2863
0.001,3,436,-111.7687
0.001,3,437,-106.5314
0.001,3,438,-101.6684
0.001,3,439,-101.8667
0.001,3,440,-97.7584
0.001,3,441,-105.1414
0.001,3,442,-105.6192
0.001,3,443,-103.3339
0.001,3,444,-106.5435
0.001,3,445,-110.9608
0.001,3,446,-102.6858
0.001,3,447,-102.5403
0.001,3,448,-104.0699
0.001,3,449,-106.7974
0.001,3,450,-109.5663
0.001,3,451,-99.6579
0.001,3,452,-107.4094
0.001,3,453,-102.5741
0.001,3,454,-104.0331
0.001,3,455,-102.1802
0.001,3,456,-106.0017
0.001,3,457,-107.9995
0.001,3,458,-108.0586
0.001,3,459,-104.4288
0.001,3,460,-108.6163
0.001,3,461,-101.4996
0.001,3,462,-101.8039
0.001,3,463,-108.9695
0.001,3,464,-105.4453
0.001,3,465,-105.4151
0.001,3,466,-108.1422
0.001,3,467,-104.5544
0.001,3,468,-102.1603
0.001,3,469,-105.9743
0.001,3,470,-102.0428
0.001,3,471,-109.5684
0.001,3,472,-106.209
0.001,3,473,-101.5899
0.001,3,474,-105.8786
0.001,3,475,-105.5323
0.001,3,476,-108.9217
0.001,3,477,-104.5735
0.001,3,478,-110.5201
0.001,3,479,-108.5303
0.001,3,480,-111.685
0.001,3,481,-111.7986
0.001,3,482,-107.5631
0.001,3,483,-106.447
0.001,3,484,-107.7849
0.001,3,485,-101.9202
0.001,3,486,-106.1203
0.001,3,487,-109.0352
0.001,3,488,-107.3841
0.001,3,489,-108.2459
0.001,3,490,-102.6515
0.001,3,491,-105.3073
0.001,3,492,-100.7207
0.001,3,493,-100.3209
0.001,3,494,-107.7575
0.001,3,495,-104.6331
0.001,3,496,-107.7141
0.001,3,497,-103.6851
0.001,3,498,-103.9444
0.001,3,499,-103.721
0.001,3,500,-107.0304
0.001,4,1,-167.3488
0.001,4,2,-180.2203
0.001,4,3,-167.3675
0.001,4,4,-183.2747
0.001,4,5,-169.2777
0.001,4,6,-158.2306
0.001,4,7,-147.189
0.001,4,8,-146.5138
0.001,4,9,-135.5263
0.001,4,10,-171.1876
0.001,4,11,-152.3996
0.001,4,12,-167.9221
0.001,4,13,-132.8202
0.001,4,14,-138.4765
0.001,4,15,-157.6538
0.001,4,16,-154.5338
0.001,4,17,-124.728
0.001,4,18,-153.1923
0.001,4,19,-122.9082
0.001,4,20,-139.9459
0.001,4,21,-134.9226
0.001,4,22,-135.3196
0.001,4,23,-133.0315
0.001,4,24,-139.7167
0.001,4,25,-105.7231
0.001,4,26,-146.6093
0.001,4,27,-141.2553
0.001,4,28,-128.5489
0.001,4,29,-129.2659
0.001,4,30,-94.7122
0.001,4,31,-123.0706
0.001,4,32,-113.7594
0.001,4,33,-121.1352
0.001,4,34,-109.3355
0.001,4,35,-109.9088
0.001,4,36,-125.8318
0.001,4,37,-149.6578
0.001,4,38,-123.8816
0.001,4,39,-125.0632
0.001,4,40,-114.4579
0.001,4,41,-140.1847
0.001,4,42,-115.8537
0.001,4,43,-133.4698
0.001,4,44,-125.5374
0.001,4,45,-115.3333
0.001,4,46,-103.7805
0.001,4,47,-99.8085
0.001,4,48,-123.7863
0.001,4,49,-93.6603
0.001,4,50,-138.8391
0.001,4,51,-79.7086
0.001,4,52,-103.4471
0.001,4,53,-117.6852
0.001,4,54,-123.9949
0.001,4,55,-121.3551
0.001,4,56,-112.5507
0.001,4,57,-125.3135
0.001,4,58,-114.0668
0.001,4,59,-112.3545
0.001,4,60,-107.5672
0.001,4,61,-129.6475
0.001,4,62,-120.3952
0.001,4,63,-93.0512
0.001,4,64,-111.405
0.001,4,65,-113.1944
0.001,4,66,-99.8947
0.001,4,67,-113.3088
0.001,4,68,-106.6187
0.001,4,69,-112.7824
0.001,4,70,-102.3226
0.001,4,71,-101.0988
0.001,4,72,-103.9894
0.001,4,73,-109.1632
0.001,4,74,-97.4329
0.001,4,75,-109.5564
0.001,4,76,-100.1217
0.001,4,77,-98.5547
0.001,4,78,-118.8003
0.001,4,79,-98.9285
0.001,4,80,-125.0421
0.001,4,81,-109.3179
0.001,4,82,-110.8116
0.001,4,83,-105.7736
0.001,4,84,-113.5445
0.001,4,85,-99.4903
0.001,4,86,-112.7282
0.001,4,87,-99.5434
0.001,4,88,-124.0082
0.001,4,89,-112.6957
0.001,4,90,-118.9482
0.001,4,91,-119.2912
0.001,4,92,-116.154
0.001,4,93,-107.1831
0.001,4,94,-108.8721
0.001,4,95,-111.8246
0.001,4,96,-98.1959
0.001,4,97,-107.5888
0.001,4,98,-108.4641
0.001,4,99,-107.8593
0.001,4,100,-113.4789
0.001,4,101,-115.2813
0.001,4,102,-97.0958
0.001,4,103,-90.1994
0.001,4,104,-117.5442
0.001,4,105,-102.7019
0.001,4,106,-110.7365
0.001,4,107,-109.0131
0.001,4,108,-112.1235
0.001,4,109,-102.8607
0.001,4,110,-111.0347
0.001,4,111,-107.7751
0.001,4,112,-128.7541
0.001,4,113,-109.6141
0.001,4,114,-94.2181
0.001,4,115,-124.2626
0.001,4,116,-109.9637
0.001,4,117,-121.9425
0.001,4,118,-119.777
0.001,4,119,-88.968
0.001,4,120,-113.4044
0.001,4,121,-100.7238
0.001,4,122,-89.6389
0.001,4,123,-97.9773
0.001,4,124,-106.7319
0.001,4,125,-102.2829
0.001,4,126,-106.4753
0.001,4,127,-102.6355
0.001,4,128,-107.5546
0.001,4,129,-120.1602
0.001,4,130,-123.1127
0.001,4,131,-106.6972
0.001,4,132,-108.0283
0.001,4,133,-109.6105
0.001,4,134,-118.0463
0.001,4,135,-111.5694
0.001,4,136,-98.8924
0.001,4,137,-98.3763
0.001,4,138,-119.8021
0.001,4,139,-102.241
0.001,4,140,-104.7457
0.001,4,141,-111.0659
0.001,4,142,-100.2922
0.001,4,143,-93.4936
0.001,4,144,-96.7595
0.001,4,145,-105.4205
0.001,4,146,-95.7386
0.001,4,147,-119.6913
0.001,4,148,-114.9251
0.001,4,149,-117.8349
0.001,4,150,-109.2286
0.001,4,151,-98.0965
0.001,4,152,-95.6192
0.001,4,153,-96.5979
0.001,4,154,-96.5356
0.001,4,155,-94.7652
0.001,4,156,-91.1569
0.001,4,157,-96.6964
0.001,4,158,-97.0012
0.001,4,159,-98.4594
0.001,4,160,-97.6814
0.001,4,161,-95.1011
0.001,4,162,-104.8126
0.001,4,163,-99.2377
0.001,4,164,-99.7654
0.001,4,165,-99.8075
0.001,4,166,-93.8543
0.001,4,167,-104.5176
0.001,4,168,-100.1425
0.001,4,169,-96.4358
0.001,4,170,-98.2725
0.001,4,171,-103.5973
0.001,4,172,-111.424
0.001,4,173,-105.2541
0.001,4,174,-108.1775
0.001,4,175,-112.9302
0.001,4,176,-109.1318
0.001,4,177,-110.3112
0.001,4,178,-109.131
0.001,4,179,-104.3948
0.001,4,180,-92.7182
0.001,4,181,-115.6584
0.001,4,182,-108.5448
0.001,4,183,-108.0605
0.001,4,184,-96.7516
0.001,4,185,-117.9144
0.001,4,186,-115.3112
0.001,4,187,-102.5975
0.001,4,188,-116.1055
0.001,4,189,-109.9952
0.001,4,190,-101.1914
0.001,4,191,-103.4473
0.001,4,192,-103.7423
0.001,4,193,-119.0329
0.001,4,194,-110.182
0.001,4,195,-96.4705
0.001,4,196,-101.5977
0.001,4,197,-110.3326
0.001,4,198,-99.6062
0.001,4,199,-108.9468
0.001,4,200,-104.4887
0.001,4,201,-92.593
0.001,4,202,-110.9019
0.001,4,203,-102.5698
0.001,4,204,-99.9137
0.001,4,205,-111.8239
0.001,4,206,-99.8551
0.001,4,207,-104.5327
0.001,4,208,-111.1541
0.001,4,209,-100.4856
0.001,4,210,-101.2677
0.001,4,211,-119.6906
0.001,4,212,-112.6806
0.001,4,213,-111.0737
0.001,4,214,-102.7325
0.001,4,215,-87.5496
0.001,4,216,-106.1457
0.001,4,217,-99.7586
0.001,4,218,-108.334
0.001,4,219,-108.1718
0.001,4,220,-110.3668
0.001,4,221,-109.403
0.001,4,222,-106.4291
0.001,4,223,-99.2999
0.001,4,224,-100.977
0.001,4,225,-108.2554
0.001,4,226,-107.9598
0.001,4,227,-105.2586
0.001,4,228,-111.098
0.001,4,229,-104.6121
0.001,4,230,-118.3248
0.001,4,231,-113.0777
0.001,4,232,-103.5853
0.001,4,233,-105.6576
0.001,4,234,-106.3272
0.001,4,235,-94.4757
0.001,4,236,-105.192
0.001,4,237,-101.6058
0.001,4,238,-101.0372
0.001,4,239,-110.2807
0.001,4,240,-100.7236
0.001,4,241,-92.4969
0.001,4,242,-105.556
0.001,4,243,-101.4768
0.001,4,244,-109.3515
0.001,4,245,-100.9286
0.001,4,246,-95.1474
0.001,4,247,-98.039
0.001,4,248,-103.4113
0.001,4,249,-105.4567
0.001,4,250,-106.6115
0.001,4,251,-108.9426
0.001,4,252,-110.3242
0.001,4,253,-108.5269
0.001,4,254,-115.7725
0.001,4,255,-111.1533
0.001,4,256,-99.6128
0.001,4,257,-118.097
0.001,4,258,-102.0509
0.001,4,259,-108.6338
0.001,4,260,-102.1184
0.001,4,261,-105.4259
0.001,4,262,-102.0453
0.001,4,263,-108.5042
0.001,4,264,-99.9423
0.001,4,265,-111.3
0.001,4,266,-104.9601
0.001,4,267,-87.6281
0.001,4,268,-98.636
0.001,4,269,-105.5022
0.001,4,270,-108.1263
0.001,4,271,-99.9952
0.001,4,272,-104.4591
0.001,4,273,-107.7263
0.001,4,274,-99.3968
0.001,4,275,-104.3553
0.001,4,276,-106.7507
0.001,4,277,-104.4308
0.001,4,278,-103.1441
0.001,4,279,-110.2231
0.001,4,280,-113.4224
0.001,4,281,-96.487
0.001,4,282,-100.9232
0.001,4,283,-106.3167
0.001,4,284,-105.3234
0.001,4,285,-118.3468
0.001,4,286,-103.5145
0.001,4,287,-113.6441
0.001,4,288,-102.4067
0.001,4,289,-109.0996
0.001,4,290,-102.6977
0.001,4,291,-108.8896
0.001,4,292,-97.1232
0.001,4,293,-107.1123
0.001,4,294,-103.0279
0.001,4,295,-105.0185
0.001,4,296,-102.5135
0.001,4,297,-108.4887
0.001,4,298,-105.3632
0.001,4,299,-104.48
0.001,4,300,-112.2592
0.001,4,301,-96.3494
0.001,4,302,-106.3833
0.001,4,303,-108.1734
0.001,4,304,-98.5091
0.001,4,305,-95.3249
0.001,4,306,-106.273
0.001,4,307,-98.1754
0.001,4,308,-108.7584
0.001,4,309,-102.3723
0.001,4,310,-97.9386
0.001,4,311,-102.2948
0.001,4,312,-100.984
0.001,4,313,-103.2815
0.001,4,314,-104.313
0.001,4,315,-106.2601
0.001,4,316,-105.3
0.001,4,317,-108.2561
0.001,4,318,-108.7727
0.001,4,319,-99.9115
0.001,4,320,-98.4344
0.001,4,321,-104.8928
0.001,4,322,-110.7969
0.001,4,323,-101.9734
0.001,4,324,-99.5544
0.001,4,325,-94.5934
0.001,4,326,-106.6181
0.001,4,327,-102.4277
0.001,4,328,-108.0644
0.001,4,329,-106.0999
0.001,4,330,-99.2303
0.001,4,331,-109.6346
0.001,4,332,-111.3406
0.001,4,333,-109.4997
0.001,4,334,-100.7185
0.001,4,335,-100.3801
0.001,4,336,-106.4656
0.001,4,337,-102.5969
0.001,4,338,-107.3394
0.001,4,339,-105.0512
0.001,4,340,-100.513
0.001,4,341,-103.8638
0.001,4,342,-102.1749
0.001,4,343,-108.0431
0.001,4,344,-107.7365
0.001,4,345,-105.1157
0.001,4,346,-89.705
0.001,4,347,-100.3567
0.001,4,348,-108.2059
0.001,4,349,-106.4197
0.001,4,350,-107.4303
0.001,4,351,-108.1679
0.001,4,352,-100.1043
0.001,4,353,-104.0246
0.001,4,354,-99.4953
0.001,4,355,-103.6204
0.001,4,356,-111.843
0.001,4,357,-105.3974
0.001,4,358,-105.9784
0.001,4,359,-104.2042
0.001,4,360,-98.9785
0.001,4,361,-103.8454
0.001,4,362,-105.6504
0.001,4,363,-107.9767
0.001,4,364,-106.093
0.001,4,365,-109.6606
0.001,4,366,-98.0901
0.001,4,367,-103.0084
0.001,4,368,-112.6483
0.001,4,369,-107.8486
0.001,4,370,-100.1856
0.001,4,371,-102.5226
0.001,4,372,-114.0378
0.001,4,373,-103.0081
0.001,4,374,-106.5308
0.001,4,375,-104.4194
0.001,4,376,-102.8928
0.001,4,377,-105.0647
0.001,4,378,-103.3827
0.001,4,379,-103.9808
0.001,4,380,-105.2991
0.001,4,381,-98.9768
0.001,4,382,-109.5895
0.001,4,383,-106.3524
0.001,4,384,-109.6838
0.001,4,385,-103.3108
0.001,4,386,-98.171
0.001,4,387,-104.9397
0.001,4,388,-105.975
0.001,4,389,-109.5277
0.001,4,390,-102.415
0.001,4,391,-106.0792
0.001,4,392,-108.8242
0.001,4,393,-108.9766
0.001,4,394,-110.7163
0.001,4,395,-102.3806
0.001,4,396,-101.7231
0.001,4,397,-107.6252
0.001,4,398,-109.07
0.001,4,399,-108.09
0.001,4,400,-102.7778
0.001,4,401,-102.5466
0.001,4,402,-107.3624
0.001,4,403,-106.0622
0.001,4,404,-104.9607
0.001,4,405,-106.8737
0.001,4,406,-109.5434
0.001,4,407,-105.8915
0.001,4,408,-109.8952
0.001,4,409,-100.383
0.001,4,410,-102.2375
0.001,4,411,-106.027
0.001,4,412,-102.4266
0.001,4,413,-100.5188
0.001,4,414,-111.2835
0.001,4,415,-101.1926
0.001,4,416,-99.8815
0.001,4,417,-107.8361
0.001,4,418,-97.7319
0.001,4,419,-106.5615
0.001,4,420,-98.4178
0.001,4,421,-102.7414
0.001,4,422,-105.2942
0.001,4,423,-107.4144
0.001,4,424,-100.5288
0.001,4,425,-98.2057
0.001,4,426,-99.8893
0.001,4,427,-98.1469
0.001,4,428,-107.6574
0.001,4,429,-104.976
0.001,4,430,-102.0793
0.001,4,431,-102.5316
0.001,4,432,-109.0148
0.001,4,433,-103.279
0.001,4,434,-107.2468
0.001,4,435,-103.5795
0.001,4,436,-105.3238
0.001,4,437,-102.051
0.001,4,438,-103.9649
0.001,4,439,-110.2962
0.001,4,440,-107.6284
0.001,4,441,-104.8951
0.001,4,442,-107.0463
0.001,4,443,-101.8126
0.001,4,444,-106.532
0.001,4,445,-106.7278
0.001,4,446,-103.4071
0.001,4,447,-111.7138
0.001,4,448,-97.6997
0.001,4,449,-97.7434
0.001,4,450,-104.6215
0.001,4,451,-105.361
0.001,4,452,-101.7195
0.001,4,453,-104.2579
0.001,4,454,-103.1761
0.001,4,455,-107.229
0.001,4,456,-101.2274
0.001,4,457,-101.2272
0.001,4,458,-105.997
0.001,4,459,-98.7998
0.001,4,460,-110.1414
0.001,4,461,-103.5933
0.001,4,462,-104.9517
0.001,4,463,-106.6848
0.001,4,464,-100.8856
0.001,4,465,-109.0158
0.001,4,466,-112.2648
0.001,4,467,-104.7725
0.001,4,468,-107.4521
0.001,4,469,-106.0988
0.001,4,470,-106.0587
0.001,4,471,-104.1888
0.001,4,472,-100.1215
0.001,4,473,-105.1289
0.001,4,474,-102.4862
0.001,4,475,-103.0522
0.001,4,476,-108.5277
0.001,4,477,-107.7939
0.001,4,478,-100.8534
0.001,4,479,-115.3698
0.001,4,480,-102.8079
0.001,4,481,-104.0807
0.001,4,482,-103.6877
0.001,4,483,-103.3737
0.001,4,484,-105.038
0.001,4,485,-101.8661
0.001,4,486,-107.4846
0.001,4,487,-104.8551
0.001,4,488,-100.4542
0.001,4,489,-104.3659
0.001,4,490,-110.5439
0.001,4,491,-106.5672
0.001,4,492,-102.603
0.001,4,493,-107.976
0.001,4,494,-107.4568
0.001,4,495,-107.1267
0.001,4,496,-106.0774
0.001,4,497,-101.8563
0.001,4,498,-103.9421
0.001,4,499,-106.4463
0.001,4,500,-106.4335
