algorithm,seed,episode,reward
CoTOP,0,1,-176.8314
CoTOP,0,2,-172.976
CoTOP,0,3,-170.1252
CoTOP,0,4,-164.9302
CoTOP,0,5,-163.0476
CoTOP,0,6,-158.1594
CoTOP,0,7,-157.4788
CoTOP,0,8,-152.5885
CoTOP,0,9,-150.3268
CoTOP,0,10,-144.3495
CoTOP,0,11,-144.5137
CoTOP,0,12,-142.7631
CoTOP,0,13,-137.4682
CoTOP,0,14,-136.8254
CoTOP,0,15,-134.224
CoTOP,0,16,-130.6291
CoTOP,0,17,-127.3602
CoTOP,0,18,-126.1754
CoTOP,0,19,-124.6988
CoTOP,0,20,-121.3745
CoTOP,0,21,-118.2469
CoTOP,0,22,-116.9519
CoTOP,0,23,-113.9215
CoTOP,0,24,-115.2166
CoTOP,0,25,-112.3821
CoTOP,0,26,-108.7533
CoTOP,0,27,-109.3598
CoTOP,0,28,-105.9463
CoTOP,0,29,-107.3049
CoTOP,0,30,-103.4601
CoTOP,0,31,-103.8281
CoTOP,0,32,-100.3458
CoTOP,0,33,-98.745
CoTOP,0,34,-99.5423
CoTOP,0,35,-97.1906
CoTOP,0,36,-95.6582
CoTOP,0,37,-93.4673
CoTOP,0,38,-92.8166
CoTOP,0,39,-88.978
CoTOP,0,40,-89.8006
CoTOP,0,41,-89.1836
CoTOP,0,42,-87.2236
CoTOP,0,43,-86.0701
CoTOP,0,44,-85.0053
CoTOP,0,45,-84.5451
CoTOP,0,46,-81.5096
CoTOP,0,47,-81.0511
CoTOP,0,48,-79.4594
CoTOP,0,49,-79.6988
CoTOP,0,50,-78.4383
CoTOP,0,51,-77.5094
CoTOP,0,52,-78.1384
CoTOP,0,53,-76.6853
CoTOP,0,54,-76.3813
CoTOP,0,55,-75.2814
CoTOP,0,56,-73.1694
CoTOP,0,57,-72.2421
CoTOP,0,58,-72.4571
CoTOP,0,59,-72.5679
CoTOP,0,60,-71.5067
CoTOP,0,61,-69.504
CoTOP,0,62,-69.4515
CoTOP,0,63,-67.8962
CoTOP,0,64,-67.916
CoTOP,0,65,-69.8203
CoTOP,0,66,-68.0222
CoTOP,0,67,-67.9247
CoTOP,0,68,-66.813
CoTOP,0,69,-66.5274
CoTOP,0,70,-64.7912
CoTOP,0,71,-63.4875
CoTOP,0,72,-65.0236
CoTOP,0,73,-65.1431
CoTOP,0,74,-61.1941
CoTOP,0,75,-62.7468
CoTOP,0,76,-62.2819
CoTOP,0,77,-60.9409
CoTOP,0,78,-62.8389
CoTOP,0,79,-60.1409
CoTOP,0,80,-59.4281
CoTOP,0,81,-58.449
CoTOP,0,82,-61.2935
CoTOP,0,83,-60.2225
CoTOP,0,84,-58.9583
CoTOP,0,85,-59.746
CoTOP,0,86,-59.6604
CoTOP,0,87,-56.1279
CoTOP,0,88,-57.0488
CoTOP,0,89,-57.4293
CoTOP,0,90,-58.3118
CoTOP,0,91,-58.2481
CoTOP,0,92,-55.3765
CoTOP,0,93,-57.4846
CoTOP,0,94,-55.4422
CoTOP,0,95,-58.0657
CoTOP,0,96,-55.7353
CoTOP,0,97,-53.8866
CoTOP,0,98,-53.8279
CoTOP,0,99,-56.0902
CoTOP,0,100,-55.5875
CoTOP,0,101,-54.5632
CoTOP,0,102,-52.7947
CoTOP,0,103,-54.1211
CoTOP,0,104,-53.7371
CoTOP,0,105,-52.7991
CoTOP,0,106,-53.1428
CoTOP,0,107,-52.94
CoTOP,0,108,-53.5318
CoTOP,0,109,-53.027
CoTOP,0,110,-54.0485
CoTOP,0,111,-51.2574
CoTOP,0,112,-52.5069
CoTOP,0,113,-53.0813
CoTOP,0,114,-52.7556
CoTOP,0,115,-51.8829
CoTOP,0,116,-54.2025
CoTOP,0,117,-51.9758
CoTOP,0,118,-51.9545
CoTOP,0,119,-52.2834
CoTOP,0,120,-51.8914
CoTOP,0,121,-52.0651
CoTOP,0,122,-51.1244
CoTOP,0,123,-50.6248
CoTOP,0,124,-51.3327
CoTOP,0,125,-50.9529
CoTOP,0,126,-49.5095
CoTOP,0,127,-52.1163
CoTOP,0,128,-49.8376
CoTOP,0,129,-49.2541
CoTOP,0,130,-50.1388
CoTOP,0,131,-49.9469
CoTOP,0,132,-49.1701
CoTOP,0,133,-50.7505
CoTOP,0,134,-51.0776
CoTOP,0,135,-51.5009
CoTOP,0,136,-49.1845
CoTOP,0,137,-49.3063
CoTOP,0,138,-49.4037
CoTOP,0,139,-48.8821
CoTOP,0,140,-48.8627
CoTOP,0,141,-50.0008
CoTOP,0,142,-49.4729
CoTOP,0,143,-49.3652
CoTOP,0,144,-48.7255
CoTOP,0,145,-48.9975
CoTOP,0,146,-49.2134
CoTOP,0,147,-48.5016
CoTOP,0,148,-48.0085
CoTOP,0,149,-50.0767
CoTOP,0,150,-48.4627
CoTOP,0,151,-48.6521
CoTOP,0,152,-48.8681
CoTOP,0,153,-49.013
CoTOP,0,154,-49.6389
CoTOP,0,155,-47.9671
CoTOP,0,156,-49.3325
CoTOP,0,157,-49.3576
CoTOP,0,158,-48.7064
CoTOP,0,159,-49.8029
CoTOP,0,160,-47.9172
CoTOP,0,161,-49.2317
CoTOP,0,162,-49.0076
CoTOP,0,163,-48.0968
CoTOP,0,164,-49.7244
CoTOP,0,165,-49.272
CoTOP,0,166,-47.9733
CoTOP,0,167,-48.2054
CoTOP,0,168,-46.6486
CoTOP,0,169,-46.8604
CoTOP,0,170,-48.6595
CoTOP,0,171,-48.4396
CoTOP,0,172,-47.6236
CoTOP,0,173,-47.8484
CoTOP,0,174,-48.9098
CoTOP,0,175,-48.8545
CoTOP,0,176,-48.175
CoTOP,0,177,-47.731
CoTOP,0,178,-49.7972
CoTOP,0,179,-48.3884
CoTOP,0,180,-47.299
CoTOP,0,181,-48.5959
CoTOP,0,182,-47.4804
CoTOP,0,183,-47.1945
CoTOP,0,184,-47.3948
CoTOP,0,185,-49.2623
CoTOP,0,186,-48.0313
CoTOP,0,187,-48.0717
CoTOP,0,188,-47.3723
CoTOP,0,189,-48.2012
CoTOP,0,190,-47.4069
CoTOP,0,191,-46.8393
CoTOP,0,192,-48.4829
CoTOP,0,193,-48.199
CoTOP,0,194,-47.9443
CoTOP,0,195,-47.9277
CoTOP,0,196,-49.0451
CoTOP,0,197,-48.3601
CoTOP,0,198,-47.3777
CoTOP,0,199,-47.4249
CoTOP,0,200,-47.5614
CoTOP,0,201,-48.7568
CoTOP,0,202,-48.8057
CoTOP,0,203,-48.2875
CoTOP,0,204,-46.9862
CoTOP,0,205,-48.2845
CoTOP,0,206,-47.3588
CoTOP,0,207,-47.7845
CoTOP,0,208,-47.481
CoTOP,0,209,-48.2908
CoTOP,0,210,-47.9896
CoTOP,0,211,-47.9718
CoTOP,0,212,-47.3001
CoTOP,0,213,-47.8623
CoTOP,0,214,-48.7088
CoTOP,0,215,-47.0005
CoTOP,0,216,-47.8067
CoTOP,0,217,-47.3532
CoTOP,0,218,-47.0986
CoTOP,0,219,-47.6337
CoTOP,0,220,-47.5772
CoTOP,0,221,-47.8341
CoTOP,0,222,-48.3752
CoTOP,0,223,-47.1666
CoTOP,0,224,-47.1218
CoTOP,0,225,-47.2371
CoTOP,0,226,-48.011
CoTOP,0,227,-47.3332
CoTOP,0,228,-47.4132
CoTOP,0,229,-46.8127
CoTOP,0,230,-46.5075
CoTOP,0,231,-47.7216
CoTOP,0,232,-48.102
CoTOP,0,233,-46.749
CoTOP,0,234,-46.9765
CoTOP,0,235,-47.7009
CoTOP,0,236,-46.9466
CoTOP,0,237,-47.5814
CoTOP,0,238,-48.7757
CoTOP,0,239,-47.0261
CoTOP,0,240,-46.3385
CoTOP,0,241,-48.2457
CoTOP,0,242,-47.5561
CoTOP,0,243,-47.2194
CoTOP,0,244,-47.2068
CoTOP,0,245,-47.0921
CoTOP,0,246,-47.2998
CoTOP,0,247,-48.2326
CoTOP,0,248,-47.0814
CoTOP,0,249,-47.9624
CoTOP,0,250,-47.5784
CoTOP,0,251,-47.4127
CoTOP,0,252,-46.5444
CoTOP,0,253,-48.0021
CoTOP,0,254,-47.3494
CoTOP,0,255,-47.2873
CoTOP,0,256,-47.3878
CoTOP,0,257,-46.8913
CoTOP,0,258,-47.1595
CoTOP,0,259,-46.9974
CoTOP,0,260,-46.6479
CoTOP,0,261,-47.2407
CoTOP,0,262,-47.8039
CoTOP,0,263,-47.152
CoTOP,0,264,-47.4561
CoTOP,0,265,-46.926
CoTOP,0,266,-47.1157
CoTOP,0,267,-47.0664
CoTOP,0,268,-47.3898
CoTOP,0,269,-47.0175
CoTOP,0,270,-46.8011
CoTOP,0,271,-47.841
CoTOP,0,272,-47.1454
CoTOP,0,273,-47.3515
CoTOP,0,274,-47.5245
CoTOP,0,275,-46.3274
CoTOP,0,276,-46.5188
CoTOP,0,277,-46.975
CoTOP,0,278,-47.7569
CoTOP,0,279,-48.5488
CoTOP,0,280,-47.4899
CoTOP,0,281,-47.684
CoTOP,0,282,-48.0531
CoTOP,0,283,-48.0047
CoTOP,0,284,-48.1657
CoTOP,0,285,-46.9903
CoTOP,0,286,-46.8832
CoTOP,0,287,-47.5327
CoTOP,0,288,-47.2955
CoTOP,0,289,-48.5783
CoTOP,0,290,-46.7624
CoTOP,0,291,-46.3447
CoTOP,0,292,-47.0282
CoTOP,0,293,-47.3491
CoTOP,0,294,-47.1173
CoTOP,0,295,-46.7506
CoTOP,0,296,-47.1667
CoTOP,0,297,-47.7949
CoTOP,0,298,-47.1224
CoTOP,0,299,-46.7214
CoTOP,0,300,-47.0129
CoTOP,0,301,-47.171
CoTOP,0,302,-47.0276
CoTOP,0,303,-46.7271
CoTOP,0,304,-47.3984
CoTOP,0,305,-48.0157
CoTOP,0,306,-47.1378
CoTOP,0,307,-47.5885
CoTOP,0,308,-47.3215
CoTOP,0,309,-46.9102
CoTOP,0,310,-47.5503
CoTOP,0,311,-47.2149
CoTOP,0,312,-47.002
CoTOP,0,313,-46.7501
CoTOP,0,314,-47.069
CoTOP,0,315,-46.8868
CoTOP,0,316,-46.8386
CoTOP,0,317,-47.1665
CoTOP,0,318,-47.1951
CoTOP,0,319,-47.5585
CoTOP,0,320,-47.0441
CoTOP,0,321,-47.6467
CoTOP,0,322,-47.2329
CoTOP,0,323,-46.9134
CoTOP,0,324,-47.9215
CoTOP,0,325,-47.7196
CoTOP,0,326,-47.2252
CoTOP,0,327,-47.8546
CoTOP,0,328,-47.5349
CoTOP,0,329,-47.4793
CoTOP,0,330,-47.7031
CoTOP,0,331,-46.9995
CoTOP,0,332,-47.1019
CoTOP,0,333,-46.9938
CoTOP,0,334,-46.6273
CoTOP,0,335,-47.5827
CoTOP,0,336,-46.9917
CoTOP,0,337,-47.5671
CoTOP,0,338,-46.9585
CoTOP,0,339,-47.2316
CoTOP,0,340,-47.489
CoTOP,0,341,-47.0023
CoTOP,0,342,-47.7226
CoTOP,0,343,-47.1181
CoTOP,0,344,-48.8188
CoTOP,0,345,-47.36
CoTOP,0,346,-47.031
CoTOP,0,347,-46.9778
CoTOP,0,348,-46.3599
CoTOP,0,349,-47.4213
CoTOP,0,350,-47.0709
CoTOP,0,351,-47.6234
CoTOP,0,352,-46.7834
CoTOP,0,353,-47.189
CoTOP,0,354,-47.8012
CoTOP,0,355,-46.8481
CoTOP,0,356,-47.5111
CoTOP,0,357,-47.2267
CoTOP,0,358,-47.657
CoTOP,0,359,-47.1751
CoTOP,0,360,-47.5881
CoTOP,0,361,-46.8423
CoTOP,0,362,-47.6414
CoTOP,0,363,-47.1576
CoTOP,0,364,-47.7915
CoTOP,0,365,-47.1612
CoTOP,0,366,-47.3947
CoTOP,0,367,-46.7662
CoTOP,0,368,-47.2425
CoTOP,0,369,-47.5346
CoTOP,0,370,-47.2402
CoTOP,0,371,-47.3403
CoTOP,0,372,-47.0135
CoTOP,0,373,-47.1057
CoTOP,0,374,-47.8272
CoTOP,0,375,-47.1684
CoTOP,0,376,-47.0176
CoTOP,0,377,-48.123
CoTOP,0,378,-47.7766
CoTOP,0,379,-47.3544
CoTOP,0,380,-47.2463
CoTOP,0,381,-46.6326
CoTOP,0,382,-47.1523
CoTOP,0,383,-47.1296
CoTOP,0,384,-47.7208
CoTOP,0,385,-46.7656
CoTOP,0,386,-46.4935
CoTOP,0,387,-47.7733
CoTOP,0,388,-46.9626
CoTOP,0,389,-46.8237
CoTOP,0,390,-46.5979
CoTOP,0,391,-46.8531
CoTOP,0,392,-46.9247
CoTOP,0,393,-47.5312
CoTOP,0,394,-47.2374
CoTOP,0,395,-47.3112
CoTOP,0,396,-47.2465
CoTOP,0,397,-47.2397
CoTOP,0,398,-46.9127
CoTOP,0,399,-47.4442
CoTOP,0,400,-47.0966
CoTOP,0,401,-46.5137
CoTOP,0,402,-47.3239
CoTOP,0,403,-47.5215
CoTOP,0,404,-47.3604
CoTOP,0,405,-46.9098
CoTOP,0,406,-47.5882
CoTOP,0,407,-47.2499
CoTOP,0,408,-47.2762
CoTOP,0,409,-47.3217
CoTOP,0,410,-46.9853
CoTOP,0,411,-47.3358
CoTOP,0,412,-47.4015
CoTOP,0,413,-47.138
CoTOP,0,414,-47.4085
CoTOP,0,415,-46.8175
CoTOP,0,416,-47.1035
CoTOP,0,417,-47.0647
CoTOP,0,418,-47.6461
CoTOP,0,419,-47.4233
CoTOP,0,420,-47.8278
CoTOP,0,421,-47.6108
CoTOP,0,422,-47.3886
CoTOP,0,423,-47.0085
CoTOP,0,424,-47.7066
CoTOP,0,425,-47.301
CoTOP,0,426,-47.5949
CoTOP,0,427,-47.4506
CoTOP,0,428,-46.9818
CoTOP,0,429,-47.1287
CoTOP,0,430,-47.3292
CoTOP,0,431,-47.1539
CoTOP,0,432,-47.1918
CoTOP,0,433,-47.395
CoTOP,0,434,-47.4479
CoTOP,0,435,-47.6315
CoTOP,0,436,-46.6282
CoTOP,0,437,-47.4455
CoTOP,0,438,-47.469
CoTOP,0,439,-47.0829
CoTOP,0,440,-46.8578
CoTOP,0,441,-47.1925
CoTOP,0,442,-47.1317
CoTOP,0,443,-47.1662
CoTOP,0,444,-47.4001
CoTOP,0,445,-47.1882
CoTOP,0,446,-47.7389
CoTOP,0,447,-47.2342
CoTOP,0,448,-47.0687
CoTOP,0,449,-46.9916
CoTOP,0,450,-47.241
CoTOP,0,451,-47.8287
CoTOP,0,452,-47.1783
CoTOP,0,453,-47.3142
CoTOP,0,454,-47.1135
CoTOP,0,455,-47.3466
CoTOP,0,456,-47.611
CoTOP,0,457,-47.4117
CoTOP,0,458,-47.209
CoTOP,0,459,-46.9233
CoTOP,0,460,-47.2328
CoTOP,0,461,-47.2657
CoTOP,0,462,-47.655
CoTOP,0,463,-47.1231
CoTOP,0,464,-47.495
CoTOP,0,465,-47.8034
CoTOP,0,466,-47.0001
CoTOP,0,467,-47.1763
CoTOP,0,468,-47.515
CoTOP,0,469,-47.3077
CoTOP,0,470,-47.4556
CoTOP,0,471,-47.0167
CoTOP,0,472,-47.2182
CoTOP,0,473,-46.5721
CoTOP,0,474,-47.9369
CoTOP,0,475,-47.1246
CoTOP,0,476,-47.1997
CoTOP,0,477,-46.9585
CoTOP,0,478,-47.167
CoTOP,0,479,-47.1095
CoTOP,0,480,-47.0538
CoTOP,0,481,-47.554
CoTOP,0,482,-47.3276
CoTOP,0,483,-46.8224
CoTOP,0,484,-47.0301
CoTOP,0,485,-47.3974
CoTOP,0,486,-47.1551
CoTOP,0,487,-47.2331
CoTOP,0,488,-47.4342
CoTOP,0,489,-46.9497
CoTOP,0,490,-46.773
CoTOP,0,491,-46.694
CoTOP,0,492,-47.0738
CoTOP,0,493,-47.2685
CoTOP,0,494,-46.8735
CoTOP,0,495,-47.0982
CoTOP,0,496,-46.9273
CoTOP,0,497,-47.3265
CoTOP,0,498,-47.1773
CoTOP,0,499,-47.0691
CoTOP,0,500,-47.656
CoTOP,1,1,-176.7799
CoTOP,1,2,-174.0378
CoTOP,1,3,-166.9169
CoTOP,1,4,-164.6445
CoTOP,1,5,-162.2009
CoTOP,1,6,-159.1225
CoTOP,1,7,-159.2931
CoTOP,1,8,-152.6146
CoTOP,1,9,-149.6752
CoTOP,1,10,-147.0891
CoTOP,1,11,-144.3912
CoTOP,1,12,-142.253
CoTOP,1,13,-138.5
CoTOP,1,14,-136.4669
CoTOP,1,15,-134.7171
CoTOP,1,16,-131.8587
CoTOP,1,17,-128.5513
CoTOP,1,18,-126.4817
CoTOP,1,19,-125.0759
CoTOP,1,20,-124.2798
CoTOP,1,21,-121.677
CoTOP,1,22,-118.1318
CoTOP,1,23,-116.8581
CoTOP,1,24,-114.1904
CoTOP,1,25,-112.6685
CoTOP,1,26,-110.1339
CoTOP,1,27,-109.6549
CoTOP,1,28,-106.5641
CoTOP,1,29,-104.7226
CoTOP,1,30,-102.996
CoTOP,1,31,-103.7965
CoTOP,1,32,-101.2061
CoTOP,1,33,-100.1842
CoTOP,1,34,-96.9529
CoTOP,1,35,-97.0428
CoTOP,1,36,-95.0407
CoTOP,1,37,-94.2346
CoTOP,1,38,-93.0531
CoTOP,1,39,-90.6979
CoTOP,1,40,-88.9819
CoTOP,1,41,-87.1901
CoTOP,1,42,-86.5724
CoTOP,1,43,-84.6662
CoTOP,1,44,-83.7714
CoTOP,1,45,-83.2984
CoTOP,1,46,-83.7326
CoTOP,1,47,-83.0459
CoTOP,1,48,-80.6033
CoTOP,1,49,-79.4958
CoTOP,1,50,-76.9053
CoTOP,1,51,-78.3337
CoTOP,1,52,-76.8208
CoTOP,1,53,-76.7289
CoTOP,1,54,-74.8969
CoTOP,1,55,-74.2295
CoTOP,1,56,-74.281
CoTOP,1,57,-72.1595
CoTOP,1,58,-71.5287
CoTOP,1,59,-72.2188
CoTOP,1,60,-70.9788
CoTOP,1,61,-71.3388
CoTOP,1,62,-69.731
CoTOP,1,63,-68.7359
CoTOP,1,64,-69.2274
CoTOP,1,65,-68.364
CoTOP,1,66,-67.0389
CoTOP,1,67,-67.4493
CoTOP,1,68,-66.9367
CoTOP,1,69,-66.5083
CoTOP,1,70,-63.135
CoTOP,1,71,-63.6252
CoTOP,1,72,-64.4585
CoTOP,1,73,-64.0663
CoTOP,1,74,-63.9029
CoTOP,1,75,-63.0937
CoTOP,1,76,-60.8331
CoTOP,1,77,-63.2017
CoTOP,1,78,-60.9928
CoTOP,1,79,-59.7362
CoTOP,1,80,-61.8503
CoTOP,1,81,-60.3124
CoTOP,1,82,-61.8913
CoTOP,1,83,-59.4957
CoTOP,1,84,-60.0727
CoTOP,1,85,-58.207
CoTOP,1,86,-58.9002
CoTOP,1,87,-58.761
CoTOP,1,88,-56.9914
CoTOP,1,89,-57.514
CoTOP,1,90,-57.7246
CoTOP,1,91,-58.1347
CoTOP,1,92,-57.2752
CoTOP,1,93,-56.0844
CoTOP,1,94,-56.1408
CoTOP,1,95,-56.8281
CoTOP,1,96,-55.6802
CoTOP,1,97,-55.6047
CoTOP,1,98,-55.3351
CoTOP,1,99,-54.718
CoTOP,1,100,-54.3317
CoTOP,1,101,-55.7872
CoTOP,1,102,-54.2001
CoTOP,1,103,-54.1558
CoTOP,1,104,-54.226
CoTOP,1,105,-55.2075
CoTOP,1,106,-53.5231
CoTOP,1,107,-54.7158
CoTOP,1,108,-53.1102
CoTOP,1,109,-53.2868
CoTOP,1,110,-51.7041
CoTOP,1,111,-54.7033
CoTOP,1,112,-53.0046
CoTOP,1,113,-52.485
CoTOP,1,114,-53.513
CoTOP,1,115,-52.5319
CoTOP,1,116,-52.6286
CoTOP,1,117,-51.76
CoTOP,1,118,-51.7485
CoTOP,1,119,-51.5132
CoTOP,1,120,-50.0553
CoTOP,1,121,-50.3177
CoTOP,1,122,-51.0104
CoTOP,1,123,-52.2299
CoTOP,1,124,-51.7323
CoTOP,1,125,-50.5564
CoTOP,1,126,-49.8789
CoTOP,1,127,-52.1347
CoTOP,1,128,-48.1819
CoTOP,1,129,-49.6075
CoTOP,1,130,-49.8336
CoTOP,1,131,-50.4218
CoTOP,1,132,-49.9625
CoTOP,1,133,-49.0658
CoTOP,1,134,-49.6738
CoTOP,1,135,-51.6962
CoTOP,1,136,-49.5872
CoTOP,1,137,-48.6552
CoTOP,1,138,-50.5757
CoTOP,1,139,-50.41
CoTOP,1,140,-50.5683
CoTOP,1,141,-50.2893
CoTOP,1,142,-49.8471
CoTOP,1,143,-48.6032
CoTOP,1,144,-49.1197
CoTOP,1,145,-48.9144
CoTOP,1,146,-47.6313
CoTOP,1,147,-48.5191
CoTOP,1,148,-48.8828
CoTOP,1,149,-48.4724
CoTOP,1,150,-49.2132
CoTOP,1,151,-47.9427
CoTOP,1,152,-48.99
CoTOP,1,153,-48.8497
CoTOP,1,154,-47.8827
CoTOP,1,155,-48.1358
CoTOP,1,156,-48.9723
CoTOP,1,157,-49.0451
CoTOP,1,158,-49.232
CoTOP,1,159,-48.7339
CoTOP,1,160,-48.7033
CoTOP,1,161,-49.3105
CoTOP,1,162,-48.369
CoTOP,1,163,-48.5142
CoTOP,1,164,-47.9928
CoTOP,1,165,-48.6817
CoTOP,1,166,-48.5151
CoTOP,1,167,-47.3561
CoTOP,1,168,-48.274
CoTOP,1,169,-47.6048
CoTOP,1,170,-48.4149
CoTOP,1,171,-48.3168
CoTOP,1,172,-49.3222
CoTOP,1,173,-48.8586
CoTOP,1,174,-48.1216
CoTOP,1,175,-48.5667
CoTOP,1,176,-48.0148
CoTOP,1,177,-46.75
CoTOP,1,178,-48.288
CoTOP,1,179,-46.5102
CoTOP,1,180,-48.6868
CoTOP,1,181,-48.5352
CoTOP,1,182,-47.4864
CoTOP,1,183,-47.4564
CoTOP,1,184,-48.3409
CoTOP,1,185,-48.0007
CoTOP,1,186,-48.004
CoTOP,1,187,-48.0158
CoTOP,1,188,-48.0462
CoTOP,1,189,-48.3537
CoTOP,1,190,-47.6874
CoTOP,1,191,-48.0489
CoTOP,1,192,-48.4573
CoTOP,1,193,-47.2258
CoTOP,1,194,-48.5003
CoTOP,1,195,-47.6588
CoTOP,1,196,-47.8292
CoTOP,1,197,-47.3251
CoTOP,1,198,-46.6045
CoTOP,1,199,-48.5132
CoTOP,1,200,-46.6881
CoTOP,1,201,-46.8295
CoTOP,1,202,-47.3456
CoTOP,1,203,-47.4024
CoTOP,1,204,-47.5412
CoTOP,1,205,-48.1138
CoTOP,1,206,-47.0471
CoTOP,1,207,-47.9652
CoTOP,1,208,-47.745
CoTOP,1,209,-48.3925
CoTOP,1,210,-47.1752
CoTOP,1,211,-47.8617
CoTOP,1,212,-47.9583
CoTOP,1,213,-47.3596
CoTOP,1,214,-46.6526
CoTOP,1,215,-48.0826
CoTOP,1,216,-47.3343
CoTOP,1,217,-46.8711
CoTOP,1,218,-46.8281
CoTOP,1,219,-48.1037
CoTOP,1,220,-47.1027
CoTOP,1,221,-46.7139
CoTOP,1,222,-47.0988
CoTOP,1,223,-47.8238
CoTOP,1,224,-47.252
CoTOP,1,225,-48.2903
CoTOP,1,226,-48.253
CoTOP,1,227,-47.8901
CoTOP,1,228,-47.0937
CoTOP,1,229,-47.2923
CoTOP,1,230,-47.3242
CoTOP,1,231,-47.1829
CoTOP,1,232,-47.2248
CoTOP,1,233,-47.4013
CoTOP,1,234,-47.4123
CoTOP,1,235,-48.7369
CoTOP,1,236,-46.9886
CoTOP,1,237,-47.0366
CoTOP,1,238,-46.1919
CoTOP,1,239,-47.4501
CoTOP,1,240,-47.5345
CoTOP,1,241,-48.0063
CoTOP,1,242,-46.8843
CoTOP,1,243,-47.4726
CoTOP,1,244,-47.7219
CoTOP,1,245,-47.0948
CoTOP,1,246,-46.6024
CoTOP,1,247,-46.7831
CoTOP,1,248,-48.3046
CoTOP,1,249,-46.9082
CoTOP,1,250,-46.534
CoTOP,1,251,-47.538
CoTOP,1,252,-47.881
CoTOP,1,253,-47.625
CoTOP,1,254,-47.7923
CoTOP,1,255,-48.1575
CoTOP,1,256,-47.7264
CoTOP,1,257,-47.4526
CoTOP,1,258,-47.5428
CoTOP,1,259,-47.1273
CoTOP,1,260,-47.0885
CoTOP,1,261,-45.9869
CoTOP,1,262,-46.7979
CoTOP,1,263,-47.0806
CoTOP,1,264,-46.9853
CoTOP,1,265,-46.8264
CoTOP,1,266,-47.2071
CoTOP,1,267,-47.3208
CoTOP,1,268,-47.5481
CoTOP,1,269,-47.3778
CoTOP,1,270,-47.7099
CoTOP,1,271,-46.5988
CoTOP,1,272,-47.507
CoTOP,1,273,-47.1793
CoTOP,1,274,-47.1067
CoTOP,1,275,-46.9194
CoTOP,1,276,-47.112
CoTOP,1,277,-47.2695
CoTOP,1,278,-46.8252
CoTOP,1,279,-47.3184
CoTOP,1,280,-47.0236
CoTOP,1,281,-46.8811
CoTOP,1,282,-47.8733
CoTOP,1,283,-47.2092
CoTOP,1,284,-47.0299
CoTOP,1,285,-46.883
CoTOP,1,286,-46.4273
CoTOP,1,287,-47.9018
CoTOP,1,288,-47.2589
CoTOP,1,289,-47.3086
CoTOP,1,290,-46.7969
CoTOP,1,291,-48.0111
CoTOP,1,292,-47.1406
CoTOP,1,293,-47.4032
CoTOP,1,294,-48.1015
CoTOP,1,295,-47.259
CoTOP,1,296,-46.6294
CoTOP,1,297,-46.7441
CoTOP,1,298,-47.2832
CoTOP,1,299,-46.94
CoTOP,1,300,-47.2802
CoTOP,1,301,-47.2656
CoTOP,1,302,-46.6957
CoTOP,1,303,-46.8741
CoTOP,1,304,-47.9515
CoTOP,1,305,-47.7942
CoTOP,1,306,-47.409
CoTOP,1,307,-47.6569
CoTOP,1,308,-46.6473
CoTOP,1,309,-47.769
CoTOP,1,310,-47.6593
CoTOP,1,311,-47.5202
CoTOP,1,312,-47.2846
CoTOP,1,313,-46.3343
CoTOP,1,314,-47.688
CoTOP,1,315,-47.7611
CoTOP,1,316,-47.1971
CoTOP,1,317,-47.455
CoTOP,1,318,-47.1503
CoTOP,1,319,-47.3017
CoTOP,1,320,-47.4217
CoTOP,1,321,-47.5379
CoTOP,1,322,-47.8669
CoTOP,1,323,-47.5474
CoTOP,1,324,-47.5109
CoTOP,1,325,-47.4052
CoTOP,1,326,-47.2854
CoTOP,1,327,-47.6771
CoTOP,1,328,-47.2416
CoTOP,1,329,-46.3051
CoTOP,1,330,-46.6105
CoTOP,1,331,-47.153
CoTOP,1,332,-46.8292
CoTOP,1,333,-46.7927
CoTOP,1,334,-46.7809
CoTOP,1,335,-47.4557
CoTOP,1,336,-46.804
CoTOP,1,337,-47.3079
CoTOP,1,338,-46.9376
CoTOP,1,339,-47.2741
CoTOP,1,340,-46.6761
CoTOP,1,341,-47.0091
CoTOP,1,342,-47.2992
CoTOP,1,343,-47.0197
CoTOP,1,344,-47.0353
CoTOP,1,345,-47.6308
CoTOP,1,346,-47.5253
CoTOP,1,347,-47.5843
CoTOP,1,348,-46.6596
CoTOP,1,349,-47.1011
CoTOP,1,350,-47.7386
CoTOP,1,351,-47.8876
CoTOP,1,352,-46.5262
CoTOP,1,353,-47.0094
CoTOP,1,354,-47.4325
CoTOP,1,355,-47.1607
CoTOP,1,356,-47.3929
CoTOP,1,357,-47.6089
CoTOP,1,358,-46.9064
CoTOP,1,359,-46.9593
CoTOP,1,360,-47.3782
CoTOP,1,361,-47.1045
CoTOP,1,362,-47.3159
CoTOP,1,363,-46.8373
CoTOP,1,364,-47.5529
CoTOP,1,365,-47.6642
CoTOP,1,366,-47.5175
CoTOP,1,367,-47.1466
CoTOP,1,368,-47.7448
CoTOP,1,369,-47.3249
CoTOP,1,370,-46.2866
CoTOP,1,371,-47.4493
CoTOP,1,372,-47.0664
CoTOP,1,373,-47.3919
CoTOP,1,374,-47.4681
CoTOP,1,375,-46.9927
CoTOP,1,376,-47.5803
CoTOP,1,377,-46.8117
CoTOP,1,378,-47.4198
CoTOP,1,379,-47.0988
CoTOP,1,380,-46.7776
CoTOP,1,381,-47.555
CoTOP,1,382,-46.7416
CoTOP,1,383,-48.0174
CoTOP,1,384,-46.9097
CoTOP,1,385,-47.4728
CoTOP,1,386,-47.512
CoTOP,1,387,-47.111
CoTOP,1,388,-46.4334
CoTOP,1,389,-46.9382
CoTOP,1,390,-47.1229
CoTOP,1,391,-47.4345
CoTOP,1,392,-46.8865
CoTOP,1,393,-47.8316
CoTOP,1,394,-47.2354
CoTOP,1,395,-47.1056
CoTOP,1,396,-47.2993
CoTOP,1,397,-47.2702
CoTOP,1,398,-47.7098
CoTOP,1,399,-47.2772
CoTOP,1,400,-47.1078
CoTOP,1,401,-47.2794
CoTOP,1,402,-46.4234
CoTOP,1,403,-47.3476
CoTOP,1,404,-47.146
CoTOP,1,405,-46.9705
CoTOP,1,406,-47.3178
CoTOP,1,407,-46.9496
CoTOP,1,408,-46.8985
CoTOP,1,409,-47.3135
CoTOP,1,410,-46.9985
CoTOP,1,411,-47.1074
CoTOP,1,412,-47.1783
CoTOP,1,413,-46.9179
CoTOP,1,414,-47.3303
CoTOP,1,415,-47.4089
CoTOP,1,416,-47.4576
CoTOP,1,417,-46.915
CoTOP,1,418,-47.1286
CoTOP,1,419,-47.7001
CoTOP,1,420,-47.7645
CoTOP,1,421,-47.1706
CoTOP,1,422,-47.4747
CoTOP,1,423,-47.4535
CoTOP,1,424,-47.1975
CoTOP,1,425,-47.5461
CoTOP,1,426,-46.6749
CoTOP,1,427,-47.3897
CoTOP,1,428,-47.297
CoTOP,1,429,-47.2543
CoTOP,1,430,-47.0325
CoTOP,1,431,-47.0559
CoTOP,1,432,-47.1518
CoTOP,1,433,-47.1626
CoTOP,1,434,-47.1343
CoTOP,1,435,-47.5005
CoTOP,1,436,-47.6183
CoTOP,1,437,-47.1807
CoTOP,1,438,-47.1688
CoTOP,1,439,-46.7314
CoTOP,1,440,-47.0614
CoTOP,1,441,-47.4597
CoTOP,1,442,-47.2157
CoTOP,1,443,-47.4698
CoTOP,1,444,-47.5849
CoTOP,1,445,-47.2119
CoTOP,1,446,-46.8914
CoTOP,1,447,-47.308
CoTOP,1,448,-46.7016
CoTOP,1,449,-47.4548
CoTOP,1,450,-47.1751
CoTOP,1,451,-47.3067
CoTOP,1,452,-47.2522
CoTOP,1,453,-47.3211
CoTOP,1,454,-47.7647
CoTOP,1,455,-47.3919
CoTOP,1,456,-46.9143
CoTOP,1,457,-47.3961
CoTOP,1,458,-46.9706
CoTOP,1,459,-47.3092
CoTOP,1,460,-47.1312
CoTOP,1,461,-47.4318
CoTOP,1,462,-47.226
CoTOP,1,463,-47.5433
CoTOP,1,464,-46.9977
CoTOP,1,465,-47.4151
CoTOP,1,466,-47.2036
CoTOP,1,467,-47.05
CoTOP,1,468,-47.1925
CoTOP,1,469,-47.348
CoTOP,1,470,-47.5221
CoTOP,1,471,-47.0733
CoTOP,1,472,-47.0599
CoTOP,1,473,-47.4298
CoTOP,1,474,-46.9177
CoTOP,1,475,-47.3202
CoTOP,1,476,-47.3299
CoTOP,1,477,-47.1618
CoTOP,1,478,-46.9238
CoTOP,1,479,-46.9271
CoTOP,1,480,-47.1817
CoTOP,1,481,-47.2411
CoTOP,1,482,-47.3335
CoTOP,1,483,-46.8401
CoTOP,1,484,-46.8259
CoTOP,1,485,-47.4108
CoTOP,1,486,-47.126
CoTOP,1,487,-46.9164
CoTOP,1,488,-47.2198
CoTOP,1,489,-47.0475
CoTOP,1,490,-47.2321
CoTOP,1,491,-46.9213
CoTOP,1,492,-47.2912
CoTOP,1,493,-47.5147
CoTOP,1,494,-47.1504
CoTOP,1,495,-47.4176
CoTOP,1,496,-47.4529
CoTOP,1,497,-46.7126
CoTOP,1,498,-47.256
CoTOP,1,499,-46.8997
CoTOP,1,500,-47.2373
CoTOP,2,1,-176.9803
CoTOP,2,2,-171.9134
CoTOP,2,3,-167.5069
CoTOP,2,4,-166.4183
CoTOP,2,5,-164.6752
CoTOP,2,6,-160.8435
CoTOP,2,7,-155.0831
CoTOP,2,8,-155.113
CoTOP,2,9,-148.9062
CoTOP,2,10,-147.3889
CoTOP,2,11,-143.5994
CoTOP,2,12,-141.5534
CoTOP,2,13,-138.4091
CoTOP,2,14,-136.9653
CoTOP,2,15,-134.6803
CoTOP,2,16,-131.1006
CoTOP,2,17,-128.0235
CoTOP,2,18,-126.5542
CoTOP,2,19,-124.3716
CoTOP,2,20,-121.3906
CoTOP,2,21,-120.4257
CoTOP,2,22,-118.0916
CoTOP,2,23,-117.0073
CoTOP,2,24,-113.8064
CoTOP,2,25,-110.1178
CoTOP,2,26,-109.2874
CoTOP,2,27,-109.8536
CoTOP,2,28,-107.7119
CoTOP,2,29,-104.851
CoTOP,2,30,-102.9548
CoTOP,2,31,-102.0787
CoTOP,2,32,-99.5234
CoTOP,2,33,-99.1738
CoTOP,2,34,-98.2395
CoTOP,2,35,-95.5268
CoTOP,2,36,-94.0291
CoTOP,2,37,-93.4697
CoTOP,2,38,-91.0048
CoTOP,2,39,-90.2838
CoTOP,2,40,-90.6056
CoTOP,2,41,-89.5253
CoTOP,2,42,-88.3963
CoTOP,2,43,-86.7263
CoTOP,2,44,-84.2215
CoTOP,2,45,-84.5429
CoTOP,2,46,-84.688
CoTOP,2,47,-81.6163
CoTOP,2,48,-82.7974
CoTOP,2,49,-79.1767
CoTOP,2,50,-79.8109
CoTOP,2,51,-78.456
CoTOP,2,52,-77.2211
CoTOP,2,53,-76.4276
CoTOP,2,54,-77.0737
CoTOP,2,55,-72.623
CoTOP,2,56,-73.1119
CoTOP,2,57,-73.7125
CoTOP,2,58,-70.3814
CoTOP,2,59,-71.2261
CoTOP,2,60,-69.4912
CoTOP,2,61,-68.978
CoTOP,2,62,-68.391
CoTOP,2,63,-67.0442
CoTOP,2,64,-68.8071
CoTOP,2,65,-68.3579
CoTOP,2,66,-67.2858
CoTOP,2,67,-67.8303
CoTOP,2,68,-66.4826
CoTOP,2,69,-66.6959
CoTOP,2,70,-64.6235
CoTOP,2,71,-65.4112
CoTOP,2,72,-63.7348
CoTOP,2,73,-63.9217
CoTOP,2,74,-63.0794
CoTOP,2,75,-62.6865
CoTOP,2,76,-61.9028
CoTOP,2,77,-62.1621
CoTOP,2,78,-62.8412
CoTOP,2,79,-60.1096
CoTOP,2,80,-60.6607
CoTOP,2,81,-60.3033
CoTOP,2,82,-59.6257
CoTOP,2,83,-59.2906
CoTOP,2,84,-58.6092
CoTOP,2,85,-58.1349
CoTOP,2,86,-58.419
CoTOP,2,87,-57.5515
CoTOP,2,88,-58.718
CoTOP,2,89,-56.7056
CoTOP,2,90,-57.5125
CoTOP,2,91,-57.8289
CoTOP,2,92,-55.8152
CoTOP,2,93,-57.165
CoTOP,2,94,-57.3966
CoTOP,2,95,-54.7652
CoTOP,2,96,-55.9811
CoTOP,2,97,-54.6566
CoTOP,2,98,-55.0761
CoTOP,2,99,-54.6738
CoTOP,2,100,-55.813
CoTOP,2,101,-54.1881
CoTOP,2,102,-53.8202
CoTOP,2,103,-56.6856
CoTOP,2,104,-53.9878
CoTOP,2,105,-54.6918
CoTOP,2,106,-53.3321
CoTOP,2,107,-53.779
CoTOP,2,108,-53.2486
CoTOP,2,109,-53.2409
CoTOP,2,110,-54.1158
CoTOP,2,111,-53.3286
CoTOP,2,112,-52.8526
CoTOP,2,113,-52.524
CoTOP,2,114,-52.4096
CoTOP,2,115,-50.4058
CoTOP,2,116,-51.5232
CoTOP,2,117,-52.9721
CoTOP,2,118,-52.194
CoTOP,2,119,-51.2414
CoTOP,2,120,-51.2765
CoTOP,2,121,-51.2607
CoTOP,2,122,-52.1418
CoTOP,2,123,-49.8361
CoTOP,2,124,-52.4839
CoTOP,2,125,-53.0285
CoTOP,2,126,-50.7143
CoTOP,2,127,-50.0886
CoTOP,2,128,-50.7309
CoTOP,2,129,-51.0295
CoTOP,2,130,-49.87
CoTOP,2,131,-50.4949
CoTOP,2,132,-50.1466
CoTOP,2,133,-49.9865
CoTOP,2,134,-48.989
CoTOP,2,135,-50.7207
CoTOP,2,136,-50.4547
CoTOP,2,137,-49.8927
CoTOP,2,138,-48.7268
CoTOP,2,139,-50.3155
CoTOP,2,140,-50.2702
CoTOP,2,141,-49.3258
CoTOP,2,142,-48.3646
CoTOP,2,143,-49.3331
CoTOP,2,144,-49.4286
CoTOP,2,145,-49.2352
CoTOP,2,146,-48.6813
CoTOP,2,147,-48.9038
CoTOP,2,148,-49.1457
CoTOP,2,149,-50.1276
CoTOP,2,150,-49.1207
CoTOP,2,151,-47.7933
CoTOP,2,152,-48.8852
CoTOP,2,153,-48.9031
CoTOP,2,154,-49.9922
CoTOP,2,155,-49.7607
CoTOP,2,156,-48.8899
CoTOP,2,157,-47.4153
CoTOP,2,158,-48.2933
CoTOP,2,159,-49.6594
CoTOP,2,160,-48.2595
CoTOP,2,161,-48.5869
CoTOP,2,162,-49.6744
CoTOP,2,163,-49.3563
CoTOP,2,164,-48.2557
CoTOP,2,165,-48.2469
CoTOP,2,166,-49.2385
CoTOP,2,167,-48.4418
CoTOP,2,168,-49.0092
CoTOP,2,169,-49.2139
CoTOP,2,170,-48.4945
CoTOP,2,171,-48.9945
CoTOP,2,172,-48.2656
CoTOP,2,173,-48.4893
CoTOP,2,174,-47.3192
CoTOP,2,175,-48.1762
CoTOP,2,176,-48.856
CoTOP,2,177,-47.3527
CoTOP,2,178,-47.5846
CoTOP,2,179,-48.5002
CoTOP,2,180,-48.0134
CoTOP,2,181,-47.7553
CoTOP,2,182,-49.1179
CoTOP,2,183,-47.9256
CoTOP,2,184,-47.7347
CoTOP,2,185,-47.778
CoTOP,2,186,-47.1051
CoTOP,2,187,-48.4511
CoTOP,2,188,-47.2303
CoTOP,2,189,-48.5147
CoTOP,2,190,-47.6252
CoTOP,2,191,-47.9981
CoTOP,2,192,-47.304
CoTOP,2,193,-48.1175
CoTOP,2,194,-46.9475
CoTOP,2,195,-48.2978
CoTOP,2,196,-47.3976
CoTOP,2,197,-46.9657
CoTOP,2,198,-47.7987
CoTOP,2,199,-48.3975
CoTOP,2,200,-47.7913
CoTOP,2,201,-47.0757
CoTOP,2,202,-46.8612
CoTOP,2,203,-47.5168
CoTOP,2,204,-48.3256
CoTOP,2,205,-46.6907
CoTOP,2,206,-47.2838
CoTOP,2,207,-47.0286
CoTOP,2,208,-46.9905
CoTOP,2,209,-47.1995
CoTOP,2,210,-47.5612
CoTOP,2,211,-47.1984
CoTOP,2,212,-47.5502
CoTOP,2,213,-47.0718
CoTOP,2,214,-46.8218
CoTOP,2,215,-46.7027
CoTOP,2,216,-47.1779
CoTOP,2,217,-47.9547
CoTOP,2,218,-47.9043
CoTOP,2,219,-47.3457
CoTOP,2,220,-47.3504
CoTOP,2,221,-48.2334
CoTOP,2,222,-47.1813
CoTOP,2,223,-47.2957
CoTOP,2,224,-47.5111
CoTOP,2,225,-47.3377
CoTOP,2,226,-48.2648
CoTOP,2,227,-47.4054
CoTOP,2,228,-46.9831
CoTOP,2,229,-47.9124
CoTOP,2,230,-47.9567
CoTOP,2,231,-47.0425
CoTOP,2,232,-47.9845
CoTOP,2,233,-48.0026
CoTOP,2,234,-47.1173
CoTOP,2,235,-46.306
CoTOP,2,236,-46.8531
CoTOP,2,237,-47.2137
CoTOP,2,238,-47.0544
CoTOP,2,239,-47.0694
CoTOP,2,240,-46.8728
CoTOP,2,241,-46.8187
CoTOP,2,242,-46.883
CoTOP,2,243,-48.0716
CoTOP,2,244,-46.4089
CoTOP,2,245,-46.4875
CoTOP,2,246,-46.7605
CoTOP,2,247,-47.2884
CoTOP,2,248,-47.8961
CoTOP,2,249,-47.464
CoTOP,2,250,-47.1202
CoTOP,2,251,-47.0547
CoTOP,2,252,-47.979
CoTOP,2,253,-47.0446
CoTOP,2,254,-47.2773
CoTOP,2,255,-47.3667
CoTOP,2,256,-47.9331
CoTOP,2,257,-46.8287
CoTOP,2,258,-47.7809
CoTOP,2,259,-46.7664
CoTOP,2,260,-46.0635
CoTOP,2,261,-47.0734
CoTOP,2,262,-48.4064
CoTOP,2,263,-47.0268
CoTOP,2,264,-46.0063
CoTOP,2,265,-47.518
CoTOP,2,266,-46.8375
CoTOP,2,267,-48.0515
CoTOP,2,268,-47.7396
CoTOP,2,269,-46.4012
CoTOP,2,270,-47.4494
CoTOP,2,271,-47.3323
CoTOP,2,272,-47.2231
CoTOP,2,273,-47.3372
CoTOP,2,274,-47.5795
CoTOP,2,275,-46.5007
CoTOP,2,276,-47.0022
CoTOP,2,277,-47.6918
CoTOP,2,278,-46.659
CoTOP,2,279,-47.3799
CoTOP,2,280,-47.8291
CoTOP,2,281,-47.3761
CoTOP,2,282,-47.0104
CoTOP,2,283,-47.4879
CoTOP,2,284,-48.1792
CoTOP,2,285,-47.6084
CoTOP,2,286,-47.281
CoTOP,2,287,-47.4425
CoTOP,2,288,-46.3994
CoTOP,2,289,-47.5685
CoTOP,2,290,-47.3506
CoTOP,2,291,-46.7811
CoTOP,2,292,-46.9568
CoTOP,2,293,-47.3265
CoTOP,2,294,-47.7357
CoTOP,2,295,-47.7614
CoTOP,2,296,-47.1109
CoTOP,2,297,-47.418
CoTOP,2,298,-47.255
CoTOP,2,299,-47.9326
CoTOP,2,300,-47.7684
CoTOP,2,301,-47.0122
CoTOP,2,302,-47.4952
CoTOP,2,303,-47.4775
CoTOP,2,304,-47.6209
CoTOP,2,305,-47.3505
CoTOP,2,306,-48.0788
CoTOP,2,307,-46.9922
CoTOP,2,308,-46.6195
CoTOP,2,309,-46.3872
CoTOP,2,310,-47.3368
CoTOP,2,311,-47.1983
CoTOP,2,312,-47.157
CoTOP,2,313,-47.188
CoTOP,2,314,-47.6073
CoTOP,2,315,-46.9769
CoTOP,2,316,-47.0137
CoTOP,2,317,-46.9342
CoTOP,2,318,-47.3486
CoTOP,2,319,-47.886
CoTOP,2,320,-46.7774
CoTOP,2,321,-47.1857
CoTOP,2,322,-47.3407
CoTOP,2,323,-47.1979
CoTOP,2,324,-46.8661
CoTOP,2,325,-47.0799
CoTOP,2,326,-47.2647
CoTOP,2,327,-46.9986
CoTOP,2,328,-47.3552
CoTOP,2,329,-47.9515
CoTOP,2,330,-47.3585
CoTOP,2,331,-48.28
CoTOP,2,332,-46.7713
CoTOP,2,333,-46.9452
CoTOP,2,334,-47.1322
CoTOP,2,335,-48.085
CoTOP,2,336,-47.2751
CoTOP,2,337,-46.8307
CoTOP,2,338,-47.3657
CoTOP,2,339,-47.8464
CoTOP,2,340,-47.4322
CoTOP,2,341,-47.647
CoTOP,2,342,-46.9609
CoTOP,2,343,-47.81
CoTOP,2,344,-47.476
CoTOP,2,345,-47.4242
CoTOP,2,346,-47.3773
CoTOP,2,347,-46.9552
CoTOP,2,348,-46.6479
CoTOP,2,349,-47.6851
CoTOP,2,350,-47.3685
CoTOP,2,351,-46.7451
CoTOP,2,352,-47.4383
CoTOP,2,353,-46.5734
CoTOP,2,354,-47.4301
CoTOP,2,355,-47.592
CoTOP,2,356,-46.9972
CoTOP,2,357,-47.0849
CoTOP,2,358,-47.358
CoTOP,2,359,-47.1762
CoTOP,2,360,-46.8586
CoTOP,2,361,-47.4369
CoTOP,2,362,-46.9678
CoTOP,2,363,-46.7151
CoTOP,2,364,-47.3961
CoTOP,2,365,-47.8192
CoTOP,2,366,-46.9301
CoTOP,2,367,-47.3931
CoTOP,2,368,-47.4894
CoTOP,2,369,-47.8518
CoTOP,2,370,-47.3344
CoTOP,2,371,-47.28
CoTOP,2,372,-47.1923
CoTOP,2,373,-47.3271
CoTOP,2,374,-47.1163
CoTOP,2,375,-47.2699
CoTOP,2,376,-46.9531
CoTOP,2,377,-46.8759
CoTOP,2,378,-47.7304
CoTOP,2,379,-46.8312
CoTOP,2,380,-47.2946
CoTOP,2,381,-47.4094
CoTOP,2,382,-46.6358
CoTOP,2,383,-47.5292
CoTOP,2,384,-47.0723
CoTOP,2,385,-47.6436
CoTOP,2,386,-46.8414
CoTOP,2,387,-46.5814
CoTOP,2,388,-46.991
CoTOP,2,389,-47.2041
CoTOP,2,390,-47.3827
CoTOP,2,391,-47.3906
CoTOP,2,392,-46.7254
CoTOP,2,393,-46.9172
CoTOP,2,394,-46.9612
CoTOP,2,395,-47.3768
CoTOP,2,396,-47.8358
CoTOP,2,397,-47.5851
CoTOP,2,398,-47.5829
CoTOP,2,399,-47.4112
CoTOP,2,400,-47.3956
CoTOP,2,401,-47.2117
CoTOP,2,402,-46.8222
CoTOP,2,403,-47.0394
CoTOP,2,404,-46.9603
CoTOP,2,405,-46.5396
CoTOP,2,406,-47.3236
CoTOP,2,407,-47.3671
CoTOP,2,408,-47.7842
CoTOP,2,409,-47.7249
CoTOP,2,410,-47.4172
CoTOP,2,411,-47.4482
CoTOP,2,412,-47.1886
CoTOP,2,413,-47.2142
CoTOP,2,414,-47.7318
CoTOP,2,415,-47.1898
CoTOP,2,416,-47.8165
CoTOP,2,417,-47.9899
CoTOP,2,418,-46.6756
CoTOP,2,419,-46.6432
CoTOP,2,420,-47.1696
CoTOP,2,421,-47.0667
CoTOP,2,422,-47.0271
CoTOP,2,423,-47.2388
CoTOP,2,424,-47.2094
CoTOP,2,425,-47.2679
CoTOP,2,426,-47.2173
CoTOP,2,427,-47.3551
CoTOP,2,428,-47.3846
CoTOP,2,429,-47.3291
CoTOP,2,430,-47.3053
CoTOP,2,431,-47.1898
CoTOP,2,432,-47.115
CoTOP,2,433,-46.9107
CoTOP,2,434,-47.264
CoTOP,2,435,-47.2344
CoTOP,2,436,-46.7895
CoTOP,2,437,-47.274
CoTOP,2,438,-47.5637
CoTOP,2,439,-46.7241
CoTOP,2,440,-46.7898
CoTOP,2,441,-47.075
CoTOP,2,442,-47.324
CoTOP,2,443,-46.9889
CoTOP,2,444,-47.0654
CoTOP,2,445,-47.0762
CoTOP,2,446,-47.3819
CoTOP,2,447,-47.1154
CoTOP,2,448,-46.8977
CoTOP,2,449,-47.2757
CoTOP,2,450,-47.2169
CoTOP,2,451,-47.2816
CoTOP,2,452,-47.0988
CoTOP,2,453,-47.5954
CoTOP,2,454,-47.2478
CoTOP,2,455,-47.0749
CoTOP,2,456,-46.5775
CoTOP,2,457,-47.3457
CoTOP,2,458,-47.5351
CoTOP,2,459,-47.2225
CoTOP,2,460,-46.7687
CoTOP,2,461,-47.2261
CoTOP,2,462,-47.3372
CoTOP,2,463,-46.972
CoTOP,2,464,-47.1217
CoTOP,2,465,-47.2625
CoTOP,2,466,-47.7353
CoTOP,2,467,-47.0103
CoTOP,2,468,-47.5192
CoTOP,2,469,-47.1084
CoTOP,2,470,-47.1013
CoTOP,2,471,-47.3721
CoTOP,2,472,-47.2071
CoTOP,2,473,-47.383
CoTOP,2,474,-47.0653
CoTOP,2,475,-47.5183
CoTOP,2,476,-47.5084
CoTOP,2,477,-46.8256
CoTOP,2,478,-47.2782
CoTOP,2,479,-47.0182
CoTOP,2,480,-47.4216
CoTOP,2,481,-47.3535
CoTOP,2,482,-47.0506
CoTOP,2,483,-47.1984
CoTOP,2,484,-47.0923
CoTOP,2,485,-47.215
CoTOP,2,486,-47.2017
CoTOP,2,487,-47.4623
CoTOP,2,488,-47.1027
CoTOP,2,489,-46.9969
CoTOP,2,490,-47.3246
CoTOP,2,491,-46.9233
CoTOP,2,492,-47.3953
CoTOP,2,493,-46.9193
CoTOP,2,494,-47.0865
CoTOP,2,495,-47.2917
CoTOP,2,496,-47.1816
CoTOP,2,497,-47.0031
CoTOP,2,498,-47.4473
CoTOP,2,499,-47.2169
CoTOP,2,500,-47.1397
CoTOP,3,1,-176.7658
CoTOP,3,2,-174.937
CoTOP,3,3,-170.7025
CoTOP,3,4,-168.3061
CoTOP,3,5,-163.2134
CoTOP,3,6,-158.8428
CoTOP,3,7,-155.4211
CoTOP,3,8,-154.3503
CoTOP,3,9,-150.4699
CoTOP,3,10,-147.2703
CoTOP,3,11,-143.6835
CoTOP,3,12,-141.5362
CoTOP,3,13,-139.4862
CoTOP,3,14,-137.2358
CoTOP,3,15,-133.5705
CoTOP,3,16,-132.4825
CoTOP,3,17,-130.8964
CoTOP,3,18,-126.8791
CoTOP,3,19,-125.2547
CoTOP,3,20,-123.5702
CoTOP,3,21,-119.462
CoTOP,3,22,-118.6219
CoTOP,3,23,-116.988
CoTOP,3,24,-115.0808
CoTOP,3,25,-111.9668
CoTOP,3,26,-111.7093
CoTOP,3,27,-106.7722
CoTOP,3,28,-106.0349
CoTOP,3,29,-104.4128
CoTOP,3,30,-102.3439
CoTOP,3,31,-103.0099
CoTOP,3,32,-101.2507
CoTOP,3,33,-98.3365
CoTOP,3,34,-98.1053
CoTOP,3,35,-94.9659
CoTOP,3,36,-93.9254
CoTOP,3,37,-92.7425
CoTOP,3,38,-92.7424
CoTOP,3,39,-89.8443
CoTOP,3,40,-88.4609
CoTOP,3,41,-87.5055
CoTOP,3,42,-88.9141
CoTOP,3,43,-86.37
CoTOP,3,44,-84.1461
CoTOP,3,45,-81.6518
CoTOP,3,46,-84.1381
CoTOP,3,47,-82.0181
CoTOP,3,48,-78.2923
CoTOP,3,49,-79.1237
CoTOP,3,50,-77.3527
CoTOP,3,51,-77.2963
CoTOP,3,52,-77.062
CoTOP,3,53,-77.3914
CoTOP,3,54,-75.559
CoTOP,3,55,-75.5997
CoTOP,3,56,-74.2147
CoTOP,3,57,-72.6883
CoTOP,3,58,-72.5308
CoTOP,3,59,-70.4893
CoTOP,3,60,-72.7633
CoTOP,3,61,-71.9687
CoTOP,3,62,-69.8657
CoTOP,3,63,-69.2771
CoTOP,3,64,-67.8474
CoTOP,3,65,-68.1765
CoTOP,3,66,-66.2401
CoTOP,3,67,-67.6168
CoTOP,3,68,-66.6481
CoTOP,3,69,-65.5211
CoTOP,3,70,-65.4351
CoTOP,3,71,-65.3082
CoTOP,3,72,-65.389
CoTOP,3,73,-64.2054
CoTOP,3,74,-64.638
CoTOP,3,75,-62.4709
CoTOP,3,76,-62.4638
CoTOP,3,77,-61.9628
CoTOP,3,78,-62.3282
CoTOP,3,79,-62.1483
CoTOP,3,80,-60.7305
CoTOP,3,81,-61.3269
CoTOP,3,82,-59.3352
CoTOP,3,83,-59.324
CoTOP,3,84,-57.9331
CoTOP,3,85,-58.7208
CoTOP,3,86,-57.3678
CoTOP,3,87,-59.2886
CoTOP,3,88,-56.8167
CoTOP,3,89,-57.4244
CoTOP,3,90,-59.1602
CoTOP,3,91,-56.5302
CoTOP,3,92,-56.4871
CoTOP,3,93,-55.8607
CoTOP,3,94,-55.7413
CoTOP,3,95,-55.3907
CoTOP,3,96,-55.6429
CoTOP,3,97,-55.5207
CoTOP,3,98,-56.3715
CoTOP,3,99,-54.4661
CoTOP,3,100,-54.443
CoTOP,3,101,-54.6147
CoTOP,3,102,-54.638
CoTOP,3,103,-53.431
CoTOP,3,104,-53.1817
CoTOP,3,105,-53.513
CoTOP,3,106,-52.8734
CoTOP,3,107,-51.753
CoTOP,3,108,-53.4428
CoTOP,3,109,-52.3715
CoTOP,3,110,-52.8082
CoTOP,3,111,-52.6694
CoTOP,3,112,-51.8411
CoTOP,3,113,-52.7317
CoTOP,3,114,-51.2652
CoTOP,3,115,-52.4789
CoTOP,3,116,-51.9667
CoTOP,3,117,-52.3331
CoTOP,3,118,-53.4075
CoTOP,3,119,-49.4388
CoTOP,3,120,-51.3069
CoTOP,3,121,-52.149
CoTOP,3,122,-52.1183
CoTOP,3,123,-51.4045
CoTOP,3,124,-50.5211
CoTOP,3,125,-51.0646
CoTOP,3,126,-50.9885
CoTOP,3,127,-50.7275
CoTOP,3,128,-49.3238
CoTOP,3,129,-49.6318
CoTOP,3,130,-49.6643
CoTOP,3,131,-50.2283
CoTOP,3,132,-51.342
CoTOP,3,133,-48.7258
CoTOP,3,134,-50.5562
CoTOP,3,135,-50.2208
CoTOP,3,136,-49.9872
CoTOP,3,137,-50.3948
CoTOP,3,138,-50.8805
CoTOP,3,139,-48.4598
CoTOP,3,140,-49.3219
CoTOP,3,141,-49.1147
CoTOP,3,142,-50.6556
CoTOP,3,143,-50.0817
CoTOP,3,144,-48.7637
CoTOP,3,145,-49.4557
CoTOP,3,146,-50.7904
CoTOP,3,147,-49.686
CoTOP,3,148,-49.9344
CoTOP,3,149,-49.5086
CoTOP,3,150,-50.0273
CoTOP,3,151,-49.4055
CoTOP,3,152,-50.1707
CoTOP,3,153,-49.9858
CoTOP,3,154,-48.0618
CoTOP,3,155,-48.6282
CoTOP,3,156,-49.2213
CoTOP,3,157,-48.6725
CoTOP,3,158,-48.2984
CoTOP,3,159,-49.0023
CoTOP,3,160,-48.3248
CoTOP,3,161,-48.564
CoTOP,3,162,-48.0645
CoTOP,3,163,-48.7569
CoTOP,3,164,-48.8376
CoTOP,3,165,-48.6994
CoTOP,3,166,-48.4569
CoTOP,3,167,-48.6633
CoTOP,3,168,-48.1215
CoTOP,3,169,-47.0892
CoTOP,3,170,-48.0331
CoTOP,3,171,-48.5931
CoTOP,3,172,-48.5329
CoTOP,3,173,-47.4551
CoTOP,3,174,-48.1817
CoTOP,3,175,-47.7131
CoTOP,3,176,-47.8308
CoTOP,3,177,-46.7446
CoTOP,3,178,-49.11
CoTOP,3,179,-48.1455
CoTOP,3,180,-49.903
CoTOP,3,181,-47.8746
CoTOP,3,182,-48.1316
CoTOP,3,183,-46.5049
CoTOP,3,184,-47.3235
CoTOP,3,185,-47.8478
CoTOP,3,186,-47.4032
CoTOP,3,187,-48.9219
CoTOP,3,188,-48.293
CoTOP,3,189,-48.4345
CoTOP,3,190,-47.9132
CoTOP,3,191,-47.2025
CoTOP,3,192,-48.1816
CoTOP,3,193,-46.3878
CoTOP,3,194,-47.392
CoTOP,3,195,-47.2195
CoTOP,3,196,-47.6206
CoTOP,3,197,-47.2127
CoTOP,3,198,-47.727
CoTOP,3,199,-48.3387
CoTOP,3,200,-47.9077
CoTOP,3,201,-47.6141
CoTOP,3,202,-48.0925
CoTOP,3,203,-47.3436
CoTOP,3,204,-47.2394
CoTOP,3,205,-48.0137
CoTOP,3,206,-46.8798
CoTOP,3,207,-47.0543
CoTOP,3,208,-47.602
CoTOP,3,209,-47.6563
CoTOP,3,210,-47.6723
CoTOP,3,211,-47.1461
CoTOP,3,212,-46.4889
CoTOP,3,213,-47.1372
CoTOP,3,214,-48.1029
CoTOP,3,215,-47.4122
CoTOP,3,216,-46.5354
CoTOP,3,217,-48.1385
CoTOP,3,218,-47.2178
CoTOP,3,219,-46.2412
CoTOP,3,220,-48.3152
CoTOP,3,221,-47.5012
CoTOP,3,222,-46.5813
CoTOP,3,223,-47.63
CoTOP,3,224,-46.7959
CoTOP,3,225,-48.675
CoTOP,3,226,-47.1122
CoTOP,3,227,-48.1573
CoTOP,3,228,-47.1874
CoTOP,3,229,-47.0559
CoTOP,3,230,-46.8651
CoTOP,3,231,-47.7005
CoTOP,3,232,-48.5678
CoTOP,3,233,-47.3197
CoTOP,3,234,-47.3725
CoTOP,3,235,-47.1153
CoTOP,3,236,-47.0883
CoTOP,3,237,-47.7451
CoTOP,3,238,-47.2491
CoTOP,3,239,-47.6482
CoTOP,3,240,-47.571
CoTOP,3,241,-46.959
CoTOP,3,242,-47.8485
CoTOP,3,243,-47.4927
CoTOP,3,244,-47.9398
CoTOP,3,245,-47.0788
CoTOP,3,246,-46.9791
CoTOP,3,247,-47.0727
CoTOP,3,248,-46.0098
CoTOP,3,249,-47.6956
CoTOP,3,250,-47.8129
CoTOP,3,251,-46.9509
CoTOP,3,252,-47.3574
CoTOP,3,253,-46.6366
CoTOP,3,254,-46.9461
CoTOP,3,255,-47.954
CoTOP,3,256,-47.3126
CoTOP,3,257,-48.1382
CoTOP,3,258,-46.5958
CoTOP,3,259,-47.141
CoTOP,3,260,-47.7868
CoTOP,3,261,-46.3234
CoTOP,3,262,-47.2666
CoTOP,3,263,-47.6097
CoTOP,3,264,-46.3989
CoTOP,3,265,-48.259
CoTOP,3,266,-47.3188
CoTOP,3,267,-47.0722
CoTOP,3,268,-46.8872
CoTOP,3,269,-47.7558
CoTOP,3,270,-46.4041
CoTOP,3,271,-47.6921
CoTOP,3,272,-47.541
CoTOP,3,273,-47.4513
CoTOP,3,274,-46.7792
CoTOP,3,275,-47.222
CoTOP,3,276,-46.4512
CoTOP,3,277,-46.9874
CoTOP,3,278,-47.1035
CoTOP,3,279,-47.1802
CoTOP,3,280,-47.6711
CoTOP,3,281,-46.6588
CoTOP,3,282,-47.1754
CoTOP,3,283,-47.0111
CoTOP,3,284,-46.7134
CoTOP,3,285,-47.2563
CoTOP,3,286,-47.972
CoTOP,3,287,-47.6365
CoTOP,3,288,-47.2944
CoTOP,3,289,-46.56
CoTOP,3,290,-47.6971
CoTOP,3,291,-47.3783
CoTOP,3,292,-47.3095
CoTOP,3,293,-47.5339
CoTOP,3,294,-47.3288
CoTOP,3,295,-47.8404
CoTOP,3,296,-46.3647
CoTOP,3,297,-47.2842
CoTOP,3,298,-47.3903
CoTOP,3,299,-47.3823
CoTOP,3,300,-47.7785
CoTOP,3,301,-48.0968
CoTOP,3,302,-47.5557
CoTOP,3,303,-47.5271
CoTOP,3,304,-47.1157
CoTOP,3,305,-47.2128
CoTOP,3,306,-47.4238
CoTOP,3,307,-48.3793
CoTOP,3,308,-47.0438
CoTOP,3,309,-46.5664
CoTOP,3,310,-47.5143
CoTOP,3,311,-47.0233
CoTOP,3,312,-47.3979
CoTOP,3,313,-47.4508
CoTOP,3,314,-47.1109
CoTOP,3,315,-46.8106
CoTOP,3,316,-47.0732
CoTOP,3,317,-46.7661
CoTOP,3,318,-47.6068
CoTOP,3,319,-47.1874
CoTOP,3,320,-46.916
CoTOP,3,321,-46.7732
CoTOP,3,322,-47.482
CoTOP,3,323,-47.3963
CoTOP,3,324,-47.2398
CoTOP,3,325,-47.3487
CoTOP,3,326,-47.4244
CoTOP,3,327,-46.1258
CoTOP,3,328,-47.2118
CoTOP,3,329,-47.3015
CoTOP,3,330,-46.6438
CoTOP,3,331,-47.3629
CoTOP,3,332,-47.1296
CoTOP,3,333,-47.1182
CoTOP,3,334,-47.2846
CoTOP,3,335,-47.4128
CoTOP,3,336,-47.3817
CoTOP,3,337,-47.1768
CoTOP,3,338,-47.3138
CoTOP,3,339,-47.8673
CoTOP,3,340,-48.1125
CoTOP,3,341,-46.421
CoTOP,3,342,-46.7153
CoTOP,3,343,-47.5032
CoTOP,3,344,-47.0977
CoTOP,3,345,-46.4719
CoTOP,3,346,-47.4016
CoTOP,3,347,-47.3996
CoTOP,3,348,-47.5627
CoTOP,3,349,-47.2908
CoTOP,3,350,-46.8239
CoTOP,3,351,-47.0961
CoTOP,3,352,-46.9047
CoTOP,3,353,-46.8146
CoTOP,3,354,-46.8535
CoTOP,3,355,-47.5088
CoTOP,3,356,-47.1911
CoTOP,3,357,-47.3867
CoTOP,3,358,-47.4438
CoTOP,3,359,-47.2559
CoTOP,3,360,-47.6767
CoTOP,3,361,-47.725
CoTOP,3,362,-47.0648
CoTOP,3,363,-47.1953
CoTOP,3,364,-47.4413
CoTOP,3,365,-47.5046
CoTOP,3,366,-46.9699
CoTOP,3,367,-47.3067
CoTOP,3,368,-46.8707
CoTOP,3,369,-47.0168
CoTOP,3,370,-47.071
CoTOP,3,371,-47.294
CoTOP,3,372,-47.1802
CoTOP,3,373,-47.2155
CoTOP,3,374,-46.4991
CoTOP,3,375,-46.5753
CoTOP,3,376,-47.0928
CoTOP,3,377,-47.1179
CoTOP,3,378,-47.5044
CoTOP,3,379,-47.136
CoTOP,3,380,-47.215
CoTOP,3,381,-47.4753
CoTOP,3,382,-47.2935
CoTOP,3,383,-47.3402
CoTOP,3,384,-47.0386
CoTOP,3,385,-47.0604
CoTOP,3,386,-47.4506
CoTOP,3,387,-47.4433
CoTOP,3,388,-47.4873
CoTOP,3,389,-47.1661
CoTOP,3,390,-47.2453
CoTOP,3,391,-47.419
CoTOP,3,392,-47.4122
CoTOP,3,393,-47.4097
CoTOP,3,394,-47.3786
CoTOP,3,395,-47.0535
CoTOP,3,396,-47.548
CoTOP,3,397,-47.7034
CoTOP,3,398,-47.1767
CoTOP,3,399,-47.1669
CoTOP,3,400,-47.7409
CoTOP,3,401,-47.1346
CoTOP,3,402,-47.0853
CoTOP,3,403,-46.9636
CoTOP,3,404,-46.8174
CoTOP,3,405,-46.8521
CoTOP,3,406,-47.5979
CoTOP,3,407,-46.8374
CoTOP,3,408,-47.3188
CoTOP,3,409,-47.0303
CoTOP,3,410,-47.3052
CoTOP,3,411,-47.1342
CoTOP,3,412,-47.6075
CoTOP,3,413,-46.9766
CoTOP,3,414,-47.2815
CoTOP,3,415,-46.3189
CoTOP,3,416,-47.1399
CoTOP,3,417,-47.0527
CoTOP,3,418,-47.6375
CoTOP,3,419,-47.13
CoTOP,3,420,-47.16
CoTOP,3,421,-47.5647
CoTOP,3,422,-47.1628
CoTOP,3,423,-47.3221
CoTOP,3,424,-47.4003
CoTOP,3,425,-47.7313
CoTOP,3,426,-47.343
CoTOP,3,427,-46.7821
CoTOP,3,428,-47.3942
CoTOP,3,429,-47.1949
CoTOP,3,430,-47.3044
CoTOP,3,431,-47.0705
CoTOP,3,432,-47.5978
CoTOP,3,433,-46.8716
CoTOP,3,434,-47.4363
CoTOP,3,435,-47.459
CoTOP,3,436,-47.5255
CoTOP,3,437,-46.7856
CoTOP,3,438,-46.9877
CoTOP,3,439,-46.8416
CoTOP,3,440,-47.5339
CoTOP,3,441,-47.2096
CoTOP,3,442,-47.4391
CoTOP,3,443,-47.5012
CoTOP,3,444,-47.3731
CoTOP,3,445,-46.9376
CoTOP,3,446,-46.96
CoTOP,3,447,-47.4926
CoTOP,3,448,-47.6343
CoTOP,3,449,-47.2085
CoTOP,3,450,-47.1716
CoTOP,3,451,-46.7786
CoTOP,3,452,-47.247
CoTOP,3,453,-47.3174
CoTOP,3,454,-47.0483
CoTOP,3,455,-47.6463
CoTOP,3,456,-47.2477
CoTOP,3,457,-47.0605
CoTOP,3,458,-47.4478
CoTOP,3,459,-47.4164
CoTOP,3,460,-46.7763
CoTOP,3,461,-47.0835
CoTOP,3,462,-47.0618
CoTOP,3,463,-47.2354
CoTOP,3,464,-47.4492
CoTOP,3,465,-47.3982
CoTOP,3,466,-47.4545
CoTOP,3,467,-47.2776
CoTOP,3,468,-47.2564
CoTOP,3,469,-47.3914
CoTOP,3,470,-47.1015
CoTOP,3,471,-46.9329
CoTOP,3,472,-47.3832
CoTOP,3,473,-46.9129
CoTOP,3,474,-47.3451
CoTOP,3,475,-47.4465
CoTOP,3,476,-47.3199
CoTOP,3,477,-47.4108
CoTOP,3,478,-47.1164
CoTOP,3,479,-46.8206
CoTOP,3,480,-47.0157
CoTOP,3,481,-47.4623
CoTOP,3,482,-47.5176
CoTOP,3,483,-47.7098
CoTOP,3,484,-46.6963
CoTOP,3,485,-47.2858
CoTOP,3,486,-46.9303
CoTOP,3,487,-47.1619
CoTOP,3,488,-47.4611
CoTOP,3,489,-47.3969
CoTOP,3,490,-47.2291
CoTOP,3,491,-47.1112
CoTOP,3,492,-47.3569
CoTOP,3,493,-47.1023
CoTOP,3,494,-46.9755
CoTOP,3,495,-47.3357
CoTOP,3,496,-47.7324
CoTOP,3,497,-47.2161
CoTOP,3,498,-47.3413
CoTOP,3,499,-47.0304
CoTOP,3,500,-47.2226
CoTOP,4,1,-175.1414
CoTOP,4,2,-173.7437
CoTOP,4,3,-169.7934
CoTOP,4,4,-166.3024
CoTOP,4,5,-163.8689
CoTOP,4,6,-157.3759
CoTOP,4,7,-155.3469
CoTOP,4,8,-152.6572
CoTOP,4,9,-149.2494
CoTOP,4,10,-146.3981
CoTOP,4,11,-144.6127
CoTOP,4,12,-140.9764
CoTOP,4,13,-138.8144
CoTOP,4,14,-135.7676
CoTOP,4,15,-134.1891
CoTOP,4,16,-131.9282
CoTOP,4,17,-127.4699
CoTOP,4,18,-128.6431
CoTOP,4,19,-125.5467
CoTOP,4,20,-122.5656
CoTOP,4,21,-119.907
CoTOP,4,22,-118.6135
CoTOP,4,23,-117.7583
CoTOP,4,24,-114.2076
CoTOP,4,25,-112.517
CoTOP,4,26,-109.4727
CoTOP,4,27,-109.0024
CoTOP,4,28,-106.4587
CoTOP,4,29,-106.4472
CoTOP,4,30,-103.0137
CoTOP,4,31,-102.6999
CoTOP,4,32,-101.4842
CoTOP,4,33,-98.855
CoTOP,4,34,-97.7261
CoTOP,4,35,-95.2924
CoTOP,4,36,-94.5911
CoTOP,4,37,-91.7383
CoTOP,4,38,-91.7782
CoTOP,4,39,-89.4878
CoTOP,4,40,-91.2923
CoTOP,4,41,-88.2514
CoTOP,4,42,-86.0781
CoTOP,4,43,-85.2806
CoTOP,4,44,-83.7268
CoTOP,4,45,-84.3611
CoTOP,4,46,-82.7455
CoTOP,4,47,-81.3757
CoTOP,4,48,-80.0474
CoTOP,4,49,-80.3562
CoTOP,4,50,-77.4405
CoTOP,4,51,-78.099
CoTOP,4,52,-78.6157
CoTOP,4,53,-76.5268
CoTOP,4,54,-75.7117
CoTOP,4,55,-75.4554
CoTOP,4,56,-73.825
CoTOP,4,57,-73.4964
CoTOP,4,58,-72.4461
CoTOP,4,59,-70.7514
CoTOP,4,60,-70.427
CoTOP,4,61,-70.4803
CoTOP,4,62,-69.9998
CoTOP,4,63,-68.79
CoTOP,4,64,-70.0284
CoTOP,4,65,-68.1718
CoTOP,4,66,-68.1033
CoTOP,4,67,-67.7135
CoTOP,4,68,-68.1034
CoTOP,4,69,-65.7711
CoTOP,4,70,-66.1705
CoTOP,4,71,-63.9484
CoTOP,4,72,-64.7377
CoTOP,4,73,-63.9083
CoTOP,4,74,-64.6032
CoTOP,4,75,-62.2895
CoTOP,4,76,-62.0232
CoTOP,4,77,-61.1268
CoTOP,4,78,-62.0432
CoTOP,4,79,-61.5783
CoTOP,4,80,-61.408
CoTOP,4,81,-61.3864
CoTOP,4,82,-59.1283
CoTOP,4,83,-61.2107
CoTOP,4,84,-58.7684
CoTOP,4,85,-57.9895
CoTOP,4,86,-59.1923
CoTOP,4,87,-57.4036
CoTOP,4,88,-55.8563
CoTOP,4,89,-58.4341
CoTOP,4,90,-57.322
CoTOP,4,91,-57.467
CoTOP,4,92,-56.4159
CoTOP,4,93,-57.3215
CoTOP,4,94,-55.4544
CoTOP,4,95,-56.1456
CoTOP,4,96,-55.733
CoTOP,4,97,-56.1118
CoTOP,4,98,-56.2566
CoTOP,4,99,-54.4959
CoTOP,4,100,-55.0164
CoTOP,4,101,-56.1673
CoTOP,4,102,-54.1425
CoTOP,4,103,-53.4724
CoTOP,4,104,-53.6229
CoTOP,4,105,-55.4547
CoTOP,4,106,-54.142
CoTOP,4,107,-54.6896
CoTOP,4,108,-52.0445
CoTOP,4,109,-52.3651
CoTOP,4,110,-53.2468
CoTOP,4,111,-52.9637
CoTOP,4,112,-54.4699
CoTOP,4,113,-51.0802
CoTOP,4,114,-53.1834
CoTOP,4,115,-52.8786
CoTOP,4,116,-52.2582
CoTOP,4,117,-51.7528
CoTOP,4,118,-51.4693
CoTOP,4,119,-51.6661
CoTOP,4,120,-52.3572
CoTOP,4,121,-51.4888
CoTOP,4,122,-50.8328
CoTOP,4,123,-52.5717
CoTOP,4,124,-52.1379
CoTOP,4,125,-50.0936
CoTOP,4,126,-50.7064
CoTOP,4,127,-51.7621
CoTOP,4,128,-51.4356
CoTOP,4,129,-50.521
CoTOP,4,130,-50.9766
CoTOP,4,131,-51.8179
CoTOP,4,132,-50.3721
CoTOP,4,133,-49.3752
CoTOP,4,134,-50.4908
CoTOP,4,135,-50.8647
CoTOP,4,136,-49.9564
CoTOP,4,137,-49.9989
CoTOP,4,138,-49.8994
CoTOP,4,139,-50.0285
CoTOP,4,140,-50.2998
CoTOP,4,141,-48.6358
CoTOP,4,142,-49.0002
CoTOP,4,143,-49.4017
CoTOP,4,144,-49.3613
CoTOP,4,145,-48.2805
CoTOP,4,146,-48.2955
CoTOP,4,147,-50.2974
CoTOP,4,148,-48.3773
CoTOP,4,149,-49.0449
CoTOP,4,150,-49.2543
CoTOP,4,151,-50.3404
CoTOP,4,152,-48.8254
CoTOP,4,153,-48.9792
CoTOP,4,154,-49.2905
CoTOP,4,155,-48.7097
CoTOP,4,156,-47.6868
CoTOP,4,157,-47.7634
CoTOP,4,158,-48.388
CoTOP,4,159,-48.6282
CoTOP,4,160,-47.7746
CoTOP,4,161,-48.7148
CoTOP,4,162,-48.7919
CoTOP,4,163,-49.4539
CoTOP,4,164,-48.1192
CoTOP,4,165,-48.8673
CoTOP,4,166,-48.1099
CoTOP,4,167,-48.8082
CoTOP,4,168,-47.724
CoTOP,4,169,-47.6847
CoTOP,4,170,-48.049
CoTOP,4,171,-48.2983
CoTOP,4,172,-48.5874
CoTOP,4,173,-48.7618
CoTOP,4,174,-49.1662
CoTOP,4,175,-47.9576
CoTOP,4,176,-48.0545
CoTOP,4,177,-48.5156
CoTOP,4,178,-48.5068
CoTOP,4,179,-48.0942
CoTOP,4,180,-48.5165
CoTOP,4,181,-46.8391
CoTOP,4,182,-48.5723
CoTOP,4,183,-48.2752
CoTOP,4,184,-48.3578
CoTOP,4,185,-47.954
CoTOP,4,186,-47.864
CoTOP,4,187,-47.859
CoTOP,4,188,-49.0024
CoTOP,4,189,-48.6574
CoTOP,4,190,-46.8197
CoTOP,4,191,-47.8526
CoTOP,4,192,-47.445
CoTOP,4,193,-46.1251
CoTOP,4,194,-47.8714
CoTOP,4,195,-47.5527
CoTOP,4,196,-46.4289
CoTOP,4,197,-47.0173
CoTOP,4,198,-48.3158
CoTOP,4,199,-46.7203
CoTOP,4,200,-46.7132
CoTOP,4,201,-47.6473
CoTOP,4,202,-47.7817
CoTOP,4,203,-46.969
CoTOP,4,204,-46.6655
CoTOP,4,205,-48.4992
CoTOP,4,206,-48.851
CoTOP,4,207,-47.6512
CoTOP,4,208,-48.1929
CoTOP,4,209,-48.0448
CoTOP,4,210,-47.0286
CoTOP,4,211,-48.1541
CoTOP,4,212,-47.3493
CoTOP,4,213,-48.0035
CoTOP,4,214,-48.2565
CoTOP,4,215,-46.9349
CoTOP,4,216,-47.0323
CoTOP,4,217,-47.367
CoTOP,4,218,-48.4716
CoTOP,4,219,-47.0181
CoTOP,4,220,-47.1835
CoTOP,4,221,-47.1626
CoTOP,4,222,-47.8842
CoTOP,4,223,-46.9674
CoTOP,4,224,-47.7684
CoTOP,4,225,-46.9802
CoTOP,4,226,-47.5158
CoTOP,4,227,-47.7951
CoTOP,4,228,-47.0133
CoTOP,4,229,-47.1309
CoTOP,4,230,-47.2104
CoTOP,4,231,-47.1012
CoTOP,4,232,-46.8856
CoTOP,4,233,-47.3529
CoTOP,4,234,-47.7003
CoTOP,4,235,-46.5306
CoTOP,4,236,-48.0745
CoTOP,4,237,-47.5292
CoTOP,4,238,-47.5998
CoTOP,4,239,-47.1913
CoTOP,4,240,-47.8303
CoTOP,4,241,-46.8549
CoTOP,4,242,-46.8802
CoTOP,4,243,-47.3042
CoTOP,4,244,-48.1106
CoTOP,4,245,-47.2166
CoTOP,4,246,-46.8678
CoTOP,4,247,-48.0179
CoTOP,4,248,-47.288
CoTOP,4,249,-47.4912
CoTOP,4,250,-48.0238
CoTOP,4,251,-47.1417
CoTOP,4,252,-48.3644
CoTOP,4,253,-48.2007
CoTOP,4,254,-46.4445
CoTOP,4,255,-48.394
CoTOP,4,256,-47.5365
CoTOP,4,257,-47.2047
CoTOP,4,258,-46.6275
CoTOP,4,259,-48.2697
CoTOP,4,260,-46.8789
CoTOP,4,261,-46.6131
CoTOP,4,262,-47.6969
CoTOP,4,263,-47.6201
CoTOP,4,264,-47.0039
CoTOP,4,265,-47.9157
CoTOP,4,266,-47.3617
CoTOP,4,267,-47.5431
CoTOP,4,268,-47.6592
CoTOP,4,269,-47.444
CoTOP,4,270,-47.7064
CoTOP,4,271,-47.4648
CoTOP,4,272,-48.4255
CoTOP,4,273,-47.0075
CoTOP,4,274,-47.8808
CoTOP,4,275,-46.961
CoTOP,4,276,-47.0468
CoTOP,4,277,-47.9677
CoTOP,4,278,-46.3019
CoTOP,4,279,-46.6825
CoTOP,4,280,-47.4457
CoTOP,4,281,-47.3995
CoTOP,4,282,-47.0042
CoTOP,4,283,-46.8721
CoTOP,4,284,-46.7792
CoTOP,4,285,-46.4002
CoTOP,4,286,-47.1668
CoTOP,4,287,-46.9763
CoTOP,4,288,-47.732
CoTOP,4,289,-47.0908
CoTOP,4,290,-48.18
CoTOP,4,291,-47.5758
CoTOP,4,292,-46.584
CoTOP,4,293,-46.9365
CoTOP,4,294,-47.1434
CoTOP,4,295,-47.0843
CoTOP,4,296,-47.289
CoTOP,4,297,-46.9425
CoTOP,4,298,-46.7565
CoTOP,4,299,-48.1017
CoTOP,4,300,-48.0725
CoTOP,4,301,-47.5009
CoTOP,4,302,-47.2375
CoTOP,4,303,-46.8948
CoTOP,4,304,-47.5439
CoTOP,4,305,-47.3555
CoTOP,4,306,-46.8322
CoTOP,4,307,-47.0629
CoTOP,4,308,-47.1253
CoTOP,4,309,-47.976
CoTOP,4,310,-47.3692
CoTOP,4,311,-47.8978
CoTOP,4,312,-47.5087
CoTOP,4,313,-47.0746
CoTOP,4,314,-46.8075
CoTOP,4,315,-47.2599
CoTOP,4,316,-47.0501
CoTOP,4,317,-47.0309
CoTOP,4,318,-47.5533
CoTOP,4,319,-47.3414
CoTOP,4,320,-47.0378
CoTOP,4,321,-46.6343
CoTOP,4,322,-47.0746
CoTOP,4,323,-47.7578
CoTOP,4,324,-47.4516
CoTOP,4,325,-47.7615
CoTOP,4,326,-47.0966
CoTOP,4,327,-47.213
CoTOP,4,328,-47.1505
CoTOP,4,329,-47.238
CoTOP,4,330,-46.9708
CoTOP,4,331,-47.623
CoTOP,4,332,-47.0869
CoTOP,4,333,-47.3294
CoTOP,4,334,-47.3611
CoTOP,4,335,-46.9703
CoTOP,4,336,-46.7629
CoTOP,4,337,-47.6791
CoTOP,4,338,-46.912
CoTOP,4,339,-47.3304
CoTOP,4,340,-47.3693
CoTOP,4,341,-47.3767
CoTOP,4,342,-47.3061
CoTOP,4,343,-47.3814
CoTOP,4,344,-46.7694
CoTOP,4,345,-47.2567
CoTOP,4,346,-47.6979
CoTOP,4,347,-47.3482
CoTOP,4,348,-47.5228
CoTOP,4,349,-47.0555
CoTOP,4,350,-47.824
CoTOP,4,351,-47.3838
CoTOP,4,352,-47.032
CoTOP,4,353,-47.6006
CoTOP,4,354,-46.915
CoTOP,4,355,-46.4955
CoTOP,4,356,-46.9554
CoTOP,4,357,-46.6059
CoTOP,4,358,-46.7781
CoTOP,4,359,-47.704
CoTOP,4,360,-47.4064
CoTOP,4,361,-47.7707
CoTOP,4,362,-47.9961
CoTOP,4,363,-47.4221
CoTOP,4,364,-47.5114
CoTOP,4,365,-46.6738
CoTOP,4,366,-47.2224
CoTOP,4,367,-47.2405
CoTOP,4,368,-46.8432
CoTOP,4,369,-47.0389
CoTOP,4,370,-46.5368
CoTOP,4,371,-47.1911
CoTOP,4,372,-47.2998
CoTOP,4,373,-47.517
CoTOP,4,374,-47.2953
CoTOP,4,375,-47.2485
CoTOP,4,376,-47.3038
CoTOP,4,377,-47.3039
CoTOP,4,378,-46.9006
CoTOP,4,379,-47.6141
CoTOP,4,380,-47.648
CoTOP,4,381,-47.3668
CoTOP,4,382,-47.4269
CoTOP,4,383,-47.5623
CoTOP,4,384,-47.2435
CoTOP,4,385,-47.2737
CoTOP,4,386,-47.3717
CoTOP,4,387,-47.4889
CoTOP,4,388,-46.8431
CoTOP,4,389,-46.8057
CoTOP,4,390,-47.6455
CoTOP,4,391,-46.9687
CoTOP,4,392,-46.7412
CoTOP,4,393,-47.19
CoTOP,4,394,-47.235
CoTOP,4,395,-47.0485
CoTOP,4,396,-46.9034
CoTOP,4,397,-47.1032
CoTOP,4,398,-47.471
CoTOP,4,399,-47.6376
CoTOP,4,400,-47.5871
CoTOP,4,401,-47.0714
CoTOP,4,402,-46.8409
CoTOP,4,403,-47.2785
CoTOP,4,404,-47.5379
CoTOP,4,405,-47.5348
CoTOP,4,406,-46.4829
CoTOP,4,407,-47.0396
CoTOP,4,408,-46.8847
CoTOP,4,409,-47.9688
CoTOP,4,410,-47.0108
CoTOP,4,411,-47.2952
CoTOP,4,412,-46.6845
CoTOP,4,413,-46.8826
CoTOP,4,414,-47.5823
CoTOP,4,415,-47.5436
CoTOP,4,416,-47.4076
CoTOP,4,417,-46.8137
CoTOP,4,418,-46.8263
CoTOP,4,419,-47.4484
CoTOP,4,420,-46.972
CoTOP,4,421,-47.6558
CoTOP,4,422,-47.8007
CoTOP,4,423,-46.8681
CoTOP,4,424,-47.0449
CoTOP,4,425,-47.23
CoTOP,4,426,-47.2276
CoTOP,4,427,-47.809
CoTOP,4,428,-47.471
CoTOP,4,429,-47.2914
CoTOP,4,430,-47.1782
CoTOP,4,431,-47.3374
CoTOP,4,432,-47.2928
CoTOP,4,433,-47.2037
CoTOP,4,434,-47.2197
CoTOP,4,435,-47.5492
CoTOP,4,436,-46.6002
CoTOP,4,437,-47.4304
CoTOP,4,438,-46.6755
CoTOP,4,439,-47.1372
CoTOP,4,440,-47.6799
CoTOP,4,441,-47.4189
CoTOP,4,442,-47.4599
CoTOP,4,443,-47.1987
CoTOP,4,444,-47.3264
CoTOP,4,445,-46.949
CoTOP,4,446,-47.247
CoTOP,4,447,-46.679
CoTOP,4,448,-47.4454
CoTOP,4,449,-47.8226
CoTOP,4,450,-47.1541
CoTOP,4,451,-47.4896
CoTOP,4,452,-47.46
CoTOP,4,453,-47.4594
CoTOP,4,454,-46.7242
CoTOP,4,455,-47.015
CoTOP,4,456,-47.3223
CoTOP,4,457,-47.407
CoTOP,4,458,-47.061
CoTOP,4,459,-47.277
CoTOP,4,460,-47.353
CoTOP,4,461,-47.3744
CoTOP,4,462,-46.9773
CoTOP,4,463,-47.2563
CoTOP,4,464,-47.2624
CoTOP,4,465,-47.0889
CoTOP,4,466,-47.4139
CoTOP,4,467,-47.4357
CoTOP,4,468,-47.1911
CoTOP,4,469,-47.097
CoTOP,4,470,-47.2689
CoTOP,4,471,-47.0607
CoTOP,4,472,-46.9341
CoTOP,4,473,-47.1169
CoTOP,4,474,-47.2678
CoTOP,4,475,-46.8557
CoTOP,4,476,-47.6727
CoTOP,4,477,-47.2059
CoTOP,4,478,-47.4841
CoTOP,4,479,-47.1364
CoTOP,4,480,-47.0539
CoTOP,4,481,-47.1986
CoTOP,4,482,-47.1136
CoTOP,4,483,-47.7796
CoTOP,4,484,-47.5239
CoTOP,4,485,-47.1281
CoTOP,4,486,-47.1322
CoTOP,4,487,-47.1905
CoTOP,4,488,-47.2951
CoTOP,4,489,-47.5217
CoTOP,4,490,-47.1261
CoTOP,4,491,-47.4169
CoTOP,4,492,-47.288
CoTOP,4,493,-47.6464
CoTOP,4,494,-47.4623
CoTOP,4,495,-47.0924
CoTOP,4,496,-47.2374
CoTOP,4,497,-47.2858
CoTOP,4,498,-46.7382
CoTOP,4,499,-47.5377
CoTOP,4,500,-47.4205
DDQN,0,1,-185.2516
DDQN,0,2,-186.2305
DDQN,0,3,-186.1299
DDQN,0,4,-188.2308
DDQN,0,5,-183.9554
DDQN,0,6,-184.2365
DDQN,0,7,-180.7119
DDQN,0,8,-179.6939
DDQN,0,9,-179.3466
DDQN,0,10,-182.7847
DDQN,0,11,-179.4924
DDQN,0,12,-178.8614
DDQN,0,13,-172.9617
DDQN,0,14,-169.5874
DDQN,0,15,-177.5063
DDQN,0,16,-171.2455
DDQN,0,17,-170.384
DDQN,0,18,-163.3714
DDQN,0,19,-167.7605
DDQN,0,20,-167.1113
DDQN,0,21,-164.8862
DDQN,0,22,-158.1974
DDQN,0,23,-164.8852
DDQN,0,24,-161.8596
DDQN,0,25,-157.2423
DDQN,0,26,-165.0391
DDQN,0,27,-159.3214
DDQN,0,28,-157.656
DDQN,0,29,-158.4496
DDQN,0,30,-153.0311
DDQN,0,31,-153.9896
DDQN,0,32,-152.5295
DDQN,0,33,-151.8748
DDQN,0,34,-149.5995
DDQN,0,35,-154.3964
DDQN,0,36,-147.1766
DDQN,0,37,-150.174
DDQN,0,38,-149.4204
DDQN,0,39,-147.601
DDQN,0,40,-144.9347
DDQN,0,41,-148.6518
DDQN,0,42,-144.0357
DDQN,0,43,-146.7284
DDQN,0,44,-140.8378
DDQN,0,45,-143.2949
DDQN,0,46,-139.1971
DDQN,0,47,-138.7389
DDQN,0,48,-138.41
DDQN,0,49,-141.5281
DDQN,0,50,-139.5303
DDQN,0,51,-138.9784
DDQN,0,52,-134.1499
DDQN,0,53,-135.3097
DDQN,0,54,-132.7315
DDQN,0,55,-135.1354
DDQN,0,56,-136.3756
DDQN,0,57,-131.745
DDQN,0,58,-133.2014
DDQN,0,59,-131.1583
DDQN,0,60,-135.929
DDQN,0,61,-129.4541
DDQN,0,62,-131.5003
DDQN,0,63,-127.7118
DDQN,0,64,-129.4238
DDQN,0,65,-125.2121
DDQN,0,66,-123.7593
DDQN,0,67,-126.7104
DDQN,0,68,-126.5047
DDQN,0,69,-128.6201
DDQN,0,70,-122.8043
DDQN,0,71,-126.8412
DDQN,0,72,-125.1731
DDQN,0,73,-123.8503
DDQN,0,74,-122.8597
DDQN,0,75,-122.8831
DDQN,0,76,-121.5503
DDQN,0,77,-118.2139
DDQN,0,78,-121.3509
DDQN,0,79,-118.8107
DDQN,0,80,-121.4903
DDQN,0,81,-118.4398
DDQN,0,82,-118.9522
DDQN,0,83,-119.3446
DDQN,0,84,-119.3973
DDQN,0,85,-112.2731
DDQN,0,86,-119.1844
DDQN,0,87,-117.1619
DDQN,0,88,-113.7182
DDQN,0,89,-117.2224
DDQN,0,90,-118.307
DDQN,0,91,-114.0207
DDQN,0,92,-111.6769
DDQN,0,93,-113.8277
DDQN,0,94,-113.6853
DDQN,0,95,-114.0908
DDQN,0,96,-113.0447
DDQN,0,97,-110.6805
DDQN,0,98,-112.0121
DDQN,0,99,-111.7008
DDQN,0,100,-112.6484
DDQN,0,101,-108.6644
DDQN,0,102,-107.6058
DDQN,0,103,-107.89
DDQN,0,104,-109.4947
DDQN,0,105,-107.31
DDQN,0,106,-108.5213
DDQN,0,107,-106.9123
DDQN,0,108,-105.5504
DDQN,0,109,-111.5909
DDQN,0,110,-107.0693
DDQN,0,111,-105.709
DDQN,0,112,-110.5565
DDQN,0,113,-107.1013
DDQN,0,114,-105.6942
DDQN,0,115,-103.859
DDQN,0,116,-102.9267
DDQN,0,117,-103.8776
DDQN,0,118,-102.4558
DDQN,0,119,-103.6483
DDQN,0,120,-100.6254
DDQN,0,121,-100.4057
DDQN,0,122,-100.8833
DDQN,0,123,-98.8316
DDQN,0,124,-99.788
DDQN,0,125,-100.5528
DDQN,0,126,-99.1828
DDQN,0,127,-104.7511
DDQN,0,128,-98.2561
DDQN,0,129,-101.0821
DDQN,0,130,-101.2096
DDQN,0,131,-99.8794
DDQN,0,132,-101.7283
DDQN,0,133,-98.8737
DDQN,0,134,-96.8821
DDQN,0,135,-98.7182
DDQN,0,136,-98.6206
DDQN,0,137,-99.8159
DDQN,0,138,-97.2633
DDQN,0,139,-96.6838
DDQN,0,140,-96.2331
DDQN,0,141,-97.8626
DDQN,0,142,-95.7247
DDQN,0,143,-98.3806
DDQN,0,144,-98.419
DDQN,0,145,-94.9186
DDQN,0,146,-94.6493
DDQN,0,147,-94.1072
DDQN,0,148,-95.1335
DDQN,0,149,-94.1377
DDQN,0,150,-95.479
DDQN,0,151,-92.1366
DDQN,0,152,-95.8393
DDQN,0,153,-93.9629
DDQN,0,154,-93.6544
DDQN,0,155,-95.1161
DDQN,0,156,-91.6949
DDQN,0,157,-96.5824
DDQN,0,158,-92.7472
DDQN,0,159,-91.8815
DDQN,0,160,-93.539
DDQN,0,161,-94.7101
DDQN,0,162,-90.9704
DDQN,0,163,-90.6147
DDQN,0,164,-92.2836
DDQN,0,165,-91.8936
DDQN,0,166,-90.5243
DDQN,0,167,-92.9981
DDQN,0,168,-88.4987
DDQN,0,169,-92.3503
DDQN,0,170,-91.0184
DDQN,0,171,-88.9771
DDQN,0,172,-90.8891
DDQN,0,173,-87.3562
DDQN,0,174,-88.1142
DDQN,0,175,-88.6781
DDQN,0,176,-91.3702
DDQN,0,177,-89.5529
DDQN,0,178,-88.1564
DDQN,0,179,-91.3212
DDQN,0,180,-87.4592
DDQN,0,181,-85.8197
DDQN,0,182,-86.9698
DDQN,0,183,-89.6583
DDQN,0,184,-87.0512
DDQN,0,185,-88.7648
DDQN,0,186,-89.3602
DDQN,0,187,-87.3889
DDQN,0,188,-88.846
DDQN,0,189,-88.582
DDQN,0,190,-85.9209
DDQN,0,191,-88.0545
DDQN,0,192,-88.8465
DDQN,0,193,-88.0457
DDQN,0,194,-87.2139
DDQN,0,195,-86.7223
DDQN,0,196,-87.2334
DDQN,0,197,-84.2106
DDQN,0,198,-87.0711
DDQN,0,199,-89.2312
DDQN,0,200,-84.501
DDQN,0,201,-84.6871
DDQN,0,202,-87.8346
DDQN,0,203,-85.5694
DDQN,0,204,-85.7648
DDQN,0,205,-84.5652
DDQN,0,206,-85.2077
DDQN,0,207,-84.5431
DDQN,0,208,-84.7463
DDQN,0,209,-84.6939
DDQN,0,210,-85.4017
DDQN,0,211,-84.2131
DDQN,0,212,-85.0474
DDQN,0,213,-85.5888
DDQN,0,214,-86.3615
DDQN,0,215,-84.4508
DDQN,0,216,-84.0506
DDQN,0,217,-85.9895
DDQN,0,218,-83.4239
DDQN,0,219,-82.0277
DDQN,0,220,-84.8401
DDQN,0,221,-84.2681
DDQN,0,222,-81.8011
DDQN,0,223,-81.5961
DDQN,0,224,-82.0781
DDQN,0,225,-83.3597
DDQN,0,226,-80.6516
DDQN,0,227,-83.9149
DDQN,0,228,-82.3822
DDQN,0,229,-84.5249
DDQN,0,230,-82.6031
DDQN,0,231,-84.8117
DDQN,0,232,-82.7772
DDQN,0,233,-82.2148
DDQN,0,234,-83.2972
DDQN,0,235,-82.1871
DDQN,0,236,-82.0083
DDQN,0,237,-81.1163
DDQN,0,238,-83.3212
DDQN,0,239,-82.2759
DDQN,0,240,-79.3991
DDQN,0,241,-83.0204
DDQN,0,242,-81.9616
DDQN,0,243,-82.0633
DDQN,0,244,-82.2318
DDQN,0,245,-81.1688
DDQN,0,246,-81.3101
DDQN,0,247,-80.8004
DDQN,0,248,-81.6338
DDQN,0,249,-82.8146
DDQN,0,250,-82.6718
DDQN,0,251,-80.8768
DDQN,0,252,-78.0156
DDQN,0,253,-79.3912
DDQN,0,254,-81.9027
DDQN,0,255,-81.0562
DDQN,0,256,-79.6218
DDQN,0,257,-78.2666
DDQN,0,258,-79.5706
DDQN,0,259,-80.9696
DDQN,0,260,-79.1707
DDQN,0,261,-80.695
DDQN,0,262,-79.2685
DDQN,0,263,-81.2476
DDQN,0,264,-81.8535
DDQN,0,265,-81.4911
DDQN,0,266,-80.3724
DDQN,0,267,-80.0262
DDQN,0,268,-80.1142
DDQN,0,269,-81.0303
DDQN,0,270,-79.985
DDQN,0,271,-78.6542
DDQN,0,272,-80.9034
DDQN,0,273,-79.5661
DDQN,0,274,-76.9734
DDQN,0,275,-80.1439
DDQN,0,276,-80.442
DDQN,0,277,-81.4389
DDQN,0,278,-81.7452
DDQN,0,279,-78.7936
DDQN,0,280,-80.8941
DDQN,0,281,-78.3467
DDQN,0,282,-80.7668
DDQN,0,283,-78.27
DDQN,0,284,-77.6029
DDQN,0,285,-78.1295
DDQN,0,286,-77.6719
DDQN,0,287,-78.8056
DDQN,0,288,-79.8744
DDQN,0,289,-78.3523
DDQN,0,290,-79.169
DDQN,0,291,-78.9174
DDQN,0,292,-78.631
DDQN,0,293,-78.8046
DDQN,0,294,-79.223
DDQN,0,295,-79.752
DDQN,0,296,-78.9603
DDQN,0,297,-77.4041
DDQN,0,298,-80.181
DDQN,0,299,-78.2438
DDQN,0,300,-79.6352
DDQN,0,301,-77.6598
DDQN,0,302,-79.2552
DDQN,0,303,-78.7074
DDQN,0,304,-77.2452
DDQN,0,305,-77.3439
DDQN,0,306,-79.8565
DDQN,0,307,-79.1401
DDQN,0,308,-78.5593
DDQN,0,309,-79.0684
DDQN,0,310,-77.9829
DDQN,0,311,-77.1593
DDQN,0,312,-77.8519
DDQN,0,313,-76.7143
DDQN,0,314,-77.2448
DDQN,0,315,-79.0567
DDQN,0,316,-78.2017
DDQN,0,317,-76.8697
DDQN,0,318,-75.9484
DDQN,0,319,-77.0554
DDQN,0,320,-77.6348
DDQN,0,321,-77.6581
DDQN,0,322,-76.6979
DDQN,0,323,-77.6907
DDQN,0,324,-76.8836
DDQN,0,325,-78.0339
DDQN,0,326,-77.5639
DDQN,0,327,-78.0313
DDQN,0,328,-77.0423
DDQN,0,329,-76.2644
DDQN,0,330,-77.7792
DDQN,0,331,-76.2077
DDQN,0,332,-78.5469
DDQN,0,333,-76.556
DDQN,0,334,-74.9513
DDQN,0,335,-77.3573
DDQN,0,336,-77.6574
DDQN,0,337,-76.3397
DDQN,0,338,-76.6839
DDQN,0,339,-76.4586
DDQN,0,340,-77.089
DDQN,0,341,-77.5218
DDQN,0,342,-77.7246
DDQN,0,343,-77.8869
DDQN,0,344,-77.1924
DDQN,0,345,-76.231
DDQN,0,346,-76.4692
DDQN,0,347,-77.8236
DDQN,0,348,-76.4977
DDQN,0,349,-78.1122
DDQN,0,350,-75.1257
DDQN,0,351,-76.0249
DDQN,0,352,-76.5933
DDQN,0,353,-76.7629
DDQN,0,354,-75.2912
DDQN,0,355,-76.4227
DDQN,0,356,-76.8009
DDQN,0,357,-76.2222
DDQN,0,358,-77.0611
DDQN,0,359,-75.4079
DDQN,0,360,-76.0364
DDQN,0,361,-76.4752
DDQN,0,362,-75.0432
DDQN,0,363,-77.4825
DDQN,0,364,-76.6952
DDQN,0,365,-74.2117
DDQN,0,366,-78.0964
DDQN,0,367,-76.2655
DDQN,0,368,-76.505
DDQN,0,369,-77.1529
DDQN,0,370,-76.1222
DDQN,0,371,-76.3395
DDQN,0,372,-75.6105
DDQN,0,373,-76.8786
DDQN,0,374,-77.9245
DDQN,0,375,-76.8699
DDQN,0,376,-75.3912
DDQN,0,377,-77.3417
DDQN,0,378,-77.0456
DDQN,0,379,-75.3894
DDQN,0,380,-76.4413
DDQN,0,381,-75.8356
DDQN,0,382,-77.0315
DDQN,0,383,-76.6973
DDQN,0,384,-76.0431
DDQN,0,385,-76.6934
DDQN,0,386,-75.1685
DDQN,0,387,-75.5712
DDQN,0,388,-77.7243
DDQN,0,389,-75.6539
DDQN,0,390,-76.1147
DDQN,0,391,-76.7103
DDQN,0,392,-76.7189
DDQN,0,393,-77.3505
DDQN,0,394,-76.5337
DDQN,0,395,-77.4917
DDQN,0,396,-74.7886
DDQN,0,397,-76.5783
DDQN,0,398,-74.7553
DDQN,0,399,-76.1581
DDQN,0,400,-76.4589
DDQN,0,401,-75.9884
DDQN,0,402,-76.5528
DDQN,0,403,-76.6074
DDQN,0,404,-76.3781
DDQN,0,405,-75.6751
DDQN,0,406,-76.2586
DDQN,0,407,-74.3114
DDQN,0,408,-75.308
DDQN,0,409,-76.4952
DDQN,0,410,-76.5438
DDQN,0,411,-75.3723
DDQN,0,412,-75.1084
DDQN,0,413,-75.3782
DDQN,0,414,-76.4734
DDQN,0,415,-76.6141
DDQN,0,416,-75.3694
DDQN,0,417,-75.3649
DDQN,0,418,-76.2296
DDQN,0,419,-76.2894
DDQN,0,420,-75.7359
DDQN,0,421,-75.9101
DDQN,0,422,-75.0335
DDQN,0,423,-76.4209
DDQN,0,424,-75.1569
DDQN,0,425,-75.2286
DDQN,0,426,-75.2552
DDQN,0,427,-76.5853
DDQN,0,428,-76.6627
DDQN,0,429,-75.602
DDQN,0,430,-75.8788
DDQN,0,431,-75.7969
DDQN,0,432,-76.0619
DDQN,0,433,-76.3018
DDQN,0,434,-75.6758
DDQN,0,435,-76.353
DDQN,0,436,-74.737
DDQN,0,437,-76.3706
DDQN,0,438,-75.7319
DDQN,0,439,-75.3681
DDQN,0,440,-75.2257
DDQN,0,441,-75.9888
DDQN,0,442,-77.9879
DDQN,0,443,-76.3145
DDQN,0,444,-75.9079
DDQN,0,445,-75.4923
DDQN,0,446,-75.4658
DDQN,0,447,-75.1518
DDQN,0,448,-76.2458
DDQN,0,449,-75.4759
DDQN,0,450,-75.633
DDQN,0,451,-74.9843
DDQN,0,452,-75.835
DDQN,0,453,-74.9976
DDQN,0,454,-76.4916
DDQN,0,455,-75.7716
DDQN,0,456,-75.5123
DDQN,0,457,-74.9957
DDQN,0,458,-75.2709
DDQN,0,459,-74.6581
DDQN,0,460,-76.1795
DDQN,0,461,-75.6418
DDQN,0,462,-75.131
DDQN,0,463,-74.9615
DDQN,0,464,-75.455
DDQN,0,465,-75.343
DDQN,0,466,-77.0155
DDQN,0,467,-76.3069
DDQN,0,468,-75.4559
DDQN,0,469,-75.5085
DDQN,0,470,-75.6404
DDQN,0,471,-76.049
DDQN,0,472,-75.3907
DDQN,0,473,-76.2269
DDQN,0,474,-76.1213
DDQN,0,475,-75.4873
DDQN,0,476,-74.9655
DDQN,0,477,-76.0807
DDQN,0,478,-75.5543
DDQN,0,479,-76.1031
DDQN,0,480,-76.1617
DDQN,0,481,-74.6324
DDQN,0,482,-74.9371
DDQN,0,483,-74.3562
DDQN,0,484,-74.781
DDQN,0,485,-75.3647
DDQN,0,486,-76.0302
DDQN,0,487,-74.9904
DDQN,0,488,-75.7938
DDQN,0,489,-75.2663
DDQN,0,490,-74.0322
DDQN,0,491,-75.6648
DDQN,0,492,-74.6573
DDQN,0,493,-75.3321
DDQN,0,494,-75.5025
DDQN,0,495,-75.594
DDQN,0,496,-76.1016
DDQN,0,497,-76.4757
DDQN,0,498,-74.8451
DDQN,0,499,-75.579
DDQN,0,500,-75.3757
DDQN,1,1,-190.9388
DDQN,1,2,-188.4186
DDQN,1,3,-190.7625
DDQN,1,4,-181.9206
DDQN,1,5,-184.615
DDQN,1,6,-184.2125
DDQN,1,7,-178.2212
DDQN,1,8,-184.2913
DDQN,1,9,-176.9256
DDQN,1,10,-172.9559
DDQN,1,11,-175.9469
DDQN,1,12,-174.6353
DDQN,1,13,-172.0161
DDQN,1,14,-168.5419
DDQN,1,15,-170.6218
DDQN,1,16,-170.9442
DDQN,1,17,-167.3064
DDQN,1,18,-169.5432
DDQN,1,19,-168.9118
DDQN,1,20,-163.6849
DDQN,1,21,-166.9119
DDQN,1,22,-164.2614
DDQN,1,23,-163.571
DDQN,1,24,-163.9843
DDQN,1,25,-158.0323
DDQN,1,26,-157.0994
DDQN,1,27,-159.2242
DDQN,1,28,-153.233
DDQN,1,29,-158.6554
DDQN,1,30,-154.4203
DDQN,1,31,-153.715
DDQN,1,32,-151.598
DDQN,1,33,-157.0423
DDQN,1,34,-149.0451
DDQN,1,35,-151.6663
DDQN,1,36,-145.3333
DDQN,1,37,-148.6718
DDQN,1,38,-149.4901
DDQN,1,39,-152.6775
DDQN,1,40,-145.3285
DDQN,1,41,-148.0647
DDQN,1,42,-146.5561
DDQN,1,43,-145.3552
DDQN,1,44,-142.5045
DDQN,1,45,-145.6175
DDQN,1,46,-145.4797
DDQN,1,47,-143.9066
DDQN,1,48,-137.2296
DDQN,1,49,-141.0663
DDQN,1,50,-133.951
DDQN,1,51,-138.6723
DDQN,1,52,-134.5029
DDQN,1,53,-136.7455
DDQN,1,54,-133.2975
DDQN,1,55,-134.6678
DDQN,1,56,-131.391
DDQN,1,57,-135.4798
DDQN,1,58,-135.4916
DDQN,1,59,-131.2992
DDQN,1,60,-133.0593
DDQN,1,61,-134.7274
DDQN,1,62,-131.5494
DDQN,1,63,-128.2864
DDQN,1,64,-124.8495
DDQN,1,65,-125.929
DDQN,1,66,-130.2963
DDQN,1,67,-128.5927
DDQN,1,68,-127.9768
DDQN,1,69,-128.5327
DDQN,1,70,-121.0579
DDQN,1,71,-121.4608
DDQN,1,72,-123.1738
DDQN,1,73,-124.1509
DDQN,1,74,-122.9601
DDQN,1,75,-121.7019
DDQN,1,76,-119.2741
DDQN,1,77,-120.6466
DDQN,1,78,-121.7439
DDQN,1,79,-117.3076
DDQN,1,80,-115.6666
DDQN,1,81,-119.0353
DDQN,1,82,-117.158
DDQN,1,83,-120.0665
DDQN,1,84,-116.0686
DDQN,1,85,-118.7573
DDQN,1,86,-111.9069
DDQN,1,87,-117.0809
DDQN,1,88,-116.9233
DDQN,1,89,-114.2859
DDQN,1,90,-115.6703
DDQN,1,91,-114.2367
DDQN,1,92,-115.1103
DDQN,1,93,-115.4635
DDQN,1,94,-115.3278
DDQN,1,95,-109.4231
DDQN,1,96,-115.4693
DDQN,1,97,-113.9891
DDQN,1,98,-113.144
DDQN,1,99,-113.9808
DDQN,1,100,-108.4822
DDQN,1,101,-111.108
DDQN,1,102,-109.0099
DDQN,1,103,-107.2019
DDQN,1,104,-106.2097
DDQN,1,105,-106.4705
DDQN,1,106,-104.6816
DDQN,1,107,-105.6306
DDQN,1,108,-102.182
DDQN,1,109,-107.0983
DDQN,1,110,-104.107
DDQN,1,111,-107.7312
DDQN,1,112,-106.1675
DDQN,1,113,-106.4151
DDQN,1,114,-104.5667
DDQN,1,115,-103.8813
DDQN,1,116,-107.3639
DDQN,1,117,-105.8396
DDQN,1,118,-105.3459
DDQN,1,119,-101.1133
DDQN,1,120,-103.2019
DDQN,1,121,-103.8212
DDQN,1,122,-98.6888
DDQN,1,123,-101.7813
DDQN,1,124,-100.2521
DDQN,1,125,-101.4031
DDQN,1,126,-101.8015
DDQN,1,127,-103.4744
DDQN,1,128,-100.8627
DDQN,1,129,-100.0353
DDQN,1,130,-99.8577
DDQN,1,131,-97.3912
DDQN,1,132,-99.1719
DDQN,1,133,-100.1837
DDQN,1,134,-98.8717
DDQN,1,135,-99.0331
DDQN,1,136,-98.8074
DDQN,1,137,-99.6881
DDQN,1,138,-96.7302
DDQN,1,139,-97.9163
DDQN,1,140,-95.5233
DDQN,1,141,-95.9523
DDQN,1,142,-97.1222
DDQN,1,143,-94.3394
DDQN,1,144,-94.253
DDQN,1,145,-98.1956
DDQN,1,146,-94.4941
DDQN,1,147,-92.3713
DDQN,1,148,-94.3975
DDQN,1,149,-94.7653
DDQN,1,150,-95.2731
DDQN,1,151,-96.1475
DDQN,1,152,-94.6495
DDQN,1,153,-93.6324
DDQN,1,154,-92.7932
DDQN,1,155,-90.8473
DDQN,1,156,-93.4161
DDQN,1,157,-94.6611
DDQN,1,158,-92.9981
DDQN,1,159,-92.749
DDQN,1,160,-91.9768
DDQN,1,161,-88.322
DDQN,1,162,-93.4883
DDQN,1,163,-89.95
DDQN,1,164,-89.8796
DDQN,1,165,-92.1788
DDQN,1,166,-90.556
DDQN,1,167,-92.9115
DDQN,1,168,-91.6382
DDQN,1,169,-89.6995
DDQN,1,170,-91.1581
DDQN,1,171,-89.2644
DDQN,1,172,-87.6262
DDQN,1,173,-86.2999
DDQN,1,174,-88.4695
DDQN,1,175,-88.5309
DDQN,1,176,-88.5142
DDQN,1,177,-88.3073
DDQN,1,178,-90.9967
DDQN,1,179,-90.3781
DDQN,1,180,-87.3365
DDQN,1,181,-88.1897
DDQN,1,182,-89.611
DDQN,1,183,-89.8147
DDQN,1,184,-84.825
DDQN,1,185,-87.6189
DDQN,1,186,-86.2431
DDQN,1,187,-89.0973
DDQN,1,188,-86.995
DDQN,1,189,-86.5626
DDQN,1,190,-87.7738
DDQN,1,191,-85.1796
DDQN,1,192,-88.1957
DDQN,1,193,-87.0476
DDQN,1,194,-86.436
DDQN,1,195,-85.6409
DDQN,1,196,-86.2962
DDQN,1,197,-85.7067
DDQN,1,198,-87.6095
DDQN,1,199,-85.1858
DDQN,1,200,-84.8104
DDQN,1,201,-89.1531
DDQN,1,202,-86.2314
DDQN,1,203,-87.1773
DDQN,1,204,-84.3074
DDQN,1,205,-83.5039
DDQN,1,206,-86.9807
DDQN,1,207,-85.6114
DDQN,1,208,-84.4946
DDQN,1,209,-83.6969
DDQN,1,210,-84.4249
DDQN,1,211,-83.8415
DDQN,1,212,-83.175
DDQN,1,213,-85.236
DDQN,1,214,-82.4937
DDQN,1,215,-83.7172
DDQN,1,216,-83.3763
DDQN,1,217,-84.1845
DDQN,1,218,-85.8131
DDQN,1,219,-84.1056
DDQN,1,220,-82.4988
DDQN,1,221,-83.7776
DDQN,1,222,-83.7501
DDQN,1,223,-86.5122
DDQN,1,224,-80.947
DDQN,1,225,-80.445
DDQN,1,226,-83.561
DDQN,1,227,-82.2662
DDQN,1,228,-85.1173
DDQN,1,229,-82.3394
DDQN,1,230,-81.391
DDQN,1,231,-81.6595
DDQN,1,232,-82.0383
DDQN,1,233,-82.1903
DDQN,1,234,-82.148
DDQN,1,235,-79.4557
DDQN,1,236,-84.1558
DDQN,1,237,-80.0327
DDQN,1,238,-81.9913
DDQN,1,239,-80.0129
DDQN,1,240,-82.3858
DDQN,1,241,-81.7744
DDQN,1,242,-82.1275
DDQN,1,243,-81.7318
DDQN,1,244,-81.5121
DDQN,1,245,-81.5431
DDQN,1,246,-80.3171
DDQN,1,247,-79.5422
DDQN,1,248,-82.6913
DDQN,1,249,-82.0748
DDQN,1,250,-81.8886
DDQN,1,251,-80.5736
DDQN,1,252,-80.8207
DDQN,1,253,-81.2732
DDQN,1,254,-80.4338
DDQN,1,255,-80.9561
DDQN,1,256,-81.8063
DDQN,1,257,-80.4144
DDQN,1,258,-79.7875
DDQN,1,259,-79.7797
DDQN,1,260,-80.7775
DDQN,1,261,-80.3416
DDQN,1,262,-79.5136
DDQN,1,263,-80.336
DDQN,1,264,-79.4434
DDQN,1,265,-80.503
DDQN,1,266,-81.1956
DDQN,1,267,-79.2832
DDQN,1,268,-79.9172
DDQN,1,269,-78.2
DDQN,1,270,-80.3948
DDQN,1,271,-80.6217
DDQN,1,272,-79.6576
DDQN,1,273,-80.0315
DDQN,1,274,-79.0818
DDQN,1,275,-79.2487
DDQN,1,276,-79.7051
DDQN,1,277,-80.6092
DDQN,1,278,-79.8805
DDQN,1,279,-80.2371
DDQN,1,280,-77.5828
DDQN,1,281,-79.0708
DDQN,1,282,-80.2299
DDQN,1,283,-78.4632
DDQN,1,284,-78.4869
DDQN,1,285,-78.3478
DDQN,1,286,-77.4096
DDQN,1,287,-76.6845
DDQN,1,288,-79.2239
DDQN,1,289,-77.9117
DDQN,1,290,-77.7026
DDQN,1,291,-77.7575
DDQN,1,292,-79.6075
DDQN,1,293,-81.0564
DDQN,1,294,-78.7932
DDQN,1,295,-78.1941
DDQN,1,296,-78.5651
DDQN,1,297,-79.5661
DDQN,1,298,-77.6071
DDQN,1,299,-77.7659
DDQN,1,300,-78.5468
DDQN,1,301,-77.5739
DDQN,1,302,-76.9504
DDQN,1,303,-79.6288
DDQN,1,304,-77.6592
DDQN,1,305,-79.0654
DDQN,1,306,-78.5977
DDQN,1,307,-78.2728
DDQN,1,308,-78.5665
DDQN,1,309,-78.3436
DDQN,1,310,-77.1557
DDQN,1,311,-78.8864
DDQN,1,312,-77.7113
DDQN,1,313,-78.579
DDQN,1,314,-76.4499
DDQN,1,315,-77.5755
DDQN,1,316,-77.5285
DDQN,1,317,-76.6978
DDQN,1,318,-77.6059
DDQN,1,319,-77.227
DDQN,1,320,-76.0238
DDQN,1,321,-77.864
DDQN,1,322,-77.8311
DDQN,1,323,-77.8303
DDQN,1,324,-78.2686
DDQN,1,325,-77.0929
DDQN,1,326,-77.4377
DDQN,1,327,-77.1263
DDQN,1,328,-75.3324
DDQN,1,329,-80.9679
DDQN,1,330,-78.2049
DDQN,1,331,-78.6928
DDQN,1,332,-75.9652
DDQN,1,333,-77.6152
DDQN,1,334,-75.9389
DDQN,1,335,-75.8585
DDQN,1,336,-77.5612
DDQN,1,337,-77.5159
DDQN,1,338,-76.8533
DDQN,1,339,-76.347
DDQN,1,340,-75.7599
DDQN,1,341,-76.0481
DDQN,1,342,-78.5261
DDQN,1,343,-76.972
DDQN,1,344,-76.365
DDQN,1,345,-76.8378
DDQN,1,346,-78.3358
DDQN,1,347,-76.7949
DDQN,1,348,-77.1407
DDQN,1,349,-78.5177
DDQN,1,350,-76.9955
DDQN,1,351,-76.6376
DDQN,1,352,-76.415
DDQN,1,353,-77.1128
DDQN,1,354,-75.9527
DDQN,1,355,-78.5375
DDQN,1,356,-77.5435
DDQN,1,357,-76.5996
DDQN,1,358,-76.7644
DDQN,1,359,-77.6505
DDQN,1,360,-77.8693
DDQN,1,361,-77.1204
DDQN,1,362,-77.7681
DDQN,1,363,-76.203
DDQN,1,364,-76.7869
DDQN,1,365,-76.4009
DDQN,1,366,-76.2013
DDQN,1,367,-76.8515
DDQN,1,368,-74.8966
DDQN,1,369,-76.6656
DDQN,1,370,-75.0102
DDQN,1,371,-76.3278
DDQN,1,372,-76.1217
DDQN,1,373,-74.6485
DDQN,1,374,-76.3891
DDQN,1,375,-76.5894
DDQN,1,376,-75.8896
DDQN,1,377,-75.9645
DDQN,1,378,-76.7838
DDQN,1,379,-74.9755
DDQN,1,380,-76.0596
DDQN,1,381,-76.2804
DDQN,1,382,-77.2019
DDQN,1,383,-75.0388
DDQN,1,384,-76.6763
DDQN,1,385,-74.7997
DDQN,1,386,-75.0695
DDQN,1,387,-76.0168
DDQN,1,388,-75.9395
DDQN,1,389,-75.5633
DDQN,1,390,-75.0886
DDQN,1,391,-75.5464
DDQN,1,392,-76.2524
DDQN,1,393,-76.8808
DDQN,1,394,-76.708
DDQN,1,395,-75.4296
DDQN,1,396,-76.2468
DDQN,1,397,-77.6263
DDQN,1,398,-76.8976
DDQN,1,399,-76.0061
DDQN,1,400,-76.5496
DDQN,1,401,-75.7109
DDQN,1,402,-76.4788
DDQN,1,403,-76.1582
DDQN,1,404,-76.0655
DDQN,1,405,-76.8191
DDQN,1,406,-75.3636
DDQN,1,407,-76.1241
DDQN,1,408,-75.6045
DDQN,1,409,-75.5315
DDQN,1,410,-75.9298
DDQN,1,411,-75.5145
DDQN,1,412,-75.4845
DDQN,1,413,-75.4274
DDQN,1,414,-75.4983
DDQN,1,415,-76.2295
DDQN,1,416,-76.0202
DDQN,1,417,-75.7427
DDQN,1,418,-76.7976
DDQN,1,419,-75.8472
DDQN,1,420,-75.2426
DDQN,1,421,-76.2375
DDQN,1,422,-76.0851
DDQN,1,423,-74.6958
DDQN,1,424,-75.0185
DDQN,1,425,-75.0015
DDQN,1,426,-75.5305
DDQN,1,427,-75.3948
DDQN,1,428,-75.8302
DDQN,1,429,-74.6719
DDQN,1,430,-75.373
DDQN,1,431,-74.1228
DDQN,1,432,-74.9771
DDQN,1,433,-74.5859
DDQN,1,434,-75.2095
DDQN,1,435,-74.7129
DDQN,1,436,-74.9352
DDQN,1,437,-74.2726
DDQN,1,438,-76.488
DDQN,1,439,-74.4548
DDQN,1,440,-76.7749
DDQN,1,441,-76.5767
DDQN,1,442,-75.742
DDQN,1,443,-76.7444
DDQN,1,444,-75.4557
DDQN,1,445,-75.6432
DDQN,1,446,-75.6176
DDQN,1,447,-75.429
DDQN,1,448,-75.5288
DDQN,1,449,-74.911
DDQN,1,450,-75.0406
DDQN,1,451,-75.4235
DDQN,1,452,-75.5124
DDQN,1,453,-75.229
DDQN,1,454,-74.3527
DDQN,1,455,-75.5605
DDQN,1,456,-75.5109
DDQN,1,457,-75.437
DDQN,1,458,-76.1795
DDQN,1,459,-76.3191
DDQN,1,460,-75.9589
DDQN,1,461,-75.5399
DDQN,1,462,-76.1739
DDQN,1,463,-76.3242
DDQN,1,464,-75.7654
DDQN,1,465,-76.4554
DDQN,1,466,-75.107
DDQN,1,467,-76.1319
DDQN,1,468,-75.828
DDQN,1,469,-75.2414
DDQN,1,470,-74.7764
DDQN,1,471,-76.7041
DDQN,1,472,-75.4831
DDQN,1,473,-75.8927
DDQN,1,474,-75.3549
DDQN,1,475,-75.7257
DDQN,1,476,-76.1853
DDQN,1,477,-75.2647
DDQN,1,478,-74.8834
DDQN,1,479,-74.8557
DDQN,1,480,-75.4363
DDQN,1,481,-75.9278
DDQN,1,482,-75.4247
DDQN,1,483,-74.9657
DDQN,1,484,-76.1644
DDQN,1,485,-75.3839
DDQN,1,486,-74.9905
DDQN,1,487,-75.0199
DDQN,1,488,-74.8281
DDQN,1,489,-74.7278
DDQN,1,490,-75.9079
DDQN,1,491,-75.8051
DDQN,1,492,-75.9483
DDQN,1,493,-75.5443
DDQN,1,494,-74.2506
DDQN,1,495,-74.8945
DDQN,1,496,-75.8818
DDQN,1,497,-75.43
DDQN,1,498,-75.7168
DDQN,1,499,-75.5584
DDQN,1,500,-75.3152
DDQN,2,1,-188.6482
DDQN,2,2,-184.0467
DDQN,2,3,-185.8133
DDQN,2,4,-187.4703
DDQN,2,5,-183.1914
DDQN,2,6,-183.2534
DDQN,2,7,-179.5028
DDQN,2,8,-174.5159
DDQN,2,9,-176.6178
DDQN,2,10,-174.3139
DDQN,2,11,-179.7203
DDQN,2,12,-174.279
DDQN,2,13,-170.8413
DDQN,2,14,-170.2666
DDQN,2,15,-168.774
DDQN,2,16,-167.6139
DDQN,2,17,-166.7109
DDQN,2,18,-165.7645
DDQN,2,19,-164.2651
DDQN,2,20,-163.1771
DDQN,2,21,-166.0746
DDQN,2,22,-158.6782
DDQN,2,23,-161.3299
DDQN,2,24,-162.7964
DDQN,2,25,-162.5919
DDQN,2,26,-160.2518
DDQN,2,27,-158.7034
DDQN,2,28,-157.8856
DDQN,2,29,-156.8221
DDQN,2,30,-156.9175
DDQN,2,31,-155.4814
DDQN,2,32,-155.0019
DDQN,2,33,-150.591
DDQN,2,34,-155.8954
DDQN,2,35,-146.87
DDQN,2,36,-147.4976
DDQN,2,37,-148.4098
DDQN,2,38,-147.4775
DDQN,2,39,-144.2478
DDQN,2,40,-144.7499
DDQN,2,41,-140.9991
DDQN,2,42,-144.6443
DDQN,2,43,-145.3435
DDQN,2,44,-141.973
DDQN,2,45,-142.368
DDQN,2,46,-143.2101
DDQN,2,47,-141.8219
DDQN,2,48,-136.3639
DDQN,2,49,-142.1265
DDQN,2,50,-139.9587
DDQN,2,51,-135.5243
DDQN,2,52,-143.0117
DDQN,2,53,-135.4844
DDQN,2,54,-130.6614
DDQN,2,55,-135.0387
DDQN,2,56,-132.8387
DDQN,2,57,-134.7375
DDQN,2,58,-132.5962
DDQN,2,59,-135.1219
DDQN,2,60,-131.6568
DDQN,2,61,-129.7961
DDQN,2,62,-129.1841
DDQN,2,63,-130.8929
DDQN,2,64,-125.8063
DDQN,2,65,-127.2763
DDQN,2,66,-127.2093
DDQN,2,67,-126.4099
DDQN,2,68,-125.1813
DDQN,2,69,-128.1768
DDQN,2,70,-127.7717
DDQN,2,71,-126.2232
DDQN,2,72,-123.4454
DDQN,2,73,-127.3273
DDQN,2,74,-122.9248
DDQN,2,75,-120.665
DDQN,2,76,-120.7296
DDQN,2,77,-119.0115
DDQN,2,78,-120.4593
DDQN,2,79,-118.5738
DDQN,2,80,-119.0569
DDQN,2,81,-118.4176
DDQN,2,82,-118.5327
DDQN,2,83,-118.2228
DDQN,2,84,-118.6019
DDQN,2,85,-115.0022
DDQN,2,86,-115.0474
DDQN,2,87,-115.5265
DDQN,2,88,-114.5737
DDQN,2,89,-119.8083
DDQN,2,90,-114.2331
DDQN,2,91,-111.7485
DDQN,2,92,-111.8794
DDQN,2,93,-114.5398
DDQN,2,94,-114.8709
DDQN,2,95,-111.3307
DDQN,2,96,-113.8705
DDQN,2,97,-110.8353
DDQN,2,98,-110.1235
DDQN,2,99,-112.3506
DDQN,2,100,-109.7928
DDQN,2,101,-108.33
DDQN,2,102,-109.1853
DDQN,2,103,-111.0685
DDQN,2,104,-109.6096
DDQN,2,105,-109.0735
DDQN,2,106,-107.805
DDQN,2,107,-109.0409
DDQN,2,108,-104.4078
DDQN,2,109,-107.7734
DDQN,2,110,-108.4392
DDQN,2,111,-105.0705
DDQN,2,112,-110.1755
DDQN,2,113,-106.8318
DDQN,2,114,-105.7874
DDQN,2,115,-106.8645
DDQN,2,116,-106.2181
DDQN,2,117,-102.571
DDQN,2,118,-106.6254
DDQN,2,119,-102.3738
DDQN,2,120,-103.2879
DDQN,2,121,-98.342
DDQN,2,122,-98.6775
DDQN,2,123,-100.8198
DDQN,2,124,-101.4392
DDQN,2,125,-103.1588
DDQN,2,126,-99.0567
DDQN,2,127,-102.2335
DDQN,2,128,-99.7579
DDQN,2,129,-101.4916
DDQN,2,130,-97.8018
DDQN,2,131,-100.097
DDQN,2,132,-100.2856
DDQN,2,133,-104.2744
DDQN,2,134,-99.9185
DDQN,2,135,-94.7043
DDQN,2,136,-97.8547
DDQN,2,137,-95.3259
DDQN,2,138,-99.2239
DDQN,2,139,-94.3231
DDQN,2,140,-98.0059
DDQN,2,141,-97.6734
DDQN,2,142,-97.6854
DDQN,2,143,-95.7761
DDQN,2,144,-94.1818
DDQN,2,145,-95.9971
DDQN,2,146,-94.4863
DDQN,2,147,-94.4021
DDQN,2,148,-97.5677
DDQN,2,149,-95.0292
DDQN,2,150,-96.9988
DDQN,2,151,-92.5663
DDQN,2,152,-94.6843
DDQN,2,153,-92.3784
DDQN,2,154,-93.3675
DDQN,2,155,-93.0391
DDQN,2,156,-92.7848
DDQN,2,157,-96.4325
DDQN,2,158,-92.0029
DDQN,2,159,-91.5747
DDQN,2,160,-95.0574
DDQN,2,161,-91.4284
DDQN,2,162,-96.7919
DDQN,2,163,-92.2564
DDQN,2,164,-90.7638
DDQN,2,165,-94.8472
DDQN,2,166,-92.7165
DDQN,2,167,-90.062
DDQN,2,168,-92.1491
DDQN,2,169,-94.3653
DDQN,2,170,-91.29
DDQN,2,171,-89.857
DDQN,2,172,-88.9415
DDQN,2,173,-92.9014
DDQN,2,174,-88.8064
DDQN,2,175,-88.0149
DDQN,2,176,-86.0309
DDQN,2,177,-88.844
DDQN,2,178,-87.9286
DDQN,2,179,-88.3172
DDQN,2,180,-88.0768
DDQN,2,181,-89.3948
DDQN,2,182,-86.2501
DDQN,2,183,-87.5591
DDQN,2,184,-88.8391
DDQN,2,185,-89.3888
DDQN,2,186,-89.5209
DDQN,2,187,-87.8209
DDQN,2,188,-86.9712
DDQN,2,189,-85.6399
DDQN,2,190,-88.1729
DDQN,2,191,-88.894
DDQN,2,192,-88.6826
DDQN,2,193,-87.2216
DDQN,2,194,-86.6457
DDQN,2,195,-87.9075
DDQN,2,196,-85.0877
DDQN,2,197,-86.9081
DDQN,2,198,-86.4153
DDQN,2,199,-89.4081
DDQN,2,200,-86.4331
DDQN,2,201,-84.0262
DDQN,2,202,-84.9202
DDQN,2,203,-85.4184
DDQN,2,204,-86.0835
DDQN,2,205,-86.5861
DDQN,2,206,-82.9772
DDQN,2,207,-82.7391
DDQN,2,208,-86.2826
DDQN,2,209,-85.1407
DDQN,2,210,-84.2353
DDQN,2,211,-86.9514
DDQN,2,212,-84.2517
DDQN,2,213,-85.6663
DDQN,2,214,-82.8569
DDQN,2,215,-82.516
DDQN,2,216,-83.5086
DDQN,2,217,-83.1079
DDQN,2,218,-84.7739
DDQN,2,219,-85.1744
DDQN,2,220,-84.4447
DDQN,2,221,-83.0753
DDQN,2,222,-82.122
DDQN,2,223,-82.6325
DDQN,2,224,-82.7353
DDQN,2,225,-83.8452
DDQN,2,226,-83.7771
DDQN,2,227,-82.9848
DDQN,2,228,-81.227
DDQN,2,229,-80.8268
DDQN,2,230,-83.4894
DDQN,2,231,-81.5676
DDQN,2,232,-82.5463
DDQN,2,233,-81.0728
DDQN,2,234,-84.6119
DDQN,2,235,-82.3211
DDQN,2,236,-82.4727
DDQN,2,237,-82.836
DDQN,2,238,-80.1438
DDQN,2,239,-83.5554
DDQN,2,240,-81.5695
DDQN,2,241,-83.479
DDQN,2,242,-80.848
DDQN,2,243,-81.0248
DDQN,2,244,-82.3766
DDQN,2,245,-79.2819
DDQN,2,246,-80.2456
DDQN,2,247,-79.846
DDQN,2,248,-82.4017
DDQN,2,249,-80.2805
DDQN,2,250,-81.5597
DDQN,2,251,-79.951
DDQN,2,252,-82.4804
DDQN,2,253,-80.9563
DDQN,2,254,-79.6761
DDQN,2,255,-81.7529
DDQN,2,256,-79.9086
DDQN,2,257,-77.925
DDQN,2,258,-80.5794
DDQN,2,259,-79.9732
DDQN,2,260,-81.0012
DDQN,2,261,-81.6738
DDQN,2,262,-80.5617
DDQN,2,263,-78.423
DDQN,2,264,-80.1109
DDQN,2,265,-82.7196
DDQN,2,266,-80.0172
DDQN,2,267,-79.8308
DDQN,2,268,-82.1793
DDQN,2,269,-79.3564
DDQN,2,270,-79.7031
DDQN,2,271,-77.9591
DDQN,2,272,-79.1324
DDQN,2,273,-78.4979
DDQN,2,274,-79.9383
DDQN,2,275,-80.1188
DDQN,2,276,-81.0983
DDQN,2,277,-79.6239
DDQN,2,278,-79.9075
DDQN,2,279,-79.7593
DDQN,2,280,-79.6087
DDQN,2,281,-79.8356
DDQN,2,282,-78.9187
DDQN,2,283,-78.3718
DDQN,2,284,-76.7397
DDQN,2,285,-80.0601
DDQN,2,286,-80.128
DDQN,2,287,-77.6888
DDQN,2,288,-78.7349
DDQN,2,289,-78.631
DDQN,2,290,-79.5029
DDQN,2,291,-76.0807
DDQN,2,292,-78.3313
DDQN,2,293,-78.7961
DDQN,2,294,-78.5488
DDQN,2,295,-77.9609
DDQN,2,296,-77.492
DDQN,2,297,-77.9049
DDQN,2,298,-76.8433
DDQN,2,299,-78.0073
DDQN,2,300,-78.8857
DDQN,2,301,-78.5747
DDQN,2,302,-78.001
DDQN,2,303,-78.9294
DDQN,2,304,-78.259
DDQN,2,305,-79.039
DDQN,2,306,-77.6799
DDQN,2,307,-77.8176
DDQN,2,308,-77.6173
DDQN,2,309,-78.2414
DDQN,2,310,-78.4899
DDQN,2,311,-78.5247
DDQN,2,312,-79.6497
DDQN,2,313,-77.4477
DDQN,2,314,-77.4731
DDQN,2,315,-78.6259
DDQN,2,316,-77.8529
DDQN,2,317,-78.0726
DDQN,2,318,-78.7192
DDQN,2,319,-76.5385
DDQN,2,320,-77.3108
DDQN,2,321,-78.3905
DDQN,2,322,-77.1613
DDQN,2,323,-78.0374
DDQN,2,324,-76.9991
DDQN,2,325,-76.8658
DDQN,2,326,-75.6139
DDQN,2,327,-76.7809
DDQN,2,328,-77.0136
DDQN,2,329,-77.6665
DDQN,2,330,-77.9003
DDQN,2,331,-77.0569
DDQN,2,332,-77.8434
DDQN,2,333,-77.5469
DDQN,2,334,-78.7701
DDQN,2,335,-76.5088
DDQN,2,336,-76.7124
DDQN,2,337,-77.7013
DDQN,2,338,-78.7299
DDQN,2,339,-76.5497
DDQN,2,340,-77.0184
DDQN,2,341,-78.7823
DDQN,2,342,-77.5209
DDQN,2,343,-76.5675
DDQN,2,344,-77.9354
DDQN,2,345,-76.7317
DDQN,2,346,-76.713
DDQN,2,347,-77.3273
DDQN,2,348,-77.0227
DDQN,2,349,-76.5406
DDQN,2,350,-76.0044
DDQN,2,351,-78.5717
DDQN,2,352,-75.7378
DDQN,2,353,-76.9598
DDQN,2,354,-77.2216
DDQN,2,355,-76.5106
DDQN,2,356,-76.2956
DDQN,2,357,-76.5016
DDQN,2,358,-78.041
DDQN,2,359,-77.2176
DDQN,2,360,-76.1693
DDQN,2,361,-76.0264
DDQN,2,362,-75.6614
DDQN,2,363,-77.269
DDQN,2,364,-76.0448
DDQN,2,365,-75.3178
DDQN,2,366,-76.6326
DDQN,2,367,-77.3962
DDQN,2,368,-75.6608
DDQN,2,369,-76.2766
DDQN,2,370,-75.4506
DDQN,2,371,-76.1595
DDQN,2,372,-76.2663
DDQN,2,373,-77.0175
DDQN,2,374,-76.8302
DDQN,2,375,-76.2601
DDQN,2,376,-76.4718
DDQN,2,377,-76.6214
DDQN,2,378,-77.5963
DDQN,2,379,-76.4862
DDQN,2,380,-75.9308
DDQN,2,381,-77.2523
DDQN,2,382,-76.1125
DDQN,2,383,-77.0848
DDQN,2,384,-74.3997
DDQN,2,385,-76.4531
DDQN,2,386,-75.1031
DDQN,2,387,-74.7584
DDQN,2,388,-75.1147
DDQN,2,389,-76.1255
DDQN,2,390,-76.188
DDQN,2,391,-74.944
DDQN,2,392,-76.3001
DDQN,2,393,-76.1339
DDQN,2,394,-75.7957
DDQN,2,395,-74.9704
DDQN,2,396,-77.1676
DDQN,2,397,-76.5053
DDQN,2,398,-75.8165
DDQN,2,399,-74.3732
DDQN,2,400,-76.4729
DDQN,2,401,-75.8818
DDQN,2,402,-76.4419
DDQN,2,403,-76.6876
DDQN,2,404,-77.2458
DDQN,2,405,-76.8258
DDQN,2,406,-77.2519
DDQN,2,407,-75.8505
DDQN,2,408,-76.2095
DDQN,2,409,-76.1479
DDQN,2,410,-77.4862
DDQN,2,411,-74.5751
DDQN,2,412,-74.8795
DDQN,2,413,-76.2661
DDQN,2,414,-75.6141
DDQN,2,415,-76.3803
DDQN,2,416,-75.7056
DDQN,2,417,-76.5908
DDQN,2,418,-75.9857
DDQN,2,419,-75.0737
DDQN,2,420,-75.9976
DDQN,2,421,-76.1814
DDQN,2,422,-75.8738
DDQN,2,423,-73.0489
DDQN,2,424,-76.559
DDQN,2,425,-76.9577
DDQN,2,426,-74.687
DDQN,2,427,-74.7457
DDQN,2,428,-75.1746
DDQN,2,429,-76.0354
DDQN,2,430,-76.8764
DDQN,2,431,-76.6526
DDQN,2,432,-75.7172
DDQN,2,433,-75.4274
DDQN,2,434,-75.4171
DDQN,2,435,-76.9352
DDQN,2,436,-76.458
DDQN,2,437,-75.6838
DDQN,2,438,-76.1008
DDQN,2,439,-76.5941
DDQN,2,440,-75.9343
DDQN,2,441,-76.9313
DDQN,2,442,-74.8154
DDQN,2,443,-74.7048
DDQN,2,444,-76.0015
DDQN,2,445,-74.834
DDQN,2,446,-75.9557
DDQN,2,447,-75.7014
DDQN,2,448,-75.8075
DDQN,2,449,-75.4724
DDQN,2,450,-75.9167
DDQN,2,451,-75.8481
DDQN,2,452,-76.4399
DDQN,2,453,-75.4081
DDQN,2,454,-75.5614
DDQN,2,455,-75.7188
DDQN,2,456,-75.6901
DDQN,2,457,-76.5448
DDQN,2,458,-76.0404
DDQN,2,459,-75.4955
DDQN,2,460,-75.016
DDQN,2,461,-74.9902
DDQN,2,462,-75.355
DDQN,2,463,-76.3327
DDQN,2,464,-76.6284
DDQN,2,465,-76.8802
DDQN,2,466,-76.5733
DDQN,2,467,-75.8976
DDQN,2,468,-75.2691
DDQN,2,469,-75.7281
DDQN,2,470,-75.127
DDQN,2,471,-75.5919
DDQN,2,472,-75.4731
DDQN,2,473,-75.318
DDQN,2,474,-75.8057
DDQN,2,475,-74.3297
DDQN,2,476,-75.4597
DDQN,2,477,-75.6264
DDQN,2,478,-74.843
DDQN,2,479,-74.473
DDQN,2,480,-75.1359
DDQN,2,481,-75.638
DDQN,2,482,-75.4562
DDQN,2,483,-75.8209
DDQN,2,484,-75.8699
DDQN,2,485,-76.683
DDQN,2,486,-74.4236
DDQN,2,487,-74.9746
DDQN,2,488,-75.0533
DDQN,2,489,-75.279
DDQN,2,490,-75.1405
DDQN,2,491,-75.4252
DDQN,2,492,-75.5953
DDQN,2,493,-74.6517
DDQN,2,494,-74.793
DDQN,2,495,-75.0372
DDQN,2,496,-76.6322
DDQN,2,497,-75.3881
DDQN,2,498,-74.9325
DDQN,2,499,-76.5416
DDQN,2,500,-75.2909
DDQN,3,1,-190.419
DDQN,3,2,-188.3257
DDQN,3,3,-185.5816
DDQN,3,4,-182.9252
DDQN,3,5,-187.8277
DDQN,3,6,-178.5165
DDQN,3,7,-180.2944
DDQN,3,8,-183.9943
DDQN,3,9,-178.8454
DDQN,3,10,-177.2998
DDQN,3,11,-173.2923
DDQN,3,12,-184.244
DDQN,3,13,-175.5351
DDQN,3,14,-172.5584
DDQN,3,15,-174.0211
DDQN,3,16,-165.1239
DDQN,3,17,-169.3493
DDQN,3,18,-166.6962
DDQN,3,19,-162.0806
DDQN,3,20,-161.8439
DDQN,3,21,-166.0389
DDQN,3,22,-166.9243
DDQN,3,23,-161.66
DDQN,3,24,-165.3671
DDQN,3,25,-157.4956
DDQN,3,26,-159.0968
DDQN,3,27,-158.0824
DDQN,3,28,-164.5532
DDQN,3,29,-153.5601
DDQN,3,30,-155.3382
DDQN,3,31,-152.6271
DDQN,3,32,-154.521
DDQN,3,33,-151.1202
DDQN,3,34,-154.8059
DDQN,3,35,-151.5002
DDQN,3,36,-145.8633
DDQN,3,37,-151.6989
DDQN,3,38,-149.7114
DDQN,3,39,-145.2041
DDQN,3,40,-148.2214
DDQN,3,41,-141.3587
DDQN,3,42,-144.2982
DDQN,3,43,-146.2431
DDQN,3,44,-144.711
DDQN,3,45,-143.6396
DDQN,3,46,-142.9841
DDQN,3,47,-141.3532
DDQN,3,48,-141.1729
DDQN,3,49,-140.2885
DDQN,3,50,-135.7468
DDQN,3,51,-139.3875
DDQN,3,52,-135.3068
DDQN,3,53,-135.7821
DDQN,3,54,-136.9723
DDQN,3,55,-133.7279
DDQN,3,56,-134.9156
DDQN,3,57,-132.7449
DDQN,3,58,-135.2839
DDQN,3,59,-132.9849
DDQN,3,60,-131.3793
DDQN,3,61,-129.9493
DDQN,3,62,-124.0514
DDQN,3,63,-130.5868
DDQN,3,64,-128.8049
DDQN,3,65,-127.8654
DDQN,3,66,-127.2737
DDQN,3,67,-128.3024
DDQN,3,68,-127.9549
DDQN,3,69,-125.0886
DDQN,3,70,-123.2173
DDQN,3,71,-120.4908
DDQN,3,72,-125.599
DDQN,3,73,-123.3856
DDQN,3,74,-125.0615
DDQN,3,75,-121.4652
DDQN,3,76,-123.1318
DDQN,3,77,-120.5715
DDQN,3,78,-119.9965
DDQN,3,79,-118.5599
DDQN,3,80,-122.108
DDQN,3,81,-118.7072
DDQN,3,82,-119.5589
DDQN,3,83,-115.6028
DDQN,3,84,-116.7628
DDQN,3,85,-114.8227
DDQN,3,86,-115.3222
DDQN,3,87,-111.6481
DDQN,3,88,-113.489
DDQN,3,89,-118.8301
DDQN,3,90,-115.3008
DDQN,3,91,-114.8038
DDQN,3,92,-116.9764
DDQN,3,93,-113.9958
DDQN,3,94,-113.643
DDQN,3,95,-112.8468
DDQN,3,96,-106.9908
DDQN,3,97,-109.8545
DDQN,3,98,-112.8986
DDQN,3,99,-115.7788
DDQN,3,100,-111.5977
DDQN,3,101,-109.082
DDQN,3,102,-110.8064
DDQN,3,103,-105.8131
DDQN,3,104,-106.3641
DDQN,3,105,-110.2718
DDQN,3,106,-108.4944
DDQN,3,107,-107.7669
DDQN,3,108,-107.8485
DDQN,3,109,-108.8881
DDQN,3,110,-102.8283
DDQN,3,111,-107.1524
DDQN,3,112,-108.7562
DDQN,3,113,-105.1295
DDQN,3,114,-103.7231
DDQN,3,115,-106.7381
DDQN,3,116,-104.6176
DDQN,3,117,-104.3953
DDQN,3,118,-102.5249
DDQN,3,119,-103.7038
DDQN,3,120,-102.677
DDQN,3,121,-103.3373
DDQN,3,122,-104.7821
DDQN,3,123,-99.7647
DDQN,3,124,-102.5891
DDQN,3,125,-101.0264
DDQN,3,126,-102.6503
DDQN,3,127,-99.6692
DDQN,3,128,-104.1346
DDQN,3,129,-104.2577
DDQN,3,130,-98.8868
DDQN,3,131,-102.7734
DDQN,3,132,-100.642
DDQN,3,133,-98.1192
DDQN,3,134,-100.6712
DDQN,3,135,-100.3421
DDQN,3,136,-96.054
DDQN,3,137,-100.3644
DDQN,3,138,-98.1311
DDQN,3,139,-97.9711
DDQN,3,140,-96.535
DDQN,3,141,-97.2792
DDQN,3,142,-96.425
DDQN,3,143,-97.5364
DDQN,3,144,-93.8079
DDQN,3,145,-93.3984
DDQN,3,146,-96.2097
DDQN,3,147,-95.4212
DDQN,3,148,-93.3448
DDQN,3,149,-94.1839
DDQN,3,150,-94.4653
DDQN,3,151,-95.0313
DDQN,3,152,-93.4029
DDQN,3,153,-94.7877
DDQN,3,154,-95.1998
DDQN,3,155,-96.043
DDQN,3,156,-91.8667
DDQN,3,157,-91.1377
DDQN,3,158,-94.4595
DDQN,3,159,-95.3634
DDQN,3,160,-92.0635
DDQN,3,161,-91.943
DDQN,3,162,-90.2296
DDQN,3,163,-93.0253
DDQN,3,164,-91.1776
DDQN,3,165,-91.0257
DDQN,3,166,-91.2214
DDQN,3,167,-92.305
DDQN,3,168,-89.7576
DDQN,3,169,-89.2984
DDQN,3,170,-88.6935
DDQN,3,171,-89.3763
DDQN,3,172,-93.7091
DDQN,3,173,-90.0677
DDQN,3,174,-90.8305
DDQN,3,175,-91.6194
DDQN,3,176,-86.2244
DDQN,3,177,-86.8516
DDQN,3,178,-88.6478
DDQN,3,179,-88.6897
DDQN,3,180,-88.308
DDQN,3,181,-88.1037
DDQN,3,182,-90.2491
DDQN,3,183,-88.3135
DDQN,3,184,-89.185
DDQN,3,185,-84.1799
DDQN,3,186,-88.474
DDQN,3,187,-89.1682
DDQN,3,188,-86.6487
DDQN,3,189,-87.5082
DDQN,3,190,-88.5411
DDQN,3,191,-86.1449
DDQN,3,192,-86.9102
DDQN,3,193,-87.1443
DDQN,3,194,-85.4155
DDQN,3,195,-84.7447
DDQN,3,196,-85.0012
DDQN,3,197,-86.5656
DDQN,3,198,-85.2795
DDQN,3,199,-84.445
DDQN,3,200,-84.5194
DDQN,3,201,-85.9613
DDQN,3,202,-88.7547
DDQN,3,203,-85.08
DDQN,3,204,-86.0404
DDQN,3,205,-88.7889
DDQN,3,206,-83.1413
DDQN,3,207,-86.3005
DDQN,3,208,-86.8132
DDQN,3,209,-82.1707
DDQN,3,210,-83.3287
DDQN,3,211,-82.9398
DDQN,3,212,-84.867
DDQN,3,213,-84.0119
DDQN,3,214,-84.2663
DDQN,3,215,-84.2698
DDQN,3,216,-83.9302
DDQN,3,217,-84.0278
DDQN,3,218,-82.1859
DDQN,3,219,-83.7817
DDQN,3,220,-82.3873
DDQN,3,221,-82.4054
DDQN,3,222,-85.1019
DDQN,3,223,-83.7126
DDQN,3,224,-81.2495
DDQN,3,225,-84.9633
DDQN,3,226,-83.0418
DDQN,3,227,-82.3252
DDQN,3,228,-84.8663
DDQN,3,229,-82.7014
DDQN,3,230,-82.2826
DDQN,3,231,-79.8704
DDQN,3,232,-83.2441
DDQN,3,233,-82.8409
DDQN,3,234,-82.9505
DDQN,3,235,-82.121
DDQN,3,236,-81.2569
DDQN,3,237,-82.8441
DDQN,3,238,-81.5476
DDQN,3,239,-79.5511
DDQN,3,240,-81.9828
DDQN,3,241,-80.1291
DDQN,3,242,-80.6719
DDQN,3,243,-80.7475
DDQN,3,244,-80.8495
DDQN,3,245,-82.9276
DDQN,3,246,-80.076
DDQN,3,247,-81.7118
DDQN,3,248,-81.7915
DDQN,3,249,-81.2946
DDQN,3,250,-80.64
DDQN,3,251,-79.9808
DDQN,3,252,-81.0658
DDQN,3,253,-79.2729
DDQN,3,254,-82.9952
DDQN,3,255,-80.2052
DDQN,3,256,-78.3076
DDQN,3,257,-80.3867
DDQN,3,258,-80.5294
DDQN,3,259,-80.6774
DDQN,3,260,-82.6859
DDQN,3,261,-80.4215
DDQN,3,262,-80.0525
DDQN,3,263,-79.6816
DDQN,3,264,-78.9248
DDQN,3,265,-79.9781
DDQN,3,266,-81.3665
DDQN,3,267,-78.5371
DDQN,3,268,-80.6218
DDQN,3,269,-79.9107
DDQN,3,270,-79.505
DDQN,3,271,-78.9604
DDQN,3,272,-79.8414
DDQN,3,273,-77.8637
DDQN,3,274,-76.1548
DDQN,3,275,-78.1447
DDQN,3,276,-78.2568
DDQN,3,277,-79.6648
DDQN,3,278,-78.882
DDQN,3,279,-79.0312
DDQN,3,280,-80.3572
DDQN,3,281,-79.4407
DDQN,3,282,-77.5209
DDQN,3,283,-79.9922
DDQN,3,284,-77.6125
DDQN,3,285,-78.0953
DDQN,3,286,-79.6527
DDQN,3,287,-77.7501
DDQN,3,288,-79.1107
DDQN,3,289,-78.9141
DDQN,3,290,-80.981
DDQN,3,291,-79.0685
DDQN,3,292,-79.8332
DDQN,3,293,-78.0932
DDQN,3,294,-79.2259
DDQN,3,295,-78.3091
DDQN,3,296,-78.2816
DDQN,3,297,-77.6015
DDQN,3,298,-78.3406
DDQN,3,299,-79.267
DDQN,3,300,-78.2922
DDQN,3,301,-78.4378
DDQN,3,302,-78.5533
DDQN,3,303,-77.663
DDQN,3,304,-77.655
DDQN,3,305,-80.0969
DDQN,3,306,-78.0769
DDQN,3,307,-78.9004
DDQN,3,308,-78.9084
DDQN,3,309,-79.536
DDQN,3,310,-76.7469
DDQN,3,311,-77.5673
DDQN,3,312,-78.1383
DDQN,3,313,-77.3791
DDQN,3,314,-78.9796
DDQN,3,315,-78.1909
DDQN,3,316,-78.2209
DDQN,3,317,-77.6846
DDQN,3,318,-78.8638
DDQN,3,319,-76.3228
DDQN,3,320,-77.9544
DDQN,3,321,-76.8262
DDQN,3,322,-76.9448
DDQN,3,323,-76.4149
DDQN,3,324,-78.0324
DDQN,3,325,-77.1219
DDQN,3,326,-80.636
DDQN,3,327,-77.4361
DDQN,3,328,-77.9198
DDQN,3,329,-78.2393
DDQN,3,330,-77.6263
DDQN,3,331,-77.4124
DDQN,3,332,-78.0175
DDQN,3,333,-76.2229
DDQN,3,334,-77.6138
DDQN,3,335,-76.4088
DDQN,3,336,-77.1472
DDQN,3,337,-76.5982
DDQN,3,338,-76.2186
DDQN,3,339,-76.7387
DDQN,3,340,-76.2947
DDQN,3,341,-78.0594
DDQN,3,342,-77.7049
DDQN,3,343,-75.6163
DDQN,3,344,-76.4126
DDQN,3,345,-76.9761
DDQN,3,346,-76.0551
DDQN,3,347,-77.0471
DDQN,3,348,-76.0506
DDQN,3,349,-77.4217
DDQN,3,350,-76.9583
DDQN,3,351,-77.4203
DDQN,3,352,-75.7557
DDQN,3,353,-77.6543
DDQN,3,354,-77.5468
DDQN,3,355,-76.5066
DDQN,3,356,-77.4836
DDQN,3,357,-77.7192
DDQN,3,358,-76.8909
DDQN,3,359,-77.3412
DDQN,3,360,-76.7625
DDQN,3,361,-76.5584
DDQN,3,362,-76.5972
DDQN,3,363,-77.0235
DDQN,3,364,-77.9184
DDQN,3,365,-75.7125
DDQN,3,366,-75.7593
DDQN,3,367,-77.5332
DDQN,3,368,-78.1673
DDQN,3,369,-76.1453
DDQN,3,370,-76.1669
DDQN,3,371,-77.4348
DDQN,3,372,-77.4739
DDQN,3,373,-75.7167
DDQN,3,374,-76.1084
DDQN,3,375,-77.7063
DDQN,3,376,-75.7393
DDQN,3,377,-75.6004
DDQN,3,378,-76.5046
DDQN,3,379,-78.0139
DDQN,3,380,-76.913
DDQN,3,381,-76.7123
DDQN,3,382,-76.7235
DDQN,3,383,-76.9417
DDQN,3,384,-75.618
DDQN,3,385,-76.0956
DDQN,3,386,-76.0056
DDQN,3,387,-75.6515
DDQN,3,388,-76.8224
DDQN,3,389,-75.1777
DDQN,3,390,-75.7472
DDQN,3,391,-76.1804
DDQN,3,392,-76.1747
DDQN,3,393,-75.2012
DDQN,3,394,-75.8606
DDQN,3,395,-76.8628
DDQN,3,396,-75.2109
DDQN,3,397,-75.8279
DDQN,3,398,-75.981
DDQN,3,399,-76.9958
DDQN,3,400,-74.7149
DDQN,3,401,-75.8014
DDQN,3,402,-75.468
DDQN,3,403,-76.3967
DDQN,3,404,-75.2749
DDQN,3,405,-75.7766
DDQN,3,406,-75.6094
DDQN,3,407,-75.3327
DDQN,3,408,-75.6867
DDQN,3,409,-74.7458
DDQN,3,410,-76.1017
DDQN,3,411,-74.6476
DDQN,3,412,-76.2987
DDQN,3,413,-77.1015
DDQN,3,414,-75.8395
DDQN,3,415,-76.7065
DDQN,3,416,-74.1986
DDQN,3,417,-76.0948
DDQN,3,418,-76.5956
DDQN,3,419,-76.207
DDQN,3,420,-75.4118
DDQN,3,421,-75.4229
DDQN,3,422,-75.2593
DDQN,3,423,-75.71
DDQN,3,424,-75.4494
DDQN,3,425,-75.6637
DDQN,3,426,-76.3683
DDQN,3,427,-76.162
DDQN,3,428,-74.5224
DDQN,3,429,-75.9494
DDQN,3,430,-75.4859
DDQN,3,431,-75.2518
DDQN,3,432,-75.5962
DDQN,3,433,-75.0756
DDQN,3,434,-75.839
DDQN,3,435,-76.085
DDQN,3,436,-75.1263
DDQN,3,437,-75.2616
DDQN,3,438,-75.7749
DDQN,3,439,-75.8716
DDQN,3,440,-75.6813
DDQN,3,441,-75.3659
DDQN,3,442,-74.7215
DDQN,3,443,-76.0294
DDQN,3,444,-75.5924
DDQN,3,445,-75.6181
DDQN,3,446,-76.2075
DDQN,3,447,-74.5084
DDQN,3,448,-75.0055
DDQN,3,449,-75.7383
DDQN,3,450,-75.3258
DDQN,3,451,-76.4251
DDQN,3,452,-74.6996
DDQN,3,453,-76.3456
DDQN,3,454,-75.3324
DDQN,3,455,-75.9786
DDQN,3,456,-75.4426
DDQN,3,457,-74.8803
DDQN,3,458,-75.852
DDQN,3,459,-76.0631
DDQN,3,460,-74.6009
DDQN,3,461,-75.6647
DDQN,3,462,-75.3286
DDQN,3,463,-76.0976
DDQN,3,464,-75.6924
DDQN,3,465,-76.4739
DDQN,3,466,-75.5671
DDQN,3,467,-76.3541
DDQN,3,468,-75.2923
DDQN,3,469,-74.6601
DDQN,3,470,-75.878
DDQN,3,471,-75.2415
DDQN,3,472,-75.0514
DDQN,3,473,-75.5183
DDQN,3,474,-75.8892
DDQN,3,475,-75.1943
DDQN,3,476,-75.8286
DDQN,3,477,-75.9214
DDQN,3,478,-75.6947
DDQN,3,479,-76.6943
DDQN,3,480,-75.4465
DDQN,3,481,-76.3214
DDQN,3,482,-75.3022
DDQN,3,483,-75.6973
DDQN,3,484,-75.3782
DDQN,3,485,-75.8878
DDQN,3,486,-75.6881
DDQN,3,487,-75.4832
DDQN,3,488,-74.7354
DDQN,3,489,-75.468
DDQN,3,490,-75.2472
DDQN,3,491,-75.3932
DDQN,3,492,-75.6752
DDQN,3,493,-74.9759
DDQN,3,494,-76.1141
DDQN,3,495,-75.3965
DDQN,3,496,-75.3749
DDQN,3,497,-75.493
DDQN,3,498,-75.2734
DDQN,3,499,-75.5644
DDQN,3,500,-75.6296
DDQN,4,1,-185.4618
DDQN,4,2,-190.43
DDQN,4,3,-181.7509
DDQN,4,4,-184.1789
DDQN,4,5,-186.1261
DDQN,4,6,-185.3186
DDQN,4,7,-178.7555
DDQN,4,8,-178.8037
DDQN,4,9,-173.8467
DDQN,4,10,-177.2991
DDQN,4,11,-172.4931
DDQN,4,12,-170.9283
DDQN,4,13,-173.8389
DDQN,4,14,-171.2439
DDQN,4,15,-171.7056
DDQN,4,16,-168.2508
DDQN,4,17,-173.9727
DDQN,4,18,-171.4484
DDQN,4,19,-163.7408
DDQN,4,20,-164.4093
DDQN,4,21,-160.1958
DDQN,4,22,-160.256
DDQN,4,23,-162.7149
DDQN,4,24,-166.0963
DDQN,4,25,-155.6323
DDQN,4,26,-155.4341
DDQN,4,27,-160.5199
DDQN,4,28,-159.1596
DDQN,4,29,-157.2362
DDQN,4,30,-157.1169
DDQN,4,31,-160.7024
DDQN,4,32,-155.1507
DDQN,4,33,-152.7092
DDQN,4,34,-148.7713
DDQN,4,35,-149.1161
DDQN,4,36,-149.0522
DDQN,4,37,-149.9897
DDQN,4,38,-153.9768
DDQN,4,39,-146.4541
DDQN,4,40,-146.7898
DDQN,4,41,-144.5701
DDQN,4,42,-143.7928
DDQN,4,43,-145.9971
DDQN,4,44,-142.941
DDQN,4,45,-144.4481
DDQN,4,46,-141.3695
DDQN,4,47,-142.1792
DDQN,4,48,-136.4639
DDQN,4,49,-137.8097
DDQN,4,50,-140.6281
DDQN,4,51,-141.92
DDQN,4,52,-137.0085
DDQN,4,53,-134.8732
DDQN,4,54,-132.3318
DDQN,4,55,-137.105
DDQN,4,56,-131.7487
DDQN,4,57,-132.2332
DDQN,4,58,-134.4791
DDQN,4,59,-131.1393
DDQN,4,60,-129.2178
DDQN,4,61,-129.9234
DDQN,4,62,-129.898
DDQN,4,63,-129.9859
DDQN,4,64,-128.2741
DDQN,4,65,-126.5704
DDQN,4,66,-128.5881
DDQN,4,67,-124.9851
DDQN,4,68,-125.363
DDQN,4,69,-125.4854
DDQN,4,70,-126.9877
DDQN,4,71,-124.0963
DDQN,4,72,-127.6417
DDQN,4,73,-125.2365
DDQN,4,74,-118.2871
DDQN,4,75,-121.8483
DDQN,4,76,-122.5671
DDQN,4,77,-119.1922
DDQN,4,78,-119.8859
DDQN,4,79,-122.6526
DDQN,4,80,-122.5414
DDQN,4,81,-120.6004
DDQN,4,82,-123.108
DDQN,4,83,-119.8332
DDQN,4,84,-117.3156
DDQN,4,85,-117.4084
DDQN,4,86,-115.5453
DDQN,4,87,-117.5563
DDQN,4,88,-115.6154
DDQN,4,89,-114.8317
DDQN,4,90,-115.5526
DDQN,4,91,-112.7532
DDQN,4,92,-115.6201
DDQN,4,93,-110.8085
DDQN,4,94,-116.6748
DDQN,4,95,-111.0612
DDQN,4,96,-110.3268
DDQN,4,97,-111.8371
DDQN,4,98,-110.4045
DDQN,4,99,-111.1095
DDQN,4,100,-108.7808
DDQN,4,101,-114.4344
DDQN,4,102,-106.5596
DDQN,4,103,-112.4385
DDQN,4,104,-108.607
DDQN,4,105,-108.4638
DDQN,4,106,-107.5257
DDQN,4,107,-109.7455
DDQN,4,108,-103.2361
DDQN,4,109,-106.3335
DDQN,4,110,-107.9687
DDQN,4,111,-105.5148
DDQN,4,112,-106.5545
DDQN,4,113,-105.7968
DDQN,4,114,-103.2303
DDQN,4,115,-103.3374
DDQN,4,116,-103.3391
DDQN,4,117,-107.3148
DDQN,4,118,-101.8538
DDQN,4,119,-101.5471
DDQN,4,120,-105.4019
DDQN,4,121,-100.5715
DDQN,4,122,-103.7154
DDQN,4,123,-104.3918
DDQN,4,124,-103.6948
DDQN,4,125,-104.6609
DDQN,4,126,-99.9347
DDQN,4,127,-100.9609
DDQN,4,128,-100.2729
DDQN,4,129,-98.9815
DDQN,4,130,-102.6023
DDQN,4,131,-96.8111
DDQN,4,132,-98.5756
DDQN,4,133,-99.1308
DDQN,4,134,-96.5375
DDQN,4,135,-98.8744
DDQN,4,136,-99.271
DDQN,4,137,-97.2141
DDQN,4,138,-98.9784
DDQN,4,139,-98.8892
DDQN,4,140,-99.0656
DDQN,4,141,-95.4808
DDQN,4,142,-95.3682
DDQN,4,143,-99.4859
DDQN,4,144,-96.3787
DDQN,4,145,-94.5187
DDQN,4,146,-95.6839
DDQN,4,147,-96.8765
DDQN,4,148,-94.3786
DDQN,4,149,-92.7572
DDQN,4,150,-95.3458
DDQN,4,151,-95.1176
DDQN,4,152,-97.4625
DDQN,4,153,-92.8491
DDQN,4,154,-95.8891
DDQN,4,155,-94.2225
DDQN,4,156,-91.8388
DDQN,4,157,-92.1736
DDQN,4,158,-90.9841
DDQN,4,159,-94.6076
DDQN,4,160,-93.2541
DDQN,4,161,-92.2718
DDQN,4,162,-93.372
DDQN,4,163,-91.7698
DDQN,4,164,-90.7576
DDQN,4,165,-90.9355
DDQN,4,166,-89.8634
DDQN,4,167,-90.764
DDQN,4,168,-89.9776
DDQN,4,169,-92.4351
DDQN,4,170,-90.4952
DDQN,4,171,-88.544
DDQN,4,172,-92.643
DDQN,4,173,-92.4587
DDQN,4,174,-91.8623
DDQN,4,175,-88.3552
DDQN,4,176,-88.096
DDQN,4,177,-88.1996
DDQN,4,178,-90.7494
DDQN,4,179,-88.5859
DDQN,4,180,-88.3775
DDQN,4,181,-86.3113
DDQN,4,182,-89.1225
DDQN,4,183,-87.0336
DDQN,4,184,-87.5946
DDQN,4,185,-88.4338
DDQN,4,186,-88.3523
DDQN,4,187,-86.0816
DDQN,4,188,-86.4453
DDQN,4,189,-87.7058
DDQN,4,190,-92.1433
DDQN,4,191,-88.2273
DDQN,4,192,-87.4393
DDQN,4,193,-86.816
DDQN,4,194,-86.3525
DDQN,4,195,-85.7805
DDQN,4,196,-88.1356
DDQN,4,197,-85.4088
DDQN,4,198,-85.8998
DDQN,4,199,-83.4501
DDQN,4,200,-84.3141
DDQN,4,201,-85.9998
DDQN,4,202,-82.6927
DDQN,4,203,-86.1873
DDQN,4,204,-85.3787
DDQN,4,205,-86.1597
DDQN,4,206,-85.1479
DDQN,4,207,-85.9173
DDQN,4,208,-81.6529
DDQN,4,209,-84.7659
DDQN,4,210,-88.1438
DDQN,4,211,-83.0133
DDQN,4,212,-83.6617
DDQN,4,213,-85.4552
DDQN,4,214,-83.962
DDQN,4,215,-84.6206
DDQN,4,216,-84.3672
DDQN,4,217,-83.5777
DDQN,4,218,-83.6827
DDQN,4,219,-81.8792
DDQN,4,220,-85.9587
DDQN,4,221,-85.3139
DDQN,4,222,-82.0782
DDQN,4,223,-82.7264
DDQN,4,224,-82.2237
DDQN,4,225,-84.0985
DDQN,4,226,-82.2465
DDQN,4,227,-81.5995
DDQN,4,228,-83.5299
DDQN,4,229,-86.0137
DDQN,4,230,-83.9822
DDQN,4,231,-83.4732
DDQN,4,232,-80.5526
DDQN,4,233,-82.3406
DDQN,4,234,-82.3359
DDQN,4,235,-80.7006
DDQN,4,236,-82.2338
DDQN,4,237,-81.4672
DDQN,4,238,-81.1326
DDQN,4,239,-84.52
DDQN,4,240,-83.4666
DDQN,4,241,-81.7678
DDQN,4,242,-80.9692
DDQN,4,243,-81.3107
DDQN,4,244,-81.1239
DDQN,4,245,-83.4218
DDQN,4,246,-80.4551
DDQN,4,247,-82.3496
DDQN,4,248,-80.7807
DDQN,4,249,-81.075
DDQN,4,250,-79.7163
DDQN,4,251,-80.6448
DDQN,4,252,-78.7385
DDQN,4,253,-81.329
DDQN,4,254,-81.712
DDQN,4,255,-80.4866
DDQN,4,256,-82.4606
DDQN,4,257,-80.7542
DDQN,4,258,-80.4312
DDQN,4,259,-78.1951
DDQN,4,260,-81.7844
DDQN,4,261,-77.8094
DDQN,4,262,-80.0895
DDQN,4,263,-80.4243
DDQN,4,264,-78.1431
DDQN,4,265,-79.5037
DDQN,4,266,-81.6703
DDQN,4,267,-79.0536
DDQN,4,268,-80.5409
DDQN,4,269,-75.3002
DDQN,4,270,-81.0937
DDQN,4,271,-81.197
DDQN,4,272,-80.1848
DDQN,4,273,-78.8869
DDQN,4,274,-80.0157
DDQN,4,275,-77.5854
DDQN,4,276,-78.407
DDQN,4,277,-80.2874
DDQN,4,278,-79.5978
DDQN,4,279,-78.6435
DDQN,4,280,-78.8231
DDQN,4,281,-77.8817
DDQN,4,282,-80.066
DDQN,4,283,-79.6456
DDQN,4,284,-80.2361
DDQN,4,285,-78.4011
DDQN,4,286,-81.0514
DDQN,4,287,-78.9361
DDQN,4,288,-77.3795
DDQN,4,289,-80.1273
DDQN,4,290,-78.0565
DDQN,4,291,-80.2564
DDQN,4,292,-79.7217
DDQN,4,293,-78.9683
DDQN,4,294,-79.7628
DDQN,4,295,-78.2941
DDQN,4,296,-78.4799
DDQN,4,297,-79.7936
DDQN,4,298,-80.1763
DDQN,4,299,-79.2033
DDQN,4,300,-78.3173
DDQN,4,301,-77.656
DDQN,4,302,-79.1015
DDQN,4,303,-78.907
DDQN,4,304,-78.153
DDQN,4,305,-78.3393
DDQN,4,306,-77.8584
DDQN,4,307,-78.3724
DDQN,4,308,-78.3309
DDQN,4,309,-77.4815
DDQN,4,310,-76.6414
DDQN,4,311,-77.6764
DDQN,4,312,-79.3637
DDQN,4,313,-78.5534
DDQN,4,314,-75.7111
DDQN,4,315,-77.1492
DDQN,4,316,-78.0151
DDQN,4,317,-76.4579
DDQN,4,318,-77.5438
DDQN,4,319,-76.2623
DDQN,4,320,-78.6884
DDQN,4,321,-76.4755
DDQN,4,322,-78.2597
DDQN,4,323,-77.519
DDQN,4,324,-78.5996
DDQN,4,325,-77.7415
DDQN,4,326,-78.0028
DDQN,4,327,-75.9242
DDQN,4,328,-77.5685
DDQN,4,329,-77.0606
DDQN,4,330,-77.8925
DDQN,4,331,-76.4541
DDQN,4,332,-77.9838
DDQN,4,333,-76.6006
DDQN,4,334,-76.1851
DDQN,4,335,-75.8107
DDQN,4,336,-78.1569
DDQN,4,337,-76.7978
DDQN,4,338,-78.1355
DDQN,4,339,-78.0399
DDQN,4,340,-77.4288
DDQN,4,341,-77.1697
DDQN,4,342,-76.846
DDQN,4,343,-75.4027
DDQN,4,344,-75.979
DDQN,4,345,-77.6716
DDQN,4,346,-76.4724
DDQN,4,347,-77.5487
DDQN,4,348,-77.0654
DDQN,4,349,-77.5974
DDQN,4,350,-76.5716
DDQN,4,351,-75.8835
DDQN,4,352,-76.9682
DDQN,4,353,-75.7125
DDQN,4,354,-77.0508
DDQN,4,355,-77.9707
DDQN,4,356,-76.8573
DDQN,4,357,-76.4242
DDQN,4,358,-78.226
DDQN,4,359,-76.8018
DDQN,4,360,-76.3146
DDQN,4,361,-76.394
DDQN,4,362,-75.074
DDQN,4,363,-76.3116
DDQN,4,364,-76.3867
DDQN,4,365,-74.7994
DDQN,4,366,-77.3879
DDQN,4,367,-75.8506
DDQN,4,368,-76.2145
DDQN,4,369,-77.4729
DDQN,4,370,-77.4614
DDQN,4,371,-76.0857
DDQN,4,372,-76.698
DDQN,4,373,-76.0133
DDQN,4,374,-76.4867
DDQN,4,375,-77.1349
DDQN,4,376,-77.1582
DDQN,4,377,-76.295
DDQN,4,378,-76.2201
DDQN,4,379,-76.7836
DDQN,4,380,-77.2693
DDQN,4,381,-76.8408
DDQN,4,382,-74.6412
DDQN,4,383,-76.5194
DDQN,4,384,-75.4956
DDQN,4,385,-75.4758
DDQN,4,386,-75.1748
DDQN,4,387,-76.4599
DDQN,4,388,-75.3128
DDQN,4,389,-76.447
DDQN,4,390,-76.823
DDQN,4,391,-76.129
DDQN,4,392,-75.366
DDQN,4,393,-76.8744
DDQN,4,394,-75.764
DDQN,4,395,-76.1408
DDQN,4,396,-76.6851
DDQN,4,397,-75.1265
DDQN,4,398,-75.4268
DDQN,4,399,-74.9726
DDQN,4,400,-76.0723
DDQN,4,401,-76.4657
DDQN,4,402,-76.4052
DDQN,4,403,-76.368
DDQN,4,404,-76.2579
DDQN,4,405,-76.7937
DDQN,4,406,-76.873
DDQN,4,407,-76.2883
DDQN,4,408,-74.7473
DDQN,4,409,-77.7473
DDQN,4,410,-75.3884
DDQN,4,411,-75.4437
DDQN,4,412,-75.5138
DDQN,4,413,-76.4257
DDQN,4,414,-75.5772
DDQN,4,415,-76.4441
DDQN,4,416,-74.9992
DDQN,4,417,-76.5832
DDQN,4,418,-76.5795
DDQN,4,419,-76.4407
DDQN,4,420,-75.3272
DDQN,4,421,-75.448
DDQN,4,422,-76.4029
DDQN,4,423,-75.526
DDQN,4,424,-74.9607
DDQN,4,425,-74.5552
DDQN,4,426,-75.6137
DDQN,4,427,-75.4455
DDQN,4,428,-75.832
DDQN,4,429,-75.6408
DDQN,4,430,-76.4104
DDQN,4,431,-75.964
DDQN,4,432,-75.8373
DDQN,4,433,-75.6
DDQN,4,434,-75.5689
DDQN,4,435,-76.0496
DDQN,4,436,-76.2828
DDQN,4,437,-75.1098
DDQN,4,438,-75.8203
DDQN,4,439,-75.2856
DDQN,4,440,-76.1915
DDQN,4,441,-74.6181
DDQN,4,442,-75.6458
DDQN,4,443,-74.6875
DDQN,4,444,-74.6308
DDQN,4,445,-77.0732
DDQN,4,446,-75.7036
DDQN,4,447,-76.1693
DDQN,4,448,-75.1992
DDQN,4,449,-76.1653
DDQN,4,450,-74.2399
DDQN,4,451,-75.3271
DDQN,4,452,-74.886
DDQN,4,453,-75.981
DDQN,4,454,-74.582
DDQN,4,455,-76.5592
DDQN,4,456,-76.0225
DDQN,4,457,-74.8825
DDQN,4,458,-74.659
DDQN,4,459,-76.0543
DDQN,4,460,-75.0403
DDQN,4,461,-76.2204
DDQN,4,462,-75.901
DDQN,4,463,-76.0712
DDQN,4,464,-74.296
DDQN,4,465,-75.492
DDQN,4,466,-75.3902
DDQN,4,467,-74.9285
DDQN,4,468,-75.3196
DDQN,4,469,-76.1512
DDQN,4,470,-76.4097
DDQN,4,471,-73.9944
DDQN,4,472,-75.2653
DDQN,4,473,-74.8325
DDQN,4,474,-76.3792
DDQN,4,475,-75.3777
DDQN,4,476,-74.8172
DDQN,4,477,-76.5435
DDQN,4,478,-75.4502
DDQN,4,479,-74.8342
DDQN,4,480,-75.3122
DDQN,4,481,-74.9665
DDQN,4,482,-75.527
DDQN,4,483,-75.8764
DDQN,4,484,-76.5518
DDQN,4,485,-74.7813
DDQN,4,486,-74.8044
DDQN,4,487,-75.3931
DDQN,4,488,-76.0409
DDQN,4,489,-75.8468
DDQN,4,490,-74.9472
DDQN,4,491,-75.7704
DDQN,4,492,-74.885
DDQN,4,493,-75.448
DDQN,4,494,-75.6908
DDQN,4,495,-74.0461
DDQN,4,496,-74.3733
DDQN,4,497,-75.3701
DDQN,4,498,-74.6171
DDQN,4,499,-74.9811
DDQN,4,500,-75.5469
Greedy,0,1,-145.9077
Greedy,0,2,-148.209
Greedy,0,3,-142.6548
Greedy,0,4,-147.2787
Greedy,0,5,-142.4642
Greedy,0,6,-146.4139
Greedy,0,7,-149.0915
Greedy,0,8,-140.1152
Greedy,0,9,-143.1176
Greedy,0,10,-143.7708
Greedy,0,11,-144.7001
Greedy,0,12,-146.3198
Greedy,0,13,-146.3758
Greedy,0,14,-145.9417
Greedy,0,15,-144.0287
Greedy,0,16,-143.8452
Greedy,0,17,-146.5961
Greedy,0,18,-142.4405
Greedy,0,19,-143.9314
Greedy,0,20,-144.4002
Greedy,0,21,-149.5397
Greedy,0,22,-151.7432
Greedy,0,23,-141.1366
Greedy,0,24,-146.3211
Greedy,0,25,-148.6417
Greedy,0,26,-142.7881
Greedy,0,27,-142.5576
Greedy,0,28,-148.0546
Greedy,0,29,-142.2397
Greedy,0,30,-144.3714
Greedy,0,31,-141.0366
Greedy,0,32,-144.7382
Greedy,0,33,-145.0711
Greedy,0,34,-141.0806
Greedy,0,35,-147.0035
Greedy,0,36,-139.4294
Greedy,0,37,-142.4973
Greedy,0,38,-137.7284
Greedy,0,39,-148.047
Greedy,0,40,-145.4592
Greedy,0,41,-138.7429
Greedy,0,42,-139.7168
Greedy,0,43,-147.0052
Greedy,0,44,-140.0323
Greedy,0,45,-139.023
Greedy,0,46,-138.7647
Greedy,0,47,-146.1316
Greedy,0,48,-150.4353
Greedy,0,49,-143.526
Greedy,0,50,-143.4348
Greedy,0,51,-138.4843
Greedy,0,52,-143.8607
Greedy,0,53,-144.064
Greedy,0,54,-145.2831
Greedy,0,55,-144.1564
Greedy,0,56,-145.8065
Greedy,0,57,-145.1136
Greedy,0,58,-142.8088
Greedy,0,59,-142.36
Greedy,0,60,-146.1118
Greedy,0,61,-142.2403
Greedy,0,62,-146.3653
Greedy,0,63,-143.7497
Greedy,0,64,-142.2991
Greedy,0,65,-148.864
Greedy,0,66,-136.9625
Greedy,0,67,-144.5782
Greedy,0,68,-145.7989
Greedy,0,69,-144.0239
Greedy,0,70,-151.5886
Greedy,0,71,-146.4091
Greedy,0,72,-146.0265
Greedy,0,73,-150.1798
Greedy,0,74,-146.5197
Greedy,0,75,-144.7385
Greedy,0,76,-141.925
Greedy,0,77,-147.3835
Greedy,0,78,-145.2688
Greedy,0,79,-146.9283
Greedy,0,80,-140.2805
Greedy,0,81,-149.547
Greedy,0,82,-152.0233
Greedy,0,83,-152.7055
Greedy,0,84,-147.8794
Greedy,0,85,-143.9478
Greedy,0,86,-143.4731
Greedy,0,87,-147.7792
Greedy,0,88,-139.9303
Greedy,0,89,-144.5838
Greedy,0,90,-148.5355
Greedy,0,91,-145.9526
Greedy,0,92,-141.7489
Greedy,0,93,-145.6479
Greedy,0,94,-142.6251
Greedy,0,95,-143.0706
Greedy,0,96,-143.4564
Greedy,0,97,-143.1826
Greedy,0,98,-143.2682
Greedy,0,99,-142.6789
Greedy,0,100,-142.9728
Greedy,0,101,-146.9364
Greedy,0,102,-146.1297
Greedy,0,103,-149.8081
Greedy,0,104,-150.4561
Greedy,0,105,-144.0788
Greedy,0,106,-145.4474
Greedy,0,107,-141.566
Greedy,0,108,-144.6966
Greedy,0,109,-138.3417
Greedy,0,110,-146.2998
Greedy,0,111,-143.6751
Greedy,0,112,-150.7106
Greedy,0,113,-144.8077
Greedy,0,114,-147.4596
Greedy,0,115,-143.1134
Greedy,0,116,-146.3066
Greedy,0,117,-149.7002
Greedy,0,118,-145.6612
Greedy,0,119,-148.93
Greedy,0,120,-145.579
Greedy,0,121,-146.7039
Greedy,0,122,-137.3917
Greedy,0,123,-145.7628
Greedy,0,124,-144.8276
Greedy,0,125,-142.4109
Greedy,0,126,-144.4701
Greedy,0,127,-148.4497
Greedy,0,128,-144.027
Greedy,0,129,-146.9412
Greedy,0,130,-148.2261
Greedy,0,131,-150.635
Greedy,0,132,-150.0295
Greedy,0,133,-142.2819
Greedy,0,134,-143.8008
Greedy,0,135,-142.1096
Greedy,0,136,-149.0999
Greedy,0,137,-147.7765
Greedy,0,138,-151.0371
Greedy,0,139,-150.6422
Greedy,0,140,-146.971
Greedy,0,141,-149.9998
Greedy,0,142,-144.6523
Greedy,0,143,-145.3991
Greedy,0,144,-149.8596
Greedy,0,145,-151.8889
Greedy,0,146,-143.2879
Greedy,0,147,-142.319
Greedy,0,148,-142.4963
Greedy,0,149,-141.9487
Greedy,0,150,-144.8677
Greedy,0,151,-143.3724
Greedy,0,152,-142.5434
Greedy,0,153,-148.1027
Greedy,0,154,-137.328
Greedy,0,155,-142.8913
Greedy,0,156,-145.4765
Greedy,0,157,-148.5747
Greedy,0,158,-146.2058
Greedy,0,159,-147.0726
Greedy,0,160,-147.5439
Greedy,0,161,-145.8868
Greedy,0,162,-145.4948
Greedy,0,163,-140.2307
Greedy,0,164,-147.887
Greedy,0,165,-144.2315
Greedy,0,166,-142.9443
Greedy,0,167,-137.9558
Greedy,0,168,-144.4027
Greedy,0,169,-144.2599
Greedy,0,170,-143.6285
Greedy,0,171,-145.1636
Greedy,0,172,-146.1082
Greedy,0,173,-146.6885
Greedy,0,174,-144.347
Greedy,0,175,-139.6673
Greedy,0,176,-146.8669
Greedy,0,177,-143.9225
Greedy,0,178,-142.0027
Greedy,0,179,-143.6076
Greedy,0,180,-147.0654
Greedy,0,181,-141.768
Greedy,0,182,-150.5399
Greedy,0,183,-147.1869
Greedy,0,184,-139.8453
Greedy,0,185,-143.9131
Greedy,0,186,-144.4082
Greedy,0,187,-144.1338
Greedy,0,188,-149.4685
Greedy,0,189,-145.1473
Greedy,0,190,-146.0961
Greedy,0,191,-150.3245
Greedy,0,192,-144.156
Greedy,0,193,-145.9294
Greedy,0,194,-145.875
Greedy,0,195,-146.2602
Greedy,0,196,-139.7994
Greedy,0,197,-142.2316
Greedy,0,198,-149.074
Greedy,0,199,-144.8873
Greedy,0,200,-145.4498
Greedy,0,201,-142.2769
Greedy,0,202,-148.0645
Greedy,0,203,-144.4397
Greedy,0,204,-143.0175
Greedy,0,205,-141.6896
Greedy,0,206,-139.8404
Greedy,0,207,-137.1044
Greedy,0,208,-148.3794
Greedy,0,209,-145.4173
Greedy,0,210,-139.7095
Greedy,0,211,-148.0628
Greedy,0,212,-143.6543
Greedy,0,213,-148.8033
Greedy,0,214,-150.9433
Greedy,0,215,-150.9631
Greedy,0,216,-145.3478
Greedy,0,217,-154.9318
Greedy,0,218,-140.9982
Greedy,0,219,-142.5294
Greedy,0,220,-147.5139
Greedy,0,221,-146.0967
Greedy,0,222,-144.922
Greedy,0,223,-143.9335
Greedy,0,224,-146.2684
Greedy,0,225,-145.3525
Greedy,0,226,-151.2985
Greedy,0,227,-143.7936
Greedy,0,228,-147.5289
Greedy,0,229,-135.7781
Greedy,0,230,-140.3849
Greedy,0,231,-145.5636
Greedy,0,232,-153.7183
Greedy,0,233,-143.6028
Greedy,0,234,-144.693
Greedy,0,235,-145.1459
Greedy,0,236,-145.7168
Greedy,0,237,-143.8923
Greedy,0,238,-149.419
Greedy,0,239,-143.3229
Greedy,0,240,-136.9221
Greedy,0,241,-143.0268
Greedy,0,242,-146.0664
Greedy,0,243,-138.7616
Greedy,0,244,-143.7695
Greedy,0,245,-146.4903
Greedy,0,246,-146.0835
Greedy,0,247,-147.0478
Greedy,0,248,-146.6008
Greedy,0,249,-151.3612
Greedy,0,250,-147.4688
Greedy,0,251,-138.5093
Greedy,0,252,-152.1895
Greedy,0,253,-146.3404
Greedy,0,254,-144.7136
Greedy,0,255,-147.6643
Greedy,0,256,-145.575
Greedy,0,257,-146.1829
Greedy,0,258,-140.7244
Greedy,0,259,-149.1986
Greedy,0,260,-143.3534
Greedy,0,261,-141.0253
Greedy,0,262,-143.515
Greedy,0,263,-150.3402
Greedy,0,264,-137.0928
Greedy,0,265,-142.7253
Greedy,0,266,-145.3895
Greedy,0,267,-143.349
Greedy,0,268,-143.5984
Greedy,0,269,-147.3921
Greedy,0,270,-147.3798
Greedy,0,271,-142.4308
Greedy,0,272,-143.5309
Greedy,0,273,-143.9698
Greedy,0,274,-142.8002
Greedy,0,275,-150.5251
Greedy,0,276,-136.8916
Greedy,0,277,-142.8151
Greedy,0,278,-146.326
Greedy,0,279,-143.0888
Greedy,0,280,-139.4794
Greedy,0,281,-144.3522
Greedy,0,282,-149.0815
Greedy,0,283,-142.4234
Greedy,0,284,-151.2205
Greedy,0,285,-142.4735
Greedy,0,286,-145.2082
Greedy,0,287,-143.7355
Greedy,0,288,-148.3639
Greedy,0,289,-145.814
Greedy,0,290,-149.9082
Greedy,0,291,-147.2084
Greedy,0,292,-146.166
Greedy,0,293,-146.9165
Greedy,0,294,-148.0271
Greedy,0,295,-144.8996
Greedy,0,296,-136.8505
Greedy,0,297,-148.3272
Greedy,0,298,-144.0048
Greedy,0,299,-149.738
Greedy,0,300,-140.4402
Greedy,0,301,-138.5007
Greedy,0,302,-148.9947
Greedy,0,303,-146.2169
Greedy,0,304,-145.8502
Greedy,0,305,-149.9863
Greedy,0,306,-143.6063
Greedy,0,307,-140.5526
Greedy,0,308,-144.8781
Greedy,0,309,-141.7916
Greedy,0,310,-143.4035
Greedy,0,311,-148.3982
Greedy,0,312,-141.53
Greedy,0,313,-148.692
Greedy,0,314,-141.669
Greedy,0,315,-138.1859
Greedy,0,316,-150.0702
Greedy,0,317,-143.2116
Greedy,0,318,-145.0023
Greedy,0,319,-140.6632
Greedy,0,320,-145.0864
Greedy,0,321,-144.7633
Greedy,0,322,-145.3902
Greedy,0,323,-149.2137
Greedy,0,324,-142.0439
Greedy,0,325,-148.926
Greedy,0,326,-147.7452
Greedy,0,327,-145.1491
Greedy,0,328,-147.2858
Greedy,0,329,-146.2751
Greedy,0,330,-144.3592
Greedy,0,331,-148.1531
Greedy,0,332,-146.0188
Greedy,0,333,-146.4402
Greedy,0,334,-142.8742
Greedy,0,335,-147.4361
Greedy,0,336,-144.6705
Greedy,0,337,-147.5506
Greedy,0,338,-141.2426
Greedy,0,339,-146.0106
Greedy,0,340,-143.4586
Greedy,0,341,-145.1414
Greedy,0,342,-148.2444
Greedy,0,343,-147.5335
Greedy,0,344,-145.4822
Greedy,0,345,-148.0314
Greedy,0,346,-143.4083
Greedy,0,347,-142.2468
Greedy,0,348,-145.3882
Greedy,0,349,-147.6712
Greedy,0,350,-152.2109
Greedy,0,351,-144.8974
Greedy,0,352,-141.9019
Greedy,0,353,-149.7717
Greedy,0,354,-144.5086
Greedy,0,355,-151.614
Greedy,0,356,-139.9764
Greedy,0,357,-141.9766
Greedy,0,358,-134.5806
Greedy,0,359,-143.1762
Greedy,0,360,-140.8054
Greedy,0,361,-147.292
Greedy,0,362,-143.2281
Greedy,0,363,-148.926
Greedy,0,364,-146.0555
Greedy,0,365,-149.2854
Greedy,0,366,-140.0502
Greedy,0,367,-147.6541
Greedy,0,368,-144.6271
Greedy,0,369,-147.8709
Greedy,0,370,-146.319
Greedy,0,371,-139.9581
Greedy,0,372,-143.688
Greedy,0,373,-145.1316
Greedy,0,374,-146.5775
Greedy,0,375,-142.4939
Greedy,0,376,-142.805
Greedy,0,377,-149.2555
Greedy,0,378,-136.1786
Greedy,0,379,-145.0249
Greedy,0,380,-141.8377
Greedy,0,381,-143.1269
Greedy,0,382,-147.8481
Greedy,0,383,-145.1302
Greedy,0,384,-146.2874
Greedy,0,385,-149.8366
Greedy,0,386,-151.7756
Greedy,0,387,-145.8647
Greedy,0,388,-147.8462
Greedy,0,389,-148.8413
Greedy,0,390,-145.4281
Greedy,0,391,-146.1019
Greedy,0,392,-143.051
Greedy,0,393,-146.357
Greedy,0,394,-140.7225
Greedy,0,395,-145.6245
Greedy,0,396,-142.3678
Greedy,0,397,-147.464
Greedy,0,398,-145.9855
Greedy,0,399,-141.2056
Greedy,0,400,-144.4151
Greedy,0,401,-140.2874
Greedy,0,402,-146.8919
Greedy,0,403,-139.7047
Greedy,0,404,-147.8041
Greedy,0,405,-139.4118
Greedy,0,406,-138.1707
Greedy,0,407,-146.6951
Greedy,0,408,-145.783
Greedy,0,409,-133.8725
Greedy,0,410,-153.3891
Greedy,0,411,-148.5287
Greedy,0,412,-142.2787
Greedy,0,413,-143.9071
Greedy,0,414,-147.1264
Greedy,0,415,-142.2736
Greedy,0,416,-143.2085
Greedy,0,417,-151.2182
Greedy,0,418,-145.7108
Greedy,0,419,-145.4052
Greedy,0,420,-144.3521
Greedy,0,421,-150.4775
Greedy,0,422,-147.3622
Greedy,0,423,-140.6484
Greedy,0,424,-147.4328
Greedy,0,425,-148.3418
Greedy,0,426,-152.2997
Greedy,0,427,-143.3565
Greedy,0,428,-143.2715
Greedy,0,429,-140.4591
Greedy,0,430,-148.1884
Greedy,0,431,-146.7676
Greedy,0,432,-146.0738
Greedy,0,433,-143.7421
Greedy,0,434,-144.8182
Greedy,0,435,-145.0386
Greedy,0,436,-141.544
Greedy,0,437,-141.52
Greedy,0,438,-146.3215
Greedy,0,439,-147.1265
Greedy,0,440,-149.905
Greedy,0,441,-150.4086
Greedy,0,442,-146.9116
Greedy,0,443,-143.9917
Greedy,0,444,-149.3948
Greedy,0,445,-145.8948
Greedy,0,446,-146.061
Greedy,0,447,-143.8414
Greedy,0,448,-147.388
Greedy,0,449,-145.8634
Greedy,0,450,-147.3993
Greedy,0,451,-138.7883
Greedy,0,452,-144.3451
Greedy,0,453,-143.9983
Greedy,0,454,-144.314
Greedy,0,455,-144.8652
Greedy,0,456,-142.1645
Greedy,0,457,-141.5058
Greedy,0,458,-144.3429
Greedy,0,459,-146.4912
Greedy,0,460,-149.0678
Greedy,0,461,-142.9764
Greedy,0,462,-147.4582
Greedy,0,463,-146.6216
Greedy,0,464,-145.7324
Greedy,0,465,-144.8051
Greedy,0,466,-143.8257
Greedy,0,467,-145.7484
Greedy,0,468,-143.2756
Greedy,0,469,-146.0383
Greedy,0,470,-145.114
Greedy,0,471,-143.7863
Greedy,0,472,-141.55
Greedy,0,473,-143.12
Greedy,0,474,-142.5891
Greedy,0,475,-147.5864
Greedy,0,476,-142.5674
Greedy,0,477,-141.4266
Greedy,0,478,-150.5231
Greedy,0,479,-146.9744
Greedy,0,480,-145.1893
Greedy,0,481,-145.2345
Greedy,0,482,-142.5392
Greedy,0,483,-139.9332
Greedy,0,484,-151.4762
Greedy,0,485,-144.4278
Greedy,0,486,-145.9881
Greedy,0,487,-142.5972
Greedy,0,488,-148.4547
Greedy,0,489,-141.6325
Greedy,0,490,-146.3744
Greedy,0,491,-147.6392
Greedy,0,492,-145.1476
Greedy,0,493,-145.3937
Greedy,0,494,-143.4306
Greedy,0,495,-141.3691
Greedy,0,496,-144.2263
Greedy,0,497,-148.2892
Greedy,0,498,-139.241
Greedy,0,499,-144.3418
Greedy,0,500,-145.5004
Greedy,1,1,-143.4027
Greedy,1,2,-146.3526
Greedy,1,3,-149.0999
Greedy,1,4,-145.8012
Greedy,1,5,-142.828
Greedy,1,6,-143.5635
Greedy,1,7,-151.9905
Greedy,1,8,-145.1861
Greedy,1,9,-144.6734
Greedy,1,10,-145.0662
Greedy,1,11,-136.8113
Greedy,1,12,-150.1948
Greedy,1,13,-151.9944
Greedy,1,14,-147.6352
Greedy,1,15,-145.2038
Greedy,1,16,-150.3191
Greedy,1,17,-147.0698
Greedy,1,18,-143.662
Greedy,1,19,-152.6568
Greedy,1,20,-144.3835
Greedy,1,21,-147.8936
Greedy,1,22,-141.9789
Greedy,1,23,-139.7669
Greedy,1,24,-147.606
Greedy,1,25,-145.4867
Greedy,1,26,-141.8436
Greedy,1,27,-144.3497
Greedy,1,28,-146.7495
Greedy,1,29,-141.2446
Greedy,1,30,-144.3082
Greedy,1,31,-146.0604
Greedy,1,32,-145.3626
Greedy,1,33,-148.0312
Greedy,1,34,-148.0892
Greedy,1,35,-143.3015
Greedy,1,36,-144.8287
Greedy,1,37,-140.9664
Greedy,1,38,-146.8087
Greedy,1,39,-144.089
Greedy,1,40,-144.6813
Greedy,1,41,-144.9505
Greedy,1,42,-150.928
Greedy,1,43,-145.7762
Greedy,1,44,-144.1586
Greedy,1,45,-148.8321
Greedy,1,46,-147.9127
Greedy,1,47,-143.1694
Greedy,1,48,-143.5456
Greedy,1,49,-145.2922
Greedy,1,50,-144.7007
Greedy,1,51,-145.2371
Greedy,1,52,-146.4028
Greedy,1,53,-142.2543
Greedy,1,54,-144.6193
Greedy,1,55,-147.5219
Greedy,1,56,-144.3239
Greedy,1,57,-145.5398
Greedy,1,58,-149.5831
Greedy,1,59,-149.2704
Greedy,1,60,-143.8347
Greedy,1,61,-142.0821
Greedy,1,62,-145.5159
Greedy,1,63,-144.75
Greedy,1,64,-147.6404
Greedy,1,65,-145.4489
Greedy,1,66,-145.6714
Greedy,1,67,-141.3667
Greedy,1,68,-144.0716
Greedy,1,69,-142.472
Greedy,1,70,-144.5388
Greedy,1,71,-144.9827
Greedy,1,72,-148.3921
Greedy,1,73,-145.1873
Greedy,1,74,-150.6733
Greedy,1,75,-145.2169
Greedy,1,76,-143.9905
Greedy,1,77,-146.2769
Greedy,1,78,-144.0193
Greedy,1,79,-150.3192
Greedy,1,80,-145.0176
Greedy,1,81,-146.7438
Greedy,1,82,-144.4156
Greedy,1,83,-146.5491
Greedy,1,84,-141.6272
Greedy,1,85,-151.6487
Greedy,1,86,-145.622
Greedy,1,87,-144.5492
Greedy,1,88,-147.0465
Greedy,1,89,-146.1558
Greedy,1,90,-144.6276
Greedy,1,91,-141.555
Greedy,1,92,-143.1442
Greedy,1,93,-144.8887
Greedy,1,94,-144.9746
Greedy,1,95,-151.0484
Greedy,1,96,-148.9302
Greedy,1,97,-148.9226
Greedy,1,98,-150.6507
Greedy,1,99,-147.3566
Greedy,1,100,-146.5606
Greedy,1,101,-141.3692
Greedy,1,102,-142.6497
Greedy,1,103,-146.74
Greedy,1,104,-144.7964
Greedy,1,105,-144.105
Greedy,1,106,-147.1099
Greedy,1,107,-146.2074
Greedy,1,108,-146.0475
Greedy,1,109,-148.8356
Greedy,1,110,-143.8524
Greedy,1,111,-151.0374
Greedy,1,112,-146.4207
Greedy,1,113,-148.6956
Greedy,1,114,-146.9027
Greedy,1,115,-143.9786
Greedy,1,116,-149.0529
Greedy,1,117,-148.0849
Greedy,1,118,-148.0052
Greedy,1,119,-138.5892
Greedy,1,120,-143.2245
Greedy,1,121,-147.9477
Greedy,1,122,-146.6888
Greedy,1,123,-145.9297
Greedy,1,124,-142.103
Greedy,1,125,-150.1782
Greedy,1,126,-149.2462
Greedy,1,127,-147.6242
Greedy,1,128,-146.6144
Greedy,1,129,-141.5362
Greedy,1,130,-140.5144
Greedy,1,131,-146.2837
Greedy,1,132,-143.2568
Greedy,1,133,-135.8643
Greedy,1,134,-136.5748
Greedy,1,135,-142.2434
Greedy,1,136,-143.7095
Greedy,1,137,-137.8344
Greedy,1,138,-141.5823
Greedy,1,139,-149.0
Greedy,1,140,-147.4007
Greedy,1,141,-144.591
Greedy,1,142,-151.2016
Greedy,1,143,-142.414
Greedy,1,144,-147.468
Greedy,1,145,-143.6474
Greedy,1,146,-144.6373
Greedy,1,147,-144.937
Greedy,1,148,-145.5722
Greedy,1,149,-147.463
Greedy,1,150,-145.3025
Greedy,1,151,-143.6712
Greedy,1,152,-142.1827
Greedy,1,153,-138.9468
Greedy,1,154,-145.8339
Greedy,1,155,-143.3933
Greedy,1,156,-145.3713
Greedy,1,157,-144.0431
Greedy,1,158,-141.2327
Greedy,1,159,-146.2053
Greedy,1,160,-141.2683
Greedy,1,161,-147.7397
Greedy,1,162,-143.6877
Greedy,1,163,-151.1186
Greedy,1,164,-146.0296
Greedy,1,165,-140.9342
Greedy,1,166,-144.9324
Greedy,1,167,-145.2914
Greedy,1,168,-145.8924
Greedy,1,169,-141.885
Greedy,1,170,-145.1977
Greedy,1,171,-145.0347
Greedy,1,172,-144.2687
Greedy,1,173,-150.2208
Greedy,1,174,-140.7639
Greedy,1,175,-147.7832
Greedy,1,176,-146.7131
Greedy,1,177,-148.2689
Greedy,1,178,-141.5827
Greedy,1,179,-150.816
Greedy,1,180,-144.0386
Greedy,1,181,-144.1554
Greedy,1,182,-139.8518
Greedy,1,183,-146.1833
Greedy,1,184,-141.1537
Greedy,1,185,-146.9398
Greedy,1,186,-146.0701
Greedy,1,187,-140.7012
Greedy,1,188,-148.978
Greedy,1,189,-139.7356
Greedy,1,190,-138.6601
Greedy,1,191,-143.8516
Greedy,1,192,-144.7869
Greedy,1,193,-146.5457
Greedy,1,194,-144.8961
Greedy,1,195,-143.4649
Greedy,1,196,-145.8843
Greedy,1,197,-142.7857
Greedy,1,198,-142.2831
Greedy,1,199,-141.5087
Greedy,1,200,-146.0277
Greedy,1,201,-141.853
Greedy,1,202,-146.3807
Greedy,1,203,-139.5031
Greedy,1,204,-144.8764
Greedy,1,205,-146.699
Greedy,1,206,-139.1262
Greedy,1,207,-138.3512
Greedy,1,208,-150.1582
Greedy,1,209,-144.4765
Greedy,1,210,-145.0788
Greedy,1,211,-142.5527
Greedy,1,212,-141.7624
Greedy,1,213,-142.819
Greedy,1,214,-147.8525
Greedy,1,215,-148.0745
Greedy,1,216,-133.9988
Greedy,1,217,-148.2138
Greedy,1,218,-152.0936
Greedy,1,219,-143.8272
Greedy,1,220,-149.0422
Greedy,1,221,-148.4357
Greedy,1,222,-142.3322
Greedy,1,223,-146.5265
Greedy,1,224,-147.4296
Greedy,1,225,-139.2698
Greedy,1,226,-149.0755
Greedy,1,227,-143.4958
Greedy,1,228,-139.7977
Greedy,1,229,-147.4934
Greedy,1,230,-143.9086
Greedy,1,231,-151.5512
Greedy,1,232,-146.5185
Greedy,1,233,-150.8549
Greedy,1,234,-143.1598
Greedy,1,235,-144.6454
Greedy,1,236,-140.8618
Greedy,1,237,-143.3613
Greedy,1,238,-142.8316
Greedy,1,239,-143.4692
Greedy,1,240,-143.1164
Greedy,1,241,-142.8589
Greedy,1,242,-143.3217
Greedy,1,243,-148.2523
Greedy,1,244,-139.4171
Greedy,1,245,-143.0031
Greedy,1,246,-140.821
Greedy,1,247,-144.5269
Greedy,1,248,-145.2816
Greedy,1,249,-146.1623
Greedy,1,250,-142.7827
Greedy,1,251,-139.779
Greedy,1,252,-144.5727
Greedy,1,253,-144.8983
Greedy,1,254,-146.4176
Greedy,1,255,-144.8054
Greedy,1,256,-145.2491
Greedy,1,257,-143.3381
Greedy,1,258,-145.028
Greedy,1,259,-154.0941
Greedy,1,260,-143.0664
Greedy,1,261,-144.6814
Greedy,1,262,-141.3407
Greedy,1,263,-144.2264
Greedy,1,264,-143.6954
Greedy,1,265,-148.2476
Greedy,1,266,-149.6452
Greedy,1,267,-143.2632
Greedy,1,268,-144.254
Greedy,1,269,-148.3858
Greedy,1,270,-145.3578
Greedy,1,271,-143.1657
Greedy,1,272,-141.8995
Greedy,1,273,-145.8781
Greedy,1,274,-143.8736
Greedy,1,275,-146.1866
Greedy,1,276,-145.1304
Greedy,1,277,-144.9963
Greedy,1,278,-149.8154
Greedy,1,279,-146.7906
Greedy,1,280,-145.6158
Greedy,1,281,-148.908
Greedy,1,282,-139.9401
Greedy,1,283,-142.3639
Greedy,1,284,-149.0743
Greedy,1,285,-142.7492
Greedy,1,286,-140.3028
Greedy,1,287,-141.6599
Greedy,1,288,-148.4044
Greedy,1,289,-147.5233
Greedy,1,290,-145.4359
Greedy,1,291,-147.0165
Greedy,1,292,-150.464
Greedy,1,293,-145.197
Greedy,1,294,-140.7697
Greedy,1,295,-154.2383
Greedy,1,296,-146.1612
Greedy,1,297,-149.4106
Greedy,1,298,-147.0302
Greedy,1,299,-149.4297
Greedy,1,300,-148.2403
Greedy,1,301,-146.1654
Greedy,1,302,-142.0825
Greedy,1,303,-148.8814
Greedy,1,304,-147.2079
Greedy,1,305,-138.3297
Greedy,1,306,-143.3337
Greedy,1,307,-143.3789
Greedy,1,308,-142.171
Greedy,1,309,-147.5528
Greedy,1,310,-145.5441
Greedy,1,311,-150.3435
Greedy,1,312,-149.5684
Greedy,1,313,-148.4956
Greedy,1,314,-140.2463
Greedy,1,315,-154.6929
Greedy,1,316,-146.716
Greedy,1,317,-144.7522
Greedy,1,318,-146.9817
Greedy,1,319,-141.7264
Greedy,1,320,-143.1359
Greedy,1,321,-146.5545
Greedy,1,322,-139.1677
Greedy,1,323,-148.3957
Greedy,1,324,-139.4216
Greedy,1,325,-156.2478
Greedy,1,326,-145.2885
Greedy,1,327,-148.2309
Greedy,1,328,-146.6859
Greedy,1,329,-142.9052
Greedy,1,330,-143.3847
Greedy,1,331,-142.552
Greedy,1,332,-150.0676
Greedy,1,333,-142.2021
Greedy,1,334,-137.5093
Greedy,1,335,-149.784
Greedy,1,336,-136.3928
Greedy,1,337,-142.0234
Greedy,1,338,-144.6903
Greedy,1,339,-140.3619
Greedy,1,340,-143.2124
Greedy,1,341,-142.5859
Greedy,1,342,-143.4627
Greedy,1,343,-145.8385
Greedy,1,344,-142.972
Greedy,1,345,-145.7159
Greedy,1,346,-148.8974
Greedy,1,347,-142.8153
Greedy,1,348,-145.3032
Greedy,1,349,-148.6465
Greedy,1,350,-148.0852
Greedy,1,351,-143.5094
Greedy,1,352,-141.3065
Greedy,1,353,-145.3988
Greedy,1,354,-144.6552
Greedy,1,355,-154.3293
Greedy,1,356,-142.8942
Greedy,1,357,-137.9611
Greedy,1,358,-145.2389
Greedy,1,359,-145.1326
Greedy,1,360,-150.0961
Greedy,1,361,-148.3101
Greedy,1,362,-140.1186
Greedy,1,363,-143.4564
Greedy,1,364,-139.6918
Greedy,1,365,-146.2758
Greedy,1,366,-145.4856
Greedy,1,367,-141.158
Greedy,1,368,-150.6486
Greedy,1,369,-148.5402
Greedy,1,370,-150.6411
Greedy,1,371,-141.9125
Greedy,1,372,-142.0559
Greedy,1,373,-145.1323
Greedy,1,374,-150.4958
Greedy,1,375,-149.4732
Greedy,1,376,-150.9041
Greedy,1,377,-144.9316
Greedy,1,378,-145.5258
Greedy,1,379,-145.555
Greedy,1,380,-140.3233
Greedy,1,381,-141.3252
Greedy,1,382,-148.1374
Greedy,1,383,-142.8557
Greedy,1,384,-146.4496
Greedy,1,385,-143.986
Greedy,1,386,-146.018
Greedy,1,387,-144.5038
Greedy,1,388,-153.6973
Greedy,1,389,-142.3661
Greedy,1,390,-144.0395
Greedy,1,391,-147.3603
Greedy,1,392,-143.9367
Greedy,1,393,-145.6293
Greedy,1,394,-151.5794
Greedy,1,395,-144.0994
Greedy,1,396,-153.4672
Greedy,1,397,-146.2439
Greedy,1,398,-146.0396
Greedy,1,399,-143.2042
Greedy,1,400,-141.2133
Greedy,1,401,-145.0407
Greedy,1,402,-147.4
Greedy,1,403,-147.0649
Greedy,1,404,-148.6163
Greedy,1,405,-150.0338
Greedy,1,406,-140.8013
Greedy,1,407,-142.7721
Greedy,1,408,-151.1934
Greedy,1,409,-145.5311
Greedy,1,410,-141.911
Greedy,1,411,-147.3535
Greedy,1,412,-145.0916
Greedy,1,413,-143.2178
Greedy,1,414,-147.9707
Greedy,1,415,-146.1071
Greedy,1,416,-141.9101
Greedy,1,417,-143.4089
Greedy,1,418,-140.7174
Greedy,1,419,-149.8318
Greedy,1,420,-148.3029
Greedy,1,421,-146.8861
Greedy,1,422,-141.6145
Greedy,1,423,-141.0692
Greedy,1,424,-140.5601
Greedy,1,425,-145.4837
Greedy,1,426,-146.3999
Greedy,1,427,-139.482
Greedy,1,428,-150.1524
Greedy,1,429,-141.4848
Greedy,1,430,-137.5502
Greedy,1,431,-140.9732
Greedy,1,432,-142.0273
Greedy,1,433,-153.3481
Greedy,1,434,-146.3492
Greedy,1,435,-144.3589
Greedy,1,436,-145.6357
Greedy,1,437,-148.75
Greedy,1,438,-144.2316
Greedy,1,439,-145.2608
Greedy,1,440,-142.9711
Greedy,1,441,-140.4951
Greedy,1,442,-140.8041
Greedy,1,443,-144.232
Greedy,1,444,-141.9395
Greedy,1,445,-147.7178
Greedy,1,446,-137.4384
Greedy,1,447,-143.9947
Greedy,1,448,-145.7741
Greedy,1,449,-143.073
Greedy,1,450,-150.4433
Greedy,1,451,-148.8163
Greedy,1,452,-148.2974
Greedy,1,453,-144.4662
Greedy,1,454,-143.9674
Greedy,1,455,-148.72
Greedy,1,456,-144.4476
Greedy,1,457,-142.668
Greedy,1,458,-147.051
Greedy,1,459,-149.1313
Greedy,1,460,-145.7361
Greedy,1,461,-148.4422
Greedy,1,462,-142.4439
Greedy,1,463,-143.5279
Greedy,1,464,-144.7121
Greedy,1,465,-146.5567
Greedy,1,466,-144.9691
Greedy,1,467,-142.3149
Greedy,1,468,-148.4439
Greedy,1,469,-147.4833
Greedy,1,470,-147.0289
Greedy,1,471,-143.4499
Greedy,1,472,-146.1527
Greedy,1,473,-148.7611
Greedy,1,474,-146.893
Greedy,1,475,-147.0001
Greedy,1,476,-144.6059
Greedy,1,477,-146.6977
Greedy,1,478,-147.3899
Greedy,1,479,-143.877
Greedy,1,480,-142.0745
Greedy,1,481,-150.4003
Greedy,1,482,-145.3988
Greedy,1,483,-142.5794
Greedy,1,484,-145.0351
Greedy,1,485,-147.8195
Greedy,1,486,-140.0853
Greedy,1,487,-143.5525
Greedy,1,488,-140.9305
Greedy,1,489,-150.0966
Greedy,1,490,-146.2239
Greedy,1,491,-147.612
Greedy,1,492,-143.0309
Greedy,1,493,-147.8803
Greedy,1,494,-143.502
Greedy,1,495,-145.4799
Greedy,1,496,-144.1362
Greedy,1,497,-140.5083
Greedy,1,498,-147.2524
Greedy,1,499,-146.9786
Greedy,1,500,-140.4006
Greedy,2,1,-149.4764
Greedy,2,2,-144.8246
Greedy,2,3,-144.4723
Greedy,2,4,-148.2504
Greedy,2,5,-144.4632
Greedy,2,6,-149.1114
Greedy,2,7,-151.5859
Greedy,2,8,-148.8421
Greedy,2,9,-147.6103
Greedy,2,10,-142.3707
Greedy,2,11,-139.7117
Greedy,2,12,-143.6794
Greedy,2,13,-152.5507
Greedy,2,14,-148.0983
Greedy,2,15,-141.1349
Greedy,2,16,-147.8368
Greedy,2,17,-139.8263
Greedy,2,18,-144.8657
Greedy,2,19,-146.0018
Greedy,2,20,-147.5659
Greedy,2,21,-141.1582
Greedy,2,22,-148.2537
Greedy,2,23,-146.1672
Greedy,2,24,-143.8071
Greedy,2,25,-143.6041
Greedy,2,26,-151.2277
Greedy,2,27,-146.5322
Greedy,2,28,-144.3414
Greedy,2,29,-148.593
Greedy,2,30,-147.7684
Greedy,2,31,-147.7112
Greedy,2,32,-143.4882
Greedy,2,33,-144.7278
Greedy,2,34,-141.9647
Greedy,2,35,-146.6992
Greedy,2,36,-143.2086
Greedy,2,37,-143.9908
Greedy,2,38,-146.9826
Greedy,2,39,-142.7103
Greedy,2,40,-144.1048
Greedy,2,41,-147.8243
Greedy,2,42,-144.7303
Greedy,2,43,-145.7211
Greedy,2,44,-148.2961
Greedy,2,45,-142.0405
Greedy,2,46,-147.4453
Greedy,2,47,-147.2606
Greedy,2,48,-136.6701
Greedy,2,49,-140.7525
Greedy,2,50,-146.8292
Greedy,2,51,-142.841
Greedy,2,52,-146.8065
Greedy,2,53,-144.6906
Greedy,2,54,-148.068
Greedy,2,55,-146.8021
Greedy,2,56,-152.0019
Greedy,2,57,-145.464
Greedy,2,58,-150.0274
Greedy,2,59,-144.1904
Greedy,2,60,-142.7057
Greedy,2,61,-147.9521
Greedy,2,62,-141.0018
Greedy,2,63,-143.5761
Greedy,2,64,-147.7473
Greedy,2,65,-151.4015
Greedy,2,66,-145.8964
Greedy,2,67,-150.0766
Greedy,2,68,-143.4626
Greedy,2,69,-144.9707
Greedy,2,70,-139.3487
Greedy,2,71,-147.821
Greedy,2,72,-145.2224
Greedy,2,73,-145.3145
Greedy,2,74,-143.9318
Greedy,2,75,-146.1936
Greedy,2,76,-142.6396
Greedy,2,77,-146.571
Greedy,2,78,-144.769
Greedy,2,79,-144.1275
Greedy,2,80,-150.2046
Greedy,2,81,-151.9699
Greedy,2,82,-145.2355
Greedy,2,83,-143.8683
Greedy,2,84,-146.113
Greedy,2,85,-144.5098
Greedy,2,86,-148.9101
Greedy,2,87,-144.5307
Greedy,2,88,-149.2565
Greedy,2,89,-140.1856
Greedy,2,90,-144.507
Greedy,2,91,-143.8843
Greedy,2,92,-134.2929
Greedy,2,93,-148.3146
Greedy,2,94,-149.5825
Greedy,2,95,-148.4042
Greedy,2,96,-147.9376
Greedy,2,97,-144.2285
Greedy,2,98,-144.9953
Greedy,2,99,-146.2743
Greedy,2,100,-140.5695
Greedy,2,101,-143.6612
Greedy,2,102,-142.6033
Greedy,2,103,-151.5365
Greedy,2,104,-144.6611
Greedy,2,105,-143.79
Greedy,2,106,-147.4099
Greedy,2,107,-142.2884
Greedy,2,108,-141.9982
Greedy,2,109,-143.7007
Greedy,2,110,-142.1025
Greedy,2,111,-146.0928
Greedy,2,112,-143.8779
Greedy,2,113,-145.1838
Greedy,2,114,-145.5196
Greedy,2,115,-141.7698
Greedy,2,116,-148.4524
Greedy,2,117,-145.4309
Greedy,2,118,-148.6003
Greedy,2,119,-146.4132
Greedy,2,120,-143.3772
Greedy,2,121,-139.5965
Greedy,2,122,-147.9793
Greedy,2,123,-142.2635
Greedy,2,124,-138.5491
Greedy,2,125,-145.2595
Greedy,2,126,-153.9997
Greedy,2,127,-146.8729
Greedy,2,128,-144.2511
Greedy,2,129,-143.9573
Greedy,2,130,-154.1014
Greedy,2,131,-138.4475
Greedy,2,132,-149.3949
Greedy,2,133,-152.1785
Greedy,2,134,-143.2677
Greedy,2,135,-145.2418
Greedy,2,136,-144.5772
Greedy,2,137,-147.6683
Greedy,2,138,-144.6319
Greedy,2,139,-146.1617
Greedy,2,140,-148.1331
Greedy,2,141,-149.824
Greedy,2,142,-143.0324
Greedy,2,143,-147.1482
Greedy,2,144,-150.3085
Greedy,2,145,-138.7888
Greedy,2,146,-148.0096
Greedy,2,147,-148.8558
Greedy,2,148,-143.6467
Greedy,2,149,-148.3292
Greedy,2,150,-145.9186
Greedy,2,151,-151.7933
Greedy,2,152,-146.9714
Greedy,2,153,-149.4632
Greedy,2,154,-147.4179
Greedy,2,155,-144.236
Greedy,2,156,-140.3593
Greedy,2,157,-144.5485
Greedy,2,158,-146.2048
Greedy,2,159,-138.0669
Greedy,2,160,-142.5208
Greedy,2,161,-147.0488
Greedy,2,162,-151.0657
Greedy,2,163,-147.5113
Greedy,2,164,-144.6231
Greedy,2,165,-143.7222
Greedy,2,166,-145.0102
Greedy,2,167,-147.4622
Greedy,2,168,-146.0087
Greedy,2,169,-149.0941
Greedy,2,170,-140.2072
Greedy,2,171,-149.437
Greedy,2,172,-146.1242
Greedy,2,173,-149.2714
Greedy,2,174,-141.1865
Greedy,2,175,-145.2546
Greedy,2,176,-148.3533
Greedy,2,177,-144.2382
Greedy,2,178,-142.4012
Greedy,2,179,-137.2934
Greedy,2,180,-151.4122
Greedy,2,181,-146.641
Greedy,2,182,-152.4442
Greedy,2,183,-143.3581
Greedy,2,184,-151.0697
Greedy,2,185,-144.5494
Greedy,2,186,-147.1463
Greedy,2,187,-143.3225
Greedy,2,188,-147.1389
Greedy,2,189,-145.461
Greedy,2,190,-147.8356
Greedy,2,191,-143.4371
Greedy,2,192,-137.7341
Greedy,2,193,-141.2028
Greedy,2,194,-146.67
Greedy,2,195,-145.7913
Greedy,2,196,-143.639
Greedy,2,197,-142.7041
Greedy,2,198,-143.011
Greedy,2,199,-145.5661
Greedy,2,200,-143.8755
Greedy,2,201,-148.6472
Greedy,2,202,-147.4584
Greedy,2,203,-149.4773
Greedy,2,204,-141.3064
Greedy,2,205,-138.01
Greedy,2,206,-147.9825
Greedy,2,207,-145.6379
Greedy,2,208,-147.2603
Greedy,2,209,-145.0158
Greedy,2,210,-141.7057
Greedy,2,211,-144.8528
Greedy,2,212,-150.8345
Greedy,2,213,-140.475
Greedy,2,214,-146.2307
Greedy,2,215,-149.0473
Greedy,2,216,-142.1369
Greedy,2,217,-143.925
Greedy,2,218,-144.2125
Greedy,2,219,-144.7902
Greedy,2,220,-144.9932
Greedy,2,221,-140.7858
Greedy,2,222,-143.0142
Greedy,2,223,-144.8375
Greedy,2,224,-147.3471
Greedy,2,225,-142.3747
Greedy,2,226,-145.9757
Greedy,2,227,-143.0889
Greedy,2,228,-148.8189
Greedy,2,229,-141.3218
Greedy,2,230,-148.4757
Greedy,2,231,-147.6079
Greedy,2,232,-139.1277
Greedy,2,233,-143.7676
Greedy,2,234,-144.4062
Greedy,2,235,-144.2721
Greedy,2,236,-141.5614
Greedy,2,237,-143.4537
Greedy,2,238,-142.6282
Greedy,2,239,-141.8025
Greedy,2,240,-140.7742
Greedy,2,241,-146.4868
Greedy,2,242,-148.0225
Greedy,2,243,-142.0015
Greedy,2,244,-144.2267
Greedy,2,245,-146.8541
Greedy,2,246,-141.1739
Greedy,2,247,-144.1459
Greedy,2,248,-140.7234
Greedy,2,249,-144.9301
Greedy,2,250,-145.4136
Greedy,2,251,-137.6104
Greedy,2,252,-145.8874
Greedy,2,253,-145.1493
Greedy,2,254,-146.2085
Greedy,2,255,-143.1754
Greedy,2,256,-151.1048
Greedy,2,257,-146.6464
Greedy,2,258,-146.0153
Greedy,2,259,-140.1281
Greedy,2,260,-143.6108
Greedy,2,261,-152.7186
Greedy,2,262,-137.7707
Greedy,2,263,-147.0017
Greedy,2,264,-140.8775
Greedy,2,265,-146.2957
Greedy,2,266,-144.6558
Greedy,2,267,-138.9066
Greedy,2,268,-148.1929
Greedy,2,269,-148.5251
Greedy,2,270,-144.4481
Greedy,2,271,-139.7559
Greedy,2,272,-145.0602
Greedy,2,273,-138.6882
Greedy,2,274,-143.7457
Greedy,2,275,-142.1176
Greedy,2,276,-142.7177
Greedy,2,277,-143.4038
Greedy,2,278,-145.6472
Greedy,2,279,-145.0073
Greedy,2,280,-147.6425
Greedy,2,281,-144.6452
Greedy,2,282,-145.6352
Greedy,2,283,-149.1997
Greedy,2,284,-140.6127
Greedy,2,285,-152.6805
Greedy,2,286,-147.8752
Greedy,2,287,-140.6307
Greedy,2,288,-144.0916
Greedy,2,289,-141.3484
Greedy,2,290,-143.9726
Greedy,2,291,-144.8279
Greedy,2,292,-145.4894
Greedy,2,293,-141.9855
Greedy,2,294,-149.0958
Greedy,2,295,-146.6959
Greedy,2,296,-147.7405
Greedy,2,297,-144.6853
Greedy,2,298,-141.5601
Greedy,2,299,-144.7908
Greedy,2,300,-146.0824
Greedy,2,301,-147.9309
Greedy,2,302,-153.8589
Greedy,2,303,-141.3367
Greedy,2,304,-143.0077
Greedy,2,305,-150.7021
Greedy,2,306,-149.2936
Greedy,2,307,-147.3575
Greedy,2,308,-141.0394
Greedy,2,309,-150.6671
Greedy,2,310,-140.6655
Greedy,2,311,-145.2364
Greedy,2,312,-138.8584
Greedy,2,313,-144.2575
Greedy,2,314,-142.2554
Greedy,2,315,-140.4475
Greedy,2,316,-139.9376
Greedy,2,317,-144.7996
Greedy,2,318,-141.7434
Greedy,2,319,-142.7475
Greedy,2,320,-143.9863
Greedy,2,321,-140.2934
Greedy,2,322,-144.3573
Greedy,2,323,-143.7731
Greedy,2,324,-148.9044
Greedy,2,325,-149.4294
Greedy,2,326,-143.4839
Greedy,2,327,-143.7227
Greedy,2,328,-146.3902
Greedy,2,329,-143.8015
Greedy,2,330,-149.0896
Greedy,2,331,-144.7656
Greedy,2,332,-143.8786
Greedy,2,333,-145.1899
Greedy,2,334,-144.7146
Greedy,2,335,-142.2005
Greedy,2,336,-152.383
Greedy,2,337,-144.1084
Greedy,2,338,-149.1055
Greedy,2,339,-139.3842
Greedy,2,340,-145.2368
Greedy,2,341,-143.8004
Greedy,2,342,-147.3369
Greedy,2,343,-146.4743
Greedy,2,344,-138.9404
Greedy,2,345,-150.917
Greedy,2,346,-146.4075
Greedy,2,347,-149.1386
Greedy,2,348,-146.3926
Greedy,2,349,-148.7648
Greedy,2,350,-141.7703
Greedy,2,351,-145.5216
Greedy,2,352,-147.0724
Greedy,2,353,-144.7486
Greedy,2,354,-143.364
Greedy,2,355,-145.1332
Greedy,2,356,-147.135
Greedy,2,357,-143.785
Greedy,2,358,-149.7888
Greedy,2,359,-141.6167
Greedy,2,360,-149.7348
Greedy,2,361,-149.4498
Greedy,2,362,-144.0967
Greedy,2,363,-148.3073
Greedy,2,364,-141.7682
Greedy,2,365,-144.3635
Greedy,2,366,-147.5559
Greedy,2,367,-143.2737
Greedy,2,368,-147.2166
Greedy,2,369,-146.3115
Greedy,2,370,-140.8176
Greedy,2,371,-140.5211
Greedy,2,372,-152.3878
Greedy,2,373,-143.1548
Greedy,2,374,-143.9589
Greedy,2,375,-151.9249
Greedy,2,376,-145.5319
Greedy,2,377,-149.7111
Greedy,2,378,-137.7882
Greedy,2,379,-141.3988
Greedy,2,380,-142.2284
Greedy,2,381,-147.7509
Greedy,2,382,-140.1109
Greedy,2,383,-148.0485
Greedy,2,384,-149.4708
Greedy,2,385,-148.7864
Greedy,2,386,-143.7074
Greedy,2,387,-148.6925
Greedy,2,388,-148.3987
Greedy,2,389,-146.5823
Greedy,2,390,-145.6314
Greedy,2,391,-148.467
Greedy,2,392,-147.4434
Greedy,2,393,-145.8914
Greedy,2,394,-139.9785
Greedy,2,395,-149.5097
Greedy,2,396,-140.7325
Greedy,2,397,-141.8729
Greedy,2,398,-143.8266
Greedy,2,399,-145.5771
Greedy,2,400,-148.0768
Greedy,2,401,-142.5178
Greedy,2,402,-148.2161
Greedy,2,403,-148.5325
Greedy,2,404,-144.4168
Greedy,2,405,-138.8616
Greedy,2,406,-148.0753
Greedy,2,407,-145.5699
Greedy,2,408,-146.9335
Greedy,2,409,-150.9168
Greedy,2,410,-144.1525
Greedy,2,411,-144.5126
Greedy,2,412,-147.4961
Greedy,2,413,-150.4323
Greedy,2,414,-144.0011
Greedy,2,415,-138.9434
Greedy,2,416,-143.5386
Greedy,2,417,-148.211
Greedy,2,418,-146.1524
Greedy,2,419,-147.3285
Greedy,2,420,-142.2802
Greedy,2,421,-138.218
Greedy,2,422,-145.2933
Greedy,2,423,-143.598
Greedy,2,424,-143.0912
Greedy,2,425,-147.9085
Greedy,2,426,-147.3283
Greedy,2,427,-141.5282
Greedy,2,428,-143.4053
Greedy,2,429,-149.3068
Greedy,2,430,-143.7638
Greedy,2,431,-142.2981
Greedy,2,432,-142.8324
Greedy,2,433,-150.3313
Greedy,2,434,-144.3222
Greedy,2,435,-142.9448
Greedy,2,436,-148.1534
Greedy,2,437,-144.865
Greedy,2,438,-143.0835
Greedy,2,439,-148.2559
Greedy,2,440,-143.3819
Greedy,2,441,-145.1702
Greedy,2,442,-141.4568
Greedy,2,443,-144.9324
Greedy,2,444,-146.0084
Greedy,2,445,-144.8067
Greedy,2,446,-148.5032
Greedy,2,447,-146.2836
Greedy,2,448,-141.4341
Greedy,2,449,-146.7133
Greedy,2,450,-142.0485
Greedy,2,451,-147.577
Greedy,2,452,-142.645
Greedy,2,453,-140.0651
Greedy,2,454,-145.3788
Greedy,2,455,-143.1193
Greedy,2,456,-144.2177
Greedy,2,457,-149.6791
Greedy,2,458,-147.8437
Greedy,2,459,-147.1385
Greedy,2,460,-145.9163
Greedy,2,461,-146.1503
Greedy,2,462,-149.1837
Greedy,2,463,-145.1375
Greedy,2,464,-145.4253
Greedy,2,465,-143.5075
Greedy,2,466,-144.9528
Greedy,2,467,-144.0389
Greedy,2,468,-141.7823
Greedy,2,469,-142.1302
Greedy,2,470,-136.3646
Greedy,2,471,-141.0916
Greedy,2,472,-145.493
Greedy,2,473,-143.6099
Greedy,2,474,-143.5233
Greedy,2,475,-144.0988
Greedy,2,476,-141.9958
Greedy,2,477,-142.741
Greedy,2,478,-146.5992
Greedy,2,479,-145.7376
Greedy,2,480,-153.5943
Greedy,2,481,-144.8662
Greedy,2,482,-145.4263
Greedy,2,483,-137.8791
Greedy,2,484,-142.5648
Greedy,2,485,-148.1795
Greedy,2,486,-145.0894
Greedy,2,487,-148.0356
Greedy,2,488,-144.1202
Greedy,2,489,-137.4779
Greedy,2,490,-148.0068
Greedy,2,491,-141.2354
Greedy,2,492,-150.0194
Greedy,2,493,-142.4423
Greedy,2,494,-143.7057
Greedy,2,495,-146.0085
Greedy,2,496,-140.9273
Greedy,2,497,-143.9582
Greedy,2,498,-146.0487
Greedy,2,499,-144.2104
Greedy,2,500,-139.5547
Greedy,3,1,-146.4165
Greedy,3,2,-142.7562
Greedy,3,3,-148.2974
Greedy,3,4,-144.0074
Greedy,3,5,-146.1353
Greedy,3,6,-146.481
Greedy,3,7,-142.3187
Greedy,3,8,-140.883
Greedy,3,9,-145.0109
Greedy,3,10,-145.6553
Greedy,3,11,-148.0451
Greedy,3,12,-145.4008
Greedy,3,13,-148.9038
Greedy,3,14,-151.2172
Greedy,3,15,-147.8398
Greedy,3,16,-146.2503
Greedy,3,17,-141.1474
Greedy,3,18,-140.7147
Greedy,3,19,-144.5918
Greedy,3,20,-142.9498
Greedy,3,21,-150.3967
Greedy,3,22,-146.5491
Greedy,3,23,-142.6922
Greedy,3,24,-142.3001
Greedy,3,25,-147.1855
Greedy,3,26,-138.926
Greedy,3,27,-142.0921
Greedy,3,28,-146.2873
Greedy,3,29,-146.4217
Greedy,3,30,-142.1389
Greedy,3,31,-142.7304
Greedy,3,32,-138.9036
Greedy,3,33,-141.6754
Greedy,3,34,-153.6444
Greedy,3,35,-146.444
Greedy,3,36,-148.4264
Greedy,3,37,-140.3032
Greedy,3,38,-143.1783
Greedy,3,39,-148.0572
Greedy,3,40,-143.4728
Greedy,3,41,-145.0548
Greedy,3,42,-140.2962
Greedy,3,43,-148.7203
Greedy,3,44,-138.9273
Greedy,3,45,-144.1909
Greedy,3,46,-147.568
Greedy,3,47,-144.8399
Greedy,3,48,-148.2417
Greedy,3,49,-139.1121
Greedy,3,50,-147.52
Greedy,3,51,-141.5778
Greedy,3,52,-142.3221
Greedy,3,53,-146.2126
Greedy,3,54,-147.6779
Greedy,3,55,-145.645
Greedy,3,56,-151.8313
Greedy,3,57,-143.5739
Greedy,3,58,-148.2344
Greedy,3,59,-140.9191
Greedy,3,60,-147.3646
Greedy,3,61,-143.6174
Greedy,3,62,-148.1294
Greedy,3,63,-146.3354
Greedy,3,64,-140.5427
Greedy,3,65,-146.543
Greedy,3,66,-144.1804
Greedy,3,67,-146.1859
Greedy,3,68,-146.7759
Greedy,3,69,-149.6754
Greedy,3,70,-146.8683
Greedy,3,71,-146.3827
Greedy,3,72,-145.3254
Greedy,3,73,-143.6909
Greedy,3,74,-145.9089
Greedy,3,75,-143.8162
Greedy,3,76,-145.8152
Greedy,3,77,-145.7316
Greedy,3,78,-150.8013
Greedy,3,79,-141.3452
Greedy,3,80,-147.6154
Greedy,3,81,-147.4358
Greedy,3,82,-145.0932
Greedy,3,83,-145.1766
Greedy,3,84,-147.1257
Greedy,3,85,-145.5752
Greedy,3,86,-140.8958
Greedy,3,87,-142.1265
Greedy,3,88,-145.5225
Greedy,3,89,-148.2449
Greedy,3,90,-147.7414
Greedy,3,91,-139.5339
Greedy,3,92,-138.5736
Greedy,3,93,-146.4706
Greedy,3,94,-144.2716
Greedy,3,95,-141.0469
Greedy,3,96,-144.5631
Greedy,3,97,-140.0459
Greedy,3,98,-146.6556
Greedy,3,99,-144.427
Greedy,3,100,-145.2837
Greedy,3,101,-147.6505
Greedy,3,102,-138.9742
Greedy,3,103,-142.43
Greedy,3,104,-142.4067
Greedy,3,105,-142.6986
Greedy,3,106,-142.2372
Greedy,3,107,-145.5843
Greedy,3,108,-142.8892
Greedy,3,109,-141.3029
Greedy,3,110,-143.7676
Greedy,3,111,-143.9422
Greedy,3,112,-146.4251
Greedy,3,113,-148.3973
Greedy,3,114,-147.0388
Greedy,3,115,-147.3305
Greedy,3,116,-147.0201
Greedy,3,117,-139.8484
Greedy,3,118,-151.6021
Greedy,3,119,-145.4882
Greedy,3,120,-145.9643
Greedy,3,121,-143.273
Greedy,3,122,-137.1978
Greedy,3,123,-145.8288
Greedy,3,124,-143.7001
Greedy,3,125,-144.3385
Greedy,3,126,-147.9737
Greedy,3,127,-140.9963
Greedy,3,128,-151.2893
Greedy,3,129,-145.0139
Greedy,3,130,-139.4179
Greedy,3,131,-148.9223
Greedy,3,132,-147.0909
Greedy,3,133,-148.0051
Greedy,3,134,-147.8461
Greedy,3,135,-143.9141
Greedy,3,136,-149.279
Greedy,3,137,-145.6862
Greedy,3,138,-144.1105
Greedy,3,139,-146.1939
Greedy,3,140,-143.3904
Greedy,3,141,-145.9013
Greedy,3,142,-144.5096
Greedy,3,143,-141.1525
Greedy,3,144,-144.5857
Greedy,3,145,-143.058
Greedy,3,146,-147.1789
Greedy,3,147,-144.24
Greedy,3,148,-145.0627
Greedy,3,149,-150.1422
Greedy,3,150,-144.0426
Greedy,3,151,-148.3748
Greedy,3,152,-144.6744
Greedy,3,153,-146.3339
Greedy,3,154,-142.965
Greedy,3,155,-149.3899
Greedy,3,156,-145.238
Greedy,3,157,-141.9258
Greedy,3,158,-139.3629
Greedy,3,159,-148.7598
Greedy,3,160,-138.5108
Greedy,3,161,-152.3424
Greedy,3,162,-140.2418
Greedy,3,163,-146.6437
Greedy,3,164,-146.7372
Greedy,3,165,-147.8587
Greedy,3,166,-145.4852
Greedy,3,167,-141.3679
Greedy,3,168,-147.5182
Greedy,3,169,-151.1086
Greedy,3,170,-143.0682
Greedy,3,171,-144.0433
Greedy,3,172,-143.8633
Greedy,3,173,-142.542
Greedy,3,174,-148.6206
Greedy,3,175,-143.7719
Greedy,3,176,-144.5978
Greedy,3,177,-144.9873
Greedy,3,178,-142.5273
Greedy,3,179,-140.4931
Greedy,3,180,-147.6189
Greedy,3,181,-143.2109
Greedy,3,182,-143.7611
Greedy,3,183,-140.347
Greedy,3,184,-146.2133
Greedy,3,185,-141.6584
Greedy,3,186,-147.3266
Greedy,3,187,-143.4315
Greedy,3,188,-147.1152
Greedy,3,189,-148.6016
Greedy,3,190,-145.3834
Greedy,3,191,-142.195
Greedy,3,192,-141.865
Greedy,3,193,-148.0385
Greedy,3,194,-141.7736
Greedy,3,195,-150.8592
Greedy,3,196,-141.2518
Greedy,3,197,-140.6695
Greedy,3,198,-145.781
Greedy,3,199,-149.3451
Greedy,3,200,-143.9307
Greedy,3,201,-148.4765
Greedy,3,202,-150.1645
Greedy,3,203,-143.6105
Greedy,3,204,-149.3733
Greedy,3,205,-142.855
Greedy,3,206,-145.8174
Greedy,3,207,-147.5415
Greedy,3,208,-148.6328
Greedy,3,209,-149.0298
Greedy,3,210,-143.5832
Greedy,3,211,-141.7465
Greedy,3,212,-137.0777
Greedy,3,213,-144.2475
Greedy,3,214,-145.4352
Greedy,3,215,-145.8096
Greedy,3,216,-144.5293
Greedy,3,217,-148.2749
Greedy,3,218,-143.9504
Greedy,3,219,-145.4891
Greedy,3,220,-144.6151
Greedy,3,221,-144.2518
Greedy,3,222,-142.8196
Greedy,3,223,-143.541
Greedy,3,224,-149.0998
Greedy,3,225,-149.3147
Greedy,3,226,-142.4471
Greedy,3,227,-148.1927
Greedy,3,228,-151.436
Greedy,3,229,-141.6954
Greedy,3,230,-138.3818
Greedy,3,231,-138.6227
Greedy,3,232,-142.2964
Greedy,3,233,-139.8109
Greedy,3,234,-147.8176
Greedy,3,235,-146.892
Greedy,3,236,-143.0736
Greedy,3,237,-144.8335
Greedy,3,238,-144.712
Greedy,3,239,-139.4442
Greedy,3,240,-142.5315
Greedy,3,241,-148.1481
Greedy,3,242,-146.4569
Greedy,3,243,-141.4331
Greedy,3,244,-145.777
Greedy,3,245,-147.6779
Greedy,3,246,-147.5541
Greedy,3,247,-146.2485
Greedy,3,248,-146.7483
Greedy,3,249,-137.4035
Greedy,3,250,-148.9606
Greedy,3,251,-151.9251
Greedy,3,252,-147.1973
Greedy,3,253,-148.9842
Greedy,3,254,-144.4482
Greedy,3,255,-147.7136
Greedy,3,256,-141.4611
Greedy,3,257,-145.5738
Greedy,3,258,-142.9212
Greedy,3,259,-142.062
Greedy,3,260,-144.209
Greedy,3,261,-147.1982
Greedy,3,262,-143.4998
Greedy,3,263,-144.1862
Greedy,3,264,-140.7972
Greedy,3,265,-148.8405
Greedy,3,266,-143.6171
Greedy,3,267,-141.7096
Greedy,3,268,-145.7905
Greedy,3,269,-148.9983
Greedy,3,270,-146.0022
Greedy,3,271,-144.7626
Greedy,3,272,-146.1796
Greedy,3,273,-140.6469
Greedy,3,274,-145.9959
Greedy,3,275,-140.9794
Greedy,3,276,-143.7404
Greedy,3,277,-141.8156
Greedy,3,278,-142.4367
Greedy,3,279,-142.1522
Greedy,3,280,-145.1466
Greedy,3,281,-143.9987
Greedy,3,282,-154.7499
Greedy,3,283,-143.4101
Greedy,3,284,-145.4042
Greedy,3,285,-146.222
Greedy,3,286,-142.4141
Greedy,3,287,-151.095
Greedy,3,288,-140.5626
Greedy,3,289,-149.8296
Greedy,3,290,-142.8188
Greedy,3,291,-142.3245
Greedy,3,292,-144.4698
Greedy,3,293,-148.2114
Greedy,3,294,-146.6605
Greedy,3,295,-150.2789
Greedy,3,296,-141.7305
Greedy,3,297,-152.3126
Greedy,3,298,-142.4456
Greedy,3,299,-144.0074
Greedy,3,300,-140.8065
Greedy,3,301,-144.0393
Greedy,3,302,-139.6182
Greedy,3,303,-147.1155
Greedy,3,304,-149.4304
Greedy,3,305,-148.5478
Greedy,3,306,-148.8353
Greedy,3,307,-144.1893
Greedy,3,308,-143.5534
Greedy,3,309,-145.4339
Greedy,3,310,-139.3014
Greedy,3,311,-140.1505
Greedy,3,312,-144.0329
Greedy,3,313,-146.165
Greedy,3,314,-150.5813
Greedy,3,315,-147.5527
Greedy,3,316,-147.9792
Greedy,3,317,-154.4724
Greedy,3,318,-147.5354
Greedy,3,319,-146.0615
Greedy,3,320,-140.0994
Greedy,3,321,-145.3682
Greedy,3,322,-142.906
Greedy,3,323,-146.7242
Greedy,3,324,-145.1819
Greedy,3,325,-142.1148
Greedy,3,326,-143.1766
Greedy,3,327,-144.7626
Greedy,3,328,-143.6521
Greedy,3,329,-141.2397
Greedy,3,330,-148.4854
Greedy,3,331,-148.4378
Greedy,3,332,-145.438
Greedy,3,333,-150.6392
Greedy,3,334,-143.1571
Greedy,3,335,-148.3411
Greedy,3,336,-142.1857
Greedy,3,337,-145.6742
Greedy,3,338,-143.2709
Greedy,3,339,-145.8986
Greedy,3,340,-143.664
Greedy,3,341,-148.1272
Greedy,3,342,-147.1358
Greedy,3,343,-145.5607
Greedy,3,344,-147.2166
Greedy,3,345,-143.5737
Greedy,3,346,-148.045
Greedy,3,347,-147.7319
Greedy,3,348,-141.1918
Greedy,3,349,-139.9894
Greedy,3,350,-147.2973
Greedy,3,351,-148.8775
Greedy,3,352,-142.2503
Greedy,3,353,-143.939
Greedy,3,354,-142.315
Greedy,3,355,-149.1188
Greedy,3,356,-145.9275
Greedy,3,357,-143.2398
Greedy,3,358,-145.1454
Greedy,3,359,-140.9841
Greedy,3,360,-142.566
Greedy,3,361,-146.8141
Greedy,3,362,-135.8039
Greedy,3,363,-144.4088
Greedy,3,364,-143.0155
Greedy,3,365,-144.6595
Greedy,3,366,-152.2749
Greedy,3,367,-148.5525
Greedy,3,368,-138.188
Greedy,3,369,-145.3233
Greedy,3,370,-149.0392
Greedy,3,371,-150.3
Greedy,3,372,-149.6712
Greedy,3,373,-146.7659
Greedy,3,374,-149.9683
Greedy,3,375,-146.6363
Greedy,3,376,-153.7425
Greedy,3,377,-143.9131
Greedy,3,378,-145.0712
Greedy,3,379,-144.6187
Greedy,3,380,-143.3219
Greedy,3,381,-152.7333
Greedy,3,382,-141.9584
Greedy,3,383,-142.2024
Greedy,3,384,-152.9668
Greedy,3,385,-143.1462
Greedy,3,386,-143.7288
Greedy,3,387,-143.0118
Greedy,3,388,-142.6302
Greedy,3,389,-145.3294
Greedy,3,390,-143.3689
Greedy,3,391,-141.6541
Greedy,3,392,-141.5453
Greedy,3,393,-142.6461
Greedy,3,394,-141.2155
Greedy,3,395,-145.4579
Greedy,3,396,-147.3825
Greedy,3,397,-148.047
Greedy,3,398,-144.2489
Greedy,3,399,-146.8989
Greedy,3,400,-147.7718
Greedy,3,401,-140.474
Greedy,3,402,-145.7924
Greedy,3,403,-145.103
Greedy,3,404,-139.6645
Greedy,3,405,-147.0068
Greedy,3,406,-140.5708
Greedy,3,407,-143.2231
Greedy,3,408,-149.804
Greedy,3,409,-144.3828
Greedy,3,410,-143.0144
Greedy,3,411,-138.5722
Greedy,3,412,-144.8311
Greedy,3,413,-144.5707
Greedy,3,414,-143.6644
Greedy,3,415,-140.4615
Greedy,3,416,-145.0683
Greedy,3,417,-145.7523
Greedy,3,418,-140.174
Greedy,3,419,-148.0744
Greedy,3,420,-145.9266
Greedy,3,421,-148.6428
Greedy,3,422,-143.7629
Greedy,3,423,-144.7359
Greedy,3,424,-147.5492
Greedy,3,425,-150.8058
Greedy,3,426,-143.1254
Greedy,3,427,-144.0878
Greedy,3,428,-146.4364
Greedy,3,429,-143.837
Greedy,3,430,-155.1088
Greedy,3,431,-149.4791
Greedy,3,432,-142.1603
Greedy,3,433,-143.2331
Greedy,3,434,-145.7511
Greedy,3,435,-148.5815
Greedy,3,436,-145.261
Greedy,3,437,-143.1623
Greedy,3,438,-141.0982
Greedy,3,439,-143.4004
Greedy,3,440,-144.9436
Greedy,3,441,-142.7296
Greedy,3,442,-142.3872
Greedy,3,443,-140.0159
Greedy,3,444,-149.3504
Greedy,3,445,-148.7457
Greedy,3,446,-148.1938
Greedy,3,447,-145.3375
Greedy,3,448,-145.8469
Greedy,3,449,-144.1183
Greedy,3,450,-148.149
Greedy,3,451,-142.3917
Greedy,3,452,-146.0581
Greedy,3,453,-140.4892
Greedy,3,454,-150.956
Greedy,3,455,-146.8192
Greedy,3,456,-142.3463
Greedy,3,457,-149.5302
Greedy,3,458,-147.9669
Greedy,3,459,-141.873
Greedy,3,460,-148.9051
Greedy,3,461,-149.5045
Greedy,3,462,-144.8147
Greedy,3,463,-148.003
Greedy,3,464,-145.5195
Greedy,3,465,-141.4136
Greedy,3,466,-150.7422
Greedy,3,467,-143.9835
Greedy,3,468,-142.4593
Greedy,3,469,-139.5289
Greedy,3,470,-150.7443
Greedy,3,471,-143.713
Greedy,3,472,-146.3019
Greedy,3,473,-143.9084
Greedy,3,474,-135.3505
Greedy,3,475,-143.0848
Greedy,3,476,-146.9273
Greedy,3,477,-147.0898
Greedy,3,478,-146.9132
Greedy,3,479,-139.4115
Greedy,3,480,-151.3654
Greedy,3,481,-148.7661
Greedy,3,482,-152.0253
Greedy,3,483,-144.7953
Greedy,3,484,-150.9144
Greedy,3,485,-150.1491
Greedy,3,486,-150.4139
Greedy,3,487,-140.831
Greedy,3,488,-147.7226
Greedy,3,489,-147.7979
Greedy,3,490,-151.6955
Greedy,3,491,-145.6721
Greedy,3,492,-137.2833
Greedy,3,493,-140.5331
Greedy,3,494,-147.1715
Greedy,3,495,-145.7307
Greedy,3,496,-143.7512
Greedy,3,497,-143.5938
Greedy,3,498,-142.955
Greedy,3,499,-144.3182
Greedy,3,500,-148.9293
Greedy,4,1,-150.0158
Greedy,4,2,-150.5378
Greedy,4,3,-146.927
Greedy,4,4,-135.1792
Greedy,4,5,-142.4168
Greedy,4,6,-147.4563
Greedy,4,7,-147.2068
Greedy,4,8,-143.9299
Greedy,4,9,-142.1083
Greedy,4,10,-142.6468
Greedy,4,11,-142.2188
Greedy,4,12,-144.2645
Greedy,4,13,-143.7309
Greedy,4,14,-145.0547
Greedy,4,15,-146.1413
Greedy,4,16,-147.9495
Greedy,4,17,-149.7223
Greedy,4,18,-145.542
Greedy,4,19,-146.1038
Greedy,4,20,-141.55
Greedy,4,21,-150.5745
Greedy,4,22,-144.9271
Greedy,4,23,-148.4155
Greedy,4,24,-149.3113
Greedy,4,25,-144.9799
Greedy,4,26,-149.6741
Greedy,4,27,-146.0353
Greedy,4,28,-143.4468
Greedy,4,29,-146.6371
Greedy,4,30,-143.1291
Greedy,4,31,-142.7539
Greedy,4,32,-147.2182
Greedy,4,33,-150.3729
Greedy,4,34,-144.7049
Greedy,4,35,-142.7948
Greedy,4,36,-147.9089
Greedy,4,37,-151.8773
Greedy,4,38,-137.6942
Greedy,4,39,-144.2521
Greedy,4,40,-145.4775
Greedy,4,41,-147.7613
Greedy,4,42,-151.1518
Greedy,4,43,-140.6963
Greedy,4,44,-144.3483
Greedy,4,45,-141.9297
Greedy,4,46,-147.5841
Greedy,4,47,-141.7822
Greedy,4,48,-141.5074
Greedy,4,49,-147.5053
Greedy,4,50,-144.2074
Greedy,4,51,-143.4961
Greedy,4,52,-145.4754
Greedy,4,53,-149.5118
Greedy,4,54,-143.4167
Greedy,4,55,-144.0822
Greedy,4,56,-138.0264
Greedy,4,57,-143.2346
Greedy,4,58,-144.9745
Greedy,4,59,-147.5046
Greedy,4,60,-147.0145
Greedy,4,61,-148.8388
Greedy,4,62,-147.5349
Greedy,4,63,-148.0235
Greedy,4,64,-146.3475
Greedy,4,65,-144.3993
Greedy,4,66,-144.9709
Greedy,4,67,-140.5322
Greedy,4,68,-140.6386
Greedy,4,69,-141.4328
Greedy,4,70,-147.7948
Greedy,4,71,-145.3051
Greedy,4,72,-145.9876
Greedy,4,73,-145.2633
Greedy,4,74,-150.7939
Greedy,4,75,-152.965
Greedy,4,76,-139.8027
Greedy,4,77,-148.8522
Greedy,4,78,-143.7733
Greedy,4,79,-143.7609
Greedy,4,80,-139.6983
Greedy,4,81,-146.4783
Greedy,4,82,-146.4794
Greedy,4,83,-142.7732
Greedy,4,84,-145.0488
Greedy,4,85,-145.0496
Greedy,4,86,-140.5715
Greedy,4,87,-142.6462
Greedy,4,88,-148.2762
Greedy,4,89,-147.7559
Greedy,4,90,-144.9632
Greedy,4,91,-142.8517
Greedy,4,92,-145.9646
Greedy,4,93,-146.164
Greedy,4,94,-143.087
Greedy,4,95,-151.0044
Greedy,4,96,-149.796
Greedy,4,97,-145.1225
Greedy,4,98,-147.4688
Greedy,4,99,-146.7926
Greedy,4,100,-148.0965
Greedy,4,101,-140.4602
Greedy,4,102,-141.6548
Greedy,4,103,-140.5312
Greedy,4,104,-148.6946
Greedy,4,105,-141.1518
Greedy,4,106,-145.5054
Greedy,4,107,-143.5913
Greedy,4,108,-138.3091
Greedy,4,109,-157.6619
Greedy,4,110,-143.5181
Greedy,4,111,-145.8241
Greedy,4,112,-144.9792
Greedy,4,113,-144.973
Greedy,4,114,-144.9644
Greedy,4,115,-154.1926
Greedy,4,116,-140.3133
Greedy,4,117,-146.1049
Greedy,4,118,-139.3276
Greedy,4,119,-141.2052
Greedy,4,120,-144.11
Greedy,4,121,-145.9571
Greedy,4,122,-154.6021
Greedy,4,123,-144.6722
Greedy,4,124,-143.9209
Greedy,4,125,-141.0499
Greedy,4,126,-147.6322
Greedy,4,127,-144.1161
Greedy,4,128,-142.3345
Greedy,4,129,-143.6647
Greedy,4,130,-151.4659
Greedy,4,131,-144.0341
Greedy,4,132,-147.9235
Greedy,4,133,-144.5352
Greedy,4,134,-145.5195
Greedy,4,135,-146.0519
Greedy,4,136,-152.9121
Greedy,4,137,-147.1067
Greedy,4,138,-143.3056
Greedy,4,139,-148.2498
Greedy,4,140,-145.025
Greedy,4,141,-144.5869
Greedy,4,142,-144.0619
Greedy,4,143,-150.0702
Greedy,4,144,-146.5616
Greedy,4,145,-145.6988
Greedy,4,146,-147.274
Greedy,4,147,-147.2853
Greedy,4,148,-140.7639
Greedy,4,149,-147.0507
Greedy,4,150,-141.6119
Greedy,4,151,-143.6815
Greedy,4,152,-148.7547
Greedy,4,153,-142.2908
Greedy,4,154,-142.2215
Greedy,4,155,-147.8114
Greedy,4,156,-144.3689
Greedy,4,157,-142.2393
Greedy,4,158,-142.3494
Greedy,4,159,-140.2842
Greedy,4,160,-143.2735
Greedy,4,161,-146.9418
Greedy,4,162,-150.273
Greedy,4,163,-145.1189
Greedy,4,164,-147.8349
Greedy,4,165,-145.8246
Greedy,4,166,-138.713
Greedy,4,167,-142.5333
Greedy,4,168,-144.3528
Greedy,4,169,-141.1559
Greedy,4,170,-144.219
Greedy,4,171,-152.1659
Greedy,4,172,-140.7744
Greedy,4,173,-147.4447
Greedy,4,174,-143.9309
Greedy,4,175,-141.8611
Greedy,4,176,-149.6531
Greedy,4,177,-141.3916
Greedy,4,178,-149.749
Greedy,4,179,-152.0223
Greedy,4,180,-143.834
Greedy,4,181,-146.4295
Greedy,4,182,-148.6076
Greedy,4,183,-148.8452
Greedy,4,184,-146.987
Greedy,4,185,-144.7906
Greedy,4,186,-138.2262
Greedy,4,187,-145.9503
Greedy,4,188,-149.1918
Greedy,4,189,-140.8011
Greedy,4,190,-142.5
Greedy,4,191,-140.5143
Greedy,4,192,-151.3742
Greedy,4,193,-140.1555
Greedy,4,194,-146.4408
Greedy,4,195,-151.7772
Greedy,4,196,-144.8999
Greedy,4,197,-144.3173
Greedy,4,198,-144.2733
Greedy,4,199,-141.0626
Greedy,4,200,-149.5744
Greedy,4,201,-139.7326
Greedy,4,202,-149.1804
Greedy,4,203,-147.8629
Greedy,4,204,-148.037
Greedy,4,205,-140.1533
Greedy,4,206,-135.065
Greedy,4,207,-143.9522
Greedy,4,208,-149.3798
Greedy,4,209,-144.2507
Greedy,4,210,-143.8608
Greedy,4,211,-145.1742
Greedy,4,212,-151.8953
Greedy,4,213,-144.3002
Greedy,4,214,-150.8066
Greedy,4,215,-141.4811
Greedy,4,216,-147.2586
Greedy,4,217,-151.7363
Greedy,4,218,-136.0124
Greedy,4,219,-145.4599
Greedy,4,220,-139.516
Greedy,4,221,-141.9614
Greedy,4,222,-151.6892
Greedy,4,223,-146.7752
Greedy,4,224,-145.2517
Greedy,4,225,-142.7813
Greedy,4,226,-140.5747
Greedy,4,227,-142.0413
Greedy,4,228,-143.6139
Greedy,4,229,-148.5627
Greedy,4,230,-143.3664
Greedy,4,231,-136.7653
Greedy,4,232,-144.3604
Greedy,4,233,-144.7776
Greedy,4,234,-146.5017
Greedy,4,235,-143.3264
Greedy,4,236,-142.7128
Greedy,4,237,-143.597
Greedy,4,238,-151.5211
Greedy,4,239,-143.932
Greedy,4,240,-149.0359
Greedy,4,241,-143.7781
Greedy,4,242,-144.9751
Greedy,4,243,-145.4233
Greedy,4,244,-146.5777
Greedy,4,245,-145.9432
Greedy,4,246,-147.1686
Greedy,4,247,-152.6171
Greedy,4,248,-147.2559
Greedy,4,249,-136.8696
Greedy,4,250,-144.3385
Greedy,4,251,-146.203
Greedy,4,252,-144.2008
Greedy,4,253,-139.9198
Greedy,4,254,-142.6826
Greedy,4,255,-144.2492
Greedy,4,256,-145.9735
Greedy,4,257,-144.6101
Greedy,4,258,-143.5915
Greedy,4,259,-148.7436
Greedy,4,260,-149.7404
Greedy,4,261,-140.3357
Greedy,4,262,-148.304
Greedy,4,263,-147.1048
Greedy,4,264,-144.8456
Greedy,4,265,-150.4513
Greedy,4,266,-147.4642
Greedy,4,267,-146.54
Greedy,4,268,-145.7139
Greedy,4,269,-144.9119
Greedy,4,270,-147.5148
Greedy,4,271,-140.5723
Greedy,4,272,-146.3524
Greedy,4,273,-140.4219
Greedy,4,274,-148.831
Greedy,4,275,-147.1599
Greedy,4,276,-142.6671
Greedy,4,277,-144.5978
Greedy,4,278,-148.7559
Greedy,4,279,-139.6096
Greedy,4,280,-143.8302
Greedy,4,281,-148.7066
Greedy,4,282,-151.8159
Greedy,4,283,-144.4335
Greedy,4,284,-142.2821
Greedy,4,285,-145.5311
Greedy,4,286,-139.3596
Greedy,4,287,-143.4859
Greedy,4,288,-144.2999
Greedy,4,289,-150.9673
Greedy,4,290,-145.5292
Greedy,4,291,-147.0721
Greedy,4,292,-146.791
Greedy,4,293,-139.8302
Greedy,4,294,-142.9955
Greedy,4,295,-147.2533
Greedy,4,296,-151.6021
Greedy,4,297,-145.8134
Greedy,4,298,-141.8954
Greedy,4,299,-146.2256
Greedy,4,300,-150.8234
Greedy,4,301,-142.4473
Greedy,4,302,-145.6755
Greedy,4,303,-139.5397
Greedy,4,304,-144.4259
Greedy,4,305,-148.1147
Greedy,4,306,-143.3832
Greedy,4,307,-140.9039
Greedy,4,308,-141.0552
Greedy,4,309,-145.2791
Greedy,4,310,-144.4569
Greedy,4,311,-143.719
Greedy,4,312,-141.5912
Greedy,4,313,-139.7521
Greedy,4,314,-148.1331
Greedy,4,315,-136.9487
Greedy,4,316,-146.5799
Greedy,4,317,-144.8237
Greedy,4,318,-145.7457
Greedy,4,319,-144.0638
Greedy,4,320,-142.6806
Greedy,4,321,-146.7806
Greedy,4,322,-147.4168
Greedy,4,323,-155.2236
Greedy,4,324,-142.734
Greedy,4,325,-146.4579
Greedy,4,326,-144.2891
Greedy,4,327,-147.3127
Greedy,4,328,-145.4502
Greedy,4,329,-140.6998
Greedy,4,330,-154.1816
Greedy,4,331,-143.3898
Greedy,4,332,-144.4826
Greedy,4,333,-147.4221
Greedy,4,334,-146.6182
Greedy,4,335,-146.7644
Greedy,4,336,-144.7926
Greedy,4,337,-144.7861
Greedy,4,338,-145.7705
Greedy,4,339,-147.6737
Greedy,4,340,-144.2497
Greedy,4,341,-148.2165
Greedy,4,342,-144.7615
Greedy,4,343,-147.1326
Greedy,4,344,-137.8171
Greedy,4,345,-149.1502
Greedy,4,346,-147.2168
Greedy,4,347,-149.8535
Greedy,4,348,-141.9194
Greedy,4,349,-148.2556
Greedy,4,350,-148.0132
Greedy,4,351,-140.4441
Greedy,4,352,-151.9831
Greedy,4,353,-146.8868
Greedy,4,354,-142.701
Greedy,4,355,-144.2179
Greedy,4,356,-146.8721
Greedy,4,357,-145.921
Greedy,4,358,-145.5381
Greedy,4,359,-143.5065
Greedy,4,360,-140.6217
Greedy,4,361,-149.0188
Greedy,4,362,-150.698
Greedy,4,363,-144.2447
Greedy,4,364,-141.7384
Greedy,4,365,-143.6638
Greedy,4,366,-140.29
Greedy,4,367,-143.8455
Greedy,4,368,-143.0605
Greedy,4,369,-137.7232
Greedy,4,370,-146.2231
Greedy,4,371,-145.3337
Greedy,4,372,-141.3541
Greedy,4,373,-149.7057
Greedy,4,374,-143.4453
Greedy,4,375,-142.8065
Greedy,4,376,-146.684
Greedy,4,377,-138.9496
Greedy,4,378,-145.075
Greedy,4,379,-149.4531
Greedy,4,380,-151.9573
Greedy,4,381,-144.7779
Greedy,4,382,-148.7537
Greedy,4,383,-145.576
Greedy,4,384,-146.6159
Greedy,4,385,-148.2909
Greedy,4,386,-143.6035
Greedy,4,387,-142.1625
Greedy,4,388,-144.6583
Greedy,4,389,-140.0934
Greedy,4,390,-140.0847
Greedy,4,391,-140.1478
Greedy,4,392,-146.3206
Greedy,4,393,-147.6122
Greedy,4,394,-141.5732
Greedy,4,395,-147.7587
Greedy,4,396,-148.1378
Greedy,4,397,-144.5329
Greedy,4,398,-149.7653
Greedy,4,399,-148.4074
Greedy,4,400,-140.6941
Greedy,4,401,-147.3197
Greedy,4,402,-139.1336
Greedy,4,403,-142.0675
Greedy,4,404,-147.7851
Greedy,4,405,-143.0816
Greedy,4,406,-147.5996
Greedy,4,407,-142.6308
Greedy,4,408,-147.1256
Greedy,4,409,-145.3957
Greedy,4,410,-144.7497
Greedy,4,411,-149.744
Greedy,4,412,-144.2299
Greedy,4,413,-154.434
Greedy,4,414,-144.9022
Greedy,4,415,-151.6825
Greedy,4,416,-142.33
Greedy,4,417,-143.9047
Greedy,4,418,-147.1087
Greedy,4,419,-145.1071
Greedy,4,420,-145.8744
Greedy,4,421,-143.2892
Greedy,4,422,-141.3277
Greedy,4,423,-144.962
Greedy,4,424,-139.228
Greedy,4,425,-145.0339
Greedy,4,426,-144.7385
Greedy,4,427,-147.053
Greedy,4,428,-142.8928
Greedy,4,429,-143.2874
Greedy,4,430,-145.7542
Greedy,4,431,-140.5515
Greedy,4,432,-146.6549
Greedy,4,433,-145.0139
Greedy,4,434,-154.1228
Greedy,4,435,-143.1221
Greedy,4,436,-140.6532
Greedy,4,437,-147.5136
Greedy,4,438,-143.398
Greedy,4,439,-146.1059
Greedy,4,440,-144.0597
Greedy,4,441,-141.9071
Greedy,4,442,-139.4199
Greedy,4,443,-142.7307
Greedy,4,444,-142.2445
Greedy,4,445,-145.7585
Greedy,4,446,-142.3877
Greedy,4,447,-148.547
Greedy,4,448,-138.167
Greedy,4,449,-143.676
Greedy,4,450,-144.8324
Greedy,4,451,-144.6008
Greedy,4,452,-149.5954
Greedy,4,453,-147.8455
Greedy,4,454,-137.8022
Greedy,4,455,-145.7972
Greedy,4,456,-141.6328
Greedy,4,457,-153.5314
Greedy,4,458,-149.0637
Greedy,4,459,-143.9657
Greedy,4,460,-146.4925
Greedy,4,461,-140.6276
Greedy,4,462,-141.9852
Greedy,4,463,-145.4424
Greedy,4,464,-139.2844
Greedy,4,465,-144.4368
Greedy,4,466,-140.6399
Greedy,4,467,-142.5945
Greedy,4,468,-146.1904
Greedy,4,469,-149.64
Greedy,4,470,-148.199
Greedy,4,471,-139.217
Greedy,4,472,-140.6371
Greedy,4,473,-149.9816
Greedy,4,474,-144.3351
Greedy,4,475,-140.1771
Greedy,4,476,-145.3823
Greedy,4,477,-150.8788
Greedy,4,478,-144.3055
Greedy,4,479,-139.2212
Greedy,4,480,-148.8143
Greedy,4,481,-143.6958
Greedy,4,482,-146.6384
Greedy,4,483,-139.529
Greedy,4,484,-146.3487
Greedy,4,485,-144.0099
Greedy,4,486,-148.1742
Greedy,4,487,-142.9763
Greedy,4,488,-141.811
Greedy,4,489,-146.2092
Greedy,4,490,-151.8327
Greedy,4,491,-146.4803
Greedy,4,492,-145.8201
Greedy,4,493,-141.1162
Greedy,4,494,-145.4048
Greedy,4,495,-145.1131
Greedy,4,496,-143.206
Greedy,4,497,-144.5868
Greedy,4,498,-143.6326
Greedy,4,499,-139.7744
Greedy,4,500,-150.0107
Local,0,1,-71.8929
Local,0,2,-71.7395
Local,0,3,-73.409
Local,0,4,-71.6446
Local,0,5,-70.4689
Local,0,6,-70.9974
Local,0,7,-70.584
Local,0,8,-72.5038
Local,0,9,-72.1121
Local,0,10,-72.0312
Local,0,11,-71.9848
Local,0,12,-72.2471
Local,0,13,-73.6982
Local,0,14,-72.3452
Local,0,15,-72.3674
Local,0,16,-71.8407
Local,0,17,-73.0716
Local,0,18,-72.9433
Local,0,19,-72.6284
Local,0,20,-72.4126
Local,0,21,-70.6811
Local,0,22,-71.6872
Local,0,23,-72.8878
Local,0,24,-73.3467
Local,0,25,-73.8014
Local,0,26,-73.1792
Local,0,27,-70.7218
Local,0,28,-71.0875
Local,0,29,-70.5832
Local,0,30,-72.5413
Local,0,31,-72.6604
Local,0,32,-71.6751
Local,0,33,-71.5464
Local,0,34,-71.7396
Local,0,35,-70.4933
Local,0,36,-72.9109
Local,0,37,-70.7529
Local,0,38,-73.8447
Local,0,39,-72.7242
Local,0,40,-72.169
Local,0,41,-70.6454
Local,0,42,-71.3184
Local,0,43,-72.8821
Local,0,44,-72.9683
Local,0,45,-72.3882
Local,0,46,-71.6039
Local,0,47,-72.0651
Local,0,48,-71.5406
Local,0,49,-71.57
Local,0,50,-70.8521
Local,0,51,-73.113
Local,0,52,-72.0481
Local,0,53,-72.9072
Local,0,54,-72.9027
Local,0,55,-72.1428
Local,0,56,-71.9395
Local,0,57,-70.848
Local,0,58,-71.9528
Local,0,59,-71.643
Local,0,60,-71.9883
Local,0,61,-73.6908
Local,0,62,-69.7727
Local,0,63,-73.2088
Local,0,64,-72.148
Local,0,65,-73.0728
Local,0,66,-70.5672
Local,0,67,-72.0508
Local,0,68,-71.0722
Local,0,69,-73.1451
Local,0,70,-71.9581
Local,0,71,-71.4111
Local,0,72,-70.1073
Local,0,73,-71.9502
Local,0,74,-71.8603
Local,0,75,-73.5241
Local,0,76,-71.4858
Local,0,77,-73.5819
Local,0,78,-73.6971
Local,0,79,-71.5503
Local,0,80,-71.0902
Local,0,81,-72.543
Local,0,82,-73.2961
Local,0,83,-70.2554
Local,0,84,-71.8444
Local,0,85,-71.1995
Local,0,86,-72.0336
Local,0,87,-73.1371
Local,0,88,-71.3671
Local,0,89,-71.2767
Local,0,90,-72.3169
Local,0,91,-71.2728
Local,0,92,-72.8289
Local,0,93,-70.8209
Local,0,94,-71.3999
Local,0,95,-72.9438
Local,0,96,-71.5247
Local,0,97,-72.4808
Local,0,98,-72.7252
Local,0,99,-70.6126
Local,0,100,-72.2344
Local,0,101,-72.4811
Local,0,102,-71.0355
Local,0,103,-71.3525
Local,0,104,-72.7913
Local,0,105,-70.2985
Local,0,106,-73.3733
Local,0,107,-71.6991
Local,0,108,-71.4734
Local,0,109,-72.7084
Local,0,110,-72.8163
Local,0,111,-70.8109
Local,0,112,-71.7943
Local,0,113,-73.4002
Local,0,114,-73.2703
Local,0,115,-73.0332
Local,0,116,-71.7172
Local,0,117,-70.6381
Local,0,118,-71.9778
Local,0,119,-74.6413
Local,0,120,-73.6132
Local,0,121,-71.4316
Local,0,122,-73.3862
Local,0,123,-71.2702
Local,0,124,-73.2517
Local,0,125,-71.4028
Local,0,126,-70.8067
Local,0,127,-72.1252
Local,0,128,-72.1343
Local,0,129,-70.7525
Local,0,130,-75.1277
Local,0,131,-72.0453
Local,0,132,-71.1883
Local,0,133,-71.9362
Local,0,134,-71.986
Local,0,135,-69.8722
Local,0,136,-70.5151
Local,0,137,-72.5893
Local,0,138,-72.2466
Local,0,139,-72.9686
Local,0,140,-72.4088
Local,0,141,-72.975
Local,0,142,-73.0454
Local,0,143,-73.3123
Local,0,144,-71.3089
Local,0,145,-71.8249
Local,0,146,-73.6799
Local,0,147,-71.489
Local,0,148,-72.1589
Local,0,149,-70.5161
Local,0,150,-71.6164
Local,0,151,-71.4397
Local,0,152,-72.2377
Local,0,153,-71.8497
Local,0,154,-72.3777
Local,0,155,-72.1151
Local,0,156,-72.1373
Local,0,157,-72.3209
Local,0,158,-72.7346
Local,0,159,-70.4131
Local,0,160,-71.5449
Local,0,161,-73.6694
Local,0,162,-73.3931
Local,0,163,-71.6028
Local,0,164,-71.7202
Local,0,165,-71.0053
Local,0,166,-69.469
Local,0,167,-72.1718
Local,0,168,-71.5156
Local,0,169,-71.4542
Local,0,170,-71.7648
Local,0,171,-72.9044
Local,0,172,-73.1054
Local,0,173,-72.1209
Local,0,174,-72.149
Local,0,175,-72.3989
Local,0,176,-71.9436
Local,0,177,-72.3188
Local,0,178,-73.8744
Local,0,179,-70.5935
Local,0,180,-71.6998
Local,0,181,-72.5958
Local,0,182,-72.3498
Local,0,183,-71.7781
Local,0,184,-71.1
Local,0,185,-74.6581
Local,0,186,-72.5563
Local,0,187,-73.3687
Local,0,188,-71.6571
Local,0,189,-70.1519
Local,0,190,-72.6777
Local,0,191,-71.862
Local,0,192,-72.2855
Local,0,193,-71.5536
Local,0,194,-72.1135
Local,0,195,-74.0295
Local,0,196,-71.0454
Local,0,197,-72.5005
Local,0,198,-71.7758
Local,0,199,-71.8405
Local,0,200,-70.9789
Local,0,201,-70.7245
Local,0,202,-73.0016
Local,0,203,-72.4009
Local,0,204,-72.4179
Local,0,205,-74.6682
Local,0,206,-70.9358
Local,0,207,-71.3427
Local,0,208,-70.2489
Local,0,209,-73.2241
Local,0,210,-71.8054
Local,0,211,-72.4683
Local,0,212,-70.7124
Local,0,213,-71.2559
Local,0,214,-69.6795
Local,0,215,-73.287
Local,0,216,-71.5685
Local,0,217,-72.3332
Local,0,218,-73.5131
Local,0,219,-72.1889
Local,0,220,-71.9179
Local,0,221,-71.8792
Local,0,222,-72.6859
Local,0,223,-71.8507
Local,0,224,-71.2458
Local,0,225,-72.2819
Local,0,226,-72.7457
Local,0,227,-72.1394
Local,0,228,-73.0154
Local,0,229,-71.6595
Local,0,230,-71.8731
Local,0,231,-72.2149
Local,0,232,-70.1308
Local,0,233,-72.5021
Local,0,234,-70.732
Local,0,235,-73.468
Local,0,236,-72.6083
Local,0,237,-72.5281
Local,0,238,-73.8219
Local,0,239,-71.4921
Local,0,240,-71.8235
Local,0,241,-73.163
Local,0,242,-73.8391
Local,0,243,-72.9096
Local,0,244,-72.679
Local,0,245,-73.7695
Local,0,246,-72.9878
Local,0,247,-72.2369
Local,0,248,-71.1634
Local,0,249,-73.9603
Local,0,250,-72.7469
Local,0,251,-72.3586
Local,0,252,-70.3651
Local,0,253,-69.8696
Local,0,254,-73.23
Local,0,255,-71.6507
Local,0,256,-70.5472
Local,0,257,-71.1909
Local,0,258,-70.9542
Local,0,259,-72.3971
Local,0,260,-71.4106
Local,0,261,-72.6978
Local,0,262,-72.3744
Local,0,263,-71.966
Local,0,264,-71.3525
Local,0,265,-71.4933
Local,0,266,-74.6539
Local,0,267,-71.9498
Local,0,268,-72.519
Local,0,269,-71.7817
Local,0,270,-72.5849
Local,0,271,-72.1972
Local,0,272,-70.357
Local,0,273,-71.448
Local,0,274,-74.8139
Local,0,275,-72.4112
Local,0,276,-71.7545
Local,0,277,-71.1126
Local,0,278,-71.3765
Local,0,279,-73.82
Local,0,280,-72.2631
Local,0,281,-70.4876
Local,0,282,-72.2617
Local,0,283,-72.7078
Local,0,284,-71.9546
Local,0,285,-71.5495
Local,0,286,-72.1358
Local,0,287,-70.9301
Local,0,288,-72.5214
Local,0,289,-71.1459
Local,0,290,-69.9288
Local,0,291,-72.9574
Local,0,292,-71.6378
Local,0,293,-73.3724
Local,0,294,-72.7887
Local,0,295,-72.3993
Local,0,296,-70.7835
Local,0,297,-71.306
Local,0,298,-71.0905
Local,0,299,-71.9621
Local,0,300,-71.6185
Local,0,301,-71.111
Local,0,302,-72.0989
Local,0,303,-72.2592
Local,0,304,-72.9
Local,0,305,-72.527
Local,0,306,-72.5604
Local,0,307,-71.5541
Local,0,308,-73.6938
Local,0,309,-72.0289
Local,0,310,-73.2961
Local,0,311,-72.6977
Local,0,312,-71.8728
Local,0,313,-73.8978
Local,0,314,-71.7512
Local,0,315,-71.8315
Local,0,316,-72.8219
Local,0,317,-72.4775
Local,0,318,-72.2066
Local,0,319,-72.2475
Local,0,320,-73.2095
Local,0,321,-72.0428
Local,0,322,-70.7753
Local,0,323,-71.4415
Local,0,324,-71.3703
Local,0,325,-72.3927
Local,0,326,-73.3871
Local,0,327,-71.2959
Local,0,328,-72.4108
Local,0,329,-72.62
Local,0,330,-72.8407
Local,0,331,-70.1647
Local,0,332,-70.5003
Local,0,333,-72.0428
Local,0,334,-69.9235
Local,0,335,-72.49
Local,0,336,-72.0387
Local,0,337,-72.4804
Local,0,338,-72.535
Local,0,339,-70.8285
Local,0,340,-71.985
Local,0,341,-72.0676
Local,0,342,-70.1691
Local,0,343,-71.5257
Local,0,344,-70.4443
Local,0,345,-71.2906
Local,0,346,-71.2926
Local,0,347,-71.8455
Local,0,348,-73.1679
Local,0,349,-72.2006
Local,0,350,-70.2038
Local,0,351,-72.8175
Local,0,352,-71.828
Local,0,353,-71.5238
Local,0,354,-71.7692
Local,0,355,-71.4596
Local,0,356,-71.7069
Local,0,357,-70.8191
Local,0,358,-70.8039
Local,0,359,-72.4116
Local,0,360,-72.8359
Local,0,361,-71.3417
Local,0,362,-72.2834
Local,0,363,-70.3378
Local,0,364,-71.8941
Local,0,365,-73.6058
Local,0,366,-73.1198
Local,0,367,-72.5869
Local,0,368,-70.9783
Local,0,369,-70.6712
Local,0,370,-71.8187
Local,0,371,-72.8164
Local,0,372,-72.3303
Local,0,373,-72.049
Local,0,374,-71.9557
Local,0,375,-71.5598
Local,0,376,-72.7471
Local,0,377,-73.0948
Local,0,378,-71.4367
Local,0,379,-72.3905
Local,0,380,-71.4089
Local,0,381,-72.4936
Local,0,382,-72.593
Local,0,383,-73.3026
Local,0,384,-72.1262
Local,0,385,-71.4819
Local,0,386,-73.116
Local,0,387,-71.634
Local,0,388,-72.5488
Local,0,389,-71.9243
Local,0,390,-71.7934
Local,0,391,-72.2755
Local,0,392,-72.341
Local,0,393,-74.1539
Local,0,394,-72.1725
Local,0,395,-73.4767
Local,0,396,-71.5062
Local,0,397,-73.1656
Local,0,398,-72.6757
Local,0,399,-71.069
Local,0,400,-70.9894
Local,0,401,-72.325
Local,0,402,-70.9296
Local,0,403,-72.7145
Local,0,404,-71.6239
Local,0,405,-72.4931
Local,0,406,-71.4096
Local,0,407,-71.9068
Local,0,408,-70.9726
Local,0,409,-71.6936
Local,0,410,-74.1513
Local,0,411,-70.0735
Local,0,412,-72.5318
Local,0,413,-71.7188
Local,0,414,-72.2426
Local,0,415,-71.7719
Local,0,416,-72.4806
Local,0,417,-72.3483
Local,0,418,-71.644
Local,0,419,-71.4473
Local,0,420,-71.687
Local,0,421,-71.9725
Local,0,422,-71.9278
Local,0,423,-75.0768
Local,0,424,-71.7541
Local,0,425,-72.7906
Local,0,426,-70.9975
Local,0,427,-71.0106
Local,0,428,-72.2989
Local,0,429,-70.0195
Local,0,430,-71.6574
Local,0,431,-71.9618
Local,0,432,-71.1914
Local,0,433,-70.6881
Local,0,434,-71.3559
Local,0,435,-72.7923
Local,0,436,-71.7612
Local,0,437,-72.9118
Local,0,438,-71.3737
Local,0,439,-71.1581
Local,0,440,-73.0671
Local,0,441,-71.5635
Local,0,442,-70.7623
Local,0,443,-70.7002
Local,0,444,-70.5885
Local,0,445,-73.4792
Local,0,446,-70.8348
Local,0,447,-72.9234
Local,0,448,-72.5421
Local,0,449,-71.5708
Local,0,450,-70.8696
Local,0,451,-73.0275
Local,0,452,-71.444
Local,0,453,-71.3675
Local,0,454,-71.5649
Local,0,455,-70.9492
Local,0,456,-71.9657
Local,0,457,-74.607
Local,0,458,-71.9847
Local,0,459,-70.0988
Local,0,460,-72.4415
Local,0,461,-70.7222
Local,0,462,-71.8789
Local,0,463,-72.2344
Local,0,464,-73.7063
Local,0,465,-72.6904
Local,0,466,-71.7954
Local,0,467,-71.2082
Local,0,468,-73.0454
Local,0,469,-72.367
Local,0,470,-70.9641
Local,0,471,-72.2614
Local,0,472,-71.0149
Local,0,473,-71.5126
Local,0,474,-71.2747
Local,0,475,-70.7553
Local,0,476,-72.1838
Local,0,477,-72.3547
Local,0,478,-71.3946
Local,0,479,-72.8149
Local,0,480,-72.5413
Local,0,481,-72.3929
Local,0,482,-73.0069
Local,0,483,-71.9986
Local,0,484,-71.7871
Local,0,485,-70.6861
Local,0,486,-72.0805
Local,0,487,-73.2188
Local,0,488,-70.8607
Local,0,489,-73.012
Local,0,490,-72.0356
Local,0,491,-72.0414
Local,0,492,-71.5702
Local,0,493,-73.1899
Local,0,494,-72.8587
Local,0,495,-71.1441
Local,0,496,-73.3571
Local,0,497,-71.428
Local,0,498,-71.332
Local,0,499,-70.3568
Local,0,500,-73.0747
Local,1,1,-69.6448
Local,1,2,-72.1645
Local,1,3,-70.2912
Local,1,4,-71.2186
Local,1,5,-71.5841
Local,1,6,-72.9844
Local,1,7,-73.0993
Local,1,8,-70.6669
Local,1,9,-70.3163
Local,1,10,-73.8315
Local,1,11,-70.8876
Local,1,12,-71.7076
Local,1,13,-71.9486
Local,1,14,-72.0275
Local,1,15,-72.5039
Local,1,16,-73.1249
Local,1,17,-71.8067
Local,1,18,-73.1166
Local,1,19,-72.0156
Local,1,20,-72.9749
Local,1,21,-71.4142
Local,1,22,-71.6859
Local,1,23,-70.7556
Local,1,24,-72.113
Local,1,25,-72.0123
Local,1,26,-71.3618
Local,1,27,-73.1634
Local,1,28,-74.8612
Local,1,29,-72.9469
Local,1,30,-71.7144
Local,1,31,-71.7222
Local,1,32,-70.8451
Local,1,33,-72.8675
Local,1,34,-72.8719
Local,1,35,-71.3661
Local,1,36,-71.6553
Local,1,37,-70.0583
Local,1,38,-71.7279
Local,1,39,-71.0685
Local,1,40,-71.1886
Local,1,41,-71.3048
Local,1,42,-71.5616
Local,1,43,-69.9485
Local,1,44,-71.1868
Local,1,45,-72.7268
Local,1,46,-72.938
Local,1,47,-71.2774
Local,1,48,-72.8202
Local,1,49,-72.2005
Local,1,50,-71.5787
Local,1,51,-70.5539
Local,1,52,-70.8072
Local,1,53,-73.1204
Local,1,54,-69.5496
Local,1,55,-72.3408
Local,1,56,-70.6645
Local,1,57,-73.5479
Local,1,58,-72.7662
Local,1,59,-72.1304
Local,1,60,-72.204
Local,1,61,-71.7604
Local,1,62,-70.2728
Local,1,63,-71.5055
Local,1,64,-72.2901
Local,1,65,-72.4453
Local,1,66,-72.2108
Local,1,67,-73.545
Local,1,68,-71.0539
Local,1,69,-72.8669
Local,1,70,-71.3206
Local,1,71,-72.8635
Local,1,72,-72.7607
Local,1,73,-72.6877
Local,1,74,-72.1815
Local,1,75,-72.8654
Local,1,76,-71.5759
Local,1,77,-74.699
Local,1,78,-71.0893
Local,1,79,-71.9998
Local,1,80,-73.3482
Local,1,81,-73.5358
Local,1,82,-69.9344
Local,1,83,-71.0816
Local,1,84,-72.2143
Local,1,85,-72.3667
Local,1,86,-73.0201
Local,1,87,-73.4823
Local,1,88,-71.7342
Local,1,89,-73.5214
Local,1,90,-71.3032
Local,1,91,-72.3972
Local,1,92,-70.7272
Local,1,93,-73.1292
Local,1,94,-72.3379
Local,1,95,-72.4412
Local,1,96,-70.8984
Local,1,97,-71.7014
Local,1,98,-71.9616
Local,1,99,-72.3474
Local,1,100,-73.1447
Local,1,101,-68.8513
Local,1,102,-73.2115
Local,1,103,-70.7018
Local,1,104,-71.68
Local,1,105,-73.1796
Local,1,106,-71.1435
Local,1,107,-71.2383
Local,1,108,-71.8217
Local,1,109,-72.1683
Local,1,110,-71.8808
Local,1,111,-71.2457
Local,1,112,-70.7153
Local,1,113,-71.2796
Local,1,114,-71.8035
Local,1,115,-71.1634
Local,1,116,-71.8431
Local,1,117,-71.447
Local,1,118,-72.1323
Local,1,119,-71.4575
Local,1,120,-71.0094
Local,1,121,-72.1882
Local,1,122,-70.63
Local,1,123,-72.8788
Local,1,124,-73.3343
Local,1,125,-73.3112
Local,1,126,-72.4147
Local,1,127,-70.5236
Local,1,128,-73.4987
Local,1,129,-72.2171
Local,1,130,-70.8066
Local,1,131,-72.0993
Local,1,132,-72.1483
Local,1,133,-71.8702
Local,1,134,-73.6193
Local,1,135,-72.3123
Local,1,136,-71.5171
Local,1,137,-72.2194
Local,1,138,-72.2499
Local,1,139,-71.5885
Local,1,140,-73.3404
Local,1,141,-71.0719
Local,1,142,-73.253
Local,1,143,-71.8937
Local,1,144,-70.6406
Local,1,145,-71.3921
Local,1,146,-72.8518
Local,1,147,-70.886
Local,1,148,-70.6832
Local,1,149,-72.1224
Local,1,150,-71.0852
Local,1,151,-71.4731
Local,1,152,-71.9153
Local,1,153,-71.2729
Local,1,154,-72.7393
Local,1,155,-72.2469
Local,1,156,-71.4291
Local,1,157,-72.0213
Local,1,158,-73.3975
Local,1,159,-71.2918
Local,1,160,-70.1727
Local,1,161,-72.9579
Local,1,162,-71.3746
Local,1,163,-71.0882
Local,1,164,-73.1282
Local,1,165,-72.347
Local,1,166,-71.076
Local,1,167,-71.7153
Local,1,168,-71.522
Local,1,169,-70.0177
Local,1,170,-72.1744
Local,1,171,-71.6109
Local,1,172,-70.7205
Local,1,173,-72.8039
Local,1,174,-72.0832
Local,1,175,-72.4768
Local,1,176,-72.8013
Local,1,177,-70.7256
Local,1,178,-72.693
Local,1,179,-70.6032
Local,1,180,-72.18
Local,1,181,-73.6852
Local,1,182,-73.046
Local,1,183,-72.6191
Local,1,184,-73.5936
Local,1,185,-71.6022
Local,1,186,-72.3233
Local,1,187,-72.3175
Local,1,188,-71.3114
Local,1,189,-72.0368
Local,1,190,-71.93
Local,1,191,-71.9552
Local,1,192,-71.4602
Local,1,193,-73.0647
Local,1,194,-73.5208
Local,1,195,-71.8026
Local,1,196,-73.0794
Local,1,197,-72.0316
Local,1,198,-71.491
Local,1,199,-70.7954
Local,1,200,-71.6585
Local,1,201,-71.8326
Local,1,202,-71.2318
Local,1,203,-71.4613
Local,1,204,-70.9513
Local,1,205,-72.059
Local,1,206,-74.4937
Local,1,207,-71.536
Local,1,208,-73.1242
Local,1,209,-72.3639
Local,1,210,-71.9422
Local,1,211,-72.257
Local,1,212,-72.6406
Local,1,213,-71.6915
Local,1,214,-71.6786
Local,1,215,-72.082
Local,1,216,-73.885
Local,1,217,-74.3575
Local,1,218,-72.6135
Local,1,219,-72.6732
Local,1,220,-72.3509
Local,1,221,-72.828
Local,1,222,-72.337
Local,1,223,-72.7427
Local,1,224,-73.2001
Local,1,225,-72.7063
Local,1,226,-73.5447
Local,1,227,-72.249
Local,1,228,-73.4142
Local,1,229,-71.8181
Local,1,230,-72.546
Local,1,231,-70.6184
Local,1,232,-72.3489
Local,1,233,-70.3469
Local,1,234,-71.015
Local,1,235,-71.8446
Local,1,236,-72.7357
Local,1,237,-71.9636
Local,1,238,-72.1402
Local,1,239,-73.3137
Local,1,240,-71.0784
Local,1,241,-70.8096
Local,1,242,-71.8175
Local,1,243,-72.2017
Local,1,244,-71.8475
Local,1,245,-74.0476
Local,1,246,-72.0017
Local,1,247,-69.3343
Local,1,248,-71.4783
Local,1,249,-71.6481
Local,1,250,-72.8598
Local,1,251,-73.1217
Local,1,252,-73.1526
Local,1,253,-71.9047
Local,1,254,-72.9677
Local,1,255,-72.5537
Local,1,256,-73.4559
Local,1,257,-71.5528
Local,1,258,-71.179
Local,1,259,-73.6644
Local,1,260,-71.1451
Local,1,261,-73.8678
Local,1,262,-71.1851
Local,1,263,-72.6563
Local,1,264,-73.8948
Local,1,265,-73.9782
Local,1,266,-70.2206
Local,1,267,-72.0706
Local,1,268,-71.1859
Local,1,269,-70.5999
Local,1,270,-73.5507
Local,1,271,-72.3299
Local,1,272,-69.8514
Local,1,273,-72.0192
Local,1,274,-71.1469
Local,1,275,-72.56
Local,1,276,-72.0189
Local,1,277,-71.7831
Local,1,278,-73.1158
Local,1,279,-71.1029
Local,1,280,-71.4978
Local,1,281,-71.7523
Local,1,282,-72.9421
Local,1,283,-71.8824
Local,1,284,-72.2172
Local,1,285,-72.1335
Local,1,286,-70.8031
Local,1,287,-71.7911
Local,1,288,-71.3587
Local,1,289,-70.7616
Local,1,290,-71.753
Local,1,291,-72.9892
Local,1,292,-72.5851
Local,1,293,-71.2986
Local,1,294,-72.7075
Local,1,295,-73.3363
Local,1,296,-72.8476
Local,1,297,-71.888
Local,1,298,-70.7621
Local,1,299,-71.3541
Local,1,300,-72.1095
Local,1,301,-72.8654
Local,1,302,-72.2543
Local,1,303,-70.2601
Local,1,304,-72.2897
Local,1,305,-72.3708
Local,1,306,-71.2871
Local,1,307,-71.822
Local,1,308,-71.2396
Local,1,309,-70.9364
Local,1,310,-72.7107
Local,1,311,-71.5033
Local,1,312,-71.5063
Local,1,313,-71.9082
Local,1,314,-71.5435
Local,1,315,-72.272
Local,1,316,-71.6037
Local,1,317,-72.7245
Local,1,318,-72.2465
Local,1,319,-71.184
Local,1,320,-72.9161
Local,1,321,-72.8014
Local,1,322,-72.2395
Local,1,323,-73.4146
Local,1,324,-73.1594
Local,1,325,-72.3572
Local,1,326,-73.1932
Local,1,327,-72.1158
Local,1,328,-73.1407
Local,1,329,-72.6394
Local,1,330,-72.067
Local,1,331,-72.6773
Local,1,332,-73.1838
Local,1,333,-71.0484
Local,1,334,-72.086
Local,1,335,-73.245
Local,1,336,-70.4515
Local,1,337,-73.2588
Local,1,338,-70.9817
Local,1,339,-70.7345
Local,1,340,-72.395
Local,1,341,-73.112
Local,1,342,-71.7036
Local,1,343,-72.246
Local,1,344,-73.8352
Local,1,345,-71.5666
Local,1,346,-71.6421
Local,1,347,-73.2454
Local,1,348,-73.1122
Local,1,349,-70.736
Local,1,350,-71.3032
Local,1,351,-72.2235
Local,1,352,-73.4128
Local,1,353,-72.9676
Local,1,354,-71.1307
Local,1,355,-72.3884
Local,1,356,-72.3936
Local,1,357,-73.7216
Local,1,358,-71.0843
Local,1,359,-69.8066
Local,1,360,-71.92
Local,1,361,-71.6111
Local,1,362,-71.4119
Local,1,363,-73.0654
Local,1,364,-72.1092
Local,1,365,-70.552
Local,1,366,-69.7622
Local,1,367,-70.6712
Local,1,368,-71.7457
Local,1,369,-71.5272
Local,1,370,-71.4624
Local,1,371,-73.8001
Local,1,372,-72.2433
Local,1,373,-71.606
Local,1,374,-71.1248
Local,1,375,-72.0328
Local,1,376,-73.1325
Local,1,377,-72.0539
Local,1,378,-71.5744
Local,1,379,-71.9983
Local,1,380,-70.3153
Local,1,381,-70.5035
Local,1,382,-70.7832
Local,1,383,-71.6548
Local,1,384,-71.9159
Local,1,385,-71.5121
Local,1,386,-71.17
Local,1,387,-71.6361
Local,1,388,-71.7831
Local,1,389,-73.6658
Local,1,390,-71.2505
Local,1,391,-71.2329
Local,1,392,-71.085
Local,1,393,-72.1624
Local,1,394,-71.8891
Local,1,395,-71.773
Local,1,396,-73.4572
Local,1,397,-72.3078
Local,1,398,-72.2292
Local,1,399,-71.9745
Local,1,400,-69.9989
Local,1,401,-72.262
Local,1,402,-71.3963
Local,1,403,-73.3456
Local,1,404,-71.5384
Local,1,405,-72.0182
Local,1,406,-71.091
Local,1,407,-71.5776
Local,1,408,-73.2951
Local,1,409,-72.449
Local,1,410,-71.3197
Local,1,411,-72.2722
Local,1,412,-71.6484
Local,1,413,-72.1717
Local,1,414,-72.6802
Local,1,415,-71.071
Local,1,416,-70.3201
Local,1,417,-71.7574
Local,1,418,-72.3071
Local,1,419,-70.7853
Local,1,420,-70.532
Local,1,421,-72.9405
Local,1,422,-72.9366
Local,1,423,-72.477
Local,1,424,-72.8301
Local,1,425,-71.6898
Local,1,426,-70.5439
Local,1,427,-69.8738
Local,1,428,-75.0301
Local,1,429,-73.0535
Local,1,430,-72.8583
Local,1,431,-72.8892
Local,1,432,-71.877
Local,1,433,-72.5782
Local,1,434,-70.9635
Local,1,435,-71.0892
Local,1,436,-71.5551
Local,1,437,-72.2621
Local,1,438,-71.4808
Local,1,439,-71.5236
Local,1,440,-72.6384
Local,1,441,-71.6481
Local,1,442,-73.2286
Local,1,443,-72.1453
Local,1,444,-72.5517
Local,1,445,-73.5697
Local,1,446,-72.7645
Local,1,447,-73.7658
Local,1,448,-72.0569
Local,1,449,-73.3057
Local,1,450,-71.2421
Local,1,451,-73.1593
Local,1,452,-71.5971
Local,1,453,-70.8613
Local,1,454,-71.4099
Local,1,455,-71.9632
Local,1,456,-72.879
Local,1,457,-74.2106
Local,1,458,-72.6736
Local,1,459,-71.2458
Local,1,460,-72.0012
Local,1,461,-72.3114
Local,1,462,-73.2215
Local,1,463,-71.8034
Local,1,464,-73.9477
Local,1,465,-71.4792
Local,1,466,-71.5325
Local,1,467,-72.8678
Local,1,468,-73.3932
Local,1,469,-70.6596
Local,1,470,-73.2255
Local,1,471,-71.0182
Local,1,472,-71.8163
Local,1,473,-72.65
Local,1,474,-72.8787
Local,1,475,-70.3248
Local,1,476,-73.613
Local,1,477,-72.264
Local,1,478,-72.8134
Local,1,479,-74.123
Local,1,480,-73.8627
Local,1,481,-70.8818
Local,1,482,-71.8287
Local,1,483,-74.0279
Local,1,484,-71.8393
Local,1,485,-71.8012
Local,1,486,-71.7498
Local,1,487,-72.2853
Local,1,488,-71.0405
Local,1,489,-72.3922
Local,1,490,-70.7178
Local,1,491,-72.0559
Local,1,492,-71.7629
Local,1,493,-71.1412
Local,1,494,-70.5052
Local,1,495,-73.5959
Local,1,496,-71.8761
Local,1,497,-71.1585
Local,1,498,-72.2692
Local,1,499,-73.4057
Local,1,500,-70.1885
Local,2,1,-71.8503
Local,2,2,-70.6346
Local,2,3,-72.1858
Local,2,4,-73.0028
Local,2,5,-72.8992
Local,2,6,-70.3589
Local,2,7,-70.3703
Local,2,8,-72.9541
Local,2,9,-72.8352
Local,2,10,-70.37
Local,2,11,-72.8706
Local,2,12,-71.3566
Local,2,13,-71.1449
Local,2,14,-72.3325
Local,2,15,-71.7503
Local,2,16,-71.7008
Local,2,17,-70.485
Local,2,18,-71.8944
Local,2,19,-72.4938
Local,2,20,-71.7427
Local,2,21,-71.6278
Local,2,22,-71.6628
Local,2,23,-71.8629
Local,2,24,-70.98
Local,2,25,-70.3666
Local,2,26,-70.2893
Local,2,27,-73.0785
Local,2,28,-72.1807
Local,2,29,-71.3362
Local,2,30,-71.9334
Local,2,31,-73.0103
Local,2,32,-70.8845
Local,2,33,-71.6787
Local,2,34,-72.1162
Local,2,35,-71.5477
Local,2,36,-70.7613
Local,2,37,-74.3308
Local,2,38,-72.3692
Local,2,39,-70.3562
Local,2,40,-72.4104
Local,2,41,-71.332
Local,2,42,-71.4154
Local,2,43,-72.1848
Local,2,44,-72.2614
Local,2,45,-71.6519
Local,2,46,-70.3133
Local,2,47,-70.4125
Local,2,48,-71.5684
Local,2,49,-71.4339
Local,2,50,-72.653
Local,2,51,-73.2434
Local,2,52,-72.0914
Local,2,53,-71.7061
Local,2,54,-73.2181
Local,2,55,-73.1577
Local,2,56,-70.9481
Local,2,57,-72.3012
Local,2,58,-71.1204
Local,2,59,-71.3391
Local,2,60,-73.1187
Local,2,61,-72.1391
Local,2,62,-71.2311
Local,2,63,-71.3464
Local,2,64,-69.5832
Local,2,65,-73.8406
Local,2,66,-70.586
Local,2,67,-71.3162
Local,2,68,-70.7871
Local,2,69,-72.1872
Local,2,70,-72.4295
Local,2,71,-73.0205
Local,2,72,-73.3467
Local,2,73,-70.2447
Local,2,74,-71.6546
Local,2,75,-72.1168
Local,2,76,-72.7378
Local,2,77,-71.8937
Local,2,78,-71.8106
Local,2,79,-71.3502
Local,2,80,-73.2589
Local,2,81,-70.3392
Local,2,82,-72.6733
Local,2,83,-72.7515
Local,2,84,-70.0302
Local,2,85,-71.2701
Local,2,86,-72.5482
Local,2,87,-71.668
Local,2,88,-72.0997
Local,2,89,-72.9926
Local,2,90,-71.05
Local,2,91,-72.5819
Local,2,92,-71.7379
Local,2,93,-71.4635
Local,2,94,-70.4477
Local,2,95,-72.935
Local,2,96,-74.5222
Local,2,97,-71.1654
Local,2,98,-71.1826
Local,2,99,-72.5602
Local,2,100,-73.5794
Local,2,101,-71.9075
Local,2,102,-69.395
Local,2,103,-72.9681
Local,2,104,-72.8681
Local,2,105,-70.3802
Local,2,106,-72.3763
Local,2,107,-70.2945
Local,2,108,-71.2201
Local,2,109,-70.4622
Local,2,110,-72.5252
Local,2,111,-72.0744
Local,2,112,-71.1182
Local,2,113,-72.2069
Local,2,114,-71.3593
Local,2,115,-70.6808
Local,2,116,-73.2719
Local,2,117,-71.58
Local,2,118,-70.6992
Local,2,119,-73.5892
Local,2,120,-71.3901
Local,2,121,-72.8878
Local,2,122,-70.9447
Local,2,123,-73.2077
Local,2,124,-73.2189
Local,2,125,-70.6909
Local,2,126,-70.5381
Local,2,127,-71.8529
Local,2,128,-72.6121
Local,2,129,-71.6478
Local,2,130,-71.7346
Local,2,131,-71.8549
Local,2,132,-73.9039
Local,2,133,-72.195
Local,2,134,-71.2988
Local,2,135,-70.234
Local,2,136,-69.8373
Local,2,137,-71.0184
Local,2,138,-70.9868
Local,2,139,-71.3462
Local,2,140,-70.9947
Local,2,141,-74.5774
Local,2,142,-70.8296
Local,2,143,-72.9416
Local,2,144,-72.9086
Local,2,145,-71.4839
Local,2,146,-71.3838
Local,2,147,-70.8688
Local,2,148,-72.65
Local,2,149,-72.6851
Local,2,150,-71.556
Local,2,151,-73.5001
Local,2,152,-70.8617
Local,2,153,-72.7374
Local,2,154,-71.7473
Local,2,155,-73.885
Local,2,156,-72.8708
Local,2,157,-71.135
Local,2,158,-72.2774
Local,2,159,-72.4635
Local,2,160,-73.2016
Local,2,161,-72.3032
Local,2,162,-72.946
Local,2,163,-73.054
Local,2,164,-72.4812
Local,2,165,-71.6442
Local,2,166,-71.2278
Local,2,167,-72.1327
Local,2,168,-71.5478
Local,2,169,-69.9399
Local,2,170,-71.2788
Local,2,171,-73.2672
Local,2,172,-72.6609
Local,2,173,-71.5518
Local,2,174,-71.5072
Local,2,175,-71.7404
Local,2,176,-70.8388
Local,2,177,-74.9277
Local,2,178,-71.8488
Local,2,179,-70.7461
Local,2,180,-72.8362
Local,2,181,-71.3981
Local,2,182,-74.7508
Local,2,183,-72.5103
Local,2,184,-72.5573
Local,2,185,-72.3817
Local,2,186,-72.2473
Local,2,187,-71.2164
Local,2,188,-72.1529
Local,2,189,-72.1899
Local,2,190,-70.8701
Local,2,191,-72.5988
Local,2,192,-73.62
Local,2,193,-71.1433
Local,2,194,-70.6632
Local,2,195,-72.3351
Local,2,196,-71.7028
Local,2,197,-71.4915
Local,2,198,-72.8511
Local,2,199,-72.0798
Local,2,200,-72.4404
Local,2,201,-72.7307
Local,2,202,-71.8686
Local,2,203,-71.8936
Local,2,204,-71.9111
Local,2,205,-73.9312
Local,2,206,-72.7987
Local,2,207,-72.9263
Local,2,208,-73.7427
Local,2,209,-72.1708
Local,2,210,-71.2838
Local,2,211,-71.4132
Local,2,212,-69.8056
Local,2,213,-71.1575
Local,2,214,-72.4688
Local,2,215,-72.3426
Local,2,216,-72.6521
Local,2,217,-72.7049
Local,2,218,-73.8584
Local,2,219,-73.1671
Local,2,220,-72.4305
Local,2,221,-71.6476
Local,2,222,-72.1437
Local,2,223,-71.7574
Local,2,224,-72.3599
Local,2,225,-72.0294
Local,2,226,-71.0102
Local,2,227,-70.7633
Local,2,228,-72.8805
Local,2,229,-72.0783
Local,2,230,-70.9935
Local,2,231,-74.166
Local,2,232,-72.0766
Local,2,233,-72.768
Local,2,234,-70.4893
Local,2,235,-73.2391
Local,2,236,-70.6998
Local,2,237,-71.63
Local,2,238,-69.9773
Local,2,239,-71.5618
Local,2,240,-71.3589
Local,2,241,-70.9173
Local,2,242,-71.4483
Local,2,243,-73.8136
Local,2,244,-73.6444
Local,2,245,-72.0994
Local,2,246,-74.2853
Local,2,247,-72.0503
Local,2,248,-72.1393
Local,2,249,-72.6968
Local,2,250,-72.3893
Local,2,251,-70.6578
Local,2,252,-72.2889
Local,2,253,-71.8923
Local,2,254,-70.3439
Local,2,255,-71.7883
Local,2,256,-71.3141
Local,2,257,-72.1298
Local,2,258,-73.4583
Local,2,259,-73.1286
Local,2,260,-71.8827
Local,2,261,-71.8719
Local,2,262,-72.3655
Local,2,263,-72.4093
Local,2,264,-71.1378
Local,2,265,-71.9519
Local,2,266,-71.231
Local,2,267,-71.6832
Local,2,268,-71.9138
Local,2,269,-71.3443
Local,2,270,-73.7401
Local,2,271,-71.0946
Local,2,272,-71.86
Local,2,273,-71.7895
Local,2,274,-71.7521
Local,2,275,-72.3628
Local,2,276,-71.1651
Local,2,277,-70.4629
Local,2,278,-73.3651
Local,2,279,-71.4724
Local,2,280,-73.0822
Local,2,281,-71.4611
Local,2,282,-71.8162
Local,2,283,-72.2406
Local,2,284,-71.9306
Local,2,285,-71.0492
Local,2,286,-68.9535
Local,2,287,-71.7562
Local,2,288,-72.9812
Local,2,289,-72.9584
Local,2,290,-71.7969
Local,2,291,-70.6969
Local,2,292,-70.6383
Local,2,293,-73.512
Local,2,294,-72.6395
Local,2,295,-72.0287
Local,2,296,-72.3559
Local,2,297,-71.1806
Local,2,298,-70.2026
Local,2,299,-72.8498
Local,2,300,-73.2265
Local,2,301,-71.0147
Local,2,302,-73.6192
Local,2,303,-71.7254
Local,2,304,-73.5215
Local,2,305,-71.7824
Local,2,306,-70.2729
Local,2,307,-69.6266
Local,2,308,-72.5139
Local,2,309,-72.7547
Local,2,310,-72.241
Local,2,311,-69.9712
Local,2,312,-72.0504
Local,2,313,-72.0254
Local,2,314,-72.6854
Local,2,315,-72.2253
Local,2,316,-71.5439
Local,2,317,-73.5008
Local,2,318,-72.5881
Local,2,319,-70.6824
Local,2,320,-71.7963
Local,2,321,-71.6971
Local,2,322,-72.5534
Local,2,323,-73.7451
Local,2,324,-71.1988
Local,2,325,-71.2045
Local,2,326,-70.9394
Local,2,327,-72.6256
Local,2,328,-72.0121
Local,2,329,-71.3435
Local,2,330,-72.1794
Local,2,331,-70.9732
Local,2,332,-71.8949
Local,2,333,-71.6698
Local,2,334,-71.5169
Local,2,335,-71.8449
Local,2,336,-72.4498
Local,2,337,-71.4306
Local,2,338,-71.5055
Local,2,339,-71.1143
Local,2,340,-73.3008
Local,2,341,-71.8227
Local,2,342,-72.4712
Local,2,343,-71.5733
Local,2,344,-72.6551
Local,2,345,-73.4794
Local,2,346,-71.86
Local,2,347,-73.4764
Local,2,348,-73.4326
Local,2,349,-70.9269
Local,2,350,-72.8076
Local,2,351,-72.3441
Local,2,352,-72.7662
Local,2,353,-72.1443
Local,2,354,-70.8408
Local,2,355,-72.3884
Local,2,356,-73.9032
Local,2,357,-71.9897
Local,2,358,-73.6205
Local,2,359,-74.0264
Local,2,360,-72.4159
Local,2,361,-70.9644
Local,2,362,-70.5889
Local,2,363,-72.1987
Local,2,364,-73.471
Local,2,365,-72.7432
Local,2,366,-72.2643
Local,2,367,-73.2899
Local,2,368,-71.6768
Local,2,369,-70.8572
Local,2,370,-71.1602
Local,2,371,-71.0722
Local,2,372,-73.6561
Local,2,373,-72.5671
Local,2,374,-72.9131
Local,2,375,-72.5226
Local,2,376,-72.7337
Local,2,377,-70.0356
Local,2,378,-72.8599
Local,2,379,-72.5319
Local,2,380,-71.8675
Local,2,381,-70.3843
Local,2,382,-71.7493
Local,2,383,-72.6631
Local,2,384,-70.1257
Local,2,385,-72.7961
Local,2,386,-70.6512
Local,2,387,-73.2118
Local,2,388,-72.2789
Local,2,389,-71.5588
Local,2,390,-71.7736
Local,2,391,-73.0649
Local,2,392,-71.6763
Local,2,393,-72.6026
Local,2,394,-71.254
Local,2,395,-71.7187
Local,2,396,-71.8139
Local,2,397,-70.4961
Local,2,398,-71.844
Local,2,399,-70.4699
Local,2,400,-74.1383
Local,2,401,-71.1677
Local,2,402,-70.7516
Local,2,403,-70.7535
Local,2,404,-72.4789
Local,2,405,-72.9074
Local,2,406,-70.8384
Local,2,407,-71.8082
Local,2,408,-71.4918
Local,2,409,-70.266
Local,2,410,-70.7366
Local,2,411,-71.6309
Local,2,412,-72.7366
Local,2,413,-71.6816
Local,2,414,-71.6642
Local,2,415,-72.0952
Local,2,416,-73.4696
Local,2,417,-73.649
Local,2,418,-71.7009
Local,2,419,-70.214
Local,2,420,-71.6821
Local,2,421,-72.598
Local,2,422,-71.0189
Local,2,423,-72.2701
Local,2,424,-74.2957
Local,2,425,-72.442
Local,2,426,-72.7262
Local,2,427,-71.67
Local,2,428,-71.5749
Local,2,429,-70.1166
Local,2,430,-71.2686
Local,2,431,-72.7645
Local,2,432,-73.1
Local,2,433,-72.2757
Local,2,434,-72.7419
Local,2,435,-72.8876
Local,2,436,-73.0307
Local,2,437,-73.7893
Local,2,438,-74.1191
Local,2,439,-73.0741
Local,2,440,-72.7366
Local,2,441,-71.378
Local,2,442,-72.1053
Local,2,443,-71.5479
Local,2,444,-71.8355
Local,2,445,-71.0501
Local,2,446,-73.2971
Local,2,447,-71.9377
Local,2,448,-71.9345
Local,2,449,-72.2039
Local,2,450,-70.8282
Local,2,451,-71.0611
Local,2,452,-71.9793
Local,2,453,-70.6772
Local,2,454,-70.1697
Local,2,455,-71.7823
Local,2,456,-72.5545
Local,2,457,-72.1635
Local,2,458,-72.5423
Local,2,459,-72.1084
Local,2,460,-72.2164
Local,2,461,-72.6444
Local,2,462,-71.5181
Local,2,463,-71.1106
Local,2,464,-70.7634
Local,2,465,-72.1524
Local,2,466,-71.899
Local,2,467,-72.231
Local,2,468,-72.5529
Local,2,469,-72.34
Local,2,470,-73.1758
Local,2,471,-71.729
Local,2,472,-72.8397
Local,2,473,-74.0708
Local,2,474,-72.1962
Local,2,475,-72.1769
Local,2,476,-72.6136
Local,2,477,-72.3298
Local,2,478,-70.6458
Local,2,479,-72.155
Local,2,480,-72.1615
Local,2,481,-71.0628
Local,2,482,-72.6487
Local,2,483,-72.0078
Local,2,484,-72.1993
Local,2,485,-72.4564
Local,2,486,-72.8251
Local,2,487,-72.7173
Local,2,488,-70.9305
Local,2,489,-73.2496
Local,2,490,-73.0522
Local,2,491,-71.9448
Local,2,492,-71.1526
Local,2,493,-72.3606
Local,2,494,-72.3928
Local,2,495,-72.721
Local,2,496,-70.1001
Local,2,497,-70.9877
Local,2,498,-72.6315
Local,2,499,-72.7952
Local,2,500,-73.7149
Local,3,1,-72.0037
Local,3,2,-72.3661
Local,3,3,-70.3293
Local,3,4,-70.7198
Local,3,5,-72.9952
Local,3,6,-71.9472
Local,3,7,-72.5822
Local,3,8,-72.6544
Local,3,9,-71.4072
Local,3,10,-72.2102
Local,3,11,-70.7278
Local,3,12,-73.0071
Local,3,13,-71.871
Local,3,14,-71.1908
Local,3,15,-70.6608
Local,3,16,-71.5016
Local,3,17,-73.3535
Local,3,18,-72.7315
Local,3,19,-72.1072
Local,3,20,-72.0239
Local,3,21,-70.7198
Local,3,22,-72.1443
Local,3,23,-71.1231
Local,3,24,-71.7339
Local,3,25,-72.0346
Local,3,26,-72.3511
Local,3,27,-71.8761
Local,3,28,-72.3089
Local,3,29,-71.0088
Local,3,30,-72.3353
Local,3,31,-72.319
Local,3,32,-72.421
Local,3,33,-73.4702
Local,3,34,-72.9075
Local,3,35,-72.5956
Local,3,36,-72.0797
Local,3,37,-71.2626
Local,3,38,-71.3378
Local,3,39,-72.9141
Local,3,40,-72.5269
Local,3,41,-71.3045
Local,3,42,-71.9065
Local,3,43,-72.7877
Local,3,44,-71.6372
Local,3,45,-73.502
Local,3,46,-71.2122
Local,3,47,-72.2834
Local,3,48,-70.8056
Local,3,49,-71.1654
Local,3,50,-72.3921
Local,3,51,-72.1448
Local,3,52,-71.9234
Local,3,53,-71.2572
Local,3,54,-73.7526
Local,3,55,-71.519
Local,3,56,-72.5088
Local,3,57,-72.6584
Local,3,58,-70.4738
Local,3,59,-71.6514
Local,3,60,-71.4056
Local,3,61,-72.9881
Local,3,62,-71.5859
Local,3,63,-70.8193
Local,3,64,-72.4726
Local,3,65,-70.7576
Local,3,66,-72.7804
Local,3,67,-71.7583
Local,3,68,-71.9707
Local,3,69,-72.5514
Local,3,70,-72.3179
Local,3,71,-70.9771
Local,3,72,-72.925
Local,3,73,-72.0125
Local,3,74,-73.1621
Local,3,75,-70.9515
Local,3,76,-70.4217
Local,3,77,-69.313
Local,3,78,-72.3326
Local,3,79,-71.8248
Local,3,80,-72.7514
Local,3,81,-73.066
Local,3,82,-73.0702
Local,3,83,-70.2196
Local,3,84,-73.3125
Local,3,85,-70.5623
Local,3,86,-73.0966
Local,3,87,-71.5041
Local,3,88,-72.0228
Local,3,89,-72.3944
Local,3,90,-73.6779
Local,3,91,-70.5316
Local,3,92,-70.7473
Local,3,93,-72.502
Local,3,94,-73.1554
Local,3,95,-71.7131
Local,3,96,-73.5939
Local,3,97,-72.5432
Local,3,98,-72.1368
Local,3,99,-72.128
Local,3,100,-72.4166
Local,3,101,-72.9914
Local,3,102,-72.441
Local,3,103,-70.5474
Local,3,104,-71.3894
Local,3,105,-73.7199
Local,3,106,-72.2118
Local,3,107,-71.9823
Local,3,108,-70.9086
Local,3,109,-72.8009
Local,3,110,-71.0009
Local,3,111,-73.0108
Local,3,112,-72.6594
Local,3,113,-73.0721
Local,3,114,-73.1373
Local,3,115,-71.4823
Local,3,116,-71.5398
Local,3,117,-72.9422
Local,3,118,-71.4466
Local,3,119,-73.0582
Local,3,120,-70.9713
Local,3,121,-72.7433
Local,3,122,-72.2805
Local,3,123,-74.0182
Local,3,124,-72.5704
Local,3,125,-70.7968
Local,3,126,-72.057
Local,3,127,-72.8464
Local,3,128,-74.7466
Local,3,129,-72.0842
Local,3,130,-73.2391
Local,3,131,-71.9432
Local,3,132,-71.5836
Local,3,133,-71.5407
Local,3,134,-72.2837
Local,3,135,-69.9836
Local,3,136,-71.6629
Local,3,137,-72.2371
Local,3,138,-72.4457
Local,3,139,-72.1003
Local,3,140,-71.4852
Local,3,141,-70.984
Local,3,142,-72.9693
Local,3,143,-70.8567
Local,3,144,-72.304
Local,3,145,-72.1236
Local,3,146,-70.1463
Local,3,147,-72.515
Local,3,148,-70.8538
Local,3,149,-72.8017
Local,3,150,-72.5959
Local,3,151,-73.4241
Local,3,152,-71.3065
Local,3,153,-71.0089
Local,3,154,-72.372
Local,3,155,-71.65
Local,3,156,-71.6585
Local,3,157,-71.3746
Local,3,158,-71.8731
Local,3,159,-71.0291
Local,3,160,-72.2923
Local,3,161,-72.2639
Local,3,162,-71.9682
Local,3,163,-71.8982
Local,3,164,-72.2464
Local,3,165,-71.7903
Local,3,166,-73.0621
Local,3,167,-71.4823
Local,3,168,-71.0783
Local,3,169,-72.6211
Local,3,170,-72.5913
Local,3,171,-73.8837
Local,3,172,-71.546
Local,3,173,-72.5801
Local,3,174,-74.3294
Local,3,175,-71.9824
Local,3,176,-72.7098
Local,3,177,-71.3626
Local,3,178,-72.403
Local,3,179,-71.9745
Local,3,180,-73.9331
Local,3,181,-71.1694
Local,3,182,-73.8044
Local,3,183,-73.1308
Local,3,184,-71.4337
Local,3,185,-72.1426
Local,3,186,-72.4008
Local,3,187,-71.2867
Local,3,188,-72.2176
Local,3,189,-71.362
Local,3,190,-71.7745
Local,3,191,-72.5646
Local,3,192,-71.2544
Local,3,193,-70.6013
Local,3,194,-71.1741
Local,3,195,-72.6188
Local,3,196,-73.1113
Local,3,197,-73.0423
Local,3,198,-71.7787
Local,3,199,-69.5651
Local,3,200,-71.4265
Local,3,201,-71.8198
Local,3,202,-71.4924
Local,3,203,-72.3733
Local,3,204,-70.2759
Local,3,205,-72.9104
Local,3,206,-73.5825
Local,3,207,-72.0897
Local,3,208,-71.3309
Local,3,209,-71.2485
Local,3,210,-72.0235
Local,3,211,-71.6407
Local,3,212,-72.355
Local,3,213,-71.9703
Local,3,214,-71.2366
Local,3,215,-72.5899
Local,3,216,-72.0658
Local,3,217,-70.8749
Local,3,218,-71.5391
Local,3,219,-71.8719
Local,3,220,-72.1431
Local,3,221,-72.9759
Local,3,222,-73.8909
Local,3,223,-70.4594
Local,3,224,-72.2335
Local,3,225,-74.2068
Local,3,226,-70.988
Local,3,227,-71.7067
Local,3,228,-72.0035
Local,3,229,-72.427
Local,3,230,-71.5368
Local,3,231,-72.2935
Local,3,232,-73.6095
Local,3,233,-72.8745
Local,3,234,-71.8135
Local,3,235,-72.0013
Local,3,236,-71.9895
Local,3,237,-72.2732
Local,3,238,-70.5867
Local,3,239,-73.5351
Local,3,240,-72.0466
Local,3,241,-72.9273
Local,3,242,-69.9571
Local,3,243,-73.5126
Local,3,244,-73.5124
Local,3,245,-71.1208
Local,3,246,-72.7697
Local,3,247,-74.1387
Local,3,248,-70.772
Local,3,249,-71.9339
Local,3,250,-72.0437
Local,3,251,-72.9325
Local,3,252,-71.6005
Local,3,253,-71.9801
Local,3,254,-73.1983
Local,3,255,-72.1818
Local,3,256,-70.539
Local,3,257,-71.9836
Local,3,258,-71.6293
Local,3,259,-71.1492
Local,3,260,-71.7499
Local,3,261,-70.1167
Local,3,262,-70.4545
Local,3,263,-69.2319
Local,3,264,-72.3141
Local,3,265,-72.2625
Local,3,266,-71.2633
Local,3,267,-71.1498
Local,3,268,-72.8829
Local,3,269,-71.1951
Local,3,270,-72.5569
Local,3,271,-70.0799
Local,3,272,-73.3858
Local,3,273,-72.7298
Local,3,274,-71.8237
Local,3,275,-72.8726
Local,3,276,-71.5352
Local,3,277,-70.8356
Local,3,278,-71.0918
Local,3,279,-74.3587
Local,3,280,-69.9504
Local,3,281,-71.3439
Local,3,282,-71.3222
Local,3,283,-71.9985
Local,3,284,-71.6772
Local,3,285,-70.9088
Local,3,286,-73.2221
Local,3,287,-71.7326
Local,3,288,-71.2724
Local,3,289,-71.0914
Local,3,290,-71.169
Local,3,291,-73.0914
Local,3,292,-72.3354
Local,3,293,-74.072
Local,3,294,-72.7231
Local,3,295,-71.7644
Local,3,296,-72.5963
Local,3,297,-73.0746
Local,3,298,-71.7299
Local,3,299,-72.4315
Local,3,300,-71.7402
Local,3,301,-71.2774
Local,3,302,-72.0194
Local,3,303,-71.3462
Local,3,304,-73.1439
Local,3,305,-74.1174
Local,3,306,-71.8944
Local,3,307,-71.2955
Local,3,308,-72.3494
Local,3,309,-72.3464
Local,3,310,-74.1454
Local,3,311,-71.3131
Local,3,312,-73.2995
Local,3,313,-72.0125
Local,3,314,-71.7865
Local,3,315,-70.5725
Local,3,316,-73.5876
Local,3,317,-72.4726
Local,3,318,-72.8636
Local,3,319,-72.4196
Local,3,320,-73.4861
Local,3,321,-74.1223
Local,3,322,-70.8036
Local,3,323,-71.8839
Local,3,324,-71.9992
Local,3,325,-70.9048
Local,3,326,-71.1049
Local,3,327,-71.6371
Local,3,328,-72.413
Local,3,329,-72.1576
Local,3,330,-70.708
Local,3,331,-72.6499
Local,3,332,-72.5793
Local,3,333,-71.7206
Local,3,334,-70.5437
Local,3,335,-73.0168
Local,3,336,-70.6776
Local,3,337,-72.2449
Local,3,338,-70.0937
Local,3,339,-71.9634
Local,3,340,-71.068
Local,3,341,-71.937
Local,3,342,-74.5182
Local,3,343,-72.1317
Local,3,344,-70.8854
Local,3,345,-71.9295
Local,3,346,-72.3196
Local,3,347,-70.6167
Local,3,348,-72.2359
Local,3,349,-72.7499
Local,3,350,-72.3491
Local,3,351,-72.0554
Local,3,352,-71.1211
Local,3,353,-73.1609
Local,3,354,-69.6247
Local,3,355,-72.4854
Local,3,356,-72.1702
Local,3,357,-71.8978
Local,3,358,-72.9828
Local,3,359,-71.1721
Local,3,360,-73.6044
Local,3,361,-70.5486
Local,3,362,-71.5279
Local,3,363,-72.3988
Local,3,364,-71.4277
Local,3,365,-72.985
Local,3,366,-71.7467
Local,3,367,-71.6953
Local,3,368,-73.6227
Local,3,369,-71.398
Local,3,370,-72.011
Local,3,371,-72.3424
Local,3,372,-73.3024
Local,3,373,-73.7938
Local,3,374,-71.568
Local,3,375,-72.8672
Local,3,376,-72.8291
Local,3,377,-71.6432
Local,3,378,-72.6123
Local,3,379,-72.8377
Local,3,380,-71.6477
Local,3,381,-72.1033
Local,3,382,-72.4976
Local,3,383,-73.3975
Local,3,384,-71.6259
Local,3,385,-72.9985
Local,3,386,-72.6142
Local,3,387,-70.4052
Local,3,388,-71.5594
Local,3,389,-71.8724
Local,3,390,-74.3481
Local,3,391,-72.82
Local,3,392,-71.3173
Local,3,393,-72.4024
Local,3,394,-73.4646
Local,3,395,-71.8243
Local,3,396,-73.2853
Local,3,397,-71.1848
Local,3,398,-71.7087
Local,3,399,-72.2331
Local,3,400,-72.2347
Local,3,401,-73.619
Local,3,402,-72.1949
Local,3,403,-72.3609
Local,3,404,-72.3825
Local,3,405,-73.3596
Local,3,406,-72.425
Local,3,407,-73.252
Local,3,408,-71.8657
Local,3,409,-72.5542
Local,3,410,-71.9311
Local,3,411,-71.1884
Local,3,412,-71.9085
Local,3,413,-71.8066
Local,3,414,-73.4184
Local,3,415,-70.911
Local,3,416,-72.0773
Local,3,417,-72.6732
Local,3,418,-72.2956
Local,3,419,-69.9996
Local,3,420,-71.3645
Local,3,421,-71.3471
Local,3,422,-73.0892
Local,3,423,-71.1101
Local,3,424,-73.2023
Local,3,425,-72.7685
Local,3,426,-70.5882
Local,3,427,-71.7861
Local,3,428,-71.7648
Local,3,429,-72.8098
Local,3,430,-73.9167
Local,3,431,-71.1125
Local,3,432,-71.4906
Local,3,433,-72.7564
Local,3,434,-72.9486
Local,3,435,-72.275
Local,3,436,-71.3812
Local,3,437,-73.3554
Local,3,438,-70.4841
Local,3,439,-71.9918
Local,3,440,-72.0558
Local,3,441,-71.1682
Local,3,442,-70.2624
Local,3,443,-72.8612
Local,3,444,-72.4578
Local,3,445,-73.3398
Local,3,446,-71.4083
Local,3,447,-73.7305
Local,3,448,-71.8496
Local,3,449,-70.9397
Local,3,450,-71.9596
Local,3,451,-73.2539
Local,3,452,-73.4561
Local,3,453,-72.9089
Local,3,454,-72.3284
Local,3,455,-72.3099
Local,3,456,-72.4426
Local,3,457,-71.0635
Local,3,458,-73.6422
Local,3,459,-71.9857
Local,3,460,-70.8899
Local,3,461,-72.2921
Local,3,462,-72.633
Local,3,463,-70.2805
Local,3,464,-72.4722
Local,3,465,-71.008
Local,3,466,-71.2939
Local,3,467,-71.7139
Local,3,468,-70.3736
Local,3,469,-71.4101
Local,3,470,-72.8676
Local,3,471,-72.2963
Local,3,472,-73.2765
Local,3,473,-72.6503
Local,3,474,-72.8391
Local,3,475,-70.5186
Local,3,476,-71.5318
Local,3,477,-71.6884
Local,3,478,-69.755
Local,3,479,-73.1075
Local,3,480,-73.6641
Local,3,481,-70.7437
Local,3,482,-71.0834
Local,3,483,-71.0014
Local,3,484,-71.7433
Local,3,485,-71.5678
Local,3,486,-71.2514
Local,3,487,-71.5917
Local,3,488,-70.9019
Local,3,489,-72.917
Local,3,490,-72.3659
Local,3,491,-72.7128
Local,3,492,-71.2217
Local,3,493,-73.6477
Local,3,494,-72.7031
Local,3,495,-71.1224
Local,3,496,-72.2302
Local,3,497,-72.7393
Local,3,498,-72.9601
Local,3,499,-73.9535
Local,3,500,-70.8489
Local,4,1,-70.1462
Local,4,2,-70.259
Local,4,3,-71.0285
Local,4,4,-70.7079
Local,4,5,-71.8469
Local,4,6,-72.198
Local,4,7,-72.8628
Local,4,8,-72.4467
Local,4,9,-71.575
Local,4,10,-72.2948
Local,4,11,-70.5044
Local,4,12,-71.6504
Local,4,13,-72.9298
Local,4,14,-71.9598
Local,4,15,-71.2013
Local,4,16,-71.5365
Local,4,17,-73.4658
Local,4,18,-74.0279
Local,4,19,-71.363
Local,4,20,-72.139
Local,4,21,-72.3612
Local,4,22,-70.4977
Local,4,23,-72.5728
Local,4,24,-70.77
Local,4,25,-70.4259
Local,4,26,-72.4167
Local,4,27,-71.3472
Local,4,28,-71.9733
Local,4,29,-71.1328
Local,4,30,-72.6366
Local,4,31,-70.3114
Local,4,32,-73.9366
Local,4,33,-71.7672
Local,4,34,-70.5071
Local,4,35,-74.2947
Local,4,36,-74.0891
Local,4,37,-73.2313
Local,4,38,-72.7897
Local,4,39,-71.508
Local,4,40,-72.3432
Local,4,41,-72.4795
Local,4,42,-70.1908
Local,4,43,-72.8815
Local,4,44,-70.2769
Local,4,45,-73.3609
Local,4,46,-69.5549
Local,4,47,-70.4541
Local,4,48,-72.4826
Local,4,49,-72.123
Local,4,50,-72.443
Local,4,51,-73.5919
Local,4,52,-71.6318
Local,4,53,-71.0538
Local,4,54,-71.1555
Local,4,55,-73.629
Local,4,56,-72.8077
Local,4,57,-72.2949
Local,4,58,-71.4929
Local,4,59,-72.5379
Local,4,60,-72.1607
Local,4,61,-73.0261
Local,4,62,-70.8224
Local,4,63,-71.7458
Local,4,64,-70.7964
Local,4,65,-72.216
Local,4,66,-70.4385
Local,4,67,-72.6226
Local,4,68,-72.2723
Local,4,69,-71.7652
Local,4,70,-70.8499
Local,4,71,-73.8173
Local,4,72,-70.6102
Local,4,73,-71.2001
Local,4,74,-71.3703
Local,4,75,-72.7867
Local,4,76,-71.1129
Local,4,77,-71.6909
Local,4,78,-73.9334
Local,4,79,-73.4613
Local,4,80,-69.8491
Local,4,81,-70.8264
Local,4,82,-71.1346
Local,4,83,-72.6504
Local,4,84,-71.2476
Local,4,85,-73.4131
Local,4,86,-74.4518
Local,4,87,-71.0279
Local,4,88,-72.3902
Local,4,89,-71.4612
Local,4,90,-72.7686
Local,4,91,-71.0469
Local,4,92,-71.6823
Local,4,93,-72.5121
Local,4,94,-72.7197
Local,4,95,-72.7415
Local,4,96,-71.6598
Local,4,97,-71.2377
Local,4,98,-71.1077
Local,4,99,-73.6544
Local,4,100,-71.4321
Local,4,101,-74.1308
Local,4,102,-71.1478
Local,4,103,-72.6143
Local,4,104,-70.546
Local,4,105,-70.1846
Local,4,106,-71.4325
Local,4,107,-71.0371
Local,4,108,-70.9569
Local,4,109,-72.7387
Local,4,110,-74.1377
Local,4,111,-72.3614
Local,4,112,-73.1339
Local,4,113,-71.532
Local,4,114,-70.5069
Local,4,115,-72.0053
Local,4,116,-72.3898
Local,4,117,-72.6608
Local,4,118,-71.7155
Local,4,119,-71.3423
Local,4,120,-71.4434
Local,4,121,-72.4571
Local,4,122,-73.3127
Local,4,123,-72.0162
Local,4,124,-71.3709
Local,4,125,-72.0599
Local,4,126,-72.5934
Local,4,127,-72.9805
Local,4,128,-70.8515
Local,4,129,-70.1854
Local,4,130,-72.8795
Local,4,131,-72.5476
Local,4,132,-70.261
Local,4,133,-72.175
Local,4,134,-73.178
Local,4,135,-72.8173
Local,4,136,-71.966
Local,4,137,-72.3677
Local,4,138,-73.9533
Local,4,139,-70.0975
Local,4,140,-71.6425
Local,4,141,-73.0947
Local,4,142,-72.7178
Local,4,143,-71.7805
Local,4,144,-72.0631
Local,4,145,-72.3216
Local,4,146,-70.8089
Local,4,147,-72.7727
Local,4,148,-71.6772
Local,4,149,-72.3203
Local,4,150,-72.3164
Local,4,151,-71.8876
Local,4,152,-71.1476
Local,4,153,-70.9586
Local,4,154,-73.5604
Local,4,155,-72.3121
Local,4,156,-73.8531
Local,4,157,-70.8366
Local,4,158,-72.5632
Local,4,159,-71.1327
Local,4,160,-72.1577
Local,4,161,-71.9741
Local,4,162,-72.4231
Local,4,163,-71.521
Local,4,164,-72.4872
Local,4,165,-71.3077
Local,4,166,-72.266
Local,4,167,-73.1253
Local,4,168,-73.8784
Local,4,169,-71.996
Local,4,170,-71.9959
Local,4,171,-71.6817
Local,4,172,-71.6657
Local,4,173,-73.0526
Local,4,174,-71.9731
Local,4,175,-72.6947
Local,4,176,-71.7153
Local,4,177,-73.2886
Local,4,178,-70.8937
Local,4,179,-71.2516
Local,4,180,-71.2091
Local,4,181,-72.3411
Local,4,182,-73.4292
Local,4,183,-72.8555
Local,4,184,-68.5942
Local,4,185,-72.083
Local,4,186,-72.2551
Local,4,187,-72.9105
Local,4,188,-72.8663
Local,4,189,-72.6813
Local,4,190,-71.8136
Local,4,191,-73.803
Local,4,192,-73.1527
Local,4,193,-70.9245
Local,4,194,-72.275
Local,4,195,-71.1939
Local,4,196,-72.2469
Local,4,197,-71.9849
Local,4,198,-72.6529
Local,4,199,-71.0573
Local,4,200,-71.9262
Local,4,201,-71.8081
Local,4,202,-71.8541
Local,4,203,-71.0683
Local,4,204,-70.7414
Local,4,205,-72.905
Local,4,206,-72.5187
Local,4,207,-72.6946
Local,4,208,-71.3073
Local,4,209,-72.0943
Local,4,210,-72.4925
Local,4,211,-71.894
Local,4,212,-72.2238
Local,4,213,-72.1312
Local,4,214,-72.2923
Local,4,215,-70.7517
Local,4,216,-72.3577
Local,4,217,-73.4519
Local,4,218,-71.4188
Local,4,219,-72.2248
Local,4,220,-69.8911
Local,4,221,-73.7059
Local,4,222,-71.0259
Local,4,223,-71.3856
Local,4,224,-72.1885
Local,4,225,-72.045
Local,4,226,-71.0527
Local,4,227,-71.3097
Local,4,228,-71.3335
Local,4,229,-71.7661
Local,4,230,-72.2044
Local,4,231,-73.069
Local,4,232,-71.6411
Local,4,233,-72.8732
Local,4,234,-71.3807
Local,4,235,-71.8408
Local,4,236,-71.523
Local,4,237,-71.9028
Local,4,238,-71.0091
Local,4,239,-71.9286
Local,4,240,-71.5091
Local,4,241,-70.1884
Local,4,242,-72.7795
Local,4,243,-71.9275
Local,4,244,-72.9282
Local,4,245,-71.6228
Local,4,246,-70.554
Local,4,247,-72.6472
Local,4,248,-72.759
Local,4,249,-71.3503
Local,4,250,-70.7695
Local,4,251,-71.9145
Local,4,252,-71.5987
Local,4,253,-72.2234
Local,4,254,-70.4301
Local,4,255,-73.4098
Local,4,256,-72.9702
Local,4,257,-71.2236
Local,4,258,-72.3966
Local,4,259,-72.437
Local,4,260,-72.7655
Local,4,261,-71.1935
Local,4,262,-70.8206
Local,4,263,-73.3963
Local,4,264,-70.3227
Local,4,265,-73.5636
Local,4,266,-73.1908
Local,4,267,-71.9664
Local,4,268,-70.1919
Local,4,269,-71.852
Local,4,270,-73.7513
Local,4,271,-74.8265
Local,4,272,-72.896
Local,4,273,-71.3109
Local,4,274,-71.7851
Local,4,275,-73.1927
Local,4,276,-72.7657
Local,4,277,-71.6026
Local,4,278,-73.0033
Local,4,279,-70.491
Local,4,280,-72.3798
Local,4,281,-72.163
Local,4,282,-73.2623
Local,4,283,-71.8575
Local,4,284,-70.2393
Local,4,285,-71.9369
Local,4,286,-71.5394
Local,4,287,-71.2104
Local,4,288,-71.376
Local,4,289,-70.304
Local,4,290,-71.2649
Local,4,291,-72.0665
Local,4,292,-74.9806
Local,4,293,-70.2572
Local,4,294,-72.7144
Local,4,295,-71.3459
Local,4,296,-73.1541
Local,4,297,-71.8725
Local,4,298,-70.8078
Local,4,299,-72.5749
Local,4,300,-71.6471
Local,4,301,-72.5509
Local,4,302,-72.4062
Local,4,303,-70.339
Local,4,304,-72.0844
Local,4,305,-71.2757
Local,4,306,-71.8224
Local,4,307,-70.192
Local,4,308,-70.8106
Local,4,309,-71.1458
Local,4,310,-71.7864
Local,4,311,-69.1775
Local,4,312,-70.8795
Local,4,313,-72.4732
Local,4,314,-70.4735
Local,4,315,-71.4686
Local,4,316,-72.6547
Local,4,317,-73.2593
Local,4,318,-71.4359
Local,4,319,-73.3354
Local,4,320,-72.6002
Local,4,321,-71.698
Local,4,322,-71.5383
Local,4,323,-71.9061
Local,4,324,-72.1968
Local,4,325,-71.2107
Local,4,326,-70.746
Local,4,327,-72.6353
Local,4,328,-70.8833
Local,4,329,-72.1178
Local,4,330,-72.3416
Local,4,331,-73.8686
Local,4,332,-72.8938
Local,4,333,-72.5665
Local,4,334,-73.5775
Local,4,335,-71.9523
Local,4,336,-72.2726
Local,4,337,-72.0758
Local,4,338,-73.7181
Local,4,339,-74.1587
Local,4,340,-70.1508
Local,4,341,-70.8853
Local,4,342,-73.39
Local,4,343,-72.676
Local,4,344,-70.8599
Local,4,345,-72.1599
Local,4,346,-73.2873
Local,4,347,-71.083
Local,4,348,-72.0383
Local,4,349,-72.7121
Local,4,350,-72.6841
Local,4,351,-72.9216
Local,4,352,-72.4485
Local,4,353,-71.9512
Local,4,354,-71.4139
Local,4,355,-71.195
Local,4,356,-73.1483
Local,4,357,-72.7982
Local,4,358,-71.145
Local,4,359,-71.987
Local,4,360,-71.4254
Local,4,361,-72.9536
Local,4,362,-71.2888
Local,4,363,-72.7504
Local,4,364,-72.0868
Local,4,365,-72.4595
Local,4,366,-70.629
Local,4,367,-72.9642
Local,4,368,-72.7433
Local,4,369,-73.1721
Local,4,370,-72.2917
Local,4,371,-72.1396
Local,4,372,-72.6894
Local,4,373,-72.5084
Local,4,374,-71.2085
Local,4,375,-73.4318
Local,4,376,-71.6885
Local,4,377,-70.6611
Local,4,378,-70.7687
Local,4,379,-71.9157
Local,4,380,-71.8062
Local,4,381,-72.3887
Local,4,382,-73.8034
Local,4,383,-73.7049
Local,4,384,-72.5284
Local,4,385,-73.2874
Local,4,386,-72.215
Local,4,387,-72.3748
Local,4,388,-71.1292
Local,4,389,-73.9852
Local,4,390,-74.2379
Local,4,391,-71.1127
Local,4,392,-71.7627
Local,4,393,-73.3144
Local,4,394,-71.8515
Local,4,395,-72.8628
Local,4,396,-71.6157
Local,4,397,-72.1027
Local,4,398,-72.0758
Local,4,399,-72.9791
Local,4,400,-71.6886
Local,4,401,-71.2548
Local,4,402,-72.4937
Local,4,403,-72.0995
Local,4,404,-72.3574
Local,4,405,-72.7967
Local,4,406,-70.146
Local,4,407,-71.5485
Local,4,408,-71.4121
Local,4,409,-69.581
Local,4,410,-71.0078
Local,4,411,-71.7268
Local,4,412,-73.1948
Local,4,413,-73.1051
Local,4,414,-70.9187
Local,4,415,-72.109
Local,4,416,-71.7658
Local,4,417,-74.1414
Local,4,418,-70.2288
Local,4,419,-70.8284
Local,4,420,-72.7939
Local,4,421,-72.4854
Local,4,422,-73.0421
Local,4,423,-70.9495
Local,4,424,-72.5278
Local,4,425,-70.4639
Local,4,426,-73.7875
Local,4,427,-72.4786
Local,4,428,-71.2697
Local,4,429,-71.333
Local,4,430,-72.3455
Local,4,431,-71.185
Local,4,432,-72.6187
Local,4,433,-72.2195
Local,4,434,-71.5245
Local,4,435,-73.1793
Local,4,436,-73.1676
Local,4,437,-70.2288
Local,4,438,-70.8562
Local,4,439,-73.2559
Local,4,440,-72.9846
Local,4,441,-72.3092
Local,4,442,-71.8284
Local,4,443,-70.7678
Local,4,444,-71.8036
Local,4,445,-73.2863
Local,4,446,-72.2767
Local,4,447,-70.7416
Local,4,448,-71.3636
Local,4,449,-71.3489
Local,4,450,-71.3806
Local,4,451,-71.9055
Local,4,452,-72.9167
Local,4,453,-71.5549
Local,4,454,-73.5072
Local,4,455,-71.8147
Local,4,456,-72.2647
Local,4,457,-73.7028
Local,4,458,-73.631
Local,4,459,-72.3796
Local,4,460,-71.9928
Local,4,461,-72.2213
Local,4,462,-73.7528
Local,4,463,-72.9139
Local,4,464,-71.2263
Local,4,465,-73.2808
Local,4,466,-71.154
Local,4,467,-70.9218
Local,4,468,-70.6648
Local,4,469,-71.7662
Local,4,470,-73.3195
Local,4,471,-70.8612
Local,4,472,-72.1332
Local,4,473,-71.4622
Local,4,474,-73.4271
Local,4,475,-70.2852
Local,4,476,-74.6249
Local,4,477,-71.4386
Local,4,478,-71.6743
Local,4,479,-72.5185
Local,4,480,-74.9082
Local,4,481,-73.4286
Local,4,482,-71.3829
Local,4,483,-72.767
Local,4,484,-73.1551
Local,4,485,-71.9084
Local,4,486,-70.6167
Local,4,487,-70.7819
Local,4,488,-71.9785
Local,4,489,-72.385
Local,4,490,-71.7097
Local,4,491,-69.7652
Local,4,492,-72.9629
Local,4,493,-71.5012
Local,4,494,-73.4373
Local,4,495,-72.7157
Local,4,496,-71.43
Local,4,497,-70.3164
Local,4,498,-71.9383
Local,4,499,-72.1234
Local,4,500,-72.531
