0 0 1 673.949837901643 9.03023123743279 0.0 4.5 1.8 1.5 0.0
1 0 1 692.8879918927495 9.064811892438648 0.0 4.5 1.8 1.5 0.0
2 0 1 711.3759777165618 8.988027637839414 0.0 4.5 1.8 1.5 0.0
3 0 1 730.0378470192727 8.968081986310967 0.0 4.5 1.8 1.5 0.0
4 0 1 748.2895829589419 9.061804612318166 0.0 4.5 1.8 1.5 0.0
5 0 1 767.6353514867278 8.938092328317529 0.0 4.5 1.8 1.5 0.0
6 0 1 786.0464229667593 8.977165786342363 0.0 4.5 1.8 1.5 0.0
7 0 1 804.6513331283102 8.90730509539451 0.0 4.5 1.8 1.5 0.0
8 0 1 823.3260766055238 9.044172151543952 0.0 4.5 1.8 1.5 0.0
9 0 1 842.6238389129732 9.033997779292301 0.0 4.5 1.8 1.5 0.0
10 0 1 860.7963548488673 8.9885143450937 0.0 4.5 1.8 1.5 0.0
11 0 1 879.3118299548586 9.061658119250653 0.0 4.5 1.8 1.5 0.0
12 0 1 898.1500572341893 8.98250814118459 0.0 4.5 1.8 1.5 0.0
13 0 1 916.5475097040587 9.006198358878445 0.0 4.5 1.8 1.5 0.0
14 0 1 935.3050600912823 9.014009735082315 0.0 4.5 1.8 1.5 0.0
15 0 1 954.0258694703415 9.033753573861128 0.0 4.5 1.8 1.5 0.0
16 0 1 972.4787054473803 9.068885741416205 0.0 4.5 1.8 1.5 0.0
17 0 1 991.9473615875324 9.073968114412438 0.0 4.5 1.8 1.5 0.0
18 0 1 1010.0953963514897 9.058374180145751 0.0 4.5 1.8 1.5 0.0
19 0 1 1028.5098213287629 8.935121417521477 0.0 4.5 1.8 1.5 0.0
20 0 1 1047.5263481897598 8.987379045115173 0.0 4.5 1.8 1.5 0.0
21 0 1 1065.7622421959777 8.970256564895966 0.0 4.5 1.8 1.5 0.0
22 0 1 1084.4654370635708 9.021007572329722 0.0 4.5 1.8 1.5 0.0
23 0 1 1103.4679417925065 9.05867355117799 0.0 4.5 1.8 1.5 0.0
24 0 1 1122.1903534086427 9.052036018060559 0.0 4.5 1.8 1.5 0.0
25 0 1 1140.630023473657 8.983112258449074 0.0 4.5 1.8 1.5 0.0
26 0 1 1159.0297957028256 9.069268476987563 0.0 4.5 1.8 1.5 0.0
27 0 1 1177.9558496455381 8.993766962764006 0.0 4.5 1.8 1.5 0.0
28 0 1 1196.8873090477894 8.969375731225538 0.0 4.5 1.8 1.5 0.0
29 0 1 1215.4782945717523 9.02911419741477 0.0 4.5 1.8 1.5 0.0
30 0 1 1233.7637392216602 9.010495940946912 0.0 4.5 1.8 1.5 0.0
31 0 1 1252.8258676127714 9.054065901393118 0.0 4.5 1.8 1.5 0.0
32 0 1 1271.590331465654 9.031195190797987 0.0 4.5 1.8 1.5 0.0
33 0 1 1290.6256735748595 8.968266587944953 0.0 4.5 1.8 1.5 0.0
34 0 1 1308.5314563551883 9.011242923824584 0.0 4.5 1.8 1.5 0.0
35 0 1 1326.98740365053 9.066410709065293 0.0 4.5 1.8 1.5 0.0
36 0 1 1346.1118299494306 9.015236144751428 0.0 4.5 1.8 1.5 0.0
37 0 1 1364.4842098696279 8.939533434657605 0.0 4.5 1.8 1.5 0.0
38 0 1 1383.0932112036799 9.051471692386883 0.0 4.5 1.8 1.5 0.0
39 0 1 1401.868600294134 8.992942688496335 0.0 4.5 1.8 1.5 0.0
40 0 1 1420.6712919538384 9.072195460844924 0.0 4.5 1.8 1.5 0.0
41 0 1 1439.2823953706018 9.03001177299148 0.0 4.5 1.8 1.5 0.0
42 0 1 1458.1653141323575 9.023063792896064 0.0 4.5 1.8 1.5 0.0
43 0 1 1476.4890537054157 9.04794240333702 0.0 4.5 1.8 1.5 0.0
44 0 1 1495.1595550872232 8.995894841991683 0.0 4.5 1.8 1.5 0.0
45 0 1 1514.1255975568465 8.99968849465704 0.0 4.5 1.8 1.5 0.0
46 0 1 1531.9997853323628 9.031562025392759 0.0 4.5 1.8 1.5 0.0
47 0 1 1551.1116869606167 8.999829285374824 0.0 4.5 1.8 1.5 0.0
48 0 1 1569.9413472252966 9.005983082780768 0.0 4.5 1.8 1.5 0.0
49 0 1 1588.5537174350657 8.913170381538535 0.0 4.5 1.8 1.5 0.0
0 1 1 1265.0503717682602 -2.728733646186581 0.0 4.5 1.8 1.5 0.0
1 1 1 1285.3050824669133 -2.604245846789856 0.0 4.5 1.8 1.5 0.0
2 1 1 1305.1134746455734 -2.7123305852974395 0.0 4.5 1.8 1.5 0.0
3 1 1 1325.0039148981934 -2.785841854295097 0.0 4.5 1.8 1.5 0.0
4 1 1 1345.0983322286424 -2.6898113007797817 0.0 4.5 1.8 1.5 0.0
5 1 1 1364.886884468753 -2.7728773251538574 0.0 4.5 1.8 1.5 0.0
6 1 1 1384.8681473551362 -2.7975005055537343 0.0 4.5 1.8 1.5 0.0
7 1 1 1404.5638703253137 -2.6178851711236213 0.0 4.5 1.8 1.5 0.0
8 1 1 1424.1073020551323 -2.755722838894259 0.0 4.5 1.8 1.5 0.0
9 1 1 1444.184250006781 -2.7525817351199304 0.0 4.5 1.8 1.5 0.0
10 1 1 1463.713097461155 -2.723979803673819 0.0 4.5 1.8 1.5 0.0
11 1 1 1483.6696798182277 -2.7037283308823614 0.0 4.5 1.8 1.5 0.0
12 1 1 1503.557166127731 -2.649911232163243 0.0 4.5 1.8 1.5 0.0
13 1 1 1523.4433107297154 -2.743511028224404 0.0 4.5 1.8 1.5 0.0
14 1 1 1543.6215752452613 -2.788951168235818 0.0 4.5 1.8 1.5 0.0
15 1 1 1563.3632742023128 -2.662050814699999 0.0 4.5 1.8 1.5 0.0
16 1 1 1582.8551959820848 -2.718176259487505 0.0 4.5 1.8 1.5 0.0
17 1 1 1603.0875796014516 -2.6883168088252547 0.0 4.5 1.8 1.5 0.0
18 1 1 1622.647123314031 -2.793430783068334 0.0 4.5 1.8 1.5 0.0
19 1 1 1642.8578121829346 -2.712558718752461 0.0 4.5 1.8 1.5 0.0
20 1 1 1662.6624328534854 -2.7100855419392715 0.0 4.5 1.8 1.5 0.0
21 1 1 1682.3352397527053 -2.71579526755607 0.0 4.5 1.8 1.5 0.0
22 1 1 1702.3887696052855 -2.7631255233154386 0.0 4.5 1.8 1.5 0.0
23 1 1 1722.5622204264594 -2.703716306368531 0.0 4.5 1.8 1.5 0.0
24 1 1 1741.8097152383948 -2.6945802719824288 0.0 4.5 1.8 1.5 0.0
25 1 1 1761.7119500173949 -2.688053722226998 0.0 4.5 1.8 1.5 0.0
26 1 1 1781.9975158808465 -2.768442068331706 0.0 4.5 1.8 1.5 0.0
27 1 1 1801.8173824044986 -2.7067689060672953 0.0 4.5 1.8 1.5 0.0
28 1 1 1821.6480296242535 -2.632568303281423 0.0 4.5 1.8 1.5 0.0
29 1 1 1841.2934503826589 -2.7650947606319947 0.0 4.5 1.8 1.5 0.0
30 1 1 1861.0235355335392 -2.768198466662392 0.0 4.5 1.8 1.5 0.0
31 1 1 1881.044928491186 -2.710350353673288 0.0 4.5 1.8 1.5 0.0
32 1 1 1900.97459740654 -2.686048789962319 0.0 4.5 1.8 1.5 0.0
33 1 1 1920.7807700386543 -2.6547312485562546 0.0 4.5 1.8 1.5 0.0
34 1 1 1940.584148707236 -2.5913994940846394 0.0 4.5 1.8 1.5 0.0
35 1 1 1960.6211239570412 -2.7702658302349343 0.0 4.5 1.8 1.5 0.0
36 1 1 1980.1407224014808 -2.703284331651961 0.0 4.5 1.8 1.5 0.0
37 1 1 2000.1691187576328 -2.691707927709516 0.0 4.5 1.8 1.5 0.0
38 1 1 2020.1673692532174 -2.731049398046964 0.0 4.5 1.8 1.5 0.0
39 1 1 2039.7622733982937 -2.8031503136484135 0.0 4.5 1.8 1.5 0.0
40 1 1 2059.701239565099 -2.684588012697947 0.0 4.5 1.8 1.5 0.0
41 1 1 2079.692271717943 -2.7896948913497197 0.0 4.5 1.8 1.5 0.0
42 1 1 2099.542999567892 -2.7081420834276786 0.0 4.5 1.8 1.5 0.0
43 1 1 2119.1905023090862 -2.719721697116844 0.0 4.5 1.8 1.5 0.0
44 1 1 2139.237825953621 -2.7845564673056513 0.0 4.5 1.8 1.5 0.0
45 1 1 2159.156652095606 -2.6993687260957087 0.0 4.5 1.8 1.5 0.0
46 1 1 2179.160615285776 -2.6747178498123754 0.0 4.5 1.8 1.5 0.0
47 1 1 2198.5273815771543 -2.7742992044098767 0.0 4.5 1.8 1.5 0.0
48 1 1 2218.7648329177923 -2.70171865486851 0.0 4.5 1.8 1.5 0.0
49 1 1 2238.623745815217 -2.534771377881384 0.0 4.5 1.8 1.5 0.0
0 2 1 1436.9777813718306 3.0080876616579193 0.0 4.5 1.8 1.5 0.0
1 2 1 1455.2106434521518 2.9242401958949444 0.0 4.5 1.8 1.5 0.0
2 2 1 1473.983995472394 2.956482169663835 0.0 4.5 1.8 1.5 0.0
3 2 1 1492.452898070653 2.9725454784628 0.0 4.5 1.8 1.5 0.0
4 2 1 1510.6129603843533 3.0171438426521346 0.0 4.5 1.8 1.5 0.0
5 2 1 1529.39758771056 3.0032885511823437 0.0 4.5 1.8 1.5 0.0
6 2 1 1547.8117044032006 2.9825377531855666 0.0 4.5 1.8 1.5 0.0
7 2 1 1566.8122388724416 3.0057061655588573 0.0 4.5 1.8 1.5 0.0
8 2 1 1585.119912499516 2.935735025211501 0.0 4.5 1.8 1.5 0.0
9 2 1 1603.9976388082705 3.0914493034713297 0.0 4.5 1.8 1.5 0.0
10 2 1 1622.302353101271 3.0407169144355466 0.0 4.5 1.8 1.5 0.0
11 2 1 1640.542529045021 3.0213823163986397 0.0 4.5 1.8 1.5 0.0
12 2 1 1659.2589387244566 2.9678501281815177 0.0 4.5 1.8 1.5 0.0
13 2 1 1677.4702694131022 2.9158219976007764 0.0 4.5 1.8 1.5 0.0
14 2 1 1695.9146397326833 3.0823437020857107 0.0 4.5 1.8 1.5 0.0
15 2 1 1714.511988516293 2.983386270229774 0.0 4.5 1.8 1.5 0.0
16 2 1 1733.152225727299 2.918667250196577 0.0 4.5 1.8 1.5 0.0
17 2 1 1751.7875830451176 3.062598958323947 0.0 4.5 1.8 1.5 0.0
18 2 1 1770.1838003464807 3.0818461648792774 0.0 4.5 1.8 1.5 0.0
19 2 1 1788.35280912645 3.0914644054428955 0.0 4.5 1.8 1.5 0.0
20 2 1 1806.9818615853196 2.9352826288921468 0.0 4.5 1.8 1.5 0.0
21 2 1 1825.5903658600128 3.0928788995789183 0.0 4.5 1.8 1.5 0.0
22 2 1 1844.143790210363 2.952649032727249 0.0 4.5 1.8 1.5 0.0
23 2 1 1862.3985245299352 2.9940226903179825 0.0 4.5 1.8 1.5 0.0
24 2 1 1880.7683550968084 2.934268973475631 0.0 4.5 1.8 1.5 0.0
25 2 1 1899.98579532778 3.0654418059128647 0.0 4.5 1.8 1.5 0.0
26 2 1 1918.161333754389 2.9759953769925755 0.0 4.5 1.8 1.5 0.0
27 2 1 1936.7085523504468 3.1166784619778194 0.0 4.5 1.8 1.5 0.0
28 2 1 1955.287680058028 3.044765524303294 0.0 4.5 1.8 1.5 0.0
29 2 1 1973.676027837396 3.002323445911161 0.0 4.5 1.8 1.5 0.0
30 2 1 1992.3557862682082 3.0055833569465045 0.0 4.5 1.8 1.5 0.0
31 2 1 2010.3567127186416 3.0633056536391763 0.0 4.5 1.8 1.5 0.0
32 2 1 2029.1229957658736 3.104844497636116 0.0 4.5 1.8 1.5 0.0
33 2 1 2047.8932265902695 3.0028272363372905 0.0 4.5 1.8 1.5 0.0
34 2 1 2066.353556702026 2.9938537211271274 0.0 4.5 1.8 1.5 0.0
35 2 1 2084.678239107083 3.009658528619589 0.0 4.5 1.8 1.5 0.0
36 2 1 2103.462358140019 2.9760521281230545 0.0 4.5 1.8 1.5 0.0
37 2 1 2121.670746999889 2.981504183509485 0.0 4.5 1.8 1.5 0.0
38 2 1 2140.495431037928 3.0719061279284214 0.0 4.5 1.8 1.5 0.0
39 2 1 2158.887265987836 3.028344322257089 0.0 4.5 1.8 1.5 0.0
40 2 1 2177.198757420283 3.0431163480529193 0.0 4.5 1.8 1.5 0.0
41 2 1 2195.9448793801175 2.9637722176589287 0.0 4.5 1.8 1.5 0.0
42 2 1 2213.9868320419264 2.9382501103412104 0.0 4.5 1.8 1.5 0.0
43 2 1 2232.7203602049653 3.0573754814426417 0.0 4.5 1.8 1.5 0.0
44 2 1 2251.674607092058 2.977302721781589 0.0 4.5 1.8 1.5 0.0
45 2 1 2269.7922864526245 3.0123597683539263 0.0 4.5 1.8 1.5 0.0
46 2 1 2288.3861332112815 3.045825319754007 0.0 4.5 1.8 1.5 0.0
47 2 1 2306.7889006770383 3.046735764944353 0.0 4.5 1.8 1.5 0.0
48 2 1 2325.3555277224705 3.041977351108696 0.0 4.5 1.8 1.5 0.0
49 2 1 2343.858998975875 2.968623881409884 0.0 4.5 1.8 1.5 0.0
0 3 1 1709.9478965548021 9.116762302535395 0.0 4.5 1.8 1.5 0.0
1 3 1 1727.7775266557653 8.951433508111736 0.0 4.5 1.8 1.5 0.0
2 3 1 1746.077541747382 9.051726073449268 0.0 4.5 1.8 1.5 0.0
3 3 1 1763.8379329767085 9.043560214214336 0.0 4.5 1.8 1.5 0.0
4 3 1 1781.5778490993453 8.96728022017683 0.0 4.5 1.8 1.5 0.0
5 3 1 1799.46264880617 8.978284853175516 0.0 4.5 1.8 1.5 0.0
6 3 1 1817.509701281831 9.004790069676016 0.0 4.5 1.8 1.5 0.0
7 3 1 1835.0167673364053 8.996073646668473 0.0 4.5 1.8 1.5 0.0
8 3 1 1853.1316425072355 8.983956711110924 0.0 4.5 1.8 1.5 0.0
9 3 1 1870.7518015778835 9.024327299325718 0.0 4.5 1.8 1.5 0.0
10 3 1 1888.8324284118348 8.986795779982566 0.0 4.5 1.8 1.5 0.0
11 3 1 1906.5564168771061 9.023745435619004 0.0 4.5 1.8 1.5 0.0
12 3 1 1924.2281971105467 8.941769750032295 0.0 4.5 1.8 1.5 0.0
13 3 1 1942.241314575212 9.00147058116553 0.0 4.5 1.8 1.5 0.0
14 3 1 1960.3143743731987 9.0859107495986 0.0 4.5 1.8 1.5 0.0
15 3 1 1978.2909142253359 9.004146012252951 0.0 4.5 1.8 1.5 0.0
16 3 1 1995.9827684997313 8.962016470519231 0.0 4.5 1.8 1.5 0.0
17 3 1 2013.85005855473 8.997710006805114 0.0 4.5 1.8 1.5 0.0
18 3 1 2031.7854943346124 8.970781391573507 0.0 4.5 1.8 1.5 0.0
19 3 1 2049.692009366009 9.088779884401252 0.0 4.5 1.8 1.5 0.0
20 3 1 2067.433577474086 9.03222852485607 0.0 4.5 1.8 1.5 0.0
21 3 1 2085.460547742736 8.992081915156831 0.0 4.5 1.8 1.5 0.0
22 3 1 2103.2345268813724 9.012772558790212 0.0 4.5 1.8 1.5 0.0
23 3 1 2121.0764330453367 8.973492449558348 0.0 4.5 1.8 1.5 0.0
24 3 1 2138.928989301095 9.037042853313395 0.0 4.5 1.8 1.5 0.0
25 3 1 2157.0815054284185 9.060106480055383 0.0 4.5 1.8 1.5 0.0
26 3 1 2175.0891026389786 8.97377556060672 0.0 4.5 1.8 1.5 0.0
27 3 1 2192.7001197154364 9.02131003903804 0.0 4.5 1.8 1.5 0.0
28 3 1 2210.8308056153523 8.971728024483365 0.0 4.5 1.8 1.5 0.0
29 3 1 2228.0920901008894 8.982173306478922 0.0 4.5 1.8 1.5 0.0
30 3 1 2245.7024447650797 8.985855187667084 0.0 4.5 1.8 1.5 0.0
31 3 1 2263.8425868182476 9.019662628074933 0.0 4.5 1.8 1.5 0.0
32 3 1 2281.9299539863305 9.105951480711916 0.0 4.5 1.8 1.5 0.0
33 3 1 2299.918876999428 8.983297755968001 0.0 4.5 1.8 1.5 0.0
34 3 1 2317.416298738138 9.036738897326448 0.0 4.5 1.8 1.5 0.0
35 3 1 2335.19912447162 9.10371587704384 0.0 4.5 1.8 1.5 0.0
36 3 1 2353.5662485777843 8.988684156145887 0.0 4.5 1.8 1.5 0.0
37 3 1 2370.8549230884387 9.079836557459393 0.0 4.5 1.8 1.5 0.0
38 3 1 2389.0418314658227 9.074033754349795 0.0 4.5 1.8 1.5 0.0
39 3 1 2406.6130433437306 8.982174187603434 0.0 4.5 1.8 1.5 0.0
40 3 1 2424.8001670560498 9.014491968439359 0.0 4.5 1.8 1.5 0.0
41 3 1 2442.576294662427 9.043285435368498 0.0 4.5 1.8 1.5 0.0
42 3 1 2460.3199731114623 9.005023964500058 0.0 4.5 1.8 1.5 0.0
43 3 1 2478.4247457642978 9.037864880454059 0.0 4.5 1.8 1.5 0.0
44 3 1 2496.41019905419 8.955910834159228 0.0 4.5 1.8 1.5 0.0
45 3 1 2513.828242685041 9.076026779846048 0.0 4.5 1.8 1.5 0.0
46 3 1 2532.068717762201 8.974718611923294 0.0 4.5 1.8 1.5 0.0
47 3 1 2550.179674795526 9.017926670465766 0.0 4.5 1.8 1.5 0.0
48 3 1 2567.9724932778504 9.015518862821628 0.0 4.5 1.8 1.5 0.0
49 3 1 2586.0159728666304 9.099909980873282 0.0 4.5 1.8 1.5 0.0
0 4 1 1578.274293819798 -1.8864514173280527 0.0 4.5 1.8 1.5 0.0
1 4 1 1593.5598308619199 -1.9474581076832782 0.0 4.5 1.8 1.5 0.0
2 4 1 1608.9704624487742 -1.8581257361529677 0.0 4.5 1.8 1.5 0.0
3 4 1 1625.1639259238298 -1.9371965668041509 0.0 4.5 1.8 1.5 0.0
4 4 1 1640.6968162378685 -2.0388859671585786 0.0 4.5 1.8 1.5 0.0
5 4 1 1656.2295225970786 -1.8636203937088516 0.0 4.5 1.8 1.5 0.0
6 4 1 1672.1932511138862 -1.9138076478988617 0.0 4.5 1.8 1.5 0.0
7 4 1 1687.6640741290664 -1.890522404267242 0.0 4.5 1.8 1.5 0.0
8 4 1 1703.2808169017364 -2.0135773355618087 0.0 4.5 1.8 1.5 0.0
9 4 1 1719.005930237365 -1.9101867093977793 0.0 4.5 1.8 1.5 0.0
10 4 1 1734.9017817445126 -2.0024024637768583 0.0 4.5 1.8 1.5 0.0
11 4 1 1750.322740088496 -1.9341078584898144 0.0 4.5 1.8 1.5 0.0
12 4 1 1765.79714811109 -1.9059590120058936 0.0 4.5 1.8 1.5 0.0
13 4 1 1781.8369482406351 -1.9448772911536105 0.0 4.5 1.8 1.5 0.0
14 4 1 1797.7685692982902 -1.9463106761287412 0.0 4.5 1.8 1.5 0.0
15 4 1 1812.938290224681 -1.9541262431504884 0.0 4.5 1.8 1.5 0.0
16 4 1 1828.5346032464147 -1.958293950413751 0.0 4.5 1.8 1.5 0.0
17 4 1 1844.080961429479 -1.939919316947723 0.0 4.5 1.8 1.5 0.0
18 4 1 1860.0493501461835 -2.044482800254098 0.0 4.5 1.8 1.5 0.0
19 4 1 1875.687541585336 -1.9282359716649617 0.0 4.5 1.8 1.5 0.0
20 4 1 1891.4809254282231 -1.870110922123267 0.0 4.5 1.8 1.5 0.0
21 4 1 1907.2183546252584 -1.9613608618788358 0.0 4.5 1.8 1.5 0.0
22 4 1 1922.57087748014 -1.9013674556745657 0.0 4.5 1.8 1.5 0.0
23 4 1 1938.2787800895774 -1.9917453767082396 0.0 4.5 1.8 1.5 0.0
24 4 1 1954.5331405477782 -1.945878888982918 0.0 4.5 1.8 1.5 0.0
25 4 1 1969.6030835048134 -2.0399491785641573 0.0 4.5 1.8 1.5 0.0
26 4 1 1985.5687449020802 -1.9797394680418854 0.0 4.5 1.8 1.5 0.0
27 4 1 2001.0742647377713 -1.8819115179368373 0.0 4.5 1.8 1.5 0.0
28 4 1 2016.5441630585658 -1.9263685531611814 0.0 4.5 1.8 1.5 0.0
29 4 1 2032.7134503924026 -2.053180028595232 0.0 4.5 1.8 1.5 0.0
30 4 1 2047.9166678832214 -1.9755697699414119 0.0 4.5 1.8 1.5 0.0
31 4 1 2063.7114641703583 -1.9327322196207353 0.0 4.5 1.8 1.5 0.0
32 4 1 2079.206668810534 -1.963061343057709 0.0 4.5 1.8 1.5 0.0
33 4 1 2094.934352485286 -1.9478821380107019 0.0 4.5 1.8 1.5 0.0
34 4 1 2110.802718168136 -1.8848144696335043 0.0 4.5 1.8 1.5 0.0
35 4 1 2126.6402159631925 -1.897660962685292 0.0 4.5 1.8 1.5 0.0
36 4 1 2141.924431082239 -1.930507471768426 0.0 4.5 1.8 1.5 0.0
37 4 1 2158.244167929088 -1.8796160411176934 0.0 4.5 1.8 1.5 0.0
38 4 1 2173.351277278868 -1.8512407666038693 0.0 4.5 1.8 1.5 0.0
39 4 1 2189.031840494936 -1.9637627741672217 0.0 4.5 1.8 1.5 0.0
40 4 1 2205.058676862335 -1.9958251402526532 0.0 4.5 1.8 1.5 0.0
41 4 1 2220.0668511013487 -1.8832784468490344 0.0 4.5 1.8 1.5 0.0
42 4 1 2236.1252209459785 -1.9239744018252005 0.0 4.5 1.8 1.5 0.0
43 4 1 2251.717474334023 -1.9422673441212612 0.0 4.5 1.8 1.5 0.0
44 4 1 2267.3682130635957 -1.9616423222647783 0.0 4.5 1.8 1.5 0.0
45 4 1 2283.0535291419415 -1.9510152376929433 0.0 4.5 1.8 1.5 0.0
46 4 1 2298.6342705744646 -1.9576011357186505 0.0 4.5 1.8 1.5 0.0
47 4 1 2313.969511566589 -1.8961105656742998 0.0 4.5 1.8 1.5 0.0
48 4 1 2330.2181902669718 -1.93458811737685 0.0 4.5 1.8 1.5 0.0
49 4 1 2345.85768063238 -1.9166638055951268 0.0 4.5 1.8 1.5 0.0
0 5 1 464.2449551419775 -6.544678896030094 0.0 4.5 1.8 1.5 0.0
1 5 1 482.23442372428957 -6.555080242579686 0.0 4.5 1.8 1.5 0.0
2 5 1 500.7789961283468 -6.553718318769025 0.0 4.5 1.8 1.5 0.0
3 5 1 519.1020851484496 -6.672492357231909 0.0 4.5 1.8 1.5 0.0
4 5 1 537.2724445918037 -6.579844004865614 0.0 4.5 1.8 1.5 0.0
5 5 1 555.9931136793468 -6.627464083453903 0.0 4.5 1.8 1.5 0.0
6 5 1 574.4121037703801 -6.6653242553121315 0.0 4.5 1.8 1.5 0.0
7 5 1 592.6143854185173 -6.642799062186806 0.0 4.5 1.8 1.5 0.0
8 5 1 610.8404502563085 -6.579878318632862 0.0 4.5 1.8 1.5 0.0
9 5 1 629.1419509044342 -6.601476029410175 0.0 4.5 1.8 1.5 0.0
10 5 1 647.8585082389561 -6.611092845674841 0.0 4.5 1.8 1.5 0.0
11 5 1 666.1676041991484 -6.638733594931564 0.0 4.5 1.8 1.5 0.0
12 5 1 684.4496427119406 -6.510169821165788 0.0 4.5 1.8 1.5 0.0
13 5 1 702.1925690759542 -6.622093014972207 0.0 4.5 1.8 1.5 0.0
14 5 1 721.145528501038 -6.592400521500833 0.0 4.5 1.8 1.5 0.0
15 5 1 739.4475593498984 -6.612447511534474 0.0 4.5 1.8 1.5 0.0
16 5 1 757.7338642323408 -6.590032113968287 0.0 4.5 1.8 1.5 0.0
17 5 1 776.2933187868003 -6.569527210033622 0.0 4.5 1.8 1.5 0.0
18 5 1 794.4704990065056 -6.602842100504806 0.0 4.5 1.8 1.5 0.0
19 5 1 812.6486733288981 -6.603876161589664 0.0 4.5 1.8 1.5 0.0
20 5 1 831.1683011018105 -6.603297476239696 0.0 4.5 1.8 1.5 0.0
21 5 1 849.4905817443363 -6.4784782122664115 0.0 4.5 1.8 1.5 0.0
22 5 1 867.9500678132654 -6.598549428807075 0.0 4.5 1.8 1.5 0.0
23 5 1 886.359301756634 -6.602652020849761 0.0 4.5 1.8 1.5 0.0
24 5 1 904.0546501647877 -6.632652567744553 0.0 4.5 1.8 1.5 0.0
25 5 1 922.4313327872403 -6.599823926400749 0.0 4.5 1.8 1.5 0.0
26 5 1 941.1523909469056 -6.498426386584919 0.0 4.5 1.8 1.5 0.0
27 5 1 959.5573088454427 -6.593203278639126 0.0 4.5 1.8 1.5 0.0
28 5 1 978.0010205865487 -6.692805017649078 0.0 4.5 1.8 1.5 0.0
29 5 1 996.2254784815559 -6.543704992504335 0.0 4.5 1.8 1.5 0.0
30 5 1 1014.2258544204004 -6.5250605500383365 0.0 4.5 1.8 1.5 0.0
31 5 1 1032.9324870506773 -6.603012647893723 0.0 4.5 1.8 1.5 0.0
32 5 1 1051.334560242022 -6.468713609308463 0.0 4.5 1.8 1.5 0.0
33 5 1 1069.5875932194347 -6.569837222883667 0.0 4.5 1.8 1.5 0.0
34 5 1 1087.802563888137 -6.624740470671923 0.0 4.5 1.8 1.5 0.0
35 5 1 1106.403719330976 -6.625052443494127 0.0 4.5 1.8 1.5 0.0
36 5 1 1124.5951815147332 -6.606131124536939 0.0 4.5 1.8 1.5 0.0
37 5 1 1143.0198803320607 -6.565565146934336 0.0 4.5 1.8 1.5 0.0
38 5 1 1161.474808455385 -6.607749072141421 0.0 4.5 1.8 1.5 0.0
39 5 1 1179.556541579097 -6.6311864379877985 0.0 4.5 1.8 1.5 0.0
40 5 1 1197.8648740137626 -6.56338322754644 0.0 4.5 1.8 1.5 0.0
41 5 1 1216.4483464887292 -6.628356518407564 0.0 4.5 1.8 1.5 0.0
42 5 1 1234.8140860490432 -6.514466359258436 0.0 4.5 1.8 1.5 0.0
43 5 1 1253.066067945289 -6.4884084615707796 0.0 4.5 1.8 1.5 0.0
44 5 1 1271.1718392244459 -6.644480987364254 0.0 4.5 1.8 1.5 0.0
45 5 1 1289.3140691141077 -6.507446036624224 0.0 4.5 1.8 1.5 0.0
46 5 1 1308.1439023947817 -6.585027485744206 0.0 4.5 1.8 1.5 0.0
47 5 1 1326.412239088397 -6.638522704563602 0.0 4.5 1.8 1.5 0.0
48 5 1 1345.1886118586785 -6.575787193099922 0.0 4.5 1.8 1.5 0.0
49 5 1 1363.0645565212983 -6.545959921003749 0.0 4.5 1.8 1.5 0.0
0 6 1 1254.0215317649208 8.39299990213808 0.0 4.5 1.8 1.5 0.0
1 6 1 1272.239387118413 8.544329029152127 0.0 4.5 1.8 1.5 0.0
2 6 1 1291.080645991921 8.4549923956749 0.0 4.5 1.8 1.5 0.0
3 6 1 1309.562016960296 8.489041286926739 0.0 4.5 1.8 1.5 0.0
4 6 1 1328.6239938850215 8.476185256901305 0.0 4.5 1.8 1.5 0.0
5 6 1 1346.5348314709781 8.443317580651339 0.0 4.5 1.8 1.5 0.0
6 6 1 1365.402841301249 8.420847593475266 0.0 4.5 1.8 1.5 0.0
7 6 1 1383.8952844771811 8.33395075484701 0.0 4.5 1.8 1.5 0.0
8 6 1 1402.2150524366527 8.481394624219948 0.0 4.5 1.8 1.5 0.0
9 6 1 1421.0512466318241 8.409063912693796 0.0 4.5 1.8 1.5 0.0
10 6 1 1439.03286169055 8.436950865301325 0.0 4.5 1.8 1.5 0.0
11 6 1 1457.6445240640937 8.442535790209439 0.0 4.5 1.8 1.5 0.0
12 6 1 1476.4044703462837 8.384030371285819 0.0 4.5 1.8 1.5 0.0
13 6 1 1495.1028820307993 8.442126928877693 0.0 4.5 1.8 1.5 0.0
14 6 1 1513.694279354145 8.35774236153111 0.0 4.5 1.8 1.5 0.0
15 6 1 1531.810942117802 8.475821088978321 0.0 4.5 1.8 1.5 0.0
16 6 1 1550.390751609313 8.44176084064343 0.0 4.5 1.8 1.5 0.0
17 6 1 1569.0869067185565 8.457900422593584 0.0 4.5 1.8 1.5 0.0
18 6 1 1587.4874468240653 8.45745195171954 0.0 4.5 1.8 1.5 0.0
19 6 1 1606.002644497132 8.483701646983254 0.0 4.5 1.8 1.5 0.0
20 6 1 1624.6723776058493 8.457739454725692 0.0 4.5 1.8 1.5 0.0
21 6 1 1643.7455249492511 8.394632400815915 0.0 4.5 1.8 1.5 0.0
22 6 1 1662.045449206688 8.317020055693447 0.0 4.5 1.8 1.5 0.0
23 6 1 1679.8882505934632 8.387955619661536 0.0 4.5 1.8 1.5 0.0
24 6 1 1698.604613422959 8.460172713452858 0.0 4.5 1.8 1.5 0.0
25 6 1 1717.4342807204146 8.437246560127297 0.0 4.5 1.8 1.5 0.0
26 6 1 1735.8825298457955 8.476375861592498 0.0 4.5 1.8 1.5 0.0
27 6 1 1754.6153433862391 8.383660672740428 0.0 4.5 1.8 1.5 0.0
28 6 1 1772.9125135880354 8.446508132400265 0.0 4.5 1.8 1.5 0.0
29 6 1 1791.618148153161 8.411354266432243 0.0 4.5 1.8 1.5 0.0
30 6 1 1810.0394338902972 8.451486805272273 0.0 4.5 1.8 1.5 0.0
31 6 1 1828.452577276291 8.413571866048521 0.0 4.5 1.8 1.5 0.0
32 6 1 1847.1494136240774 8.443470366246554 0.0 4.5 1.8 1.5 0.0
33 6 1 1865.765953144001 8.397324687513665 0.0 4.5 1.8 1.5 0.0
34 6 1 1884.1319145061082 8.438526820968235 0.0 4.5 1.8 1.5 0.0
35 6 1 1902.9010167648755 8.40296693481752 0.0 4.5 1.8 1.5 0.0
36 6 1 1921.3213675558488 8.46262539892281 0.0 4.5 1.8 1.5 0.0
37 6 1 1940.1399097749209 8.399633155330603 0.0 4.5 1.8 1.5 0.0
38 6 1 1958.2153768343283 8.40311983943475 0.0 4.5 1.8 1.5 0.0
39 6 1 1976.5490608351051 8.538221970259052 0.0 4.5 1.8 1.5 0.0
40 6 1 1995.170909594896 8.409172353093172 0.0 4.5 1.8 1.5 0.0
41 6 1 2014.2185563143094 8.362332271199005 0.0 4.5 1.8 1.5 0.0
42 6 1 2032.6428664980772 8.379336406278826 0.0 4.5 1.8 1.5 0.0
43 6 1 2051.277128303093 8.341493739193872 0.0 4.5 1.8 1.5 0.0
44 6 1 2069.2132886441036 8.42274151179797 0.0 4.5 1.8 1.5 0.0
45 6 1 2088.2945402369555 8.448439711014087 0.0 4.5 1.8 1.5 0.0
46 6 1 2106.5692258559106 8.51728983391915 0.0 4.5 1.8 1.5 0.0
47 6 1 2125.6036099497414 8.483600487766605 0.0 4.5 1.8 1.5 0.0
48 6 1 2143.5841843130015 8.429080471845452 0.0 4.5 1.8 1.5 0.0
49 6 1 2161.9872589092374 8.455028494658618 0.0 4.5 1.8 1.5 0.0
0 7 1 490.19235678588365 -9.681105107931417 0.0 4.5 1.8 1.5 0.0
1 7 1 509.8063323188095 -9.717315649262558 0.0 4.5 1.8 1.5 0.0
2 7 1 529.5020069279342 -9.608556594930013 0.0 4.5 1.8 1.5 0.0
3 7 1 548.9188757801344 -9.58305191985339 0.0 4.5 1.8 1.5 0.0
4 7 1 568.7722587549666 -9.58146796579976 0.0 4.5 1.8 1.5 0.0
5 7 1 587.6424830526103 -9.69616531738745 0.0 4.5 1.8 1.5 0.0
6 7 1 607.4571882161399 -9.630881916540124 0.0 4.5 1.8 1.5 0.0
7 7 1 627.2571777685754 -9.668473659708338 0.0 4.5 1.8 1.5 0.0
8 7 1 646.7624933501794 -9.669955615668332 0.0 4.5 1.8 1.5 0.0
9 7 1 666.1743304694882 -9.702519523893077 0.0 4.5 1.8 1.5 0.0
10 7 1 685.6834814136669 -9.699770699331483 0.0 4.5 1.8 1.5 0.0
11 7 1 705.2444474450961 -9.579504379220273 0.0 4.5 1.8 1.5 0.0
12 7 1 724.8212363507276 -9.500567365808797 0.0 4.5 1.8 1.5 0.0
13 7 1 744.6812737414728 -9.622944662865923 0.0 4.5 1.8 1.5 0.0
14 7 1 763.9824326380628 -9.597170975080216 0.0 4.5 1.8 1.5 0.0
15 7 1 783.610470661654 -9.626085978318399 0.0 4.5 1.8 1.5 0.0
16 7 1 803.8091091673577 -9.636989464036898 0.0 4.5 1.8 1.5 0.0
17 7 1 823.0984409577636 -9.66734529030696 0.0 4.5 1.8 1.5 0.0
18 7 1 842.4330826272096 -9.54364643726889 0.0 4.5 1.8 1.5 0.0
19 7 1 861.886180946554 -9.541564041150819 0.0 4.5 1.8 1.5 0.0
20 7 1 881.724618778005 -9.66030980784538 0.0 4.5 1.8 1.5 0.0
21 7 1 901.2810439715275 -9.583558746569329 0.0 4.5 1.8 1.5 0.0
22 7 1 920.8504184489625 -9.710697705045188 0.0 4.5 1.8 1.5 0.0
23 7 1 940.1521230541565 -9.64456240082824 0.0 4.5 1.8 1.5 0.0
24 7 1 959.854157836304 -9.601152864173132 0.0 4.5 1.8 1.5 0.0
25 7 1 979.4760787551131 -9.69895368698617 0.0 4.5 1.8 1.5 0.0
26 7 1 999.0880721579301 -9.601657181786475 0.0 4.5 1.8 1.5 0.0
27 7 1 1018.6954847101176 -9.578147432772935 0.0 4.5 1.8 1.5 0.0
28 7 1 1038.3218050842436 -9.609227465089244 0.0 4.5 1.8 1.5 0.0
29 7 1 1057.7124815438447 -9.715234515726465 0.0 4.5 1.8 1.5 0.0
30 7 1 1077.3839323627656 -9.62180208469251 0.0 4.5 1.8 1.5 0.0
31 7 1 1096.9238185191805 -9.69602389784168 0.0 4.5 1.8 1.5 0.0
32 7 1 1116.2247854764623 -9.57952882638402 0.0 4.5 1.8 1.5 0.0
33 7 1 1136.0045797865753 -9.598111434182034 0.0 4.5 1.8 1.5 0.0
34 7 1 1155.589648525375 -9.63069866207588 0.0 4.5 1.8 1.5 0.0
35 7 1 1175.3431356441467 -9.657988705461534 0.0 4.5 1.8 1.5 0.0
36 7 1 1194.746197071142 -9.655300233485917 0.0 4.5 1.8 1.5 0.0
37 7 1 1214.21156770307 -9.647645075224098 0.0 4.5 1.8 1.5 0.0
38 7 1 1233.9143877356855 -9.65612390013384 0.0 4.5 1.8 1.5 0.0
39 7 1 1253.692606239276 -9.676916834161641 0.0 4.5 1.8 1.5 0.0
40 7 1 1272.9755747181316 -9.654173021964375 0.0 4.5 1.8 1.5 0.0
41 7 1 1292.8738386566372 -9.622358730225088 0.0 4.5 1.8 1.5 0.0
42 7 1 1312.3623060204625 -9.706464487702515 0.0 4.5 1.8 1.5 0.0
43 7 1 1331.7808411985452 -9.587704929269494 0.0 4.5 1.8 1.5 0.0
44 7 1 1351.3153819760287 -9.578912450297398 0.0 4.5 1.8 1.5 0.0
45 7 1 1370.766961520956 -9.561719097041387 0.0 4.5 1.8 1.5 0.0
46 7 1 1390.9016928685026 -9.650328397072649 0.0 4.5 1.8 1.5 0.0
47 7 1 1409.9243067723012 -9.559517245194781 0.0 4.5 1.8 1.5 0.0
48 7 1 1429.9008157385301 -9.65832947040833 0.0 4.5 1.8 1.5 0.0
49 7 1 1449.0723579787673 -9.64627569949369 0.0 4.5 1.8 1.5 0.0
0 8 1 637.9331480931763 -4.315589958500683 0.0 4.5 1.8 1.5 0.0
1 8 1 654.5873087397423 -4.221089005095507 0.0 4.5 1.8 1.5 0.0
2 8 1 671.2498203473284 -4.296499409069238 0.0 4.5 1.8 1.5 0.0
3 8 1 688.226450111319 -4.288415012595698 0.0 4.5 1.8 1.5 0.0
4 8 1 704.4794667453943 -4.1741647390289796 0.0 4.5 1.8 1.5 0.0
5 8 1 720.413594697266 -4.251522018714686 0.0 4.5 1.8 1.5 0.0
6 8 1 737.1056206368959 -4.285166386746332 0.0 4.5 1.8 1.5 0.0
7 8 1 753.8017433327188 -4.286363691739529 0.0 4.5 1.8 1.5 0.0
8 8 1 770.073014762372 -4.26362591169963 0.0 4.5 1.8 1.5 0.0
9 8 1 786.579069320242 -4.313898677268972 0.0 4.5 1.8 1.5 0.0
10 8 1 803.2944710771668 -4.202793619992985 0.0 4.5 1.8 1.5 0.0
11 8 1 819.6855540963843 -4.2740477994694785 0.0 4.5 1.8 1.5 0.0
12 8 1 835.9573288334913 -4.290401170064687 0.0 4.5 1.8 1.5 0.0
13 8 1 853.0513868560436 -4.208328251840033 0.0 4.5 1.8 1.5 0.0
14 8 1 868.8934301696004 -4.246985275546508 0.0 4.5 1.8 1.5 0.0
15 8 1 885.4704857825772 -4.22603014811055 0.0 4.5 1.8 1.5 0.0
16 8 1 902.1332332104348 -4.201039684223091 0.0 4.5 1.8 1.5 0.0
17 8 1 918.3359627004245 -4.249983401986459 0.0 4.5 1.8 1.5 0.0
18 8 1 934.6379051974453 -4.3180871819398075 0.0 4.5 1.8 1.5 0.0
19 8 1 951.6459753640287 -4.302754356488632 0.0 4.5 1.8 1.5 0.0
20 8 1 967.7825140393873 -4.2556340706458675 0.0 4.5 1.8 1.5 0.0
21 8 1 984.571188607446 -4.308261506710069 0.0 4.5 1.8 1.5 0.0
22 8 1 1000.2176152378047 -4.29873132902554 0.0 4.5 1.8 1.5 0.0
23 8 1 1017.6364432214273 -4.238063414367521 0.0 4.5 1.8 1.5 0.0
24 8 1 1034.141633168874 -4.311810974025 0.0 4.5 1.8 1.5 0.0
25 8 1 1050.0305195568637 -4.232092739285988 0.0 4.5 1.8 1.5 0.0
26 8 1 1066.8879439602133 -4.239942450899502 0.0 4.5 1.8 1.5 0.0
27 8 1 1083.5080793434865 -4.234135920722752 0.0 4.5 1.8 1.5 0.0
28 8 1 1099.8841441358645 -4.219469816228308 0.0 4.5 1.8 1.5 0.0
29 8 1 1116.3850445459536 -4.212347870332494 0.0 4.5 1.8 1.5 0.0
30 8 1 1132.9678059867522 -4.178635726856319 0.0 4.5 1.8 1.5 0.0
31 8 1 1149.1178041590956 -4.231192061547827 0.0 4.5 1.8 1.5 0.0
32 8 1 1165.6551183526367 -4.296898116282328 0.0 4.5 1.8 1.5 0.0
33 8 1 1182.07281556442 -4.230472391040289 0.0 4.5 1.8 1.5 0.0
34 8 1 1198.775914741873 -4.235199565456443 0.0 4.5 1.8 1.5 0.0
35 8 1 1215.1286621036822 -4.2550494293594445 0.0 4.5 1.8 1.5 0.0
36 8 1 1231.8188959746512 -4.32968981990083 0.0 4.5 1.8 1.5 0.0
37 8 1 1248.1418144574416 -4.250722359512025 0.0 4.5 1.8 1.5 0.0
38 8 1 1264.7690874938514 -4.322732587515506 0.0 4.5 1.8 1.5 0.0
39 8 1 1281.3989939914193 -4.24453864569694 0.0 4.5 1.8 1.5 0.0
40 8 1 1297.6348239539348 -4.275289154784976 0.0 4.5 1.8 1.5 0.0
41 8 1 1314.170652917835 -4.252822464404209 0.0 4.5 1.8 1.5 0.0
42 8 1 1330.7863854379768 -4.3272948793215456 0.0 4.5 1.8 1.5 0.0
43 8 1 1347.0612388174138 -4.234794549499494 0.0 4.5 1.8 1.5 0.0
44 8 1 1363.470395774843 -4.275453458083717 0.0 4.5 1.8 1.5 0.0
45 8 1 1379.9166194002016 -4.246488203449974 0.0 4.5 1.8 1.5 0.0
46 8 1 1396.1087596780794 -4.206969418865204 0.0 4.5 1.8 1.5 0.0
47 8 1 1412.8562656870163 -4.248830032050026 0.0 4.5 1.8 1.5 0.0
48 8 1 1429.507253116193 -4.281510436284012 0.0 4.5 1.8 1.5 0.0
49 8 1 1445.8891655837153 -4.35698217894964 0.0 4.5 1.8 1.5 0.0
0 9 1 1386.4437492739446 3.5559672342991 0.0 4.5 1.8 1.5 0.0
1 9 1 1404.050868475922 3.6408048209124737 0.0 4.5 1.8 1.5 0.0
2 9 1 1420.9881325543693 3.7013253544950717 0.0 4.5 1.8 1.5 0.0
3 9 1 1438.4706527924332 3.6377036005932677 0.0 4.5 1.8 1.5 0.0
4 9 1 1455.3953453018287 3.7095303985441115 0.0 4.5 1.8 1.5 0.0
5 9 1 1473.0109599490381 3.6609487389411353 0.0 4.5 1.8 1.5 0.0
6 9 1 1490.47976064454 3.6124032938137964 0.0 4.5 1.8 1.5 0.0
7 9 1 1507.0348417430291 3.631312128636042 0.0 4.5 1.8 1.5 0.0
8 9 1 1524.5603431058269 3.6780745045962386 0.0 4.5 1.8 1.5 0.0
9 9 1 1541.75072662941 3.683510301955819 0.0 4.5 1.8 1.5 0.0
10 9 1 1558.778179488027 3.738095762333767 0.0 4.5 1.8 1.5 0.0
11 9 1 1576.2415706690704 3.7217723237095104 0.0 4.5 1.8 1.5 0.0
12 9 1 1593.5560595059085 3.6887451930877933 0.0 4.5 1.8 1.5 0.0
13 9 1 1610.8309814245629 3.68829296013097 0.0 4.5 1.8 1.5 0.0
14 9 1 1628.0750860523738 3.7323651586367257 0.0 4.5 1.8 1.5 0.0
15 9 1 1645.2153592662244 3.70135772000953 0.0 4.5 1.8 1.5 0.0
16 9 1 1662.3876214253103 3.737913392902578 0.0 4.5 1.8 1.5 0.0
17 9 1 1679.4998036356396 3.755954553775645 0.0 4.5 1.8 1.5 0.0
18 9 1 1696.8565640378063 3.5943687770242017 0.0 4.5 1.8 1.5 0.0
19 9 1 1714.119730042801 3.6318549492563603 0.0 4.5 1.8 1.5 0.0
20 9 1 1731.4917514015003 3.633276333164985 0.0 4.5 1.8 1.5 0.0
21 9 1 1748.4638995369435 3.5714304955828275 0.0 4.5 1.8 1.5 0.0
22 9 1 1765.6921884916203 3.5447135657986566 0.0 4.5 1.8 1.5 0.0
23 9 1 1782.6953827226566 3.703928264937319 0.0 4.5 1.8 1.5 0.0
24 9 1 1800.3988368509679 3.6871804102193524 0.0 4.5 1.8 1.5 0.0
25 9 1 1817.2777951224955 3.6635219643230053 0.0 4.5 1.8 1.5 0.0
26 9 1 1834.699983375187 3.607989297670477 0.0 4.5 1.8 1.5 0.0
27 9 1 1852.2308970752422 3.709775646658888 0.0 4.5 1.8 1.5 0.0
28 9 1 1869.1155381120068 3.667251824079831 0.0 4.5 1.8 1.5 0.0
29 9 1 1886.430921040246 3.5638207887088895 0.0 4.5 1.8 1.5 0.0
30 9 1 1903.569322534036 3.6318083197302142 0.0 4.5 1.8 1.5 0.0
31 9 1 1920.6479475404449 3.6518525174858065 0.0 4.5 1.8 1.5 0.0
32 9 1 1938.4373223796774 3.697949675193455 0.0 4.5 1.8 1.5 0.0
33 9 1 1955.1930628082348 3.694536671197912 0.0 4.5 1.8 1.5 0.0
34 9 1 1972.8166832253924 3.7121392162757427 0.0 4.5 1.8 1.5 0.0
35 9 1 1989.778251743943 3.6335606932448257 0.0 4.5 1.8 1.5 0.0
36 9 1 2007.1354838645652 3.6855818014011916 0.0 4.5 1.8 1.5 0.0
37 9 1 2024.4043913777318 3.6976661222142027 0.0 4.5 1.8 1.5 0.0
38 9 1 2041.6647768086739 3.6391457715520756 0.0 4.5 1.8 1.5 0.0
39 9 1 2058.9478586106206 3.675787512364724 0.0 4.5 1.8 1.5 0.0
40 9 1 2076.3289455039026 3.6314481412256256 0.0 4.5 1.8 1.5 0.0
41 9 1 2093.490599621894 3.675803071303237 0.0 4.5 1.8 1.5 0.0
42 9 1 2110.242636792422 3.641713240427388 0.0 4.5 1.8 1.5 0.0
43 9 1 2127.53836446339 3.6871158294502 0.0 4.5 1.8 1.5 0.0
44 9 1 2144.93651455452 3.6372225319331752 0.0 4.5 1.8 1.5 0.0
45 9 1 2162.056590070344 3.7730210500606973 0.0 4.5 1.8 1.5 0.0
46 9 1 2179.6364831547 3.6877237156138056 0.0 4.5 1.8 1.5 0.0
47 9 1 2196.5280887481977 3.6719090984660174 0.0 4.5 1.8 1.5 0.0
48 9 1 2213.872705178994 3.614767903870184 0.0 4.5 1.8 1.5 0.0
49 9 1 2230.9280398088467 3.582478328436225 0.0 4.5 1.8 1.5 0.0
0 10 1 1562.517643429423 4.498301358024382 0.0 4.5 1.8 1.5 0.0
1 10 1 1581.2916809688056 4.643468250452668 0.0 4.5 1.8 1.5 0.0
2 10 1 1600.2964965619972 4.632422855974493 0.0 4.5 1.8 1.5 0.0
3 10 1 1618.7045170969761 4.514742974098735 0.0 4.5 1.8 1.5 0.0
4 10 1 1637.9047398074376 4.552345125547496 0.0 4.5 1.8 1.5 0.0
5 10 1 1656.564744743647 4.4806909836364985 0.0 4.5 1.8 1.5 0.0
6 10 1 1675.44706606966 4.582232200114026 0.0 4.5 1.8 1.5 0.0
7 10 1 1693.9655630781824 4.5091008812720705 0.0 4.5 1.8 1.5 0.0
8 10 1 1712.6635306086052 4.528806896376487 0.0 4.5 1.8 1.5 0.0
9 10 1 1730.9822049470765 4.540860252740087 0.0 4.5 1.8 1.5 0.0
10 10 1 1749.9944897154394 4.596501470819917 0.0 4.5 1.8 1.5 0.0
11 10 1 1768.2924831126209 4.555141386768896 0.0 4.5 1.8 1.5 0.0
12 10 1 1787.2217873974625 4.559342562435939 0.0 4.5 1.8 1.5 0.0
13 10 1 1806.2412896241992 4.539039156469651 0.0 4.5 1.8 1.5 0.0
14 10 1 1825.0414248440459 4.481093092371176 0.0 4.5 1.8 1.5 0.0
15 10 1 1843.8150429151397 4.507977452016454 0.0 4.5 1.8 1.5 0.0
16 10 1 1861.9958517009852 4.529761596801171 0.0 4.5 1.8 1.5 0.0
17 10 1 1880.6015325325473 4.556090089938471 0.0 4.5 1.8 1.5 0.0
18 10 1 1899.6822465545672 4.605065741394963 0.0 4.5 1.8 1.5 0.0
19 10 1 1918.5774140911844 4.4737815784667605 0.0 4.5 1.8 1.5 0.0
20 10 1 1936.9934843568592 4.569414616352872 0.0 4.5 1.8 1.5 0.0
21 10 1 1956.04411026308 4.604506441070505 0.0 4.5 1.8 1.5 0.0
22 10 1 1974.8311289241437 4.538905264813766 0.0 4.5 1.8 1.5 0.0
23 10 1 1993.374290797533 4.608318320523351 0.0 4.5 1.8 1.5 0.0
24 10 1 2011.9546305866954 4.562367704673168 0.0 4.5 1.8 1.5 0.0
25 10 1 2030.6634487291467 4.51583398960289 0.0 4.5 1.8 1.5 0.0
26 10 1 2049.45203451474 4.509004222759182 0.0 4.5 1.8 1.5 0.0
27 10 1 2068.129706902528 4.491633652099555 0.0 4.5 1.8 1.5 0.0
28 10 1 2086.8314238256453 4.5658009100069545 0.0 4.5 1.8 1.5 0.0
29 10 1 2105.4652026018407 4.543845982952707 0.0 4.5 1.8 1.5 0.0
30 10 1 2124.3243564338063 4.566008139917228 0.0 4.5 1.8 1.5 0.0
31 10 1 2142.9833045528208 4.597674712419551 0.0 4.5 1.8 1.5 0.0
32 10 1 2161.3033693547914 4.6902690376845495 0.0 4.5 1.8 1.5 0.0
33 10 1 2180.2628589802744 4.563550896493865 0.0 4.5 1.8 1.5 0.0
34 10 1 2198.9629247570406 4.575594803301627 0.0 4.5 1.8 1.5 0.0
35 10 1 2217.9194647756008 4.510845718458906 0.0 4.5 1.8 1.5 0.0
36 10 1 2236.7923010201634 4.535183351346065 0.0 4.5 1.8 1.5 0.0
37 10 1 2255.4006593446925 4.497523405066359 0.0 4.5 1.8 1.5 0.0
38 10 1 2273.998571235967 4.643551758685266 0.0 4.5 1.8 1.5 0.0
39 10 1 2292.9108744749037 4.558762433098714 0.0 4.5 1.8 1.5 0.0
40 10 1 2311.3420298095593 4.546756322119911 0.0 4.5 1.8 1.5 0.0
41 10 1 2330.1848597791154 4.565842817072149 0.0 4.5 1.8 1.5 0.0
42 10 1 2348.6435470854453 4.57680179337328 0.0 4.5 1.8 1.5 0.0
43 10 1 2367.354493173422 4.624937687940255 0.0 4.5 1.8 1.5 0.0
44 10 1 2386.1316187345974 4.5582128113099705 0.0 4.5 1.8 1.5 0.0
45 10 1 2405.2005055197365 4.530762393152939 0.0 4.5 1.8 1.5 0.0
46 10 1 2423.7811296149002 4.615140472785664 0.0 4.5 1.8 1.5 0.0
47 10 1 2442.539422814659 4.561158926809879 0.0 4.5 1.8 1.5 0.0
48 10 1 2460.803117744116 4.49669528268915 0.0 4.5 1.8 1.5 0.0
49 10 1 2480.0629914546103 4.57187891059323 0.0 4.5 1.8 1.5 0.0
0 11 1 1372.0832314805018 5.962551799846267 0.0 4.5 1.8 1.5 0.0
1 11 1 1389.2565448071164 5.957051929551763 0.0 4.5 1.8 1.5 0.0
2 11 1 1406.2498207286585 5.884270433042975 0.0 4.5 1.8 1.5 0.0
3 11 1 1423.9658933327473 5.913924909756774 0.0 4.5 1.8 1.5 0.0
4 11 1 1440.6266304242758 5.848603471492504 0.0 4.5 1.8 1.5 0.0
5 11 1 1457.8750331186936 5.890118487502315 0.0 4.5 1.8 1.5 0.0
6 11 1 1475.5091450743237 6.006763831639821 0.0 4.5 1.8 1.5 0.0
7 11 1 1492.2210285473254 6.068894767439905 0.0 4.5 1.8 1.5 0.0
8 11 1 1509.7329282878238 5.9400314079972585 0.0 4.5 1.8 1.5 0.0
9 11 1 1526.2146106215155 6.070820105802227 0.0 4.5 1.8 1.5 0.0
10 11 1 1543.6144938452023 5.874003039824845 0.0 4.5 1.8 1.5 0.0
11 11 1 1561.2748389990215 6.0782605974896535 0.0 4.5 1.8 1.5 0.0
12 11 1 1578.5250960503863 5.984468433175308 0.0 4.5 1.8 1.5 0.0
13 11 1 1595.545108929082 5.998943755111705 0.0 4.5 1.8 1.5 0.0
14 11 1 1612.755860352771 5.970332548371158 0.0 4.5 1.8 1.5 0.0
15 11 1 1629.8028314296687 5.953143320777714 0.0 4.5 1.8 1.5 0.0
16 11 1 1646.8091148651697 5.942239223329351 0.0 4.5 1.8 1.5 0.0
17 11 1 1663.7992329941685 5.9513559958329525 0.0 4.5 1.8 1.5 0.0
18 11 1 1681.118022709642 5.901093511311901 0.0 4.5 1.8 1.5 0.0
19 11 1 1698.5296363353677 6.0258730914899195 0.0 4.5 1.8 1.5 0.0
20 11 1 1715.8552374004018 5.877747946991531 0.0 4.5 1.8 1.5 0.0
21 11 1 1732.651565025952 6.003311536572101 0.0 4.5 1.8 1.5 0.0
22 11 1 1749.8309097486233 5.945041319672838 0.0 4.5 1.8 1.5 0.0
23 11 1 1767.3153342212004 5.907855754429508 0.0 4.5 1.8 1.5 0.0
24 11 1 1784.4043154766894 5.889571702426779 0.0 4.5 1.8 1.5 0.0
25 11 1 1801.4408834207347 5.972262073879817 0.0 4.5 1.8 1.5 0.0
26 11 1 1818.420474776883 5.9782967140707095 0.0 4.5 1.8 1.5 0.0
27 11 1 1835.9130625378689 5.983897474893547 0.0 4.5 1.8 1.5 0.0
28 11 1 1853.1396894985319 6.0244799986713815 0.0 4.5 1.8 1.5 0.0
29 11 1 1870.297868146313 5.934802700116427 0.0 4.5 1.8 1.5 0.0
30 11 1 1887.4751993204547 5.9834378786245095 0.0 4.5 1.8 1.5 0.0
31 11 1 1904.6384284079782 5.958302561732884 0.0 4.5 1.8 1.5 0.0
32 11 1 1921.666174630416 5.923127931295142 0.0 4.5 1.8 1.5 0.0
33 11 1 1938.7039684876822 6.043751814332037 0.0 4.5 1.8 1.5 0.0
34 11 1 1955.9136334690286 5.921627717282894 0.0 4.5 1.8 1.5 0.0
35 11 1 1973.1966412370575 6.001019196019912 0.0 4.5 1.8 1.5 0.0
36 11 1 1990.4592493285777 6.018660080806376 0.0 4.5 1.8 1.5 0.0
37 11 1 2007.5614577134522 5.97022268528388 0.0 4.5 1.8 1.5 0.0
38 11 1 2024.7070030017135 6.063530433561359 0.0 4.5 1.8 1.5 0.0
39 11 1 2041.8144693026243 5.971764012684041 0.0 4.5 1.8 1.5 0.0
40 11 1 2059.3566609366812 5.976962932045264 0.0 4.5 1.8 1.5 0.0
41 11 1 2076.3707646027838 5.949781942186019 0.0 4.5 1.8 1.5 0.0
42 11 1 2093.59450100302 5.948922877091265 0.0 4.5 1.8 1.5 0.0
43 11 1 2110.956431106048 6.066799127252257 0.0 4.5 1.8 1.5 0.0
44 11 1 2127.830073499752 5.887782828193735 0.0 4.5 1.8 1.5 0.0
45 11 1 2145.101832021148 6.085258444055405 0.0 4.5 1.8 1.5 0.0
46 11 1 2162.136670091289 6.038228817444893 0.0 4.5 1.8 1.5 0.0
47 11 1 2179.810861741763 5.92859356508729 0.0 4.5 1.8 1.5 0.0
48 11 1 2196.7670347688495 6.037692808329116 0.0 4.5 1.8 1.5 0.0
49 11 1 2213.7553291788795 5.946093959167571 0.0 4.5 1.8 1.5 0.0
0 12 1 153.96469341700762 7.848252562044338 0.0 4.5 1.8 1.5 0.0
1 12 1 170.02687308125613 7.873940731997516 0.0 4.5 1.8 1.5 0.0
2 12 1 185.95171443132065 7.88549043183198 0.0 4.5 1.8 1.5 0.0
3 12 1 201.93849548425484 7.918886146524326 0.0 4.5 1.8 1.5 0.0
4 12 1 218.22840835074743 7.889244627083786 0.0 4.5 1.8 1.5 0.0
5 12 1 234.07405765861975 7.989710290763659 0.0 4.5 1.8 1.5 0.0
6 12 1 249.706348363765 7.8221440882183595 0.0 4.5 1.8 1.5 0.0
7 12 1 266.03920521888637 7.9811446351581035 0.0 4.5 1.8 1.5 0.0
8 12 1 281.8074425499369 7.970159185393303 0.0 4.5 1.8 1.5 0.0
9 12 1 297.83816562967706 7.849773129180411 0.0 4.5 1.8 1.5 0.0
10 12 1 313.5800770317846 7.915288172526704 0.0 4.5 1.8 1.5 0.0
11 12 1 329.5545603195493 7.887881335420716 0.0 4.5 1.8 1.5 0.0
12 12 1 346.0135817617764 7.868478473638796 0.0 4.5 1.8 1.5 0.0
13 12 1 361.919027275222 7.823090318796044 0.0 4.5 1.8 1.5 0.0
14 12 1 377.5087801836236 7.813460291971619 0.0 4.5 1.8 1.5 0.0
15 12 1 393.58949797867535 7.922821402268194 0.0 4.5 1.8 1.5 0.0
16 12 1 409.5492726685956 7.945169996280873 0.0 4.5 1.8 1.5 0.0
17 12 1 425.3437360265423 7.895084630966818 0.0 4.5 1.8 1.5 0.0
18 12 1 441.3474146335391 7.901901322553548 0.0 4.5 1.8 1.5 0.0
19 12 1 457.5129923310981 7.912937291281568 0.0 4.5 1.8 1.5 0.0
20 12 1 473.1574628778021 7.839330188193037 0.0 4.5 1.8 1.5 0.0
21 12 1 489.1900608274047 7.871873455889035 0.0 4.5 1.8 1.5 0.0
22 12 1 505.307692273478 7.919221949375198 0.0 4.5 1.8 1.5 0.0
23 12 1 521.0799718763626 7.8037665283972775 0.0 4.5 1.8 1.5 0.0
24 12 1 537.6400768724654 7.827244842249743 0.0 4.5 1.8 1.5 0.0
25 12 1 553.3355296080169 7.885380837144798 0.0 4.5 1.8 1.5 0.0
26 12 1 569.1778626151729 7.88373996799057 0.0 4.5 1.8 1.5 0.0
27 12 1 585.0099697342158 7.907016107428538 0.0 4.5 1.8 1.5 0.0
28 12 1 600.9585572929475 7.942132630644204 0.0 4.5 1.8 1.5 0.0
29 12 1 617.1192995590438 7.9137971989464395 0.0 4.5 1.8 1.5 0.0
30 12 1 632.863523369375 7.871999756427915 0.0 4.5 1.8 1.5 0.0
31 12 1 648.6867020432517 7.866166690446087 0.0 4.5 1.8 1.5 0.0
32 12 1 664.6763060453026 7.949470919061801 0.0 4.5 1.8 1.5 0.0
33 12 1 680.8530650152863 7.892342355034386 0.0 4.5 1.8 1.5 0.0
34 12 1 696.7572651702911 7.893696439384935 0.0 4.5 1.8 1.5 0.0
35 12 1 713.2546066265265 7.8688104790627404 0.0 4.5 1.8 1.5 0.0
36 12 1 728.5908851160067 7.910302149927637 0.0 4.5 1.8 1.5 0.0
37 12 1 744.1751606198219 7.887015332627912 0.0 4.5 1.8 1.5 0.0
38 12 1 760.5652983894776 7.83420182998056 0.0 4.5 1.8 1.5 0.0
39 12 1 776.7005291277922 7.8865169142046545 0.0 4.5 1.8 1.5 0.0
40 12 1 792.1978324358247 7.851491017222743 0.0 4.5 1.8 1.5 0.0
41 12 1 807.9399965998787 7.89848095898904 0.0 4.5 1.8 1.5 0.0
42 12 1 824.5336473481989 7.844153398590681 0.0 4.5 1.8 1.5 0.0
43 12 1 840.5443466304413 7.8196925622262885 0.0 4.5 1.8 1.5 0.0
44 12 1 856.2023573065114 7.904677016501493 0.0 4.5 1.8 1.5 0.0
45 12 1 872.2172639842995 7.880684645472242 0.0 4.5 1.8 1.5 0.0
46 12 1 888.2016041534006 7.863270935467406 0.0 4.5 1.8 1.5 0.0
47 12 1 904.2002257392885 7.848479655421456 0.0 4.5 1.8 1.5 0.0
48 12 1 920.2934971489452 7.852421068944667 0.0 4.5 1.8 1.5 0.0
49 12 1 936.1954811724261 7.847380909213645 0.0 4.5 1.8 1.5 0.0
0 13 1 1794.2442477624463 6.205160491697883 0.0 4.5 1.8 1.5 0.0
1 13 1 1811.6196498995328 6.326121385682341 0.0 4.5 1.8 1.5 0.0
2 13 1 1829.9331555779852 6.268167120025743 0.0 4.5 1.8 1.5 0.0
3 13 1 1848.0486059036114 6.189306368241376 0.0 4.5 1.8 1.5 0.0
4 13 1 1866.4670182456193 6.3173631481355095 0.0 4.5 1.8 1.5 0.0
5 13 1 1884.3195208109883 6.149853275513132 0.0 4.5 1.8 1.5 0.0
6 13 1 1902.401671192638 6.298995590390505 0.0 4.5 1.8 1.5 0.0
7 13 1 1920.2912349596886 6.288573386109335 0.0 4.5 1.8 1.5 0.0
8 13 1 1938.660052494764 6.3083699651004315 0.0 4.5 1.8 1.5 0.0
9 13 1 1956.7631277294365 6.230751943076299 0.0 4.5 1.8 1.5 0.0
10 13 1 1975.0546231472415 6.271478911469029 0.0 4.5 1.8 1.5 0.0
11 13 1 1992.8859451301616 6.2327419921667175 0.0 4.5 1.8 1.5 0.0
12 13 1 2010.8788467789807 6.235165254419033 0.0 4.5 1.8 1.5 0.0
13 13 1 2029.0090112083892 6.364990814127495 0.0 4.5 1.8 1.5 0.0
14 13 1 2046.8453173829425 6.19872732022654 0.0 4.5 1.8 1.5 0.0
15 13 1 2065.4900288681824 6.268939206262784 0.0 4.5 1.8 1.5 0.0
16 13 1 2083.1380774461068 6.331400624490182 0.0 4.5 1.8 1.5 0.0
17 13 1 2101.2268660770465 6.370705875797724 0.0 4.5 1.8 1.5 0.0
18 13 1 2119.559671550417 6.255009819713092 0.0 4.5 1.8 1.5 0.0
19 13 1 2137.9316452099574 6.249119643970211 0.0 4.5 1.8 1.5 0.0
20 13 1 2155.724699832861 6.294370019140702 0.0 4.5 1.8 1.5 0.0
21 13 1 2173.912726207494 6.35748094995672 0.0 4.5 1.8 1.5 0.0
22 13 1 2191.7348759705824 6.241734496603068 0.0 4.5 1.8 1.5 0.0
23 13 1 2209.896566760512 6.245519621632772 0.0 4.5 1.8 1.5 0.0
24 13 1 2228.283346972585 6.286232156674514 0.0 4.5 1.8 1.5 0.0
25 13 1 2245.883702403972 6.2886394054136225 0.0 4.5 1.8 1.5 0.0
26 13 1 2263.763438647484 6.230824688194845 0.0 4.5 1.8 1.5 0.0
27 13 1 2282.3490438781337 6.246560676171808 0.0 4.5 1.8 1.5 0.0
28 13 1 2299.975676091163 6.306238027746741 0.0 4.5 1.8 1.5 0.0
29 13 1 2318.4982963097873 6.315353055653631 0.0 4.5 1.8 1.5 0.0
30 13 1 2336.5364622071706 6.241565635691904 0.0 4.5 1.8 1.5 0.0
31 13 1 2354.1289877278164 6.354472072718152 0.0 4.5 1.8 1.5 0.0
32 13 1 2372.4249110845517 6.266863739297625 0.0 4.5 1.8 1.5 0.0
33 13 1 2390.831183071845 6.307216890590411 0.0 4.5 1.8 1.5 0.0
34 13 1 2408.7328189890463 6.387655507365432 0.0 4.5 1.8 1.5 0.0
35 13 1 2426.5890349797087 6.32579739652444 0.0 4.5 1.8 1.5 0.0
36 13 1 2444.8052384419193 6.29283500406354 0.0 4.5 1.8 1.5 0.0
37 13 1 2463.175626693378 6.304797177934859 0.0 4.5 1.8 1.5 0.0
38 13 1 2481.0536894150605 6.333030756985868 0.0 4.5 1.8 1.5 0.0
39 13 1 2498.949136844497 6.237444906753427 0.0 4.5 1.8 1.5 0.0
40 13 1 2516.8892627427563 6.181087560651577 0.0 4.5 1.8 1.5 0.0
41 13 1 2535.5855631987033 6.224244971834294 0.0 4.5 1.8 1.5 0.0
42 13 1 2553.206168239153 6.265564725125931 0.0 4.5 1.8 1.5 0.0
43 13 1 2571.387997494587 6.3201922507473425 0.0 4.5 1.8 1.5 0.0
44 13 1 2589.5747080438523 6.250251518191931 0.0 4.5 1.8 1.5 0.0
45 13 1 2607.4452861945783 6.293534387644792 0.0 4.5 1.8 1.5 0.0
46 13 1 2625.505069503254 6.359772668921377 0.0 4.5 1.8 1.5 0.0
47 13 1 2643.7290999099732 6.316149279422868 0.0 4.5 1.8 1.5 0.0
48 13 1 2661.839578364534 6.338079082994644 0.0 4.5 1.8 1.5 0.0
49 13 1 2679.8193036136963 6.214563792722585 0.0 4.5 1.8 1.5 0.0
0 14 1 1772.3866567941077 8.743466667456488 0.0 4.5 1.8 1.5 0.0
1 14 1 1787.7839377082287 8.776656855631954 0.0 4.5 1.8 1.5 0.0
2 14 1 1802.8433642721382 8.673164522618809 0.0 4.5 1.8 1.5 0.0
3 14 1 1818.1520258638868 8.783942010901267 0.0 4.5 1.8 1.5 0.0
4 14 1 1833.7290878771444 8.80153298309763 0.0 4.5 1.8 1.5 0.0
5 14 1 1848.1050392614568 8.75168279989331 0.0 4.5 1.8 1.5 0.0
6 14 1 1864.063018223758 8.778938772787459 0.0 4.5 1.8 1.5 0.0
7 14 1 1878.9823423290848 8.79277276288814 0.0 4.5 1.8 1.5 0.0
8 14 1 1894.0080049369972 8.77166582977375 0.0 4.5 1.8 1.5 0.0
9 14 1 1909.298255647182 8.746780155651853 0.0 4.5 1.8 1.5 0.0
10 14 1 1924.7299088371044 8.701425674817768 0.0 4.5 1.8 1.5 0.0
11 14 1 1940.037683107711 8.7266207318881 0.0 4.5 1.8 1.5 0.0
12 14 1 1955.0480878585654 8.67773593192863 0.0 4.5 1.8 1.5 0.0
13 14 1 1970.3557914290948 8.820086526739708 0.0 4.5 1.8 1.5 0.0
14 14 1 1985.3247643400618 8.692250160616897 0.0 4.5 1.8 1.5 0.0
15 14 1 2000.6991579418393 8.820501862191966 0.0 4.5 1.8 1.5 0.0
16 14 1 2015.5694586947795 8.69244592088096 0.0 4.5 1.8 1.5 0.0
17 14 1 2030.9844607751986 8.706744138715843 0.0 4.5 1.8 1.5 0.0
18 14 1 2046.127730272524 8.643055298559188 0.0 4.5 1.8 1.5 0.0
19 14 1 2061.624847434312 8.76469735508586 0.0 4.5 1.8 1.5 0.0
20 14 1 2076.3831348838553 8.82062111794019 0.0 4.5 1.8 1.5 0.0
21 14 1 2092.274991865787 8.710216052453372 0.0 4.5 1.8 1.5 0.0
22 14 1 2107.3879517999812 8.719111439692831 0.0 4.5 1.8 1.5 0.0
23 14 1 2122.4067340628135 8.705973223191332 0.0 4.5 1.8 1.5 0.0
24 14 1 2138.0292297444485 8.732960468575882 0.0 4.5 1.8 1.5 0.0
25 14 1 2152.827537923306 8.713364460569187 0.0 4.5 1.8 1.5 0.0
26 14 1 2168.3903799171735 8.842092062246849 0.0 4.5 1.8 1.5 0.0
27 14 1 2183.560171312964 8.79558334735976 0.0 4.5 1.8 1.5 0.0
28 14 1 2198.3248962463094 8.7891538347405 0.0 4.5 1.8 1.5 0.0
29 14 1 2213.6643142748967 8.81338176102951 0.0 4.5 1.8 1.5 0.0
30 14 1 2229.1047719243397 8.715298051038582 0.0 4.5 1.8 1.5 0.0
31 14 1 2244.287025353219 8.781863052444574 0.0 4.5 1.8 1.5 0.0
32 14 1 2258.758616299054 8.78780816192385 0.0 4.5 1.8 1.5 0.0
33 14 1 2274.4428383928935 8.703459207225794 0.0 4.5 1.8 1.5 0.0
34 14 1 2289.576414108748 8.740999185160776 0.0 4.5 1.8 1.5 0.0
35 14 1 2305.056946824609 8.679488228832769 0.0 4.5 1.8 1.5 0.0
36 14 1 2320.214773154819 8.776599233252032 0.0 4.5 1.8 1.5 0.0
37 14 1 2335.765033423296 8.69392682148112 0.0 4.5 1.8 1.5 0.0
38 14 1 2350.5386185081916 8.760844478577201 0.0 4.5 1.8 1.5 0.0
39 14 1 2366.0538914905705 8.732550135883788 0.0 4.5 1.8 1.5 0.0
40 14 1 2381.280006577915 8.650893214118556 0.0 4.5 1.8 1.5 0.0
41 14 1 2396.005477343878 8.76519354715909 0.0 4.5 1.8 1.5 0.0
42 14 1 2411.1898507618694 8.689037803604043 0.0 4.5 1.8 1.5 0.0
43 14 1 2426.582328967623 8.78633327953817 0.0 4.5 1.8 1.5 0.0
44 14 1 2441.5245600511957 8.756276248050497 0.0 4.5 1.8 1.5 0.0
45 14 1 2457.326214487873 8.73801406952093 0.0 4.5 1.8 1.5 0.0
46 14 1 2472.261724331509 8.767849894070306 0.0 4.5 1.8 1.5 0.0
47 14 1 2487.512936845868 8.817286319004415 0.0 4.5 1.8 1.5 0.0
48 14 1 2502.544945132971 8.745179122184124 0.0 4.5 1.8 1.5 0.0
49 14 1 2518.024233689375 8.728838627350054 0.0 4.5 1.8 1.5 0.0
0 15 1 893.5096318274672 -1.2395472348926577 0.0 4.5 1.8 1.5 0.0
1 15 1 912.0779382949638 -1.2478963527054356 0.0 4.5 1.8 1.5 0.0
2 15 1 931.0783725817405 -1.2016392865021936 0.0 4.5 1.8 1.5 0.0
3 15 1 949.5526668540296 -1.2731696352052573 0.0 4.5 1.8 1.5 0.0
4 15 1 968.0446422952361 -1.304329965398402 0.0 4.5 1.8 1.5 0.0
5 15 1 986.8224841774693 -1.2446176723556 0.0 4.5 1.8 1.5 0.0
6 15 1 1005.6980380243581 -1.303144895230426 0.0 4.5 1.8 1.5 0.0
7 15 1 1024.4613999561652 -1.2765421277485374 0.0 4.5 1.8 1.5 0.0
8 15 1 1042.8061299267658 -1.3003465316538 0.0 4.5 1.8 1.5 0.0
9 15 1 1060.9730964768428 -1.2187836778783565 0.0 4.5 1.8 1.5 0.0
10 15 1 1080.2528544515778 -1.2770523255523196 0.0 4.5 1.8 1.5 0.0
11 15 1 1098.7664249588663 -1.237188986811204 0.0 4.5 1.8 1.5 0.0
12 15 1 1117.088058787306 -1.2894385815637237 0.0 4.5 1.8 1.5 0.0
13 15 1 1136.2069620378697 -1.3257004188548713 0.0 4.5 1.8 1.5 0.0
14 15 1 1154.7543618316406 -1.3308150379275792 0.0 4.5 1.8 1.5 0.0
15 15 1 1173.4364773849559 -1.2647680218112831 0.0 4.5 1.8 1.5 0.0
16 15 1 1191.6677061685502 -1.2047489799735505 0.0 4.5 1.8 1.5 0.0
17 15 1 1210.4913553596336 -1.303498569547128 0.0 4.5 1.8 1.5 0.0
18 15 1 1229.3259286577013 -1.2055540802249731 0.0 4.5 1.8 1.5 0.0
19 15 1 1247.7301915977216 -1.2599019552040103 0.0 4.5 1.8 1.5 0.0
20 15 1 1266.6666604048453 -1.2283306673332517 0.0 4.5 1.8 1.5 0.0
21 15 1 1285.2637265590965 -1.281337339650575 0.0 4.5 1.8 1.5 0.0
22 15 1 1303.7104613471734 -1.2586787535440902 0.0 4.5 1.8 1.5 0.0
23 15 1 1322.3090927321682 -1.4090534718711394 0.0 4.5 1.8 1.5 0.0
24 15 1 1341.2583736386587 -1.2177892056420991 0.0 4.5 1.8 1.5 0.0
25 15 1 1359.3460163339807 -1.3134724829319058 0.0 4.5 1.8 1.5 0.0
26 15 1 1378.589974816552 -1.160111174210824 0.0 4.5 1.8 1.5 0.0
27 15 1 1397.1178438491481 -1.2993860947578657 0.0 4.5 1.8 1.5 0.0
28 15 1 1415.724646962654 -1.1942421267389998 0.0 4.5 1.8 1.5 0.0
29 15 1 1434.2795745583123 -1.3029455480289216 0.0 4.5 1.8 1.5 0.0
30 15 1 1452.9597598329626 -1.3106523781093447 0.0 4.5 1.8 1.5 0.0
31 15 1 1471.72838374386 -1.181752024772931 0.0 4.5 1.8 1.5 0.0
32 15 1 1490.4160066785462 -1.2756036228027232 0.0 4.5 1.8 1.5 0.0
33 15 1 1508.9405697134018 -1.3411454881312417 0.0 4.5 1.8 1.5 0.0
34 15 1 1527.8230950658765 -1.266877807547049 0.0 4.5 1.8 1.5 0.0
35 15 1 1546.257918270991 -1.103330569304166 0.0 4.5 1.8 1.5 0.0
36 15 1 1565.001305978644 -1.300575500201168 0.0 4.5 1.8 1.5 0.0
37 15 1 1583.5038250209918 -1.205563662236571 0.0 4.5 1.8 1.5 0.0
38 15 1 1602.2592917656023 -1.3348998466122772 0.0 4.5 1.8 1.5 0.0
39 15 1 1621.068024613672 -1.2963931519733587 0.0 4.5 1.8 1.5 0.0
40 15 1 1639.9063795252623 -1.2089835444106765 0.0 4.5 1.8 1.5 0.0
41 15 1 1658.0897967341493 -1.1989351296096533 0.0 4.5 1.8 1.5 0.0
42 15 1 1676.8403733586483 -1.220347263940298 0.0 4.5 1.8 1.5 0.0
43 15 1 1695.5712899632636 -1.3053037804459526 0.0 4.5 1.8 1.5 0.0
44 15 1 1713.9931745766032 -1.211487906817351 0.0 4.5 1.8 1.5 0.0
45 15 1 1732.7024706199074 -1.2831683708585087 0.0 4.5 1.8 1.5 0.0
46 15 1 1751.225942313721 -1.241805994416736 0.0 4.5 1.8 1.5 0.0
47 15 1 1770.4770129567014 -1.3163625934091225 0.0 4.5 1.8 1.5 0.0
48 15 1 1788.7168930074492 -1.1923749199256375 0.0 4.5 1.8 1.5 0.0
49 15 1 1807.3436619811273 -1.2403673578839223 0.0 4.5 1.8 1.5 0.0
0 16 1 1771.16077200922 3.3456373789674276 0.0 4.5 1.8 1.5 0.0
1 16 1 1789.5784755302739 3.3450542404718244 0.0 4.5 1.8 1.5 0.0
2 16 1 1808.1038715165014 3.3695977399770274 0.0 4.5 1.8 1.5 0.0
3 16 1 1825.757568999095 3.388222093050574 0.0 4.5 1.8 1.5 0.0
4 16 1 1844.146194638544 3.3736096220502114 0.0 4.5 1.8 1.5 0.0
5 16 1 1862.6269313288044 3.375939234860281 0.0 4.5 1.8 1.5 0.0
6 16 1 1880.3779801585395 3.2606361547570355 0.0 4.5 1.8 1.5 0.0
7 16 1 1898.5789890259553 3.4236984719389 0.0 4.5 1.8 1.5 0.0
8 16 1 1916.7671913719423 3.2463974811465652 0.0 4.5 1.8 1.5 0.0
9 16 1 1934.8591090836849 3.40803440301818 0.0 4.5 1.8 1.5 0.0
10 16 1 1953.2413013633056 3.3164059312470036 0.0 4.5 1.8 1.5 0.0
11 16 1 1971.192437339383 3.3378645431174196 0.0 4.5 1.8 1.5 0.0
12 16 1 1989.34630790656 3.2569162826855615 0.0 4.5 1.8 1.5 0.0
13 16 1 2007.804925247326 3.421252973906995 0.0 4.5 1.8 1.5 0.0
14 16 1 2025.5218736046788 3.4205926227018564 0.0 4.5 1.8 1.5 0.0
15 16 1 2043.978315119462 3.4196565934809344 0.0 4.5 1.8 1.5 0.0
16 16 1 2062.179866213269 3.365177205680472 0.0 4.5 1.8 1.5 0.0
17 16 1 2080.420119421677 3.3188966598157768 0.0 4.5 1.8 1.5 0.0
18 16 1 2098.757923687416 3.3023309441688014 0.0 4.5 1.8 1.5 0.0
19 16 1 2116.611931875917 3.384613209954699 0.0 4.5 1.8 1.5 0.0
20 16 1 2134.763862542993 3.397276538113288 0.0 4.5 1.8 1.5 0.0
21 16 1 2153.314231191997 3.4090272761252325 0.0 4.5 1.8 1.5 0.0
22 16 1 2170.825191260894 3.3646923245535083 0.0 4.5 1.8 1.5 0.0
23 16 1 2189.591507212039 3.2925625337314375 0.0 4.5 1.8 1.5 0.0
24 16 1 2207.703849173615 3.3917730151545062 0.0 4.5 1.8 1.5 0.0
25 16 1 2225.490065444051 3.4001116093595485 0.0 4.5 1.8 1.5 0.0
26 16 1 2243.9603793474143 3.390919065508604 0.0 4.5 1.8 1.5 0.0
27 16 1 2261.885933677825 3.36590678189111 0.0 4.5 1.8 1.5 0.0
28 16 1 2279.911576810421 3.2445504156958878 0.0 4.5 1.8 1.5 0.0
29 16 1 2298.4540745728227 3.413429856410606 0.0 4.5 1.8 1.5 0.0
30 16 1 2316.64985261664 3.3552276728753334 0.0 4.5 1.8 1.5 0.0
31 16 1 2334.735114796046 3.311271706500387 0.0 4.5 1.8 1.5 0.0
32 16 1 2352.901605805567 3.3794841994857627 0.0 4.5 1.8 1.5 0.0
33 16 1 2371.0322899060366 3.3959293187643294 0.0 4.5 1.8 1.5 0.0
34 16 1 2389.331885725639 3.374248946961211 0.0 4.5 1.8 1.5 0.0
35 16 1 2407.643779635846 3.332062204439791 0.0 4.5 1.8 1.5 0.0
36 16 1 2425.771279568643 3.339076140209942 0.0 4.5 1.8 1.5 0.0
37 16 1 2443.880662714439 3.326111408540712 0.0 4.5 1.8 1.5 0.0
38 16 1 2461.803975419332 3.362993213354965 0.0 4.5 1.8 1.5 0.0
39 16 1 2479.7824325398105 3.3435866038970965 0.0 4.5 1.8 1.5 0.0
40 16 1 2498.0115535153623 3.3973616777882207 0.0 4.5 1.8 1.5 0.0
41 16 1 2516.7162074019757 3.3152024150015 0.0 4.5 1.8 1.5 0.0
42 16 1 2534.7652042415184 3.403356761756915 0.0 4.5 1.8 1.5 0.0
43 16 1 2553.0333918597935 3.3691225177711224 0.0 4.5 1.8 1.5 0.0
44 16 1 2571.1731153166756 3.325933410476521 0.0 4.5 1.8 1.5 0.0
45 16 1 2589.216235240964 3.3350448057330015 0.0 4.5 1.8 1.5 0.0
46 16 1 2607.2262095193455 3.3602031456460217 0.0 4.5 1.8 1.5 0.0
47 16 1 2625.615829555604 3.41657541447029 0.0 4.5 1.8 1.5 0.0
48 16 1 2643.772710952102 3.390496502820618 0.0 4.5 1.8 1.5 0.0
49 16 1 2662.0236928475615 3.4927766943573886 0.0 4.5 1.8 1.5 0.0
0 17 1 774.8715790976873 -3.5923853169194664 0.0 4.5 1.8 1.5 0.0
1 17 1 791.9148286791503 -3.6134245168174672 0.0 4.5 1.8 1.5 0.0
2 17 1 809.4377538379672 -3.595322521498412 0.0 4.5 1.8 1.5 0.0
3 17 1 826.6162708965372 -3.62396186962402 0.0 4.5 1.8 1.5 0.0
4 17 1 843.4763445227369 -3.7411665347724727 0.0 4.5 1.8 1.5 0.0
5 17 1 860.5850251016242 -3.703230573943424 0.0 4.5 1.8 1.5 0.0
6 17 1 878.2414059470433 -3.6698625347992313 0.0 4.5 1.8 1.5 0.0
7 17 1 895.0048381691942 -3.633493975375591 0.0 4.5 1.8 1.5 0.0
8 17 1 912.1618975014054 -3.5763156921560766 0.0 4.5 1.8 1.5 0.0
9 17 1 929.2016269440775 -3.6513378714157523 0.0 4.5 1.8 1.5 0.0
10 17 1 946.3506425035783 -3.7270693697386497 0.0 4.5 1.8 1.5 0.0
11 17 1 963.5497626068304 -3.662920084030035 0.0 4.5 1.8 1.5 0.0
12 17 1 980.7592357844015 -3.695689293171307 0.0 4.5 1.8 1.5 0.0
13 17 1 997.7368125408642 -3.665223522809049 0.0 4.5 1.8 1.5 0.0
14 17 1 1014.890111763086 -3.6230654459931344 0.0 4.5 1.8 1.5 0.0
15 17 1 1032.3805235927725 -3.7339458191508608 0.0 4.5 1.8 1.5 0.0
16 17 1 1049.4751736310693 -3.6986760644571435 0.0 4.5 1.8 1.5 0.0
17 17 1 1066.7738301528566 -3.594045721876457 0.0 4.5 1.8 1.5 0.0
18 17 1 1083.5079405611373 -3.6553169402202434 0.0 4.5 1.8 1.5 0.0
19 17 1 1101.0239283002468 -3.627501240355091 0.0 4.5 1.8 1.5 0.0
20 17 1 1118.271573989301 -3.6986667107645554 0.0 4.5 1.8 1.5 0.0
21 17 1 1135.3381036808137 -3.700869537017789 0.0 4.5 1.8 1.5 0.0
22 17 1 1152.7900956999604 -3.6600026617440173 0.0 4.5 1.8 1.5 0.0
23 17 1 1170.1281122136847 -3.6641012848683454 0.0 4.5 1.8 1.5 0.0
24 17 1 1186.7791725274456 -3.7367539638082556 0.0 4.5 1.8 1.5 0.0
25 17 1 1203.7332057498702 -3.7402750413278887 0.0 4.5 1.8 1.5 0.0
26 17 1 1221.320238819617 -3.635631993016118 0.0 4.5 1.8 1.5 0.0
27 17 1 1238.1235551533018 -3.6163163284738085 0.0 4.5 1.8 1.5 0.0
28 17 1 1255.5161608876654 -3.653728593578337 0.0 4.5 1.8 1.5 0.0
29 17 1 1273.1081970279467 -3.616226278384338 0.0 4.5 1.8 1.5 0.0
30 17 1 1289.9050265770081 -3.7056278554483786 0.0 4.5 1.8 1.5 0.0
31 17 1 1306.7013494306168 -3.697025910139735 0.0 4.5 1.8 1.5 0.0
32 17 1 1324.2624662674107 -3.7104272205351734 0.0 4.5 1.8 1.5 0.0
33 17 1 1341.4514207260513 -3.657225650029676 0.0 4.5 1.8 1.5 0.0
34 17 1 1358.6056807274017 -3.6935683732187874 0.0 4.5 1.8 1.5 0.0
35 17 1 1375.8573626624502 -3.6389712116991437 0.0 4.5 1.8 1.5 0.0
36 17 1 1392.7785317168618 -3.5905216251903007 0.0 4.5 1.8 1.5 0.0
37 17 1 1410.149873710187 -3.660125763030372 0.0 4.5 1.8 1.5 0.0
38 17 1 1427.484214025589 -3.6494074376144394 0.0 4.5 1.8 1.5 0.0
39 17 1 1444.7061782720139 -3.646712035917523 0.0 4.5 1.8 1.5 0.0
40 17 1 1461.5660432745967 -3.6429930679173093 0.0 4.5 1.8 1.5 0.0
41 17 1 1478.6327653123542 -3.655640258888788 0.0 4.5 1.8 1.5 0.0
42 17 1 1496.0278443599827 -3.6714740870412412 0.0 4.5 1.8 1.5 0.0
43 17 1 1513.1817626601176 -3.755160696452496 0.0 4.5 1.8 1.5 0.0
44 17 1 1530.2707049851508 -3.6564259991205588 0.0 4.5 1.8 1.5 0.0
45 17 1 1547.5854010493917 -3.7124520012239124 0.0 4.5 1.8 1.5 0.0
46 17 1 1564.979551143459 -3.7043769865883394 0.0 4.5 1.8 1.5 0.0
47 17 1 1582.0932808196849 -3.6397085260840303 0.0 4.5 1.8 1.5 0.0
48 17 1 1598.9431237219042 -3.5723026995471385 0.0 4.5 1.8 1.5 0.0
49 17 1 1616.0066216218156 -3.6151105354971143 0.0 4.5 1.8 1.5 0.0
0 18 1 551.469911474332 5.804137796051327 0.0 4.5 1.8 1.5 0.0
1 18 1 568.2325337970577 5.745043857054045 0.0 4.5 1.8 1.5 0.0
2 18 1 585.4613614382262 5.8382654878819435 0.0 4.5 1.8 1.5 0.0
3 18 1 603.3777198453836 5.818681534777886 0.0 4.5 1.8 1.5 0.0
4 18 1 620.0953309196666 5.853804323096656 0.0 4.5 1.8 1.5 0.0
5 18 1 637.4741347288173 5.718980234378233 0.0 4.5 1.8 1.5 0.0
6 18 1 654.5640024419079 5.758195366636275 0.0 4.5 1.8 1.5 0.0
7 18 1 671.998896578935 5.771635987833276 0.0 4.5 1.8 1.5 0.0
8 18 1 688.9385447732118 5.8403690188751485 0.0 4.5 1.8 1.5 0.0
9 18 1 706.4230548549666 5.744015505602334 0.0 4.5 1.8 1.5 0.0
10 18 1 723.9073340932584 5.7205328890025395 0.0 4.5 1.8 1.5 0.0
11 18 1 740.5915931661549 5.843327570745803 0.0 4.5 1.8 1.5 0.0
12 18 1 758.5277463547877 5.756598397483296 0.0 4.5 1.8 1.5 0.0
13 18 1 775.3723723653022 5.722369962689822 0.0 4.5 1.8 1.5 0.0
14 18 1 792.6147624589422 5.755917935229307 0.0 4.5 1.8 1.5 0.0
15 18 1 809.8253358428944 5.800166117795729 0.0 4.5 1.8 1.5 0.0
16 18 1 826.8582300173032 5.761612631454238 0.0 4.5 1.8 1.5 0.0
17 18 1 843.9492004105616 5.761953834210202 0.0 4.5 1.8 1.5 0.0
18 18 1 861.5233674627417 5.79115231966892 0.0 4.5 1.8 1.5 0.0
19 18 1 878.8220671670057 5.8248993359527095 0.0 4.5 1.8 1.5 0.0
20 18 1 895.6983161370864 5.705389346918352 0.0 4.5 1.8 1.5 0.0
21 18 1 913.3441386102273 5.677755134565595 0.0 4.5 1.8 1.5 0.0
22 18 1 930.5071046473778 5.720688551436372 0.0 4.5 1.8 1.5 0.0
23 18 1 948.0171051151482 5.7922258188022555 0.0 4.5 1.8 1.5 0.0
24 18 1 964.8908085650299 5.841089242272825 0.0 4.5 1.8 1.5 0.0
25 18 1 981.9540569496663 5.736032716711476 0.0 4.5 1.8 1.5 0.0
26 18 1 999.1465439662574 5.736451237098417 0.0 4.5 1.8 1.5 0.0
27 18 1 1016.6431556368699 5.804400792015552 0.0 4.5 1.8 1.5 0.0
28 18 1 1034.0553144340777 5.688466996070829 0.0 4.5 1.8 1.5 0.0
29 18 1 1051.0607550817194 5.7242949718563265 0.0 4.5 1.8 1.5 0.0
30 18 1 1068.2861678427223 5.896411377422218 0.0 4.5 1.8 1.5 0.0
31 18 1 1085.617695195428 5.824676446973279 0.0 4.5 1.8 1.5 0.0
32 18 1 1103.1835586794682 5.836071110574604 0.0 4.5 1.8 1.5 0.0
33 18 1 1119.9339351111064 5.71591159408737 0.0 4.5 1.8 1.5 0.0
34 18 1 1137.2495867351474 5.751317909204932 0.0 4.5 1.8 1.5 0.0
35 18 1 1154.1828089137357 5.79174944828034 0.0 4.5 1.8 1.5 0.0
36 18 1 1171.7729880126794 5.868159033429031 0.0 4.5 1.8 1.5 0.0
37 18 1 1188.8795557213082 5.7937092678643385 0.0 4.5 1.8 1.5 0.0
38 18 1 1206.0509088341453 5.82336166995054 0.0 4.5 1.8 1.5 0.0
39 18 1 1223.3911799398531 5.7210736179732296 0.0 4.5 1.8 1.5 0.0
40 18 1 1240.645506716766 5.799229343294116 0.0 4.5 1.8 1.5 0.0
41 18 1 1257.9313533405898 5.83199803419066 0.0 4.5 1.8 1.5 0.0
42 18 1 1274.8227849707068 5.737566068915119 0.0 4.5 1.8 1.5 0.0
43 18 1 1292.4724512934818 5.743439749517813 0.0 4.5 1.8 1.5 0.0
44 18 1 1309.624685658997 5.658715936045279 0.0 4.5 1.8 1.5 0.0
45 18 1 1327.3518783056013 5.766217271837999 0.0 4.5 1.8 1.5 0.0
46 18 1 1344.2795778251443 5.762858307136692 0.0 4.5 1.8 1.5 0.0
47 18 1 1361.3558238609007 5.85429918073313 0.0 4.5 1.8 1.5 0.0
48 18 1 1378.738142941004 5.769480449431605 0.0 4.5 1.8 1.5 0.0
49 18 1 1395.7100284540916 5.829881526425031 0.0 4.5 1.8 1.5 0.0
0 19 1 918.7747384563288 2.5124242992097594 0.0 4.5 1.8 1.5 0.0
1 19 1 938.6352157852657 2.579226544970347 0.0 4.5 1.8 1.5 0.0
2 19 1 957.8877307413542 2.5522028362204305 0.0 4.5 1.8 1.5 0.0
3 19 1 977.4798879616611 2.4628693136247573 0.0 4.5 1.8 1.5 0.0
4 19 1 997.1807888973018 2.574969895483342 0.0 4.5 1.8 1.5 0.0
5 19 1 1017.1286703849454 2.5575044928690684 0.0 4.5 1.8 1.5 0.0
6 19 1 1036.7149775668904 2.557659136219952 0.0 4.5 1.8 1.5 0.0
7 19 1 1056.0735751241264 2.553446349097901 0.0 4.5 1.8 1.5 0.0
8 19 1 1075.993866381867 2.5695647883548824 0.0 4.5 1.8 1.5 0.0
9 19 1 1095.703480184767 2.567265414224257 0.0 4.5 1.8 1.5 0.0
10 19 1 1115.1679001856305 2.5853577337800253 0.0 4.5 1.8 1.5 0.0
11 19 1 1134.724219325923 2.487756489302818 0.0 4.5 1.8 1.5 0.0
12 19 1 1154.3288232186344 2.494605089623881 0.0 4.5 1.8 1.5 0.0
13 19 1 1173.8583139900788 2.524624288328428 0.0 4.5 1.8 1.5 0.0
14 19 1 1193.466778694524 2.5164521453822517 0.0 4.5 1.8 1.5 0.0
15 19 1 1212.878452778984 2.542514907232851 0.0 4.5 1.8 1.5 0.0
16 19 1 1232.8893298410974 2.4909957903107944 0.0 4.5 1.8 1.5 0.0
17 19 1 1252.6528509133618 2.578728728745532 0.0 4.5 1.8 1.5 0.0
18 19 1 1271.831402840452 2.493713982935893 0.0 4.5 1.8 1.5 0.0
19 19 1 1291.6309993770187 2.484855066808761 0.0 4.5 1.8 1.5 0.0
20 19 1 1311.582635849013 2.522158914925564 0.0 4.5 1.8 1.5 0.0
21 19 1 1330.995750946015 2.4316571036438663 0.0 4.5 1.8 1.5 0.0
22 19 1 1350.8076505539696 2.4698873021215304 0.0 4.5 1.8 1.5 0.0
23 19 1 1370.3244665076313 2.5457190687621134 0.0 4.5 1.8 1.5 0.0
24 19 1 1390.216524734396 2.4664092019082484 0.0 4.5 1.8 1.5 0.0
25 19 1 1408.9724036177147 2.5410426991018884 0.0 4.5 1.8 1.5 0.0
26 19 1 1429.5683213188317 2.5937975395111756 0.0 4.5 1.8 1.5 0.0
27 19 1 1448.8820639992348 2.5072684125826012 0.0 4.5 1.8 1.5 0.0
28 19 1 1468.6334696691576 2.4831729118789805 0.0 4.5 1.8 1.5 0.0
29 19 1 1488.199229737352 2.557123729822535 0.0 4.5 1.8 1.5 0.0
30 19 1 1507.9479131986309 2.6698332238097575 0.0 4.5 1.8 1.5 0.0
31 19 1 1527.446267444217 2.5064020405788288 0.0 4.5 1.8 1.5 0.0
32 19 1 1546.9945824219935 2.443396426619748 0.0 4.5 1.8 1.5 0.0
33 19 1 1566.4926676918647 2.5113860999585484 0.0 4.5 1.8 1.5 0.0
34 19 1 1586.158705672146 2.53946796546589 0.0 4.5 1.8 1.5 0.0
35 19 1 1605.7309523989068 2.5879017552304275 0.0 4.5 1.8 1.5 0.0
36 19 1 1625.5273908320173 2.531385205807273 0.0 4.5 1.8 1.5 0.0
37 19 1 1645.0936835093814 2.539609756057153 0.0 4.5 1.8 1.5 0.0
38 19 1 1664.956195139268 2.4884937110786587 0.0 4.5 1.8 1.5 0.0
39 19 1 1684.29146522217 2.5166639204253705 0.0 4.5 1.8 1.5 0.0
40 19 1 1703.7858273689408 2.490887328878129 0.0 4.5 1.8 1.5 0.0
41 19 1 1723.5916704125768 2.5755696808998403 0.0 4.5 1.8 1.5 0.0
42 19 1 1743.3713398867367 2.541529717432581 0.0 4.5 1.8 1.5 0.0
43 19 1 1763.1209202470204 2.524981632444234 0.0 4.5 1.8 1.5 0.0
44 19 1 1782.660746658223 2.526689134217579 0.0 4.5 1.8 1.5 0.0
45 19 1 1802.2676391917673 2.502712288983625 0.0 4.5 1.8 1.5 0.0
46 19 1 1821.3587163238826 2.5251362637548884 0.0 4.5 1.8 1.5 0.0
47 19 1 1841.7629424164086 2.5781609919762833 0.0 4.5 1.8 1.5 0.0
48 19 1 1861.3033853197571 2.593656757954515 0.0 4.5 1.8 1.5 0.0
49 19 1 1880.7599503746815 2.5417160072344838 0.0 4.5 1.8 1.5 0.0
0 20 1 536.406353586149 -7.88571270649456 0.0 4.5 1.8 1.5 0.0
1 20 1 555.4846798712251 -7.8989503443007845 0.0 4.5 1.8 1.5 0.0
2 20 1 573.7457102702919 -7.891857019170747 0.0 4.5 1.8 1.5 0.0
3 20 1 592.9330370888497 -7.903174183265325 0.0 4.5 1.8 1.5 0.0
4 20 1 611.8495399664824 -7.963526436736844 0.0 4.5 1.8 1.5 0.0
5 20 1 631.2865964990108 -7.9087061540300905 0.0 4.5 1.8 1.5 0.0
6 20 1 649.8693590193814 -7.868575352541441 0.0 4.5 1.8 1.5 0.0
7 20 1 668.7836926634559 -7.7875112503765 0.0 4.5 1.8 1.5 0.0
8 20 1 687.71232613265 -7.874445284383721 0.0 4.5 1.8 1.5 0.0
9 20 1 706.8702376677951 -7.812588893702525 0.0 4.5 1.8 1.5 0.0
10 20 1 725.4367674911128 -7.913599730174803 0.0 4.5 1.8 1.5 0.0
11 20 1 744.7492064100278 -7.852198439780237 0.0 4.5 1.8 1.5 0.0
12 20 1 763.6184425388275 -7.961136782160854 0.0 4.5 1.8 1.5 0.0
13 20 1 782.6221266192033 -7.9307719321471115 0.0 4.5 1.8 1.5 0.0
14 20 1 801.2601045807716 -7.9001126988624595 0.0 4.5 1.8 1.5 0.0
15 20 1 819.9550687345582 -7.963328343153921 0.0 4.5 1.8 1.5 0.0
16 20 1 838.6911149952659 -7.886750634680173 0.0 4.5 1.8 1.5 0.0
17 20 1 857.6439401172705 -7.949392334737215 0.0 4.5 1.8 1.5 0.0
18 20 1 876.8145160764022 -8.024641979995867 0.0 4.5 1.8 1.5 0.0
19 20 1 895.9230385111753 -8.01319596333821 0.0 4.5 1.8 1.5 0.0
20 20 1 914.6608874072247 -7.891950593653156 0.0 4.5 1.8 1.5 0.0
21 20 1 933.6930935462523 -7.894785595102365 0.0 4.5 1.8 1.5 0.0
22 20 1 952.8981821117072 -7.881885710904446 0.0 4.5 1.8 1.5 0.0
23 20 1 971.614442315514 -7.928874695426385 0.0 4.5 1.8 1.5 0.0
24 20 1 990.3369905136277 -7.815323050231425 0.0 4.5 1.8 1.5 0.0
25 20 1 1009.1744194441767 -7.88308981677311 0.0 4.5 1.8 1.5 0.0
26 20 1 1028.327248475667 -7.929813030992452 0.0 4.5 1.8 1.5 0.0
27 20 1 1046.6078850359002 -7.879922872297253 0.0 4.5 1.8 1.5 0.0
28 20 1 1066.1470502531602 -7.960273843227469 0.0 4.5 1.8 1.5 0.0
29 20 1 1084.9924797154688 -7.858853235615894 0.0 4.5 1.8 1.5 0.0
30 20 1 1103.3128558009148 -7.93951598660321 0.0 4.5 1.8 1.5 0.0
31 20 1 1122.5975086133164 -7.901682754994633 0.0 4.5 1.8 1.5 0.0
32 20 1 1141.4371668332337 -7.93255169516198 0.0 4.5 1.8 1.5 0.0
33 20 1 1160.8292095811485 -7.8980795115758164 0.0 4.5 1.8 1.5 0.0
34 20 1 1179.265023587607 -7.8947600288284985 0.0 4.5 1.8 1.5 0.0
35 20 1 1198.4205698029737 -7.89012023614731 0.0 4.5 1.8 1.5 0.0
36 20 1 1217.1811254349204 -7.925202388416394 0.0 4.5 1.8 1.5 0.0
37 20 1 1235.998964100717 -7.922591974307139 0.0 4.5 1.8 1.5 0.0
38 20 1 1255.1082725066974 -7.94241055960296 0.0 4.5 1.8 1.5 0.0
39 20 1 1274.028282747954 -7.82205181720153 0.0 4.5 1.8 1.5 0.0
40 20 1 1292.9238896915474 -7.9111808314287275 0.0 4.5 1.8 1.5 0.0
41 20 1 1311.5082421596985 -7.8137962145872955 0.0 4.5 1.8 1.5 0.0
42 20 1 1330.4429833233144 -7.850273453259083 0.0 4.5 1.8 1.5 0.0
43 20 1 1349.7138097422778 -7.904539985131074 0.0 4.5 1.8 1.5 0.0
44 20 1 1368.4426297261275 -7.984487118684922 0.0 4.5 1.8 1.5 0.0
45 20 1 1387.4703578037706 -7.861705238363081 0.0 4.5 1.8 1.5 0.0
46 20 1 1406.0956480971033 -7.900492628699326 0.0 4.5 1.8 1.5 0.0
47 20 1 1425.2301558200593 -7.863472923585393 0.0 4.5 1.8 1.5 0.0
48 20 1 1444.1324633690067 -7.97401752268095 0.0 4.5 1.8 1.5 0.0
49 20 1 1462.9348345166143 -7.88147026571342 0.0 4.5 1.8 1.5 0.0
0 21 1 494.0244947039397 6.21598150274469 0.0 4.5 1.8 1.5 0.0
1 21 1 511.48040000772886 6.125977201218152 0.0 4.5 1.8 1.5 0.0
2 21 1 528.9776669061724 6.168737481168409 0.0 4.5 1.8 1.5 0.0
3 21 1 546.0422152718687 6.16241845098397 0.0 4.5 1.8 1.5 0.0
4 21 1 564.0650264189161 6.071151117450232 0.0 4.5 1.8 1.5 0.0
5 21 1 580.9964300797942 6.106210708790043 0.0 4.5 1.8 1.5 0.0
6 21 1 598.3419906395239 6.140267206550661 0.0 4.5 1.8 1.5 0.0
7 21 1 615.4268401684899 6.163703431923427 0.0 4.5 1.8 1.5 0.0
8 21 1 633.2143315242694 6.1297646280935085 0.0 4.5 1.8 1.5 0.0
9 21 1 650.295737842755 6.074646169786315 0.0 4.5 1.8 1.5 0.0
10 21 1 667.258823330975 6.162930131573892 0.0 4.5 1.8 1.5 0.0
11 21 1 685.0452581640591 6.157090485119156 0.0 4.5 1.8 1.5 0.0
12 21 1 701.9841477042606 6.1392743879510405 0.0 4.5 1.8 1.5 0.0
13 21 1 719.0950021155846 6.169535583997641 0.0 4.5 1.8 1.5 0.0
14 21 1 736.8198746268565 6.116705301038219 0.0 4.5 1.8 1.5 0.0
15 21 1 753.8477239368533 6.152603729162475 0.0 4.5 1.8 1.5 0.0
16 21 1 771.1527127712104 6.136003186948582 0.0 4.5 1.8 1.5 0.0
17 21 1 788.9583254282651 6.126958532642573 0.0 4.5 1.8 1.5 0.0
18 21 1 805.7650373920409 6.106932727398115 0.0 4.5 1.8 1.5 0.0
19 21 1 823.2838681687584 6.130248609018968 0.0 4.5 1.8 1.5 0.0
20 21 1 840.3034795188074 6.205375019293523 0.0 4.5 1.8 1.5 0.0
21 21 1 858.0155990793878 6.109288639392938 0.0 4.5 1.8 1.5 0.0
22 21 1 874.6566948402262 6.189685502171719 0.0 4.5 1.8 1.5 0.0
23 21 1 892.1914012173596 6.178841097638012 0.0 4.5 1.8 1.5 0.0
24 21 1 909.2326307709825 6.183939684594838 0.0 4.5 1.8 1.5 0.0
25 21 1 926.6827415006821 6.1758480236332 0.0 4.5 1.8 1.5 0.0
26 21 1 944.2261548521187 6.091612846710041 0.0 4.5 1.8 1.5 0.0
27 21 1 961.4402173279796 6.173625740527708 0.0 4.5 1.8 1.5 0.0
28 21 1 978.8411278332011 6.168530466703498 0.0 4.5 1.8 1.5 0.0
29 21 1 996.5135614114946 6.061097737094321 0.0 4.5 1.8 1.5 0.0
30 21 1 1013.7400401615985 6.144527614556034 0.0 4.5 1.8 1.5 0.0
31 21 1 1030.5351651889534 6.072794136392924 0.0 4.5 1.8 1.5 0.0
32 21 1 1047.975422272476 6.185392323276096 0.0 4.5 1.8 1.5 0.0
33 21 1 1065.2860608785693 6.21486756419224 0.0 4.5 1.8 1.5 0.0
34 21 1 1082.3196599166477 6.13870537028757 0.0 4.5 1.8 1.5 0.0
35 21 1 1099.6577407177888 6.1574914118111215 0.0 4.5 1.8 1.5 0.0
36 21 1 1117.383921236704 6.11827172799582 0.0 4.5 1.8 1.5 0.0
37 21 1 1133.9840253393725 6.1492572250196975 0.0 4.5 1.8 1.5 0.0
38 21 1 1151.8905401730578 6.159524555427958 0.0 4.5 1.8 1.5 0.0
39 21 1 1169.3486732530891 6.08575713369742 0.0 4.5 1.8 1.5 0.0
40 21 1 1186.535884387828 6.198935193303772 0.0 4.5 1.8 1.5 0.0
41 21 1 1203.3424480019498 6.155292408975822 0.0 4.5 1.8 1.5 0.0
42 21 1 1220.895653904563 6.135233684024791 0.0 4.5 1.8 1.5 0.0
43 21 1 1238.3643495194856 6.114948389474195 0.0 4.5 1.8 1.5 0.0
44 21 1 1255.4579969589588 6.141017438554274 0.0 4.5 1.8 1.5 0.0
45 21 1 1272.6740137390318 6.085018561235613 0.0 4.5 1.8 1.5 0.0
46 21 1 1290.325661935409 6.08187011592194 0.0 4.5 1.8 1.5 0.0
47 21 1 1307.621374131013 6.162439382322571 0.0 4.5 1.8 1.5 0.0
48 21 1 1324.4412746370863 6.105431585063091 0.0 4.5 1.8 1.5 0.0
49 21 1 1342.323582215467 6.090251541122889 0.0 4.5 1.8 1.5 0.0
0 22 1 1470.4949860851525 -6.453725772415337 0.0 4.5 1.8 1.5 0.0
1 22 1 1486.938059563865 -6.356291818492052 0.0 4.5 1.8 1.5 0.0
2 22 1 1504.2728827534088 -6.348565634264286 0.0 4.5 1.8 1.5 0.0
3 22 1 1520.8632157631139 -6.396189829875353 0.0 4.5 1.8 1.5 0.0
4 22 1 1537.735555918355 -6.362455178823993 0.0 4.5 1.8 1.5 0.0
5 22 1 1554.1588720060056 -6.3280739021932915 0.0 4.5 1.8 1.5 0.0
6 22 1 1571.5253486328472 -6.327552392426889 0.0 4.5 1.8 1.5 0.0
7 22 1 1588.1926405807997 -6.415529489025429 0.0 4.5 1.8 1.5 0.0
8 22 1 1604.5788432901984 -6.359867964597874 0.0 4.5 1.8 1.5 0.0
9 22 1 1622.1117734891925 -6.317944021413793 0.0 4.5 1.8 1.5 0.0
10 22 1 1638.9133046867119 -6.3714311937954164 0.0 4.5 1.8 1.5 0.0
11 22 1 1655.8222879936282 -6.321512553675151 0.0 4.5 1.8 1.5 0.0
12 22 1 1672.3749734874666 -6.333890744037155 0.0 4.5 1.8 1.5 0.0
13 22 1 1689.2070134113178 -6.3407194332871 0.0 4.5 1.8 1.5 0.0
14 22 1 1705.9090869523282 -6.428831235301593 0.0 4.5 1.8 1.5 0.0
15 22 1 1723.2352567313658 -6.320842638757709 0.0 4.5 1.8 1.5 0.0
16 22 1 1740.0050426708813 -6.363322203815305 0.0 4.5 1.8 1.5 0.0
17 22 1 1756.25477051735 -6.371464441778271 0.0 4.5 1.8 1.5 0.0
18 22 1 1773.6785670777815 -6.3944573072459265 0.0 4.5 1.8 1.5 0.0
19 22 1 1790.299936646571 -6.295499625460263 0.0 4.5 1.8 1.5 0.0
20 22 1 1807.285082727643 -6.3449808863858275 0.0 4.5 1.8 1.5 0.0
21 22 1 1824.306671859034 -6.417792498693201 0.0 4.5 1.8 1.5 0.0
22 22 1 1841.0451920920418 -6.301738420144082 0.0 4.5 1.8 1.5 0.0
23 22 1 1858.2251002849478 -6.365723825007212 0.0 4.5 1.8 1.5 0.0
24 22 1 1874.6683719796072 -6.35426944146107 0.0 4.5 1.8 1.5 0.0
25 22 1 1891.619393139271 -6.298382741561389 0.0 4.5 1.8 1.5 0.0
26 22 1 1908.226092432821 -6.381714299176248 0.0 4.5 1.8 1.5 0.0
27 22 1 1925.0566475460678 -6.418325389157825 0.0 4.5 1.8 1.5 0.0
28 22 1 1942.2100956552597 -6.327227752786095 0.0 4.5 1.8 1.5 0.0
29 22 1 1958.8596075542719 -6.329115905419182 0.0 4.5 1.8 1.5 0.0
30 22 1 1976.066506665236 -6.270985344946277 0.0 4.5 1.8 1.5 0.0
31 22 1 1992.7128453443665 -6.399708871240153 0.0 4.5 1.8 1.5 0.0
32 22 1 2009.3531066290661 -6.422810304763941 0.0 4.5 1.8 1.5 0.0
33 22 1 2026.658262196457 -6.443475412015729 0.0 4.5 1.8 1.5 0.0
34 22 1 2043.506560794095 -6.411142696330554 0.0 4.5 1.8 1.5 0.0
35 22 1 2059.980674898182 -6.3752984176184455 0.0 4.5 1.8 1.5 0.0
36 22 1 2076.8316902686292 -6.321121657119968 0.0 4.5 1.8 1.5 0.0
37 22 1 2094.1897950097277 -6.400592252745604 0.0 4.5 1.8 1.5 0.0
38 22 1 2110.595383692287 -6.375886685232142 0.0 4.5 1.8 1.5 0.0
39 22 1 2127.6447476536077 -6.375394858815739 0.0 4.5 1.8 1.5 0.0
40 22 1 2144.6686928239083 -6.31038944903985 0.0 4.5 1.8 1.5 0.0
41 22 1 2161.008853911768 -6.341672236589205 0.0 4.5 1.8 1.5 0.0
42 22 1 2178.404719270737 -6.392459692156291 0.0 4.5 1.8 1.5 0.0
43 22 1 2194.896503489706 -6.394122494760595 0.0 4.5 1.8 1.5 0.0
44 22 1 2211.7086463817486 -6.451143222463499 0.0 4.5 1.8 1.5 0.0
45 22 1 2228.399103555349 -6.363846958931085 0.0 4.5 1.8 1.5 0.0
46 22 1 2245.8221911813616 -6.398388685493861 0.0 4.5 1.8 1.5 0.0
47 22 1 2262.24562516663 -6.2826445913469104 0.0 4.5 1.8 1.5 0.0
48 22 1 2279.0072301756454 -6.450782803003268 0.0 4.5 1.8 1.5 0.0
49 22 1 2295.9178836215697 -6.400859868807665 0.0 4.5 1.8 1.5 0.0
0 23 1 869.5129090718818 -4.625857661796041 0.0 4.5 1.8 1.5 0.0
1 23 1 885.7644164198208 -4.620483835040884 0.0 4.5 1.8 1.5 0.0
2 23 1 902.236736238057 -4.642907634164156 0.0 4.5 1.8 1.5 0.0
3 23 1 919.1180709975205 -4.562301826058336 0.0 4.5 1.8 1.5 0.0
4 23 1 934.9607726565615 -4.587838257753895 0.0 4.5 1.8 1.5 0.0
5 23 1 951.8202765393315 -4.686738043085485 0.0 4.5 1.8 1.5 0.0
6 23 1 968.2590610816704 -4.5524282827272256 0.0 4.5 1.8 1.5 0.0
7 23 1 984.3081049161569 -4.675200019698567 0.0 4.5 1.8 1.5 0.0
8 23 1 1001.1734544952607 -4.6157501131065715 0.0 4.5 1.8 1.5 0.0
9 23 1 1017.5175257814262 -4.612295417827829 0.0 4.5 1.8 1.5 0.0
10 23 1 1033.92267803505 -4.6956484850634075 0.0 4.5 1.8 1.5 0.0
11 23 1 1050.4913107166751 -4.570845379026465 0.0 4.5 1.8 1.5 0.0
12 23 1 1066.6732773510232 -4.631498726138546 0.0 4.5 1.8 1.5 0.0
13 23 1 1082.8502423238122 -4.603612140846962 0.0 4.5 1.8 1.5 0.0
14 23 1 1099.7081836371522 -4.6324344294978195 0.0 4.5 1.8 1.5 0.0
15 23 1 1116.2559511452698 -4.646028740196851 0.0 4.5 1.8 1.5 0.0
16 23 1 1132.5813099829606 -4.680308095582459 0.0 4.5 1.8 1.5 0.0
17 23 1 1148.9009866920935 -4.6380425915429955 0.0 4.5 1.8 1.5 0.0
18 23 1 1165.3880670311626 -4.6478012250895215 0.0 4.5 1.8 1.5 0.0
19 23 1 1181.7540192521064 -4.5880225200757785 0.0 4.5 1.8 1.5 0.0
20 23 1 1198.1302692482793 -4.709653733684788 0.0 4.5 1.8 1.5 0.0
21 23 1 1215.0048472010544 -4.560252174713329 0.0 4.5 1.8 1.5 0.0
22 23 1 1230.8337862056783 -4.594839488385594 0.0 4.5 1.8 1.5 0.0
23 23 1 1247.4289521150756 -4.616150517881301 0.0 4.5 1.8 1.5 0.0
24 23 1 1264.0257002194746 -4.64104526866367 0.0 4.5 1.8 1.5 0.0
25 23 1 1280.2474105850408 -4.663851931263666 0.0 4.5 1.8 1.5 0.0
26 23 1 1296.6582336595482 -4.670915989059376 0.0 4.5 1.8 1.5 0.0
27 23 1 1313.2653447091209 -4.6651128781033915 0.0 4.5 1.8 1.5 0.0
28 23 1 1329.8524991047595 -4.554962570881057 0.0 4.5 1.8 1.5 0.0
29 23 1 1346.0373863678292 -4.617354653621085 0.0 4.5 1.8 1.5 0.0
30 23 1 1362.6906423626501 -4.60572476510189 0.0 4.5 1.8 1.5 0.0
31 23 1 1379.0432047186591 -4.592190757729868 0.0 4.5 1.8 1.5 0.0
32 23 1 1395.561771780098 -4.691207999764218 0.0 4.5 1.8 1.5 0.0
33 23 1 1412.0764615269259 -4.584960336784516 0.0 4.5 1.8 1.5 0.0
34 23 1 1428.1872814176988 -4.627427986875474 0.0 4.5 1.8 1.5 0.0
35 23 1 1444.913912761583 -4.639790569626822 0.0 4.5 1.8 1.5 0.0
36 23 1 1461.4291508970603 -4.5111312539168855 0.0 4.5 1.8 1.5 0.0
37 23 1 1477.4946664054662 -4.698377108805542 0.0 4.5 1.8 1.5 0.0
38 23 1 1494.1499356556005 -4.593246753391546 0.0 4.5 1.8 1.5 0.0
39 23 1 1510.4803069861969 -4.556661845481802 0.0 4.5 1.8 1.5 0.0
40 23 1 1526.6960674255074 -4.594678947496273 0.0 4.5 1.8 1.5 0.0
41 23 1 1543.2799247457863 -4.543355983337489 0.0 4.5 1.8 1.5 0.0
42 23 1 1560.236908305058 -4.667657708037021 0.0 4.5 1.8 1.5 0.0
43 23 1 1576.1658021317292 -4.586345484298864 0.0 4.5 1.8 1.5 0.0
44 23 1 1592.635595753439 -4.631595439544466 0.0 4.5 1.8 1.5 0.0
45 23 1 1609.1554078919917 -4.725308536457736 0.0 4.5 1.8 1.5 0.0
46 23 1 1625.5848709831507 -4.663811267351062 0.0 4.5 1.8 1.5 0.0
47 23 1 1641.926322292376 -4.557143278474413 0.0 4.5 1.8 1.5 0.0
48 23 1 1658.2109538024858 -4.588664619310455 0.0 4.5 1.8 1.5 0.0
49 23 1 1674.8437709197617 -4.6433128870726454 0.0 4.5 1.8 1.5 0.0
0 24 1 126.91264587576997 -6.278820394803812 0.0 4.5 1.8 1.5 0.0
1 24 1 145.06772748845853 -6.270566928927297 0.0 4.5 1.8 1.5 0.0
2 24 1 163.32613322780256 -6.342919609098227 0.0 4.5 1.8 1.5 0.0
3 24 1 181.86871408379918 -6.370053681249043 0.0 4.5 1.8 1.5 0.0
4 24 1 199.74092931692968 -6.2604242369353 0.0 4.5 1.8 1.5 0.0
5 24 1 218.7007807709028 -6.310406057909766 0.0 4.5 1.8 1.5 0.0
6 24 1 236.67846957690986 -6.236789140676412 0.0 4.5 1.8 1.5 0.0
7 24 1 254.90407298867447 -6.355234533211198 0.0 4.5 1.8 1.5 0.0
8 24 1 273.5958048419608 -6.286613992649524 0.0 4.5 1.8 1.5 0.0
9 24 1 291.98834983002195 -6.394079195914039 0.0 4.5 1.8 1.5 0.0
10 24 1 309.8163366088851 -6.286349298982932 0.0 4.5 1.8 1.5 0.0
11 24 1 328.5011030717504 -6.244716047590667 0.0 4.5 1.8 1.5 0.0
12 24 1 346.7736288107602 -6.278833144207211 0.0 4.5 1.8 1.5 0.0
13 24 1 364.9818818733372 -6.207520656729914 0.0 4.5 1.8 1.5 0.0
14 24 1 383.16025441579404 -6.269114894347343 0.0 4.5 1.8 1.5 0.0
15 24 1 401.50439426491533 -6.260326974684889 0.0 4.5 1.8 1.5 0.0
16 24 1 419.8156494429002 -6.2498751170501174 0.0 4.5 1.8 1.5 0.0
17 24 1 438.36657087108756 -6.199833943312206 0.0 4.5 1.8 1.5 0.0
18 24 1 456.60904287721314 -6.265817596162763 0.0 4.5 1.8 1.5 0.0
19 24 1 474.8304124755202 -6.301460552297205 0.0 4.5 1.8 1.5 0.0
20 24 1 493.32859055244603 -6.363426898098709 0.0 4.5 1.8 1.5 0.0
21 24 1 511.3450127946651 -6.2570729369833575 0.0 4.5 1.8 1.5 0.0
22 24 1 529.9204171421405 -6.316712228627541 0.0 4.5 1.8 1.5 0.0
23 24 1 548.1233341953082 -6.321990341761325 0.0 4.5 1.8 1.5 0.0
24 24 1 566.6143384993381 -6.264814108769331 0.0 4.5 1.8 1.5 0.0
25 24 1 584.4945038353563 -6.216424199136646 0.0 4.5 1.8 1.5 0.0
26 24 1 603.5023623588146 -6.403598640152485 0.0 4.5 1.8 1.5 0.0
27 24 1 621.7723044704356 -6.234304959408588 0.0 4.5 1.8 1.5 0.0
28 24 1 639.8763051549535 -6.351924333069384 0.0 4.5 1.8 1.5 0.0
29 24 1 658.4003585993938 -6.299127455290008 0.0 4.5 1.8 1.5 0.0
30 24 1 676.6281856747693 -6.176105838377051 0.0 4.5 1.8 1.5 0.0
31 24 1 694.889874181075 -6.332910136561068 0.0 4.5 1.8 1.5 0.0
32 24 1 713.0934575569113 -6.326538169987189 0.0 4.5 1.8 1.5 0.0
33 24 1 731.5683986243298 -6.32736927991263 0.0 4.5 1.8 1.5 0.0
34 24 1 749.708227321315 -6.35128742069552 0.0 4.5 1.8 1.5 0.0
35 24 1 768.097477129626 -6.278228162310038 0.0 4.5 1.8 1.5 0.0
36 24 1 785.9080338462511 -6.274087223901129 0.0 4.5 1.8 1.5 0.0
37 24 1 804.7569483344001 -6.325315499412946 0.0 4.5 1.8 1.5 0.0
38 24 1 823.4929110904181 -6.239142075594902 0.0 4.5 1.8 1.5 0.0
39 24 1 841.1890017332787 -6.245154057996583 0.0 4.5 1.8 1.5 0.0
40 24 1 859.9782787706581 -6.280464855844262 0.0 4.5 1.8 1.5 0.0
41 24 1 878.1227644877882 -6.27014856862906 0.0 4.5 1.8 1.5 0.0
42 24 1 895.954409833559 -6.29640938181766 0.0 4.5 1.8 1.5 0.0
43 24 1 914.6448873618917 -6.215558120147146 0.0 4.5 1.8 1.5 0.0
44 24 1 933.0805124279458 -6.301946450080975 0.0 4.5 1.8 1.5 0.0
45 24 1 951.31683883198 -6.23589662289377 0.0 4.5 1.8 1.5 0.0
46 24 1 969.6190437724738 -6.3219756786297205 0.0 4.5 1.8 1.5 0.0
47 24 1 987.9219171914835 -6.240031094784006 0.0 4.5 1.8 1.5 0.0
48 24 1 1006.3973875361322 -6.284852503307684 0.0 4.5 1.8 1.5 0.0
49 24 1 1024.6575593398466 -6.315053025654914 0.0 4.5 1.8 1.5 0.0
0 25 1 133.01445009355237 -2.459635858371686 0.0 4.5 1.8 1.5 0.0
1 25 1 152.28176088296283 -2.550104763624511 0.0 4.5 1.8 1.5 0.0
2 25 1 171.30303700875257 -2.4998476985527853 0.0 4.5 1.8 1.5 0.0
3 25 1 190.3260298797548 -2.6008997335249466 0.0 4.5 1.8 1.5 0.0
4 25 1 209.6454647780071 -2.426877678606057 0.0 4.5 1.8 1.5 0.0
5 25 1 228.6154286628648 -2.547505714191234 0.0 4.5 1.8 1.5 0.0
6 25 1 247.46389868377463 -2.490947496431466 0.0 4.5 1.8 1.5 0.0
7 25 1 266.6430285944437 -2.457204406234089 0.0 4.5 1.8 1.5 0.0
8 25 1 285.3955076827429 -2.486521652849315 0.0 4.5 1.8 1.5 0.0
9 25 1 304.65287124938885 -2.4178303145626545 0.0 4.5 1.8 1.5 0.0
10 25 1 323.72138920239803 -2.451168596301217 0.0 4.5 1.8 1.5 0.0
11 25 1 342.6163259459862 -2.420098473409818 0.0 4.5 1.8 1.5 0.0
12 25 1 361.7005859055595 -2.5336758261786714 0.0 4.5 1.8 1.5 0.0
13 25 1 380.9183800663599 -2.4557262670430418 0.0 4.5 1.8 1.5 0.0
14 25 1 399.56816999407624 -2.514596079039955 0.0 4.5 1.8 1.5 0.0
15 25 1 418.73516663329735 -2.467462190906614 0.0 4.5 1.8 1.5 0.0
16 25 1 437.7343827033627 -2.475055996997849 0.0 4.5 1.8 1.5 0.0
17 25 1 457.053988451119 -2.4370442730582487 0.0 4.5 1.8 1.5 0.0
18 25 1 475.77119682042394 -2.4435559016316186 0.0 4.5 1.8 1.5 0.0
19 25 1 494.54563764743267 -2.4707250781726526 0.0 4.5 1.8 1.5 0.0
20 25 1 514.1330764240521 -2.5015237254396117 0.0 4.5 1.8 1.5 0.0
21 25 1 532.6207610943488 -2.523225875099646 0.0 4.5 1.8 1.5 0.0
22 25 1 551.5914339985713 -2.529859526076378 0.0 4.5 1.8 1.5 0.0
23 25 1 570.7543317122891 -2.560899781628925 0.0 4.5 1.8 1.5 0.0
24 25 1 589.8506297247643 -2.4455075719806607 0.0 4.5 1.8 1.5 0.0
25 25 1 608.6850275479122 -2.4146572344879047 0.0 4.5 1.8 1.5 0.0
26 25 1 627.9878099276143 -2.4390924013887902 0.0 4.5 1.8 1.5 0.0
27 25 1 646.7731573251057 -2.4478951693166624 0.0 4.5 1.8 1.5 0.0
28 25 1 665.7054101817641 -2.4461090556281677 0.0 4.5 1.8 1.5 0.0
29 25 1 684.9772375557692 -2.4629588696707536 0.0 4.5 1.8 1.5 0.0
30 25 1 703.7268234926528 -2.535374922783823 0.0 4.5 1.8 1.5 0.0
31 25 1 723.1004607833956 -2.538038830881203 0.0 4.5 1.8 1.5 0.0
32 25 1 742.092729124132 -2.5589783209930053 0.0 4.5 1.8 1.5 0.0
33 25 1 761.1887954342128 -2.5522475964084186 0.0 4.5 1.8 1.5 0.0
34 25 1 780.1486933051826 -2.4593398839876928 0.0 4.5 1.8 1.5 0.0
35 25 1 798.917951679928 -2.4615201023157565 0.0 4.5 1.8 1.5 0.0
36 25 1 818.1284672222479 -2.51756352347963 0.0 4.5 1.8 1.5 0.0
37 25 1 836.893740558733 -2.588752715253622 0.0 4.5 1.8 1.5 0.0
38 25 1 856.1844542309756 -2.568861569238096 0.0 4.5 1.8 1.5 0.0
39 25 1 875.1526657873711 -2.5037938414741054 0.0 4.5 1.8 1.5 0.0
40 25 1 894.2884982285377 -2.505723705644486 0.0 4.5 1.8 1.5 0.0
41 25 1 913.1058528421479 -2.454027895455578 0.0 4.5 1.8 1.5 0.0
42 25 1 932.2578267312014 -2.474813632810854 0.0 4.5 1.8 1.5 0.0
43 25 1 951.3037413693136 -2.5674000368303482 0.0 4.5 1.8 1.5 0.0
44 25 1 970.3803183133164 -2.459997990969313 0.0 4.5 1.8 1.5 0.0
45 25 1 989.0446966775709 -2.502825454353703 0.0 4.5 1.8 1.5 0.0
46 25 1 1008.2592445717279 -2.4973462698900795 0.0 4.5 1.8 1.5 0.0
47 25 1 1027.3529507485346 -2.4190530915784336 0.0 4.5 1.8 1.5 0.0
48 25 1 1046.5216048267225 -2.556232390341563 0.0 4.5 1.8 1.5 0.0
49 25 1 1065.4487382052166 -2.4241747646932224 0.0 4.5 1.8 1.5 0.0
0 26 1 1372.3590063621054 -9.120237210900207 0.0 4.5 1.8 1.5 0.0
1 26 1 1391.5236743334028 -9.204710996615416 0.0 4.5 1.8 1.5 0.0
2 26 1 1410.8427100167391 -9.13350088900436 0.0 4.5 1.8 1.5 0.0
3 26 1 1430.0552728758396 -9.24584684200649 0.0 4.5 1.8 1.5 0.0
4 26 1 1448.6163129866413 -9.248899275418433 0.0 4.5 1.8 1.5 0.0
5 26 1 1468.2134431206528 -9.213281718980083 0.0 4.5 1.8 1.5 0.0
6 26 1 1487.217016739612 -9.193215596306441 0.0 4.5 1.8 1.5 0.0
7 26 1 1506.1497500594662 -9.214181201312112 0.0 4.5 1.8 1.5 0.0
8 26 1 1525.8532007439235 -9.193773884018777 0.0 4.5 1.8 1.5 0.0
9 26 1 1544.953469318474 -9.141371026749063 0.0 4.5 1.8 1.5 0.0
10 26 1 1563.9874768362859 -9.253894249314206 0.0 4.5 1.8 1.5 0.0
11 26 1 1583.4242066409467 -9.162683634694993 0.0 4.5 1.8 1.5 0.0
12 26 1 1602.4835601065183 -9.229258216275811 0.0 4.5 1.8 1.5 0.0
13 26 1 1621.5577758409217 -9.285078313853242 0.0 4.5 1.8 1.5 0.0
14 26 1 1640.965687355915 -9.167357100770232 0.0 4.5 1.8 1.5 0.0
15 26 1 1659.6663596389335 -9.177858062051381 0.0 4.5 1.8 1.5 0.0
16 26 1 1679.1951146591819 -9.272338371766228 0.0 4.5 1.8 1.5 0.0
17 26 1 1698.058692427119 -9.202565002776602 0.0 4.5 1.8 1.5 0.0
18 26 1 1717.4059497837052 -9.130242223719206 0.0 4.5 1.8 1.5 0.0
19 26 1 1736.8616084245696 -9.197555009410078 0.0 4.5 1.8 1.5 0.0
20 26 1 1755.9613026855936 -9.154696307228331 0.0 4.5 1.8 1.5 0.0
21 26 1 1775.2115886422919 -9.196251344321887 0.0 4.5 1.8 1.5 0.0
22 26 1 1794.0318309278402 -9.068142317976378 0.0 4.5 1.8 1.5 0.0
23 26 1 1813.1928447507912 -9.236866803101696 0.0 4.5 1.8 1.5 0.0
24 26 1 1832.268133786124 -9.194299758308226 0.0 4.5 1.8 1.5 0.0
25 26 1 1851.8148996680163 -9.182975844328451 0.0 4.5 1.8 1.5 0.0
26 26 1 1870.6224625934917 -9.165594382877643 0.0 4.5 1.8 1.5 0.0
27 26 1 1889.994386778572 -9.228689926214882 0.0 4.5 1.8 1.5 0.0
28 26 1 1909.5277862517553 -9.208176332040093 0.0 4.5 1.8 1.5 0.0
29 26 1 1928.5934586485057 -9.181280725251419 0.0 4.5 1.8 1.5 0.0
30 26 1 1947.7984264043132 -9.238295061374124 0.0 4.5 1.8 1.5 0.0
31 26 1 1966.864972589832 -9.210645732314097 0.0 4.5 1.8 1.5 0.0
32 26 1 1985.904753335923 -9.171439233277255 0.0 4.5 1.8 1.5 0.0
33 26 1 2005.327193479947 -9.21750085285059 0.0 4.5 1.8 1.5 0.0
34 26 1 2024.6935601447449 -9.227245348407257 0.0 4.5 1.8 1.5 0.0
35 26 1 2043.6041747726613 -9.245471104446887 0.0 4.5 1.8 1.5 0.0
36 26 1 2062.8948705130306 -9.205817160830113 0.0 4.5 1.8 1.5 0.0
37 26 1 2081.8785984102965 -9.230124365102359 0.0 4.5 1.8 1.5 0.0
38 26 1 2101.065532935848 -9.256483088937463 0.0 4.5 1.8 1.5 0.0
39 26 1 2120.0370719623597 -9.232785178930767 0.0 4.5 1.8 1.5 0.0
40 26 1 2139.228207014642 -9.244380450563664 0.0 4.5 1.8 1.5 0.0
41 26 1 2158.6317088778364 -9.168644913383408 0.0 4.5 1.8 1.5 0.0
42 26 1 2177.736858984903 -9.259298985487412 0.0 4.5 1.8 1.5 0.0
43 26 1 2197.04913925748 -9.250246848821828 0.0 4.5 1.8 1.5 0.0
44 26 1 2216.5848931839555 -9.278168034899169 0.0 4.5 1.8 1.5 0.0
45 26 1 2235.4207594638274 -9.204636403788468 0.0 4.5 1.8 1.5 0.0
46 26 1 2254.8584751713865 -9.2402517440432 0.0 4.5 1.8 1.5 0.0
47 26 1 2273.4842167218303 -9.228744877325964 0.0 4.5 1.8 1.5 0.0
48 26 1 2293.3238404763206 -9.207130295875167 0.0 4.5 1.8 1.5 0.0
49 26 1 2312.2863164927094 -9.274390565825538 0.0 4.5 1.8 1.5 0.0
0 27 1 909.8966758523372 -7.207236596409332 0.0 4.5 1.8 1.5 0.0
1 27 1 928.0196411795406 -7.160077082586047 0.0 4.5 1.8 1.5 0.0
2 27 1 946.3388316121568 -7.145901293465785 0.0 4.5 1.8 1.5 0.0
3 27 1 964.2523928015307 -7.150202171806229 0.0 4.5 1.8 1.5 0.0
4 27 1 982.7435086827054 -7.134486418041904 0.0 4.5 1.8 1.5 0.0
5 27 1 1000.8822422486754 -7.077716691630095 0.0 4.5 1.8 1.5 0.0
6 27 1 1018.7321366130916 -7.099987622370133 0.0 4.5 1.8 1.5 0.0
7 27 1 1036.8344751549125 -7.214807908703289 0.0 4.5 1.8 1.5 0.0
8 27 1 1054.8199314440842 -7.076166381176793 0.0 4.5 1.8 1.5 0.0
9 27 1 1072.9859211138646 -7.188683772076187 0.0 4.5 1.8 1.5 0.0
10 27 1 1091.1052120880886 -7.033219003923234 0.0 4.5 1.8 1.5 0.0
11 27 1 1109.485063748956 -7.12152448020431 0.0 4.5 1.8 1.5 0.0
12 27 1 1127.5459676889056 -7.136749630754411 0.0 4.5 1.8 1.5 0.0
13 27 1 1145.1348959437737 -7.164647579142486 0.0 4.5 1.8 1.5 0.0
14 27 1 1163.9082404424853 -7.132123933827474 0.0 4.5 1.8 1.5 0.0
15 27 1 1181.6669783205537 -7.133416189549752 0.0 4.5 1.8 1.5 0.0
16 27 1 1200.2164748619882 -7.0371263339679055 0.0 4.5 1.8 1.5 0.0
17 27 1 1218.3993960184082 -7.126376540256011 0.0 4.5 1.8 1.5 0.0
18 27 1 1236.1347572971129 -7.194256407207048 0.0 4.5 1.8 1.5 0.0
19 27 1 1254.4910117122322 -7.176813257299405 0.0 4.5 1.8 1.5 0.0
20 27 1 1272.3589723674058 -7.173289406117651 0.0 4.5 1.8 1.5 0.0
21 27 1 1290.3178363169504 -7.160287401288493 0.0 4.5 1.8 1.5 0.0
22 27 1 1308.4340270578082 -7.145380414893458 0.0 4.5 1.8 1.5 0.0
23 27 1 1326.5659407786031 -7.076757584146994 0.0 4.5 1.8 1.5 0.0
24 27 1 1344.5746144066204 -7.107397208385315 0.0 4.5 1.8 1.5 0.0
25 27 1 1363.159171223339 -7.144084097961678 0.0 4.5 1.8 1.5 0.0
26 27 1 1380.8919880423732 -7.129950510995021 0.0 4.5 1.8 1.5 0.0
27 27 1 1399.3915092898396 -7.108718898188341 0.0 4.5 1.8 1.5 0.0
28 27 1 1417.169313816891 -7.0942304471766064 0.0 4.5 1.8 1.5 0.0
29 27 1 1435.1750906734903 -7.084356304213861 0.0 4.5 1.8 1.5 0.0
30 27 1 1453.5972629926428 -7.133814703292953 0.0 4.5 1.8 1.5 0.0
31 27 1 1471.467816799058 -7.162758325850182 0.0 4.5 1.8 1.5 0.0
32 27 1 1489.8624898536616 -7.056975254611555 0.0 4.5 1.8 1.5 0.0
33 27 1 1507.7480572646314 -7.095504944558434 0.0 4.5 1.8 1.5 0.0
34 27 1 1525.5781058379614 -7.147655166268868 0.0 4.5 1.8 1.5 0.0
35 27 1 1544.109291882753 -7.1639084505851 0.0 4.5 1.8 1.5 0.0
36 27 1 1562.048194822014 -7.151813257559453 0.0 4.5 1.8 1.5 0.0
37 27 1 1580.413927070282 -7.1277907306563275 0.0 4.5 1.8 1.5 0.0
38 27 1 1598.0278347055967 -7.224459287367762 0.0 4.5 1.8 1.5 0.0
39 27 1 1616.4741003443353 -7.095539950433331 0.0 4.5 1.8 1.5 0.0
40 27 1 1634.1659648390064 -7.14341078854359 0.0 4.5 1.8 1.5 0.0
41 27 1 1652.730208663893 -7.049007390825587 0.0 4.5 1.8 1.5 0.0
42 27 1 1670.8784463004988 -7.099274830498962 0.0 4.5 1.8 1.5 0.0
43 27 1 1689.1036945185037 -7.2249526037263685 0.0 4.5 1.8 1.5 0.0
44 27 1 1707.3490769614575 -7.107654454463194 0.0 4.5 1.8 1.5 0.0
45 27 1 1725.4170816737112 -6.922112394414192 0.0 4.5 1.8 1.5 0.0
46 27 1 1743.0185977855213 -7.032189447247953 0.0 4.5 1.8 1.5 0.0
47 27 1 1761.4979232971857 -7.104057834515858 0.0 4.5 1.8 1.5 0.0
48 27 1 1779.6663027796506 -7.139636096405911 0.0 4.5 1.8 1.5 0.0
49 27 1 1797.681431070708 -7.101948842957358 0.0 4.5 1.8 1.5 0.0
0 28 1 1095.2193471460025 -4.403362897794502 0.0 4.5 1.8 1.5 0.0
1 28 1 1111.1284036694744 -4.409752518569634 0.0 4.5 1.8 1.5 0.0
2 28 1 1126.7750633447906 -4.401317130373204 0.0 4.5 1.8 1.5 0.0
3 28 1 1142.7283574033725 -4.434918704390481 0.0 4.5 1.8 1.5 0.0
4 28 1 1158.593592917005 -4.373311526646733 0.0 4.5 1.8 1.5 0.0
5 28 1 1174.184502909509 -4.387316070897724 0.0 4.5 1.8 1.5 0.0
6 28 1 1190.4867525128461 -4.372112771418178 0.0 4.5 1.8 1.5 0.0
7 28 1 1205.9069161732323 -4.439239660803622 0.0 4.5 1.8 1.5 0.0
8 28 1 1222.016022882876 -4.369212734311683 0.0 4.5 1.8 1.5 0.0
9 28 1 1237.9214264189827 -4.452116233646709 0.0 4.5 1.8 1.5 0.0
10 28 1 1253.4154504411617 -4.321661036699622 0.0 4.5 1.8 1.5 0.0
11 28 1 1269.583651112871 -4.352334954100339 0.0 4.5 1.8 1.5 0.0
12 28 1 1285.192325628869 -4.428054356578663 0.0 4.5 1.8 1.5 0.0
13 28 1 1301.450595018704 -4.32708611392396 0.0 4.5 1.8 1.5 0.0
14 28 1 1316.9021596414348 -4.442973521454859 0.0 4.5 1.8 1.5 0.0
15 28 1 1332.9655851964733 -4.418972419331017 0.0 4.5 1.8 1.5 0.0
16 28 1 1348.6907486665816 -4.441573908983586 0.0 4.5 1.8 1.5 0.0
17 28 1 1364.62857752451 -4.4367397337938606 0.0 4.5 1.8 1.5 0.0
18 28 1 1380.370664365339 -4.364085404333902 0.0 4.5 1.8 1.5 0.0
19 28 1 1396.4461851508588 -4.35476106258561 0.0 4.5 1.8 1.5 0.0
20 28 1 1411.9948983624215 -4.378510966170729 0.0 4.5 1.8 1.5 0.0
21 28 1 1428.6073128096996 -4.3976186208764965 0.0 4.5 1.8 1.5 0.0
22 28 1 1444.2246153543558 -4.338204654223496 0.0 4.5 1.8 1.5 0.0
23 28 1 1460.1001855264167 -4.3706719123093505 0.0 4.5 1.8 1.5 0.0
24 28 1 1475.9078432531408 -4.344054315661567 0.0 4.5 1.8 1.5 0.0
25 28 1 1491.7891955140296 -4.434875905337886 0.0 4.5 1.8 1.5 0.0
26 28 1 1507.1881096636332 -4.456684173832957 0.0 4.5 1.8 1.5 0.0
27 28 1 1523.3430348134405 -4.349308659941085 0.0 4.5 1.8 1.5 0.0
28 28 1 1539.0436648081898 -4.3328064737329965 0.0 4.5 1.8 1.5 0.0
29 28 1 1555.0315722805656 -4.403642757221921 0.0 4.5 1.8 1.5 0.0
30 28 1 1570.8322861680663 -4.473244314613031 0.0 4.5 1.8 1.5 0.0
31 28 1 1586.9128506447043 -4.293371611020288 0.0 4.5 1.8 1.5 0.0
32 28 1 1602.721935166086 -4.471536578746959 0.0 4.5 1.8 1.5 0.0
33 28 1 1618.758016884891 -4.460244896167366 0.0 4.5 1.8 1.5 0.0
34 28 1 1634.227621694945 -4.390921905277896 0.0 4.5 1.8 1.5 0.0
35 28 1 1650.361477513826 -4.429438196720558 0.0 4.5 1.8 1.5 0.0
36 28 1 1666.1489258665797 -4.343246876624183 0.0 4.5 1.8 1.5 0.0
37 28 1 1682.2423051066296 -4.316432175571504 0.0 4.5 1.8 1.5 0.0
38 28 1 1698.321233311902 -4.338510530579161 0.0 4.5 1.8 1.5 0.0
39 28 1 1713.7634825303373 -4.336039307106068 0.0 4.5 1.8 1.5 0.0
40 28 1 1729.7676533317945 -4.353686647785904 0.0 4.5 1.8 1.5 0.0
41 28 1 1745.5772340937829 -4.424607701769912 0.0 4.5 1.8 1.5 0.0
42 28 1 1761.2036513069793 -4.383860906715974 0.0 4.5 1.8 1.5 0.0
43 28 1 1777.306532855488 -4.412977042808802 0.0 4.5 1.8 1.5 0.0
44 28 1 1793.2288994818155 -4.274966701460257 0.0 4.5 1.8 1.5 0.0
45 28 1 1808.6628452000134 -4.349892772784028 0.0 4.5 1.8 1.5 0.0
46 28 1 1824.8659966714658 -4.356472218895484 0.0 4.5 1.8 1.5 0.0
47 28 1 1840.6605289073273 -4.386307990914575 0.0 4.5 1.8 1.5 0.0
48 28 1 1856.640052189396 -4.3940866908389795 0.0 4.5 1.8 1.5 0.0
49 28 1 1872.1775240874954 -4.39070074819444 0.0 4.5 1.8 1.5 0.0
0 29 1 1105.363089596196 -4.96639386758867 0.0 4.5 1.8 1.5 0.0
1 29 1 1123.015982919393 -4.876547802620666 0.0 4.5 1.8 1.5 0.0
2 29 1 1140.6654362151462 -5.012693544253426 0.0 4.5 1.8 1.5 0.0
3 29 1 1158.6943078353158 -4.89091869244681 0.0 4.5 1.8 1.5 0.0
4 29 1 1176.3953172572117 -5.084445414903304 0.0 4.5 1.8 1.5 0.0
5 29 1 1194.4971134723473 -4.91525059500223 0.0 4.5 1.8 1.5 0.0
6 29 1 1212.715556365699 -4.965995703102046 0.0 4.5 1.8 1.5 0.0
7 29 1 1230.2813774660503 -4.885142598284989 0.0 4.5 1.8 1.5 0.0
8 29 1 1247.8778732192566 -4.962263673756927 0.0 4.5 1.8 1.5 0.0
9 29 1 1266.1780651089027 -4.9203766989335245 0.0 4.5 1.8 1.5 0.0
10 29 1 1283.9261777640017 -4.941115584412484 0.0 4.5 1.8 1.5 0.0
11 29 1 1301.4186324036793 -4.975750055614468 0.0 4.5 1.8 1.5 0.0
12 29 1 1319.8951583885948 -4.99195233671051 0.0 4.5 1.8 1.5 0.0
13 29 1 1337.704412262124 -4.9204940099576415 0.0 4.5 1.8 1.5 0.0
14 29 1 1355.5122643493567 -4.934314446447948 0.0 4.5 1.8 1.5 0.0
15 29 1 1373.2763864481935 -4.953168198982579 0.0 4.5 1.8 1.5 0.0
16 29 1 1391.4791349668903 -4.934988986949354 0.0 4.5 1.8 1.5 0.0
17 29 1 1409.1279442507816 -4.931626814783236 0.0 4.5 1.8 1.5 0.0
18 29 1 1427.2763312345442 -5.04533469892665 0.0 4.5 1.8 1.5 0.0
19 29 1 1445.25338286113 -4.959650371931829 0.0 4.5 1.8 1.5 0.0
20 29 1 1462.9948248065089 -4.882975288815515 0.0 4.5 1.8 1.5 0.0
21 29 1 1480.5235508521369 -4.978309685119154 0.0 4.5 1.8 1.5 0.0
22 29 1 1498.62833462413 -4.982025311053998 0.0 4.5 1.8 1.5 0.0
23 29 1 1516.9211904501947 -4.985676239689115 0.0 4.5 1.8 1.5 0.0
24 29 1 1534.351252550852 -4.9326181834176275 0.0 4.5 1.8 1.5 0.0
25 29 1 1552.1100907732564 -4.962621670585589 0.0 4.5 1.8 1.5 0.0
26 29 1 1570.3021701024436 -4.959480655216901 0.0 4.5 1.8 1.5 0.0
27 29 1 1588.1081608501356 -4.969304240620195 0.0 4.5 1.8 1.5 0.0
28 29 1 1605.7121029318016 -4.9267579744308145 0.0 4.5 1.8 1.5 0.0
29 29 1 1624.2541423796895 -4.941917553458604 0.0 4.5 1.8 1.5 0.0
30 29 1 1641.8363673605318 -4.908201497241933 0.0 4.5 1.8 1.5 0.0
31 29 1 1659.4256072094947 -4.857711902091296 0.0 4.5 1.8 1.5 0.0
32 29 1 1677.608097839811 -4.861244790043321 0.0 4.5 1.8 1.5 0.0
33 29 1 1695.3091842531435 -4.851934538869885 0.0 4.5 1.8 1.5 0.0
34 29 1 1713.4989807227776 -4.9151856307051585 0.0 4.5 1.8 1.5 0.0
35 29 1 1731.2789132865632 -4.955264065901498 0.0 4.5 1.8 1.5 0.0
36 29 1 1749.3603734991095 -4.935819641505374 0.0 4.5 1.8 1.5 0.0
37 29 1 1766.6150119984195 -4.998696958083126 0.0 4.5 1.8 1.5 0.0
38 29 1 1784.8594155604203 -4.927337685839499 0.0 4.5 1.8 1.5 0.0
39 29 1 1802.7734257848012 -4.881889095508093 0.0 4.5 1.8 1.5 0.0
40 29 1 1820.2826818814954 -4.935658238172518 0.0 4.5 1.8 1.5 0.0
41 29 1 1838.1974651809478 -4.904852020223568 0.0 4.5 1.8 1.5 0.0
42 29 1 1856.430328054859 -4.92185713639657 0.0 4.5 1.8 1.5 0.0
43 29 1 1874.1646019773516 -4.878864388414889 0.0 4.5 1.8 1.5 0.0
44 29 1 1892.4338822740035 -4.913660419847182 0.0 4.5 1.8 1.5 0.0
45 29 1 1910.087792663541 -4.91384477073302 0.0 4.5 1.8 1.5 0.0
46 29 1 1927.8604763710387 -4.90005985204674 0.0 4.5 1.8 1.5 0.0
47 29 1 1946.2199098352228 -4.8893071069988165 0.0 4.5 1.8 1.5 0.0
48 29 1 1963.6322519341186 -4.924766769134121 0.0 4.5 1.8 1.5 0.0
49 29 1 1981.4077028910506 -4.914218119438992 0.0 4.5 1.8 1.5 0.0
0 30 1 552.923985933019 0.9122461363478728 0.0 4.5 1.8 1.5 0.0
1 30 1 570.3747381777956 0.9053714044431692 0.0 4.5 1.8 1.5 0.0
2 30 1 586.9933906367962 0.9179335535367383 0.0 4.5 1.8 1.5 0.0
3 30 1 604.0209181063809 0.9463886230268854 0.0 4.5 1.8 1.5 0.0
4 30 1 621.2586865939262 0.903807264032797 0.0 4.5 1.8 1.5 0.0
5 30 1 638.3006054679979 0.923859759870387 0.0 4.5 1.8 1.5 0.0
6 30 1 655.5220494203288 0.9031720801421115 0.0 4.5 1.8 1.5 0.0
7 30 1 672.5195671008288 0.9250946932215202 0.0 4.5 1.8 1.5 0.0
8 30 1 689.6408037537627 0.9307246329062383 0.0 4.5 1.8 1.5 0.0
9 30 1 706.627920313044 0.9794004800188121 0.0 4.5 1.8 1.5 0.0
10 30 1 723.8685872019984 0.9039784969212438 0.0 4.5 1.8 1.5 0.0
11 30 1 741.0040655028149 0.9254524046215519 0.0 4.5 1.8 1.5 0.0
12 30 1 757.6743904812655 0.9462184690735689 0.0 4.5 1.8 1.5 0.0
13 30 1 774.9032216045082 0.975892223724053 0.0 4.5 1.8 1.5 0.0
14 30 1 792.1447400100293 0.9681743494320408 0.0 4.5 1.8 1.5 0.0
15 30 1 809.1530133199914 0.9326672979195196 0.0 4.5 1.8 1.5 0.0
16 30 1 826.6070728235551 0.9157200072417465 0.0 4.5 1.8 1.5 0.0
17 30 1 843.3328277965295 0.9619228652515771 0.0 4.5 1.8 1.5 0.0
18 30 1 860.6640906284497 0.9017333778917467 0.0 4.5 1.8 1.5 0.0
19 30 1 877.2258331978388 0.8986696856875698 0.0 4.5 1.8 1.5 0.0
20 30 1 894.8443643990825 0.8904191250913014 0.0 4.5 1.8 1.5 0.0
21 30 1 911.792672020165 0.8962965876641704 0.0 4.5 1.8 1.5 0.0
22 30 1 928.4943932478858 0.8953967757104913 0.0 4.5 1.8 1.5 0.0
23 30 1 946.1014201773519 0.810658210559197 0.0 4.5 1.8 1.5 0.0
24 30 1 963.1031943361319 0.8698673729925169 0.0 4.5 1.8 1.5 0.0
25 30 1 980.2604163727545 0.9648867813561702 0.0 4.5 1.8 1.5 0.0
26 30 1 997.1903054647004 0.9206874266234265 0.0 4.5 1.8 1.5 0.0
27 30 1 1014.1493896050781 0.8618916645572393 0.0 4.5 1.8 1.5 0.0
28 30 1 1031.736247818595 0.8859172632039312 0.0 4.5 1.8 1.5 0.0
29 30 1 1048.7961555563904 0.8861958325724788 0.0 4.5 1.8 1.5 0.0
30 30 1 1065.6736015010415 0.8722804765798059 0.0 4.5 1.8 1.5 0.0
31 30 1 1082.7592095191774 0.9128914667048316 0.0 4.5 1.8 1.5 0.0
32 30 1 1099.6779943764848 0.9596719930517101 0.0 4.5 1.8 1.5 0.0
33 30 1 1116.732636428427 0.8577634097902327 0.0 4.5 1.8 1.5 0.0
34 30 1 1134.0646929069474 0.8718758050633713 0.0 4.5 1.8 1.5 0.0
35 30 1 1151.101702343968 0.9778206618291376 0.0 4.5 1.8 1.5 0.0
36 30 1 1168.0092672026412 0.9882884767670768 0.0 4.5 1.8 1.5 0.0
37 30 1 1185.2666898143063 0.8943777635552488 0.0 4.5 1.8 1.5 0.0
38 30 1 1202.5365859660103 0.8720872434755181 0.0 4.5 1.8 1.5 0.0
39 30 1 1219.2669271723994 0.9188550943815211 0.0 4.5 1.8 1.5 0.0
40 30 1 1236.5492790914066 0.9849424994315443 0.0 4.5 1.8 1.5 0.0
41 30 1 1253.7247597554062 0.9403582505412029 0.0 4.5 1.8 1.5 0.0
42 30 1 1270.544114715956 0.8378716224811061 0.0 4.5 1.8 1.5 0.0
43 30 1 1287.4233064587806 1.0175036090270595 0.0 4.5 1.8 1.5 0.0
44 30 1 1304.4048883249939 0.8899463024003821 0.0 4.5 1.8 1.5 0.0
45 30 1 1322.0869910717274 0.939656499522356 0.0 4.5 1.8 1.5 0.0
46 30 1 1339.1296459223415 0.9563122521260214 0.0 4.5 1.8 1.5 0.0
47 30 1 1356.3239205084353 0.9439421988907318 0.0 4.5 1.8 1.5 0.0
48 30 1 1373.2486606396162 0.8929585079595705 0.0 4.5 1.8 1.5 0.0
49 30 1 1390.3192047817245 0.9093645296630262 0.0 4.5 1.8 1.5 0.0
0 31 1 185.29674560113708 -7.458334806446909 0.0 4.5 1.8 1.5 0.0
1 31 1 205.24912239233913 -7.539798115781654 0.0 4.5 1.8 1.5 0.0
2 31 1 225.24162625677445 -7.404734141327221 0.0 4.5 1.8 1.5 0.0
3 31 1 244.95106360941645 -7.391806126974282 0.0 4.5 1.8 1.5 0.0
4 31 1 264.3683723439348 -7.507118479225967 0.0 4.5 1.8 1.5 0.0
5 31 1 284.44839406883705 -7.444822106224967 0.0 4.5 1.8 1.5 0.0
6 31 1 304.28118438855614 -7.44302131494596 0.0 4.5 1.8 1.5 0.0
7 31 1 324.66107754077893 -7.446135927408634 0.0 4.5 1.8 1.5 0.0
8 31 1 344.339478292215 -7.530289739457872 0.0 4.5 1.8 1.5 0.0
9 31 1 364.0091156697607 -7.418415127148001 0.0 4.5 1.8 1.5 0.0
10 31 1 384.2301134392699 -7.4828470483817116 0.0 4.5 1.8 1.5 0.0
11 31 1 403.8864195048387 -7.5821864660684035 0.0 4.5 1.8 1.5 0.0
12 31 1 423.6515887057581 -7.385325118055849 0.0 4.5 1.8 1.5 0.0
13 31 1 443.5054258507976 -7.47142208135178 0.0 4.5 1.8 1.5 0.0
14 31 1 463.8587635351402 -7.543642205812949 0.0 4.5 1.8 1.5 0.0
15 31 1 483.58997461096044 -7.4340002955373015 0.0 4.5 1.8 1.5 0.0
16 31 1 503.4512901558887 -7.337475919629496 0.0 4.5 1.8 1.5 0.0
17 31 1 523.0108282152347 -7.427959645918641 0.0 4.5 1.8 1.5 0.0
18 31 1 543.2057454950342 -7.4423000646710005 0.0 4.5 1.8 1.5 0.0
19 31 1 563.2243250483564 -7.517553882268334 0.0 4.5 1.8 1.5 0.0
20 31 1 583.0776206720114 -7.573791144982748 0.0 4.5 1.8 1.5 0.0
21 31 1 603.048228669137 -7.465988149113308 0.0 4.5 1.8 1.5 0.0
22 31 1 622.9510689782544 -7.427990156158477 0.0 4.5 1.8 1.5 0.0
23 31 1 642.7926186880709 -7.4734916014229205 0.0 4.5 1.8 1.5 0.0
24 31 1 662.4386388281997 -7.5165071105952865 0.0 4.5 1.8 1.5 0.0
25 31 1 682.7479571950705 -7.409079302127536 0.0 4.5 1.8 1.5 0.0
26 31 1 702.3587459592757 -7.478595935050171 0.0 4.5 1.8 1.5 0.0
27 31 1 722.1212029470424 -7.422258230149462 0.0 4.5 1.8 1.5 0.0
28 31 1 742.3309669622826 -7.383835200589647 0.0 4.5 1.8 1.5 0.0
29 31 1 761.9179767576113 -7.499796467363745 0.0 4.5 1.8 1.5 0.0
30 31 1 782.0356883330555 -7.448571595526546 0.0 4.5 1.8 1.5 0.0
31 31 1 801.8420233965439 -7.5245441269355196 0.0 4.5 1.8 1.5 0.0
32 31 1 821.9571962053412 -7.444839304285555 0.0 4.5 1.8 1.5 0.0
33 31 1 841.4934176549468 -7.41312393235756 0.0 4.5 1.8 1.5 0.0
34 31 1 861.806469992402 -7.474181247550445 0.0 4.5 1.8 1.5 0.0
35 31 1 881.4841075985411 -7.453193183857039 0.0 4.5 1.8 1.5 0.0
36 31 1 901.1916051875177 -7.479394498454631 0.0 4.5 1.8 1.5 0.0
37 31 1 920.8292268681502 -7.437073290137688 0.0 4.5 1.8 1.5 0.0
38 31 1 940.8431627080867 -7.405725080991385 0.0 4.5 1.8 1.5 0.0
39 31 1 960.9851951092847 -7.491479421509394 0.0 4.5 1.8 1.5 0.0
40 31 1 980.8214301223643 -7.495298016108938 0.0 4.5 1.8 1.5 0.0
41 31 1 1001.1264409481139 -7.605286505239588 0.0 4.5 1.8 1.5 0.0
42 31 1 1020.993885531805 -7.463994898357749 0.0 4.5 1.8 1.5 0.0
43 31 1 1040.392845900519 -7.5346616920652965 0.0 4.5 1.8 1.5 0.0
44 31 1 1060.8652866110351 -7.528171416409971 0.0 4.5 1.8 1.5 0.0
45 31 1 1080.1950956789774 -7.4240303452945975 0.0 4.5 1.8 1.5 0.0
46 31 1 1100.389234131857 -7.527792351239654 0.0 4.5 1.8 1.5 0.0
47 31 1 1120.2606063271837 -7.532183706594848 0.0 4.5 1.8 1.5 0.0
48 31 1 1140.3332033872903 -7.427827524169178 0.0 4.5 1.8 1.5 0.0
49 31 1 1160.1151981228734 -7.462813019350484 0.0 4.5 1.8 1.5 0.0
0 32 1 899.8342757483869 4.518078208614154 0.0 4.5 1.8 1.5 0.0
1 32 1 918.2310994164229 4.6224722666217275 0.0 4.5 1.8 1.5 0.0
2 32 1 936.0587036702133 4.5929761499760495 0.0 4.5 1.8 1.5 0.0
3 32 1 954.7247138322872 4.572874057964711 0.0 4.5 1.8 1.5 0.0
4 32 1 972.1389795825708 4.609248002266091 0.0 4.5 1.8 1.5 0.0
5 32 1 990.6416020963597 4.718903889917885 0.0 4.5 1.8 1.5 0.0
6 32 1 1008.6328405902722 4.541463353392452 0.0 4.5 1.8 1.5 0.0
7 32 1 1026.991404128567 4.604010355637569 0.0 4.5 1.8 1.5 0.0
8 32 1 1044.5255530648735 4.551014167736456 0.0 4.5 1.8 1.5 0.0
9 32 1 1062.956224371949 4.616925259900745 0.0 4.5 1.8 1.5 0.0
10 32 1 1080.9538373803002 4.669308946545021 0.0 4.5 1.8 1.5 0.0
11 32 1 1098.8202550634383 4.673291522005107 0.0 4.5 1.8 1.5 0.0
12 32 1 1116.9727181940107 4.713184159287042 0.0 4.5 1.8 1.5 0.0
13 32 1 1135.2921611385973 4.558971864102605 0.0 4.5 1.8 1.5 0.0
14 32 1 1152.8631933955637 4.645430026705375 0.0 4.5 1.8 1.5 0.0
15 32 1 1171.2893046338588 4.5972055058653325 0.0 4.5 1.8 1.5 0.0
16 32 1 1189.613243567721 4.655504481903957 0.0 4.5 1.8 1.5 0.0
17 32 1 1207.800610110849 4.546241725172277 0.0 4.5 1.8 1.5 0.0
18 32 1 1225.9369106694694 4.5760315237830165 0.0 4.5 1.8 1.5 0.0
19 32 1 1243.2963454094238 4.546061773248422 0.0 4.5 1.8 1.5 0.0
20 32 1 1261.8870640916293 4.5560430782873675 0.0 4.5 1.8 1.5 0.0
21 32 1 1279.921713856197 4.621896414967883 0.0 4.5 1.8 1.5 0.0
22 32 1 1297.9989093462393 4.5802660736985885 0.0 4.5 1.8 1.5 0.0
23 32 1 1315.8809108910928 4.606080981002191 0.0 4.5 1.8 1.5 0.0
24 32 1 1333.8139223030028 4.570683888505453 0.0 4.5 1.8 1.5 0.0
25 32 1 1352.1372206355368 4.593014948015979 0.0 4.5 1.8 1.5 0.0
26 32 1 1370.3759751743162 4.652981624313111 0.0 4.5 1.8 1.5 0.0
27 32 1 1388.831200266457 4.549094848579576 0.0 4.5 1.8 1.5 0.0
28 32 1 1407.0089350128903 4.566019010615353 0.0 4.5 1.8 1.5 0.0
29 32 1 1424.74073752125 4.63052694004884 0.0 4.5 1.8 1.5 0.0
30 32 1 1443.291012392011 4.577869673703291 0.0 4.5 1.8 1.5 0.0
31 32 1 1460.5386119157283 4.679502764101073 0.0 4.5 1.8 1.5 0.0
32 32 1 1478.827148483394 4.586904361562644 0.0 4.5 1.8 1.5 0.0
33 32 1 1496.8661369411968 4.587048601938978 0.0 4.5 1.8 1.5 0.0
34 32 1 1515.0174722415704 4.638805881416163 0.0 4.5 1.8 1.5 0.0
35 32 1 1533.297572551585 4.57093103256069 0.0 4.5 1.8 1.5 0.0
36 32 1 1551.5764522978016 4.617733628125154 0.0 4.5 1.8 1.5 0.0
37 32 1 1569.1039319292101 4.650968956295639 0.0 4.5 1.8 1.5 0.0
38 32 1 1587.6059788328987 4.674520414971001 0.0 4.5 1.8 1.5 0.0
39 32 1 1605.6896524182257 4.565398323063045 0.0 4.5 1.8 1.5 0.0
40 32 1 1623.719873543126 4.64517975713546 0.0 4.5 1.8 1.5 0.0
41 32 1 1641.7024488746754 4.5829689512360465 0.0 4.5 1.8 1.5 0.0
42 32 1 1659.9081222474451 4.547515210080631 0.0 4.5 1.8 1.5 0.0
43 32 1 1677.8970589553483 4.613611300181634 0.0 4.5 1.8 1.5 0.0
44 32 1 1696.3846828666337 4.620841139826948 0.0 4.5 1.8 1.5 0.0
45 32 1 1714.2308787420586 4.563420251893809 0.0 4.5 1.8 1.5 0.0
46 32 1 1732.5549467531057 4.6266590655887665 0.0 4.5 1.8 1.5 0.0
47 32 1 1750.290432394887 4.649916213525669 0.0 4.5 1.8 1.5 0.0
48 32 1 1768.639557436722 4.564307273123112 0.0 4.5 1.8 1.5 0.0
49 32 1 1786.6032300499962 4.580345154179278 0.0 4.5 1.8 1.5 0.0
0 33 1 929.2654435764575 1.71524762797866 0.0 4.5 1.8 1.5 0.0
1 33 1 948.854637993298 1.5927507187394305 0.0 4.5 1.8 1.5 0.0
2 33 1 969.0676216987398 1.5713014529501892 0.0 4.5 1.8 1.5 0.0
3 33 1 988.2389742229543 1.6055532470211396 0.0 4.5 1.8 1.5 0.0
4 33 1 1008.1968304172103 1.6232946435603477 0.0 4.5 1.8 1.5 0.0
5 33 1 1027.4498446925966 1.5862960900363225 0.0 4.5 1.8 1.5 0.0
6 33 1 1047.2665851166275 1.6090434659315298 0.0 4.5 1.8 1.5 0.0
7 33 1 1067.152910976239 1.6338148059870805 0.0 4.5 1.8 1.5 0.0
8 33 1 1086.392226134946 1.6661015675707247 0.0 4.5 1.8 1.5 0.0
9 33 1 1106.4776284961977 1.6821311205723772 0.0 4.5 1.8 1.5 0.0
10 33 1 1126.1956406336994 1.6679706660794702 0.0 4.5 1.8 1.5 0.0
11 33 1 1145.879796271774 1.6802158060028194 0.0 4.5 1.8 1.5 0.0
12 33 1 1165.5706235779303 1.6080087558705367 0.0 4.5 1.8 1.5 0.0
13 33 1 1185.6003466360592 1.6573563743066766 0.0 4.5 1.8 1.5 0.0
14 33 1 1204.9402948174134 1.5490892973657653 0.0 4.5 1.8 1.5 0.0
15 33 1 1224.2475706509624 1.6275402922997746 0.0 4.5 1.8 1.5 0.0
16 33 1 1244.2140226552517 1.5821983899422662 0.0 4.5 1.8 1.5 0.0
17 33 1 1263.8928011968633 1.6923358645948618 0.0 4.5 1.8 1.5 0.0
18 33 1 1283.6833713930937 1.555854092705045 0.0 4.5 1.8 1.5 0.0
19 33 1 1303.2016753739977 1.5726561941500539 0.0 4.5 1.8 1.5 0.0
20 33 1 1322.8261233973874 1.5922237349111998 0.0 4.5 1.8 1.5 0.0
21 33 1 1342.4878205053913 1.5501477495940121 0.0 4.5 1.8 1.5 0.0
22 33 1 1362.2375049268512 1.5848741363503165 0.0 4.5 1.8 1.5 0.0
23 33 1 1381.356832366397 1.7155531194177651 0.0 4.5 1.8 1.5 0.0
24 33 1 1401.8401622764839 1.5940894819464322 0.0 4.5 1.8 1.5 0.0
25 33 1 1421.3058583968314 1.5543218008268038 0.0 4.5 1.8 1.5 0.0
26 33 1 1441.320925403688 1.7077689529313376 0.0 4.5 1.8 1.5 0.0
27 33 1 1460.6928058150181 1.6640810504019492 0.0 4.5 1.8 1.5 0.0
28 33 1 1480.3762106663985 1.5460682462488855 0.0 4.5 1.8 1.5 0.0
29 33 1 1499.9384748780617 1.61950091653128 0.0 4.5 1.8 1.5 0.0
30 33 1 1519.6096162493486 1.6019718543209303 0.0 4.5 1.8 1.5 0.0
31 33 1 1539.361932122838 1.608860593299409 0.0 4.5 1.8 1.5 0.0
32 33 1 1559.0703499736824 1.5598742648728519 0.0 4.5 1.8 1.5 0.0
33 33 1 1578.5961812870003 1.5486753049076836 0.0 4.5 1.8 1.5 0.0
34 33 1 1598.6148338680055 1.5076221711006657 0.0 4.5 1.8 1.5 0.0
35 33 1 1618.3296750679747 1.6822219880558242 0.0 4.5 1.8 1.5 0.0
36 33 1 1637.7182071231575 1.482747663801317 0.0 4.5 1.8 1.5 0.0
37 33 1 1657.3860673694032 1.609695310128241 0.0 4.5 1.8 1.5 0.0
38 33 1 1676.935896079054 1.58714359850227 0.0 4.5 1.8 1.5 0.0
39 33 1 1697.123741004055 1.646150876307769 0.0 4.5 1.8 1.5 0.0
40 33 1 1716.3124753826494 1.5330245597129104 0.0 4.5 1.8 1.5 0.0
41 33 1 1736.111670983246 1.60223167922516 0.0 4.5 1.8 1.5 0.0
42 33 1 1755.9560005254834 1.5861386825642991 0.0 4.5 1.8 1.5 0.0
43 33 1 1775.6387468443259 1.7096622201956935 0.0 4.5 1.8 1.5 0.0
44 33 1 1795.3792333749855 1.6105000928261433 0.0 4.5 1.8 1.5 0.0
45 33 1 1814.8591893175283 1.5950708614836884 0.0 4.5 1.8 1.5 0.0
46 33 1 1834.8116338354723 1.581538845895117 0.0 4.5 1.8 1.5 0.0
47 33 1 1854.2642364360247 1.6154644132867362 0.0 4.5 1.8 1.5 0.0
48 33 1 1873.8345212969052 1.544281240798477 0.0 4.5 1.8 1.5 0.0
49 33 1 1893.6791592774339 1.6098543195999129 0.0 4.5 1.8 1.5 0.0
0 34 1 325.49461142333445 6.063117256322071 0.0 4.5 1.8 1.5 0.0
1 34 1 342.5165890051169 5.997306731321015 0.0 4.5 1.8 1.5 0.0
2 34 1 359.0152943956231 5.997259553346484 0.0 4.5 1.8 1.5 0.0
3 34 1 375.65025674035 5.964847337221732 0.0 4.5 1.8 1.5 0.0
4 34 1 392.23923919883777 5.929661414266012 0.0 4.5 1.8 1.5 0.0
5 34 1 408.51823177848667 6.038362952559743 0.0 4.5 1.8 1.5 0.0
6 34 1 425.66265559456735 5.98346998987673 0.0 4.5 1.8 1.5 0.0
7 34 1 442.3818573026474 5.941739549355958 0.0 4.5 1.8 1.5 0.0
8 34 1 458.77291860626445 5.968975187411733 0.0 4.5 1.8 1.5 0.0
9 34 1 475.9177143161597 5.924722370670985 0.0 4.5 1.8 1.5 0.0
10 34 1 491.7896451193109 5.957089367504703 0.0 4.5 1.8 1.5 0.0
11 34 1 509.2145617447851 5.896532220877923 0.0 4.5 1.8 1.5 0.0
12 34 1 525.4209286116389 5.996336759124549 0.0 4.5 1.8 1.5 0.0
13 34 1 542.8419303103642 5.915248838669331 0.0 4.5 1.8 1.5 0.0
14 34 1 558.719525655841 6.0000943405376 0.0 4.5 1.8 1.5 0.0
15 34 1 575.910810932999 5.951954486479355 0.0 4.5 1.8 1.5 0.0
16 34 1 592.0165607846413 6.004846883139958 0.0 4.5 1.8 1.5 0.0
17 34 1 609.1347714661919 6.072092178422553 0.0 4.5 1.8 1.5 0.0
18 34 1 625.8141561800618 6.02456272591426 0.0 4.5 1.8 1.5 0.0
19 34 1 642.3013012996889 6.105234639204114 0.0 4.5 1.8 1.5 0.0
20 34 1 658.9450654972103 5.952563316025052 0.0 4.5 1.8 1.5 0.0
21 34 1 676.0575604538973 5.9094475581508705 0.0 4.5 1.8 1.5 0.0
22 34 1 691.9971393641534 5.989137268325565 0.0 4.5 1.8 1.5 0.0
23 34 1 709.0372373072694 5.971765023018108 0.0 4.5 1.8 1.5 0.0
24 34 1 725.9073341342145 5.937749112981212 0.0 4.5 1.8 1.5 0.0
25 34 1 742.3923451787806 5.965154124463732 0.0 4.5 1.8 1.5 0.0
26 34 1 758.8722316244999 5.980067417897606 0.0 4.5 1.8 1.5 0.0
27 34 1 775.891958056046 6.089187828117166 0.0 4.5 1.8 1.5 0.0
28 34 1 792.5082862628321 5.857617672025568 0.0 4.5 1.8 1.5 0.0
29 34 1 809.0557380200296 5.985649561640782 0.0 4.5 1.8 1.5 0.0
30 34 1 825.9215714098995 5.992399937220128 0.0 4.5 1.8 1.5 0.0
31 34 1 842.6559109623093 6.002742952876404 0.0 4.5 1.8 1.5 0.0
32 34 1 859.388016363614 5.961222126093226 0.0 4.5 1.8 1.5 0.0
33 34 1 875.7760890140394 6.024491498865135 0.0 4.5 1.8 1.5 0.0
34 34 1 892.3037450773869 5.943658781991587 0.0 4.5 1.8 1.5 0.0
35 34 1 908.963277042374 5.9456986412411945 0.0 4.5 1.8 1.5 0.0
36 34 1 925.8646234173519 5.891419020613913 0.0 4.5 1.8 1.5 0.0
37 34 1 942.1198805987788 6.076296746713504 0.0 4.5 1.8 1.5 0.0
38 34 1 958.9570188307131 5.9931601646542285 0.0 4.5 1.8 1.5 0.0
39 34 1 975.4751724621935 5.987865635485105 0.0 4.5 1.8 1.5 0.0
40 34 1 992.3001639831026 5.90500494718762 0.0 4.5 1.8 1.5 0.0
41 34 1 1009.3823129750174 6.042287708448685 0.0 4.5 1.8 1.5 0.0
42 34 1 1025.7644215002272 6.033130373729536 0.0 4.5 1.8 1.5 0.0
43 34 1 1042.837514566781 6.020863218753545 0.0 4.5 1.8 1.5 0.0
44 34 1 1059.2237555480033 5.993106906919806 0.0 4.5 1.8 1.5 0.0
45 34 1 1075.9286826439386 5.964963452421159 0.0 4.5 1.8 1.5 0.0
46 34 1 1092.414419568 6.005703990856267 0.0 4.5 1.8 1.5 0.0
47 34 1 1109.045937338666 5.964869438455966 0.0 4.5 1.8 1.5 0.0
48 34 1 1125.8117112164903 6.040689799625294 0.0 4.5 1.8 1.5 0.0
49 34 1 1142.256104703717 6.021118347230904 0.0 4.5 1.8 1.5 0.0
0 35 1 1364.2028425778792 5.179350210846707 0.0 4.5 1.8 1.5 0.0
1 35 1 1381.0425534269457 5.205679529333973 0.0 4.5 1.8 1.5 0.0
2 35 1 1397.5629194122696 5.219901888296766 0.0 4.5 1.8 1.5 0.0
3 35 1 1414.3002993449777 5.236842776514937 0.0 4.5 1.8 1.5 0.0
4 35 1 1430.527557556622 5.185903144345531 0.0 4.5 1.8 1.5 0.0
5 35 1 1447.5266610152726 5.244843258620664 0.0 4.5 1.8 1.5 0.0
6 35 1 1463.5761266771424 5.21768489425958 0.0 4.5 1.8 1.5 0.0
7 35 1 1480.018043642105 5.202457644344989 0.0 4.5 1.8 1.5 0.0
8 35 1 1497.356232219871 5.152716263378521 0.0 4.5 1.8 1.5 0.0
9 35 1 1513.3728043319647 5.2383123883206135 0.0 4.5 1.8 1.5 0.0
10 35 1 1529.7940987625627 5.168473147747719 0.0 4.5 1.8 1.5 0.0
11 35 1 1546.7849374176624 5.1683966068575 0.0 4.5 1.8 1.5 0.0
12 35 1 1563.1814453172453 5.2373201847577215 0.0 4.5 1.8 1.5 0.0
13 35 1 1579.8759386559366 5.213451819056741 0.0 4.5 1.8 1.5 0.0
14 35 1 1596.2867951079165 5.218613955005418 0.0 4.5 1.8 1.5 0.0
15 35 1 1612.8928631522922 5.22300117973826 0.0 4.5 1.8 1.5 0.0
16 35 1 1629.38121340783 5.190982450522993 0.0 4.5 1.8 1.5 0.0
17 35 1 1645.8455983788847 5.198360518741659 0.0 4.5 1.8 1.5 0.0
18 35 1 1662.444379889211 5.144408576733871 0.0 4.5 1.8 1.5 0.0
19 35 1 1679.2213024160492 5.210747888034853 0.0 4.5 1.8 1.5 0.0
20 35 1 1695.8891350580093 5.178554620763215 0.0 4.5 1.8 1.5 0.0
21 35 1 1712.3771610049284 5.227650777855653 0.0 4.5 1.8 1.5 0.0
22 35 1 1728.9474953216688 5.158828215101863 0.0 4.5 1.8 1.5 0.0
23 35 1 1745.4514033810983 5.218317914044703 0.0 4.5 1.8 1.5 0.0
24 35 1 1761.9859565025672 5.095787016323416 0.0 4.5 1.8 1.5 0.0
25 35 1 1778.5796088585219 5.310737451211832 0.0 4.5 1.8 1.5 0.0
26 35 1 1795.0384932045174 5.163707044349204 0.0 4.5 1.8 1.5 0.0
27 35 1 1811.7481608947523 5.215729809765299 0.0 4.5 1.8 1.5 0.0
28 35 1 1828.4750283404348 5.137217491446526 0.0 4.5 1.8 1.5 0.0
29 35 1 1844.9457474824083 5.229632002304544 0.0 4.5 1.8 1.5 0.0
30 35 1 1861.3340322490465 5.217045265138054 0.0 4.5 1.8 1.5 0.0
31 35 1 1878.1313431772958 5.243726668243393 0.0 4.5 1.8 1.5 0.0
32 35 1 1894.2598379431029 5.241118808579745 0.0 4.5 1.8 1.5 0.0
33 35 1 1911.0384942090527 5.203754604142746 0.0 4.5 1.8 1.5 0.0
34 35 1 1927.6290614528011 5.192598749802057 0.0 4.5 1.8 1.5 0.0
35 35 1 1944.4157536785635 5.19592500124951 0.0 4.5 1.8 1.5 0.0
36 35 1 1960.516493078007 5.180434406443484 0.0 4.5 1.8 1.5 0.0
37 35 1 1977.3391313715872 5.2615716384568225 0.0 4.5 1.8 1.5 0.0
38 35 1 1993.9870014897563 5.157584135304618 0.0 4.5 1.8 1.5 0.0
39 35 1 2010.9264106606438 5.2133496647908695 0.0 4.5 1.8 1.5 0.0
40 35 1 2027.2474409494494 5.192525177563109 0.0 4.5 1.8 1.5 0.0
41 35 1 2043.6620247753322 5.24208432446789 0.0 4.5 1.8 1.5 0.0
42 35 1 2060.3619819932837 5.252979314510881 0.0 4.5 1.8 1.5 0.0
43 35 1 2076.8557725754886 5.1843565626822645 0.0 4.5 1.8 1.5 0.0
44 35 1 2093.1299740916247 5.2167412747581805 0.0 4.5 1.8 1.5 0.0
45 35 1 2109.993939039025 5.18897486420314 0.0 4.5 1.8 1.5 0.0
46 35 1 2126.5833379422415 5.272741736516279 0.0 4.5 1.8 1.5 0.0
47 35 1 2142.7500294898255 5.158264864052156 0.0 4.5 1.8 1.5 0.0
48 35 1 2159.4682087864007 5.21549153265143 0.0 4.5 1.8 1.5 0.0
49 35 1 2175.9543605199697 5.267721033185327 0.0 4.5 1.8 1.5 0.0
0 36 1 250.64514384591303 -9.774620161209025 0.0 4.5 1.8 1.5 0.0
1 36 1 268.10496030979834 -9.848358827457984 0.0 4.5 1.8 1.5 0.0
2 36 1 285.55544523443507 -9.738566784670148 0.0 4.5 1.8 1.5 0.0
3 36 1 303.82423287181945 -9.733301489519564 0.0 4.5 1.8 1.5 0.0
4 36 1 321.3149265536099 -9.784473679116163 0.0 4.5 1.8 1.5 0.0
5 36 1 339.30672613907177 -9.813783170834322 0.0 4.5 1.8 1.5 0.0
6 36 1 356.6743619632313 -9.698400479286063 0.0 4.5 1.8 1.5 0.0
7 36 1 374.98619087625497 -9.804790659679089 0.0 4.5 1.8 1.5 0.0
8 36 1 392.5296664221112 -9.809933579910666 0.0 4.5 1.8 1.5 0.0
9 36 1 409.9498268575485 -9.694330970844971 0.0 4.5 1.8 1.5 0.0
10 36 1 427.5391204869485 -9.799969230941377 0.0 4.5 1.8 1.5 0.0
11 36 1 445.60834571375443 -9.703132217158457 0.0 4.5 1.8 1.5 0.0
12 36 1 463.49208536422947 -9.869306534821188 0.0 4.5 1.8 1.5 0.0
13 36 1 481.0335042702517 -9.784641036174603 0.0 4.5 1.8 1.5 0.0
14 36 1 498.70967333647485 -9.754703590716307 0.0 4.5 1.8 1.5 0.0
15 36 1 516.1948063030597 -9.806125841719656 0.0 4.5 1.8 1.5 0.0
16 36 1 534.2936781233299 -9.75171526183479 0.0 4.5 1.8 1.5 0.0
17 36 1 551.9490849534653 -9.800113656107836 0.0 4.5 1.8 1.5 0.0
18 36 1 569.6164994891144 -9.748673689973959 0.0 4.5 1.8 1.5 0.0
19 36 1 587.3685545857412 -9.837786423364848 0.0 4.5 1.8 1.5 0.0
20 36 1 604.8363615972032 -9.860175917164627 0.0 4.5 1.8 1.5 0.0
21 36 1 623.0954639627664 -9.745320954312199 0.0 4.5 1.8 1.5 0.0
22 36 1 640.5043369075087 -9.808383670351025 0.0 4.5 1.8 1.5 0.0
23 36 1 658.1321351676276 -9.73103219071371 0.0 4.5 1.8 1.5 0.0
24 36 1 676.3490945559323 -9.815963692289198 0.0 4.5 1.8 1.5 0.0
25 36 1 693.9171776435047 -9.784293400324877 0.0 4.5 1.8 1.5 0.0
26 36 1 711.3682954384677 -9.710483331951325 0.0 4.5 1.8 1.5 0.0
27 36 1 729.1300347653776 -9.770875824130089 0.0 4.5 1.8 1.5 0.0
28 36 1 746.9030093811846 -9.866974014425795 0.0 4.5 1.8 1.5 0.0
29 36 1 764.6323235094219 -9.813828647314834 0.0 4.5 1.8 1.5 0.0
30 36 1 782.0116973367257 -9.81155090011526 0.0 4.5 1.8 1.5 0.0
31 36 1 799.9121368759036 -9.734199919136305 0.0 4.5 1.8 1.5 0.0
32 36 1 817.525743411687 -9.825186418045284 0.0 4.5 1.8 1.5 0.0
33 36 1 835.5068656720931 -9.851983734660534 0.0 4.5 1.8 1.5 0.0
34 36 1 853.0492733534135 -9.868917882859483 0.0 4.5 1.8 1.5 0.0
35 36 1 871.0863636821372 -9.80076220211483 0.0 4.5 1.8 1.5 0.0
36 36 1 888.6204645062118 -9.739893530103267 0.0 4.5 1.8 1.5 0.0
37 36 1 906.2004809835579 -9.801293396525221 0.0 4.5 1.8 1.5 0.0
38 36 1 923.8549558455037 -9.838619232142612 0.0 4.5 1.8 1.5 0.0
39 36 1 941.6033915516398 -9.810318565634505 0.0 4.5 1.8 1.5 0.0
40 36 1 959.4318357086828 -9.771262438547902 0.0 4.5 1.8 1.5 0.0
41 36 1 977.0518381109852 -9.769712412296947 0.0 4.5 1.8 1.5 0.0
42 36 1 995.0483684439746 -9.809085155234435 0.0 4.5 1.8 1.5 0.0
43 36 1 1012.5117099562624 -9.781440094493822 0.0 4.5 1.8 1.5 0.0
44 36 1 1030.3533580632202 -9.774676454629144 0.0 4.5 1.8 1.5 0.0
45 36 1 1048.4292015281505 -9.782262193671436 0.0 4.5 1.8 1.5 0.0
46 36 1 1065.7086688137188 -9.830238526689925 0.0 4.5 1.8 1.5 0.0
47 36 1 1083.387361284787 -9.858832361448378 0.0 4.5 1.8 1.5 0.0
48 36 1 1101.4656370177966 -9.89735798706061 0.0 4.5 1.8 1.5 0.0
49 36 1 1119.0979959447475 -9.829097241426583 0.0 4.5 1.8 1.5 0.0
0 37 1 301.75076586495607 -3.7532904256294644 0.0 4.5 1.8 1.5 0.0
1 37 1 318.93772386617553 -3.7728207807643 0.0 4.5 1.8 1.5 0.0
2 37 1 336.4819224066914 -3.788946839071633 0.0 4.5 1.8 1.5 0.0
3 37 1 353.917048025813 -3.8834856805357787 0.0 4.5 1.8 1.5 0.0
4 37 1 371.6101099223122 -3.8000168052227914 0.0 4.5 1.8 1.5 0.0
5 37 1 389.1238630745426 -3.8530318858201777 0.0 4.5 1.8 1.5 0.0
6 37 1 406.6401448538701 -3.780365620280013 0.0 4.5 1.8 1.5 0.0
7 37 1 424.2278717133026 -3.784705306379089 0.0 4.5 1.8 1.5 0.0
8 37 1 441.619552932267 -3.7352444621732417 0.0 4.5 1.8 1.5 0.0
9 37 1 459.0350669580776 -3.7694523430547138 0.0 4.5 1.8 1.5 0.0
10 37 1 477.02340549701137 -3.769784953271605 0.0 4.5 1.8 1.5 0.0
11 37 1 494.2632480860372 -3.8202452102421987 0.0 4.5 1.8 1.5 0.0
12 37 1 512.0276961146902 -3.8649791041721335 0.0 4.5 1.8 1.5 0.0
13 37 1 529.1431793854358 -3.813708246183636 0.0 4.5 1.8 1.5 0.0
14 37 1 547.1014606420449 -3.774841976107005 0.0 4.5 1.8 1.5 0.0
15 37 1 564.1770463918712 -3.809345743178295 0.0 4.5 1.8 1.5 0.0
16 37 1 581.7645165677848 -3.8293198075207266 0.0 4.5 1.8 1.5 0.0
17 37 1 599.5998847613462 -3.862417514372225 0.0 4.5 1.8 1.5 0.0
18 37 1 617.2425886738123 -3.7524188733998187 0.0 4.5 1.8 1.5 0.0
19 37 1 634.655730489817 -3.8169773335103128 0.0 4.5 1.8 1.5 0.0
20 37 1 651.9242956649113 -3.8654879486352853 0.0 4.5 1.8 1.5 0.0
21 37 1 669.3660769803445 -3.7691476155268924 0.0 4.5 1.8 1.5 0.0
22 37 1 687.2469477271449 -3.8491881987491725 0.0 4.5 1.8 1.5 0.0
23 37 1 704.4313595804224 -3.801395318920676 0.0 4.5 1.8 1.5 0.0
24 37 1 721.7420285804117 -3.7642628958211297 0.0 4.5 1.8 1.5 0.0
25 37 1 739.3931140075325 -3.803599875467901 0.0 4.5 1.8 1.5 0.0
26 37 1 756.9642478525293 -3.8332972831950336 0.0 4.5 1.8 1.5 0.0
27 37 1 774.5699543828464 -3.8046108368374507 0.0 4.5 1.8 1.5 0.0
28 37 1 792.0137174565175 -3.8302534389930667 0.0 4.5 1.8 1.5 0.0
29 37 1 809.6687196201605 -3.7111494944844354 0.0 4.5 1.8 1.5 0.0
30 37 1 827.1495177856025 -3.7440244471634934 0.0 4.5 1.8 1.5 0.0
31 37 1 844.3602216070348 -3.7859422859443614 0.0 4.5 1.8 1.5 0.0
32 37 1 861.935517981302 -3.867676604285645 0.0 4.5 1.8 1.5 0.0
33 37 1 879.5238430166353 -3.734235391188371 0.0 4.5 1.8 1.5 0.0
34 37 1 897.3784461168918 -3.7816801218063296 0.0 4.5 1.8 1.5 0.0
35 37 1 914.3986284922106 -3.8036443904784467 0.0 4.5 1.8 1.5 0.0
36 37 1 932.2822342589997 -3.78505354643012 0.0 4.5 1.8 1.5 0.0
37 37 1 949.369861193554 -3.8383462503100434 0.0 4.5 1.8 1.5 0.0
38 37 1 967.2425300104512 -3.7670158124331903 0.0 4.5 1.8 1.5 0.0
39 37 1 984.3328456520917 -3.8019365566830428 0.0 4.5 1.8 1.5 0.0
40 37 1 1002.3174066233182 -3.751349758483239 0.0 4.5 1.8 1.5 0.0
41 37 1 1019.9440940392207 -3.7647017919686094 0.0 4.5 1.8 1.5 0.0
42 37 1 1037.1622600740636 -3.889230464765215 0.0 4.5 1.8 1.5 0.0
43 37 1 1054.7603632770224 -3.7437487666486216 0.0 4.5 1.8 1.5 0.0
44 37 1 1072.6343903869704 -3.7583029027941603 0.0 4.5 1.8 1.5 0.0
45 37 1 1089.9582932990568 -3.7748483754897513 0.0 4.5 1.8 1.5 0.0
46 37 1 1107.2779270381748 -3.800333372586731 0.0 4.5 1.8 1.5 0.0
47 37 1 1125.239690345723 -3.8409582581986434 0.0 4.5 1.8 1.5 0.0
48 37 1 1142.7455578517304 -3.8099317656336527 0.0 4.5 1.8 1.5 0.0
49 37 1 1160.2044141684382 -3.8641711083839265 0.0 4.5 1.8 1.5 0.0
0 38 1 335.4247683581205 4.940855522001119 0.0 4.5 1.8 1.5 0.0
1 38 1 353.26082650554997 5.070628824361161 0.0 4.5 1.8 1.5 0.0
2 38 1 370.83577672929573 4.857967901288928 0.0 4.5 1.8 1.5 0.0
3 38 1 388.7530418368243 5.034864878797189 0.0 4.5 1.8 1.5 0.0
4 38 1 406.2668069268868 5.029785341566801 0.0 4.5 1.8 1.5 0.0
5 38 1 423.99086576047733 4.980060806114554 0.0 4.5 1.8 1.5 0.0
6 38 1 442.0770642646022 4.928015462812216 0.0 4.5 1.8 1.5 0.0
7 38 1 459.69131031191165 5.04813740846375 0.0 4.5 1.8 1.5 0.0
8 38 1 477.47827430951753 4.951357430019599 0.0 4.5 1.8 1.5 0.0
9 38 1 495.41571100428376 5.020308358495263 0.0 4.5 1.8 1.5 0.0
10 38 1 512.4683575778207 5.030600913635849 0.0 4.5 1.8 1.5 0.0
11 38 1 530.4546521713872 4.997216910281261 0.0 4.5 1.8 1.5 0.0
12 38 1 548.4990076667943 4.959908503665896 0.0 4.5 1.8 1.5 0.0
13 38 1 565.6967681871926 5.06266599249443 0.0 4.5 1.8 1.5 0.0
14 38 1 583.9872832483064 4.983025932239991 0.0 4.5 1.8 1.5 0.0
15 38 1 601.6535306884296 4.968919396295954 0.0 4.5 1.8 1.5 0.0
16 38 1 619.2307202775485 4.980174335767301 0.0 4.5 1.8 1.5 0.0
17 38 1 636.8740172691898 5.0053538619034255 0.0 4.5 1.8 1.5 0.0
18 38 1 654.4266501655974 4.974809691360859 0.0 4.5 1.8 1.5 0.0
19 38 1 672.4596616688884 5.0792937682972195 0.0 4.5 1.8 1.5 0.0
20 38 1 689.8917387753943 5.013416385785759 0.0 4.5 1.8 1.5 0.0
21 38 1 707.9797552178075 4.893552796365001 0.0 4.5 1.8 1.5 0.0
22 38 1 725.6643117094688 5.031402986848327 0.0 4.5 1.8 1.5 0.0
23 38 1 743.4284156865286 4.983192370155504 0.0 4.5 1.8 1.5 0.0
24 38 1 761.1058130020218 4.99588096776159 0.0 4.5 1.8 1.5 0.0
25 38 1 778.4297533711194 4.997054749136861 0.0 4.5 1.8 1.5 0.0
26 38 1 796.4227106016511 4.952147624349239 0.0 4.5 1.8 1.5 0.0
27 38 1 814.72159851763 5.050019518880116 0.0 4.5 1.8 1.5 0.0
28 38 1 831.7230499589149 5.00472054272743 0.0 4.5 1.8 1.5 0.0
29 38 1 849.9731692701558 4.912578775195338 0.0 4.5 1.8 1.5 0.0
30 38 1 867.4254406873895 4.993592369185112 0.0 4.5 1.8 1.5 0.0
31 38 1 884.8836253266734 5.0063662481297495 0.0 4.5 1.8 1.5 0.0
32 38 1 903.0902530253419 5.062791112470095 0.0 4.5 1.8 1.5 0.0
33 38 1 920.5456107709782 5.112470984655894 0.0 4.5 1.8 1.5 0.0
34 38 1 937.9123700846892 5.005199568389861 0.0 4.5 1.8 1.5 0.0
35 38 1 955.7699844154477 4.991897864773983 0.0 4.5 1.8 1.5 0.0
36 38 1 973.6765417734779 5.012732605718666 0.0 4.5 1.8 1.5 0.0
37 38 1 991.4840268247435 4.946089523997812 0.0 4.5 1.8 1.5 0.0
38 38 1 1009.0858246221163 5.084011707771616 0.0 4.5 1.8 1.5 0.0
39 38 1 1027.0550674033866 4.902282297572219 0.0 4.5 1.8 1.5 0.0
40 38 1 1044.8050000467829 4.977654899781238 0.0 4.5 1.8 1.5 0.0
41 38 1 1062.424242561244 5.028383140598228 0.0 4.5 1.8 1.5 0.0
42 38 1 1080.3884476226322 4.944448096503104 0.0 4.5 1.8 1.5 0.0
43 38 1 1097.8743337011235 4.96008318276221 0.0 4.5 1.8 1.5 0.0
44 38 1 1115.7281343122347 4.975773508212329 0.0 4.5 1.8 1.5 0.0
45 38 1 1133.3430920160251 4.973874894848629 0.0 4.5 1.8 1.5 0.0
46 38 1 1151.044497661036 5.072621283195545 0.0 4.5 1.8 1.5 0.0
47 38 1 1169.2723546411687 5.006243337586262 0.0 4.5 1.8 1.5 0.0
48 38 1 1186.502687296317 4.907606894854654 0.0 4.5 1.8 1.5 0.0
49 38 1 1204.0990774563832 4.9810519311098425 0.0 4.5 1.8 1.5 0.0
0 39 1 191.09316255597636 6.679172239682676 0.0 4.5 1.8 1.5 0.0
1 39 1 207.09073752131053 6.75938439285286 0.0 4.5 1.8 1.5 0.0
2 39 1 223.471022439134 6.720494186893703 0.0 4.5 1.8 1.5 0.0
3 39 1 239.58976891063745 6.784258792233454 0.0 4.5 1.8 1.5 0.0
4 39 1 255.78149691499894 6.745045830174036 0.0 4.5 1.8 1.5 0.0
5 39 1 272.5181225082219 6.678266260531293 0.0 4.5 1.8 1.5 0.0
6 39 1 287.91286640532377 6.78862987561542 0.0 4.5 1.8 1.5 0.0
7 39 1 304.3466061004128 6.733538515988359 0.0 4.5 1.8 1.5 0.0
8 39 1 320.5252031980784 6.736460385337114 0.0 4.5 1.8 1.5 0.0
9 39 1 337.2002418571568 6.789556815306396 0.0 4.5 1.8 1.5 0.0
10 39 1 353.2520786981479 6.678639039585858 0.0 4.5 1.8 1.5 0.0
11 39 1 369.0485030094929 6.607496459401219 0.0 4.5 1.8 1.5 0.0
12 39 1 385.31595735361986 6.797285551694773 0.0 4.5 1.8 1.5 0.0
13 39 1 401.78032258201904 6.738374729227884 0.0 4.5 1.8 1.5 0.0
14 39 1 417.87157298315867 6.7150061152467195 0.0 4.5 1.8 1.5 0.0
15 39 1 434.1160845774156 6.787744306349521 0.0 4.5 1.8 1.5 0.0
16 39 1 449.9510552044861 6.764432776767357 0.0 4.5 1.8 1.5 0.0
17 39 1 466.6598192971921 6.7286953779273215 0.0 4.5 1.8 1.5 0.0
18 39 1 482.8125722064582 6.890183114599117 0.0 4.5 1.8 1.5 0.0
19 39 1 498.8506632864696 6.769115744875756 0.0 4.5 1.8 1.5 0.0
20 39 1 514.9230201893678 6.758512950505592 0.0 4.5 1.8 1.5 0.0
21 39 1 531.3617856921294 6.759192509388996 0.0 4.5 1.8 1.5 0.0
22 39 1 547.2648920642241 6.759768480941762 0.0 4.5 1.8 1.5 0.0
23 39 1 563.9603700769424 6.771882180601216 0.0 4.5 1.8 1.5 0.0
24 39 1 580.0594280880462 6.737599793874859 0.0 4.5 1.8 1.5 0.0
25 39 1 596.2161104591495 6.763413784286316 0.0 4.5 1.8 1.5 0.0
26 39 1 612.0750480263603 6.765376442615434 0.0 4.5 1.8 1.5 0.0
27 39 1 628.2659906006426 6.71780637863125 0.0 4.5 1.8 1.5 0.0
28 39 1 644.701295355822 6.764312606044496 0.0 4.5 1.8 1.5 0.0
29 39 1 660.6246829623811 6.802149680934634 0.0 4.5 1.8 1.5 0.0
30 39 1 677.1760304720897 6.714213970594946 0.0 4.5 1.8 1.5 0.0
31 39 1 692.9532120181726 6.742205163421418 0.0 4.5 1.8 1.5 0.0
32 39 1 709.3706399957232 6.755107415228141 0.0 4.5 1.8 1.5 0.0
33 39 1 725.5863051672972 6.649077549338239 0.0 4.5 1.8 1.5 0.0
34 39 1 741.780358872901 6.734169436822074 0.0 4.5 1.8 1.5 0.0
35 39 1 758.1838602265491 6.714540408644937 0.0 4.5 1.8 1.5 0.0
36 39 1 774.5919627173017 6.653868364842902 0.0 4.5 1.8 1.5 0.0
37 39 1 790.7175610432207 6.738234443831584 0.0 4.5 1.8 1.5 0.0
38 39 1 806.8263442791617 6.753440466578427 0.0 4.5 1.8 1.5 0.0
39 39 1 823.0814381729311 6.7300822941478495 0.0 4.5 1.8 1.5 0.0
40 39 1 838.8329027417235 6.820475606739043 0.0 4.5 1.8 1.5 0.0
41 39 1 855.2290304586155 6.760528316056701 0.0 4.5 1.8 1.5 0.0
42 39 1 871.6977767316338 6.697852630270768 0.0 4.5 1.8 1.5 0.0
43 39 1 887.7690242893857 6.719955654552345 0.0 4.5 1.8 1.5 0.0
44 39 1 903.8225919997619 6.753064340644705 0.0 4.5 1.8 1.5 0.0
45 39 1 919.7480812596344 6.710508540234468 0.0 4.5 1.8 1.5 0.0
46 39 1 936.5174399714393 6.79375995180473 0.0 4.5 1.8 1.5 0.0
47 39 1 952.4337972385242 6.761606565301134 0.0 4.5 1.8 1.5 0.0
48 39 1 968.5865764138953 6.817279561666889 0.0 4.5 1.8 1.5 0.0
49 39 1 984.8044541604968 6.761042496982232 0.0 4.5 1.8 1.5 0.0
0 40 1 1705.7174878443057 -5.553653892637093 0.0 4.5 1.8 1.5 0.0
1 40 1 1722.2493792346518 -5.518728490708424 0.0 4.5 1.8 1.5 0.0
2 40 1 1738.9292023000187 -5.587068333249845 0.0 4.5 1.8 1.5 0.0
3 40 1 1755.6993760615662 -5.640593810908716 0.0 4.5 1.8 1.5 0.0
4 40 1 1772.1052446998967 -5.629485480919969 0.0 4.5 1.8 1.5 0.0
5 40 1 1788.7589741909533 -5.708644686770779 0.0 4.5 1.8 1.5 0.0
6 40 1 1805.6456536607745 -5.656336987124194 0.0 4.5 1.8 1.5 0.0
7 40 1 1822.5897061632606 -5.574564746027766 0.0 4.5 1.8 1.5 0.0
8 40 1 1839.2234254312077 -5.658609977007802 0.0 4.5 1.8 1.5 0.0
9 40 1 1855.5422690778714 -5.755599379766459 0.0 4.5 1.8 1.5 0.0
10 40 1 1872.0897835886124 -5.619640914381173 0.0 4.5 1.8 1.5 0.0
11 40 1 1888.808056215195 -5.626684252309491 0.0 4.5 1.8 1.5 0.0
12 40 1 1905.4216676489095 -5.7602279634905775 0.0 4.5 1.8 1.5 0.0
13 40 1 1922.0906960366801 -5.600393837185905 0.0 4.5 1.8 1.5 0.0
14 40 1 1938.938159284894 -5.606128928818561 0.0 4.5 1.8 1.5 0.0
15 40 1 1955.2755093259304 -5.5693187356708584 0.0 4.5 1.8 1.5 0.0
16 40 1 1971.4612924292578 -5.650313258313764 0.0 4.5 1.8 1.5 0.0
17 40 1 1988.4106998130706 -5.626291921773973 0.0 4.5 1.8 1.5 0.0
18 40 1 2004.7552257815412 -5.558584048670221 0.0 4.5 1.8 1.5 0.0
19 40 1 2021.7761048989548 -5.60862599722446 0.0 4.5 1.8 1.5 0.0
20 40 1 2038.5017876588083 -5.561441337038559 0.0 4.5 1.8 1.5 0.0
21 40 1 2054.715881921726 -5.618949773508916 0.0 4.5 1.8 1.5 0.0
22 40 1 2071.948610135747 -5.629465154118441 0.0 4.5 1.8 1.5 0.0
23 40 1 2088.160223139883 -5.654760337565197 0.0 4.5 1.8 1.5 0.0
24 40 1 2104.902991153054 -5.660618333258556 0.0 4.5 1.8 1.5 0.0
25 40 1 2121.582119864906 -5.549153461623157 0.0 4.5 1.8 1.5 0.0
26 40 1 2138.1243116701166 -5.648949530496357 0.0 4.5 1.8 1.5 0.0
27 40 1 2154.966843274939 -5.633306849980601 0.0 4.5 1.8 1.5 0.0
28 40 1 2171.2401526663643 -5.627625253671358 0.0 4.5 1.8 1.5 0.0
29 40 1 2188.117313941459 -5.575781914510499 0.0 4.5 1.8 1.5 0.0
30 40 1 2204.5737642832023 -5.575449857644635 0.0 4.5 1.8 1.5 0.0
31 40 1 2221.379731135328 -5.679962915328157 0.0 4.5 1.8 1.5 0.0
32 40 1 2237.7686441702367 -5.52784640538698 0.0 4.5 1.8 1.5 0.0
33 40 1 2254.6295191629897 -5.577740625945882 0.0 4.5 1.8 1.5 0.0
34 40 1 2270.9509810235395 -5.492681087384212 0.0 4.5 1.8 1.5 0.0
35 40 1 2288.1023563630392 -5.637337842490167 0.0 4.5 1.8 1.5 0.0
36 40 1 2304.4935768007 -5.587835925367258 0.0 4.5 1.8 1.5 0.0
37 40 1 2321.3213488445203 -5.615439367762535 0.0 4.5 1.8 1.5 0.0
38 40 1 2337.8191907937207 -5.596512477581111 0.0 4.5 1.8 1.5 0.0
39 40 1 2354.0997768663688 -5.643129567413119 0.0 4.5 1.8 1.5 0.0
40 40 1 2370.7498473402306 -5.5943362145472815 0.0 4.5 1.8 1.5 0.0
41 40 1 2387.5751598525876 -5.703144735716366 0.0 4.5 1.8 1.5 0.0
42 40 1 2404.182667876895 -5.6170980217091175 0.0 4.5 1.8 1.5 0.0
43 40 1 2420.9314820400923 -5.683223659734046 0.0 4.5 1.8 1.5 0.0
44 40 1 2437.262656531162 -5.620869192430882 0.0 4.5 1.8 1.5 0.0
45 40 1 2454.118579165063 -5.63746986727561 0.0 4.5 1.8 1.5 0.0
46 40 1 2470.8338982838195 -5.603062547423641 0.0 4.5 1.8 1.5 0.0
47 40 1 2487.666327156576 -5.617240371734485 0.0 4.5 1.8 1.5 0.0
48 40 1 2504.063947881175 -5.623327654877617 0.0 4.5 1.8 1.5 0.0
49 40 1 2520.6912955325797 -5.7066934994640635 0.0 4.5 1.8 1.5 0.0
0 41 1 1247.3009315654524 4.573014423107873 0.0 4.5 1.8 1.5 0.0
1 41 1 1266.7347561683466 4.705446281525076 0.0 4.5 1.8 1.5 0.0
2 41 1 1287.189142915107 4.722133197225912 0.0 4.5 1.8 1.5 0.0
3 41 1 1306.8926819606697 4.6892026697124285 0.0 4.5 1.8 1.5 0.0
4 41 1 1327.5182336711998 4.684192843153855 0.0 4.5 1.8 1.5 0.0
5 41 1 1347.1768939688366 4.663635366777209 0.0 4.5 1.8 1.5 0.0
6 41 1 1366.7845089409204 4.730986209521508 0.0 4.5 1.8 1.5 0.0
7 41 1 1386.9536212690118 4.688431725555142 0.0 4.5 1.8 1.5 0.0
8 41 1 1406.740293500286 4.604234579510602 0.0 4.5 1.8 1.5 0.0
9 41 1 1427.317025406072 4.645842448288099 0.0 4.5 1.8 1.5 0.0
10 41 1 1447.297770586063 4.659296029783065 0.0 4.5 1.8 1.5 0.0
11 41 1 1466.6158435008904 4.707810942722577 0.0 4.5 1.8 1.5 0.0
12 41 1 1486.8433521565582 4.698142003411843 0.0 4.5 1.8 1.5 0.0
13 41 1 1506.9434803582446 4.586051651338847 0.0 4.5 1.8 1.5 0.0
14 41 1 1526.948404702438 4.773018719843631 0.0 4.5 1.8 1.5 0.0
15 41 1 1546.991250605694 4.660331675085718 0.0 4.5 1.8 1.5 0.0
16 41 1 1567.0848295590097 4.6737409859961465 0.0 4.5 1.8 1.5 0.0
17 41 1 1586.8887752892983 4.608626304128036 0.0 4.5 1.8 1.5 0.0
18 41 1 1606.870745613031 4.714979733556838 0.0 4.5 1.8 1.5 0.0
19 41 1 1626.6338711420804 4.734432353798338 0.0 4.5 1.8 1.5 0.0
20 41 1 1646.7598499322985 4.618819087159064 0.0 4.5 1.8 1.5 0.0
21 41 1 1666.9548251171389 4.6488678509490775 0.0 4.5 1.8 1.5 0.0
22 41 1 1686.8843092438792 4.648619631123064 0.0 4.5 1.8 1.5 0.0
23 41 1 1706.6975486023034 4.687885572952705 0.0 4.5 1.8 1.5 0.0
24 41 1 1726.7448008071547 4.5634309737134044 0.0 4.5 1.8 1.5 0.0
25 41 1 1746.4394802122451 4.709678061975532 0.0 4.5 1.8 1.5 0.0
26 41 1 1766.6144092071108 4.63702099759742 0.0 4.5 1.8 1.5 0.0
27 41 1 1786.346229286467 4.609220746672198 0.0 4.5 1.8 1.5 0.0
28 41 1 1806.1906919261532 4.658143526800915 0.0 4.5 1.8 1.5 0.0
29 41 1 1826.4524717026568 4.614878168186725 0.0 4.5 1.8 1.5 0.0
30 41 1 1846.535642098367 4.6814060942786275 0.0 4.5 1.8 1.5 0.0
31 41 1 1866.9450139344697 4.587613391757831 0.0 4.5 1.8 1.5 0.0
32 41 1 1886.7353581213151 4.7118626407867445 0.0 4.5 1.8 1.5 0.0
33 41 1 1906.324770929407 4.673369360465292 0.0 4.5 1.8 1.5 0.0
34 41 1 1926.3661703920418 4.672491991756928 0.0 4.5 1.8 1.5 0.0
35 41 1 1946.7366308092178 4.693487874367556 0.0 4.5 1.8 1.5 0.0
36 41 1 1966.513633845811 4.641692096738259 0.0 4.5 1.8 1.5 0.0
37 41 1 1986.0922084028066 4.65278415220897 0.0 4.5 1.8 1.5 0.0
38 41 1 2006.6074489313914 4.586849169906508 0.0 4.5 1.8 1.5 0.0
39 41 1 2026.1322169914106 4.669520949547694 0.0 4.5 1.8 1.5 0.0
40 41 1 2046.1234114727038 4.62358139038023 0.0 4.5 1.8 1.5 0.0
41 41 1 2066.2127302779545 4.594926692526483 0.0 4.5 1.8 1.5 0.0
42 41 1 2086.0797331896847 4.698378958575357 0.0 4.5 1.8 1.5 0.0
43 41 1 2105.990191167109 4.583313956011249 0.0 4.5 1.8 1.5 0.0
44 41 1 2126.1027676922754 4.699805337861483 0.0 4.5 1.8 1.5 0.0
45 41 1 2146.16649589121 4.63997850883021 0.0 4.5 1.8 1.5 0.0
46 41 1 2166.19185957694 4.575922191093008 0.0 4.5 1.8 1.5 0.0
47 41 1 2186.2590365128194 4.682379314306173 0.0 4.5 1.8 1.5 0.0
48 41 1 2206.0553412518725 4.713503788325812 0.0 4.5 1.8 1.5 0.0
49 41 1 2225.8888112915283 4.71960301239867 0.0 4.5 1.8 1.5 0.0
0 42 1 109.28574265827095 3.985498236229779 0.0 4.5 1.8 1.5 0.0
1 42 1 124.88845055163402 4.069315986875352 0.0 4.5 1.8 1.5 0.0
2 42 1 139.91566672404718 4.001850800932276 0.0 4.5 1.8 1.5 0.0
3 42 1 154.68425206385194 3.9419020373069444 0.0 4.5 1.8 1.5 0.0
4 42 1 170.0129157831879 4.086137925497151 0.0 4.5 1.8 1.5 0.0
5 42 1 185.09245083088072 4.111509874732708 0.0 4.5 1.8 1.5 0.0
6 42 1 200.00922611912048 4.109149403886181 0.0 4.5 1.8 1.5 0.0
7 42 1 214.93384724143988 3.9429547938085685 0.0 4.5 1.8 1.5 0.0
8 42 1 230.19522486156842 3.9411108557584114 0.0 4.5 1.8 1.5 0.0
9 42 1 245.106258098868 4.079071502165059 0.0 4.5 1.8 1.5 0.0
10 42 1 260.18620721102536 4.14521746558796 0.0 4.5 1.8 1.5 0.0
11 42 1 274.7773074158378 4.02716227843205 0.0 4.5 1.8 1.5 0.0
12 42 1 290.22312207056666 3.9641001712497252 0.0 4.5 1.8 1.5 0.0
13 42 1 305.03802218222023 3.989048881517516 0.0 4.5 1.8 1.5 0.0
14 42 1 320.09797704440416 4.025905579550653 0.0 4.5 1.8 1.5 0.0
15 42 1 335.24645128603254 4.047200731263629 0.0 4.5 1.8 1.5 0.0
16 42 1 350.5460681221525 4.060394260044791 0.0 4.5 1.8 1.5 0.0
17 42 1 365.3832945427239 4.045529093532069 0.0 4.5 1.8 1.5 0.0
18 42 1 380.72148333784514 4.053583541122721 0.0 4.5 1.8 1.5 0.0
19 42 1 395.93539085634745 4.0804142613971806 0.0 4.5 1.8 1.5 0.0
20 42 1 410.95641449483736 3.906688155662343 0.0 4.5 1.8 1.5 0.0
21 42 1 425.68120606738466 4.015108687011235 0.0 4.5 1.8 1.5 0.0
22 42 1 440.6860126599427 3.991057341053639 0.0 4.5 1.8 1.5 0.0
23 42 1 455.83938624893136 3.9408874904379756 0.0 4.5 1.8 1.5 0.0
24 42 1 470.88997150427764 3.992719751049819 0.0 4.5 1.8 1.5 0.0
25 42 1 485.7583446765283 4.0532304005371325 0.0 4.5 1.8 1.5 0.0
26 42 1 500.92331520297455 4.084001357629169 0.0 4.5 1.8 1.5 0.0
27 42 1 515.762796719081 4.0272700294479895 0.0 4.5 1.8 1.5 0.0
28 42 1 531.1835898065015 4.049365299246416 0.0 4.5 1.8 1.5 0.0
29 42 1 546.1400917966406 4.086707454978008 0.0 4.5 1.8 1.5 0.0
30 42 1 561.0228622190232 4.000463768202732 0.0 4.5 1.8 1.5 0.0
31 42 1 576.2684293590326 4.023833737758292 0.0 4.5 1.8 1.5 0.0
32 42 1 591.4268269480345 4.049793983914599 0.0 4.5 1.8 1.5 0.0
33 42 1 606.1268538612858 4.048224513399403 0.0 4.5 1.8 1.5 0.0
34 42 1 621.1201218273484 4.078651735476699 0.0 4.5 1.8 1.5 0.0
35 42 1 636.0703690617321 4.092408575768656 0.0 4.5 1.8 1.5 0.0
36 42 1 651.4631125881276 4.023077263577712 0.0 4.5 1.8 1.5 0.0
37 42 1 666.6007418789264 4.0568716442669635 0.0 4.5 1.8 1.5 0.0
38 42 1 681.7632891487202 4.097358398976519 0.0 4.5 1.8 1.5 0.0
39 42 1 696.6168086632707 3.9877167776567672 0.0 4.5 1.8 1.5 0.0
40 42 1 711.4871865371972 4.0277229677682636 0.0 4.5 1.8 1.5 0.0
41 42 1 726.8609704390144 4.008485988991972 0.0 4.5 1.8 1.5 0.0
42 42 1 741.6191757588983 4.123722843522217 0.0 4.5 1.8 1.5 0.0
43 42 1 756.7220419235578 3.999568717545516 0.0 4.5 1.8 1.5 0.0
44 42 1 771.9473685943611 4.0284985979108665 0.0 4.5 1.8 1.5 0.0
45 42 1 786.5632573188444 4.083351016199215 0.0 4.5 1.8 1.5 0.0
46 42 1 801.7409070502403 4.033484591978325 0.0 4.5 1.8 1.5 0.0
47 42 1 816.9258248544716 4.042810370732339 0.0 4.5 1.8 1.5 0.0
48 42 1 831.550375625565 4.014550338118884 0.0 4.5 1.8 1.5 0.0
49 42 1 847.2626956149501 4.094577588053428 0.0 4.5 1.8 1.5 0.0
0 43 1 1287.6502329957216 -4.679351609620737 0.0 4.5 1.8 1.5 0.0
1 43 1 1304.1789982866962 -4.661276787301929 0.0 4.5 1.8 1.5 0.0
2 43 1 1320.3806120811917 -4.748658808717806 0.0 4.5 1.8 1.5 0.0
3 43 1 1337.3605230196042 -4.665213295078114 0.0 4.5 1.8 1.5 0.0
4 43 1 1353.7829106123427 -4.602342215806894 0.0 4.5 1.8 1.5 0.0
5 43 1 1370.7065594368723 -4.650762643829673 0.0 4.5 1.8 1.5 0.0
6 43 1 1386.9820936459844 -4.61212825610589 0.0 4.5 1.8 1.5 0.0
7 43 1 1403.3571686792466 -4.6259777550241985 0.0 4.5 1.8 1.5 0.0
8 43 1 1420.3172753933713 -4.603123897340702 0.0 4.5 1.8 1.5 0.0
9 43 1 1436.3978900643267 -4.67520317125203 0.0 4.5 1.8 1.5 0.0
10 43 1 1453.1879303600829 -4.632141060041123 0.0 4.5 1.8 1.5 0.0
11 43 1 1470.0380743324213 -4.562299887389284 0.0 4.5 1.8 1.5 0.0
12 43 1 1486.4212747262145 -4.662014032677044 0.0 4.5 1.8 1.5 0.0
13 43 1 1503.3285446318844 -4.622306560835068 0.0 4.5 1.8 1.5 0.0
14 43 1 1519.9304829361663 -4.622699007611091 0.0 4.5 1.8 1.5 0.0
15 43 1 1536.0238717160066 -4.703791825500474 0.0 4.5 1.8 1.5 0.0
16 43 1 1552.5233349957575 -4.604032816023659 0.0 4.5 1.8 1.5 0.0
17 43 1 1569.649699216007 -4.544667300692264 0.0 4.5 1.8 1.5 0.0
18 43 1 1586.1589433236747 -4.5789934788848345 0.0 4.5 1.8 1.5 0.0
19 43 1 1602.4526613964997 -4.694956198598776 0.0 4.5 1.8 1.5 0.0
20 43 1 1619.3170229353343 -4.616251370149613 0.0 4.5 1.8 1.5 0.0
21 43 1 1635.7468383495393 -4.617766833729934 0.0 4.5 1.8 1.5 0.0
22 43 1 1652.368328976983 -4.572944564768905 0.0 4.5 1.8 1.5 0.0
23 43 1 1669.1410314032753 -4.609924390144566 0.0 4.5 1.8 1.5 0.0
24 43 1 1685.6295372666445 -4.6114322801403445 0.0 4.5 1.8 1.5 0.0
25 43 1 1701.9464851515456 -4.599307174015927 0.0 4.5 1.8 1.5 0.0
26 43 1 1718.3381624900007 -4.584440830146789 0.0 4.5 1.8 1.5 0.0
27 43 1 1734.95649932164 -4.622845243421847 0.0 4.5 1.8 1.5 0.0
28 43 1 1751.6047155237284 -4.609465958607862 0.0 4.5 1.8 1.5 0.0
29 43 1 1768.3453036760482 -4.71687320566975 0.0 4.5 1.8 1.5 0.0
30 43 1 1785.014571053258 -4.666031446603219 0.0 4.5 1.8 1.5 0.0
31 43 1 1801.685002877037 -4.637069123324863 0.0 4.5 1.8 1.5 0.0
32 43 1 1818.1662001357724 -4.685013855512344 0.0 4.5 1.8 1.5 0.0
33 43 1 1834.5475918982297 -4.660067339566638 0.0 4.5 1.8 1.5 0.0
34 43 1 1851.4151412463839 -4.553266553371309 0.0 4.5 1.8 1.5 0.0
35 43 1 1867.6611088058073 -4.583293000528699 0.0 4.5 1.8 1.5 0.0
36 43 1 1883.9665500784308 -4.696844877816198 0.0 4.5 1.8 1.5 0.0
37 43 1 1900.787072276559 -4.704760842233619 0.0 4.5 1.8 1.5 0.0
38 43 1 1917.2404526956593 -4.616485462154693 0.0 4.5 1.8 1.5 0.0
39 43 1 1934.0926992398915 -4.618165137881328 0.0 4.5 1.8 1.5 0.0
40 43 1 1950.8519497224818 -4.623854558102956 0.0 4.5 1.8 1.5 0.0
41 43 1 1967.4237502263077 -4.640612022073697 0.0 4.5 1.8 1.5 0.0
42 43 1 1983.633141319237 -4.584244698720544 0.0 4.5 1.8 1.5 0.0
43 43 1 2000.3310599761624 -4.683915222699705 0.0 4.5 1.8 1.5 0.0
44 43 1 2016.9916412333778 -4.682775953726409 0.0 4.5 1.8 1.5 0.0
45 43 1 2033.522081137961 -4.61993271168341 0.0 4.5 1.8 1.5 0.0
46 43 1 2050.2535779680284 -4.682026911082865 0.0 4.5 1.8 1.5 0.0
47 43 1 2066.66471095141 -4.583418757523071 0.0 4.5 1.8 1.5 0.0
48 43 1 2083.439874455367 -4.533382155794157 0.0 4.5 1.8 1.5 0.0
49 43 1 2100.1549624723884 -4.579920754333586 0.0 4.5 1.8 1.5 0.0
0 44 1 1131.9157506365289 -4.683499409104212 0.0 4.5 1.8 1.5 0.0
1 44 1 1147.1597988406397 -4.665242640760282 0.0 4.5 1.8 1.5 0.0
2 44 1 1162.329388260597 -4.617978855064794 0.0 4.5 1.8 1.5 0.0
3 44 1 1177.088144101435 -4.638257572654978 0.0 4.5 1.8 1.5 0.0
4 44 1 1192.464977139541 -4.671063097414628 0.0 4.5 1.8 1.5 0.0
5 44 1 1207.7218061768262 -4.67362411837506 0.0 4.5 1.8 1.5 0.0
6 44 1 1223.1961247933177 -4.746295010598532 0.0 4.5 1.8 1.5 0.0
7 44 1 1237.741983163312 -4.774637132837107 0.0 4.5 1.8 1.5 0.0
8 44 1 1253.4953127912872 -4.716644503847212 0.0 4.5 1.8 1.5 0.0
9 44 1 1268.502953336217 -4.683708485460057 0.0 4.5 1.8 1.5 0.0
10 44 1 1283.4942731180001 -4.635398767376043 0.0 4.5 1.8 1.5 0.0
11 44 1 1298.8410876562987 -4.689859383105747 0.0 4.5 1.8 1.5 0.0
12 44 1 1314.1081866153045 -4.641934025011917 0.0 4.5 1.8 1.5 0.0
13 44 1 1329.0648492088635 -4.634326711887164 0.0 4.5 1.8 1.5 0.0
14 44 1 1344.7416472653392 -4.749278747691887 0.0 4.5 1.8 1.5 0.0
15 44 1 1359.7023684610242 -4.6932187398716945 0.0 4.5 1.8 1.5 0.0
16 44 1 1374.9815868851567 -4.738805589880171 0.0 4.5 1.8 1.5 0.0
17 44 1 1390.3625605179554 -4.758367369575281 0.0 4.5 1.8 1.5 0.0
18 44 1 1405.1829487886855 -4.65625782545406 0.0 4.5 1.8 1.5 0.0
19 44 1 1420.289569711068 -4.72014270667668 0.0 4.5 1.8 1.5 0.0
20 44 1 1435.6663163115952 -4.6740846332542745 0.0 4.5 1.8 1.5 0.0
21 44 1 1450.8180889219661 -4.635038203680547 0.0 4.5 1.8 1.5 0.0
22 44 1 1465.9330388532119 -4.661992996764078 0.0 4.5 1.8 1.5 0.0
23 44 1 1481.105644934056 -4.720439103545298 0.0 4.5 1.8 1.5 0.0
24 44 1 1496.3450458738275 -4.70291088861351 0.0 4.5 1.8 1.5 0.0
25 44 1 1511.507268943107 -4.6197062583637205 0.0 4.5 1.8 1.5 0.0
26 44 1 1526.7412411163466 -4.711117962867822 0.0 4.5 1.8 1.5 0.0
27 44 1 1541.9927096657775 -4.6727612322974075 0.0 4.5 1.8 1.5 0.0
28 44 1 1556.944749768863 -4.692892942850021 0.0 4.5 1.8 1.5 0.0
29 44 1 1572.3094212537762 -4.686579842939252 0.0 4.5 1.8 1.5 0.0
30 44 1 1587.7172958970175 -4.671139035695684 0.0 4.5 1.8 1.5 0.0
31 44 1 1603.012809795701 -4.6785556470482685 0.0 4.5 1.8 1.5 0.0
32 44 1 1618.3174718861142 -4.701011379940411 0.0 4.5 1.8 1.5 0.0
33 44 1 1633.003374057619 -4.650607495514979 0.0 4.5 1.8 1.5 0.0
34 44 1 1648.6251350251596 -4.746912794483089 0.0 4.5 1.8 1.5 0.0
35 44 1 1663.5079526118375 -4.708511726508122 0.0 4.5 1.8 1.5 0.0
36 44 1 1678.7709530478928 -4.677471733078858 0.0 4.5 1.8 1.5 0.0
37 44 1 1694.2064911986342 -4.683392868897568 0.0 4.5 1.8 1.5 0.0
38 44 1 1709.4074038727167 -4.693727646054763 0.0 4.5 1.8 1.5 0.0
39 44 1 1724.512775531758 -4.666539477846992 0.0 4.5 1.8 1.5 0.0
40 44 1 1739.8684883402875 -4.75182337239455 0.0 4.5 1.8 1.5 0.0
41 44 1 1754.4847718208132 -4.5863915150209085 0.0 4.5 1.8 1.5 0.0
42 44 1 1769.7659224494819 -4.711462797157621 0.0 4.5 1.8 1.5 0.0
43 44 1 1784.9324628548932 -4.620550331427142 0.0 4.5 1.8 1.5 0.0
44 44 1 1800.0519481531624 -4.676850108639945 0.0 4.5 1.8 1.5 0.0
45 44 1 1815.444547415265 -4.626146850078606 0.0 4.5 1.8 1.5 0.0
46 44 1 1830.5799673509691 -4.657209000298164 0.0 4.5 1.8 1.5 0.0
47 44 1 1845.653492752574 -4.564275577319968 0.0 4.5 1.8 1.5 0.0
48 44 1 1861.0348496261329 -4.6775344550095594 0.0 4.5 1.8 1.5 0.0
49 44 1 1876.6087510666478 -4.707306267969089 0.0 4.5 1.8 1.5 0.0
0 45 1 796.9199140991258 4.707460088871221 0.0 4.5 1.8 1.5 0.0
1 45 1 812.8803205464133 4.607735681288257 0.0 4.5 1.8 1.5 0.0
2 45 1 829.3980671668484 4.6656501916609505 0.0 4.5 1.8 1.5 0.0
3 45 1 845.0349605380018 4.617418875521281 0.0 4.5 1.8 1.5 0.0
4 45 1 861.5863193600909 4.686272337321774 0.0 4.5 1.8 1.5 0.0
5 45 1 877.5382915206668 4.498671326753597 0.0 4.5 1.8 1.5 0.0
6 45 1 893.943877110437 4.583368091747246 0.0 4.5 1.8 1.5 0.0
7 45 1 909.6008595356493 4.502767829995237 0.0 4.5 1.8 1.5 0.0
8 45 1 926.3322182892974 4.650814998764693 0.0 4.5 1.8 1.5 0.0
9 45 1 942.2893856630997 4.7138353443925824 0.0 4.5 1.8 1.5 0.0
10 45 1 958.627076697831 4.725199128380541 0.0 4.5 1.8 1.5 0.0
11 45 1 974.386159488777 4.642656595046747 0.0 4.5 1.8 1.5 0.0
12 45 1 990.506458730205 4.632915009651671 0.0 4.5 1.8 1.5 0.0
13 45 1 1006.9451730564255 4.675714808107598 0.0 4.5 1.8 1.5 0.0
14 45 1 1023.1691038253913 4.67555448315844 0.0 4.5 1.8 1.5 0.0
15 45 1 1039.4657738977749 4.752130560113602 0.0 4.5 1.8 1.5 0.0
16 45 1 1055.427121362074 4.597332991211125 0.0 4.5 1.8 1.5 0.0
17 45 1 1071.7044922381788 4.604270124887467 0.0 4.5 1.8 1.5 0.0
18 45 1 1088.1167624907869 4.6302232242971835 0.0 4.5 1.8 1.5 0.0
19 45 1 1103.872349885509 4.620818340186889 0.0 4.5 1.8 1.5 0.0
20 45 1 1120.2942434657623 4.63649677708287 0.0 4.5 1.8 1.5 0.0
21 45 1 1136.1873214390262 4.727651722125621 0.0 4.5 1.8 1.5 0.0
22 45 1 1152.309515656904 4.646162429946094 0.0 4.5 1.8 1.5 0.0
23 45 1 1168.7763056773424 4.562817370723591 0.0 4.5 1.8 1.5 0.0
24 45 1 1184.906991369286 4.591628742470422 0.0 4.5 1.8 1.5 0.0
25 45 1 1201.1405906471557 4.596251575648496 0.0 4.5 1.8 1.5 0.0
26 45 1 1217.2796827193429 4.699675779559181 0.0 4.5 1.8 1.5 0.0
27 45 1 1233.4785110400837 4.65694995865635 0.0 4.5 1.8 1.5 0.0
28 45 1 1249.4250583683556 4.615563147427703 0.0 4.5 1.8 1.5 0.0
29 45 1 1265.930620317089 4.609409365236062 0.0 4.5 1.8 1.5 0.0
30 45 1 1281.5940949861956 4.677652572996086 0.0 4.5 1.8 1.5 0.0
31 45 1 1297.8073756622566 4.596880951371138 0.0 4.5 1.8 1.5 0.0
32 45 1 1313.8429769924442 4.620238634271419 0.0 4.5 1.8 1.5 0.0
33 45 1 1330.280249662083 4.65653871262748 0.0 4.5 1.8 1.5 0.0
34 45 1 1346.6521487377065 4.670729022427734 0.0 4.5 1.8 1.5 0.0
35 45 1 1362.5888078669198 4.634474342425459 0.0 4.5 1.8 1.5 0.0
36 45 1 1378.894108626598 4.708012634390873 0.0 4.5 1.8 1.5 0.0
37 45 1 1394.9824347946956 4.620927583533924 0.0 4.5 1.8 1.5 0.0
38 45 1 1410.923693576566 4.572123863023833 0.0 4.5 1.8 1.5 0.0
39 45 1 1427.420615533176 4.673283052426423 0.0 4.5 1.8 1.5 0.0
40 45 1 1443.5679291257727 4.637951153926842 0.0 4.5 1.8 1.5 0.0
41 45 1 1459.898938191914 4.620178201515204 0.0 4.5 1.8 1.5 0.0
42 45 1 1475.9736999121612 4.642446981494968 0.0 4.5 1.8 1.5 0.0
43 45 1 1491.8260707337681 4.674010641610333 0.0 4.5 1.8 1.5 0.0
44 45 1 1508.194762932425 4.662232764207791 0.0 4.5 1.8 1.5 0.0
45 45 1 1524.2941862150835 4.642489472158603 0.0 4.5 1.8 1.5 0.0
46 45 1 1540.9206997512306 4.703596958504253 0.0 4.5 1.8 1.5 0.0
47 45 1 1556.7526855536378 4.649974084154614 0.0 4.5 1.8 1.5 0.0
48 45 1 1572.9746464367443 4.670283865064017 0.0 4.5 1.8 1.5 0.0
49 45 1 1588.9435507691637 4.629205909981149 0.0 4.5 1.8 1.5 0.0
0 46 1 827.2203328864953 0.07920139535030352 0.0 4.5 1.8 1.5 0.0
1 46 1 842.556800668414 0.05878424913354241 0.0 4.5 1.8 1.5 0.0
2 46 1 858.0168368571835 -0.06873535869443653 0.0 4.5 1.8 1.5 0.0
3 46 1 873.3234987835879 -0.026566551669884676 0.0 4.5 1.8 1.5 0.0
4 46 1 888.4408091196623 -0.002754977110526975 0.0 4.5 1.8 1.5 0.0
5 46 1 904.023109693289 0.0071799696887879585 0.0 4.5 1.8 1.5 0.0
6 46 1 919.4184256259148 -0.053196260434842574 0.0 4.5 1.8 1.5 0.0
7 46 1 934.8944877951291 -0.051861029596818015 0.0 4.5 1.8 1.5 0.0
8 46 1 949.4819528187902 -0.014208468186428215 0.0 4.5 1.8 1.5 0.0
9 46 1 965.3521381045762 -0.0015345903643073193 0.0 4.5 1.8 1.5 0.0
10 46 1 981.2237931238868 0.08074586907326385 0.0 4.5 1.8 1.5 0.0
11 46 1 996.1520601189304 -0.06196687414644184 0.0 4.5 1.8 1.5 0.0
12 46 1 1011.6630872864343 -0.03915239517745678 0.0 4.5 1.8 1.5 0.0
13 46 1 1026.985571861196 -0.053684153695481775 0.0 4.5 1.8 1.5 0.0
14 46 1 1042.3184209666072 -0.061239823198812875 0.0 4.5 1.8 1.5 0.0
15 46 1 1057.8661990932849 -0.05014000012176968 0.0 4.5 1.8 1.5 0.0
16 46 1 1073.1226348439013 -0.08387947974341502 0.0 4.5 1.8 1.5 0.0
17 46 1 1088.5077150347524 -0.06896031904754908 0.0 4.5 1.8 1.5 0.0
18 46 1 1103.7647815515013 0.030518933083260272 0.0 4.5 1.8 1.5 0.0
19 46 1 1119.0336155370708 -0.07209946112143573 0.0 4.5 1.8 1.5 0.0
20 46 1 1134.5340405448853 -0.06269018553346646 0.0 4.5 1.8 1.5 0.0
21 46 1 1149.7148948502945 -0.007367982609352694 0.0 4.5 1.8 1.5 0.0
22 46 1 1165.4289451040315 -0.019313447894165617 0.0 4.5 1.8 1.5 0.0
23 46 1 1180.522447325455 0.016234529097003507 0.0 4.5 1.8 1.5 0.0
24 46 1 1195.8890161294967 0.011135394407505848 0.0 4.5 1.8 1.5 0.0
25 46 1 1211.4557143860504 -0.037027973097539024 0.0 4.5 1.8 1.5 0.0
26 46 1 1225.9460714767313 -0.06153747026341238 0.0 4.5 1.8 1.5 0.0
27 46 1 1242.2038759323568 -0.022329354654021763 0.0 4.5 1.8 1.5 0.0
28 46 1 1257.25537940268 0.03769813407602133 0.0 4.5 1.8 1.5 0.0
29 46 1 1272.6640064002956 -0.12526777587159688 0.0 4.5 1.8 1.5 0.0
30 46 1 1287.744276898016 0.00029128545670623063 0.0 4.5 1.8 1.5 0.0
31 46 1 1303.3930250485746 0.05209170835732205 0.0 4.5 1.8 1.5 0.0
32 46 1 1318.6208154268088 -0.036116153684328786 0.0 4.5 1.8 1.5 0.0
33 46 1 1333.9516344756335 -0.046670824468161703 0.0 4.5 1.8 1.5 0.0
34 46 1 1349.1112202366705 -0.03992534878666565 0.0 4.5 1.8 1.5 0.0
35 46 1 1364.8402931708433 -0.027457657707423255 0.0 4.5 1.8 1.5 0.0
36 46 1 1380.6416435230199 0.07103311327471001 0.0 4.5 1.8 1.5 0.0
37 46 1 1395.422618902757 -0.12283795031676886 0.0 4.5 1.8 1.5 0.0
38 46 1 1410.9140246530387 -0.0018156086756080311 0.0 4.5 1.8 1.5 0.0
39 46 1 1426.1228338356245 -0.061189897280425204 0.0 4.5 1.8 1.5 0.0
40 46 1 1441.9725075708395 -0.03351869414140426 0.0 4.5 1.8 1.5 0.0
41 46 1 1457.149512540792 -0.0671564004768613 0.0 4.5 1.8 1.5 0.0
42 46 1 1472.366740338584 -0.03745803326586469 0.0 4.5 1.8 1.5 0.0
43 46 1 1487.6041197092443 0.03712390499194558 0.0 4.5 1.8 1.5 0.0
44 46 1 1502.822484881754 -0.005638274308574581 0.0 4.5 1.8 1.5 0.0
45 46 1 1518.3903018792587 0.00010010851765466025 0.0 4.5 1.8 1.5 0.0
46 46 1 1533.754076810589 0.022718537511807912 0.0 4.5 1.8 1.5 0.0
47 46 1 1548.9955175440582 0.03723654399962654 0.0 4.5 1.8 1.5 0.0
48 46 1 1564.5387634514495 -0.08706624203489524 0.0 4.5 1.8 1.5 0.0
49 46 1 1580.041633008241 -0.030583602760021613 0.0 4.5 1.8 1.5 0.0
0 47 1 980.8581707122953 -4.664467503880152 0.0 4.5 1.8 1.5 0.0
1 47 1 999.3139809952075 -4.574163743289516 0.0 4.5 1.8 1.5 0.0
2 47 1 1017.3261400446506 -4.600501720198189 0.0 4.5 1.8 1.5 0.0
3 47 1 1036.126697805714 -4.643088945421428 0.0 4.5 1.8 1.5 0.0
4 47 1 1055.0025610999287 -4.63783463955653 0.0 4.5 1.8 1.5 0.0
5 47 1 1073.0831088533685 -4.601365935524404 0.0 4.5 1.8 1.5 0.0
6 47 1 1091.8934957938548 -4.612233111825166 0.0 4.5 1.8 1.5 0.0
7 47 1 1110.501645559132 -4.578601899426454 0.0 4.5 1.8 1.5 0.0
8 47 1 1128.3447227914548 -4.631624030700009 0.0 4.5 1.8 1.5 0.0
9 47 1 1147.1799902409336 -4.581182634853188 0.0 4.5 1.8 1.5 0.0
10 47 1 1165.2793888549322 -4.477700197088773 0.0 4.5 1.8 1.5 0.0
11 47 1 1184.4225510905887 -4.597706842328774 0.0 4.5 1.8 1.5 0.0
12 47 1 1203.0646530202969 -4.4879679798840275 0.0 4.5 1.8 1.5 0.0
13 47 1 1221.5144824113338 -4.557710027701078 0.0 4.5 1.8 1.5 0.0
14 47 1 1239.8784646927118 -4.6122269701930065 0.0 4.5 1.8 1.5 0.0
15 47 1 1258.269161204421 -4.646456282110386 0.0 4.5 1.8 1.5 0.0
16 47 1 1276.738911078685 -4.6726784807418085 0.0 4.5 1.8 1.5 0.0
17 47 1 1295.373133213891 -4.6893840613859785 0.0 4.5 1.8 1.5 0.0
18 47 1 1313.9384844142596 -4.606967212926776 0.0 4.5 1.8 1.5 0.0
19 47 1 1332.4416817745114 -4.631257261025659 0.0 4.5 1.8 1.5 0.0
20 47 1 1351.539660394273 -4.537144887515644 0.0 4.5 1.8 1.5 0.0
21 47 1 1369.1873734256228 -4.593507278153314 0.0 4.5 1.8 1.5 0.0
22 47 1 1387.8266743024553 -4.655874668860029 0.0 4.5 1.8 1.5 0.0
23 47 1 1406.1922547222212 -4.583539847986696 0.0 4.5 1.8 1.5 0.0
24 47 1 1424.835986694835 -4.556759381323399 0.0 4.5 1.8 1.5 0.0
25 47 1 1443.683012790158 -4.536454963264086 0.0 4.5 1.8 1.5 0.0
26 47 1 1461.8257725994401 -4.581382401990059 0.0 4.5 1.8 1.5 0.0
27 47 1 1480.6347344013864 -4.628859591279857 0.0 4.5 1.8 1.5 0.0
28 47 1 1498.8658827719823 -4.524674649235861 0.0 4.5 1.8 1.5 0.0
29 47 1 1517.5777299440103 -4.573352294989072 0.0 4.5 1.8 1.5 0.0
30 47 1 1535.8798091719013 -4.666114905850769 0.0 4.5 1.8 1.5 0.0
31 47 1 1554.4423280247713 -4.611351751894159 0.0 4.5 1.8 1.5 0.0
32 47 1 1572.8553675837093 -4.605642922957178 0.0 4.5 1.8 1.5 0.0
33 47 1 1591.242504152862 -4.661153053648153 0.0 4.5 1.8 1.5 0.0
34 47 1 1610.2263810455343 -4.574961156510764 0.0 4.5 1.8 1.5 0.0
35 47 1 1628.5258170482045 -4.656038897978506 0.0 4.5 1.8 1.5 0.0
36 47 1 1646.9107052963798 -4.623814094821725 0.0 4.5 1.8 1.5 0.0
37 47 1 1665.757083310417 -4.558738397957443 0.0 4.5 1.8 1.5 0.0
38 47 1 1684.0408668703944 -4.662825303823898 0.0 4.5 1.8 1.5 0.0
39 47 1 1702.7057355504671 -4.646327431055951 0.0 4.5 1.8 1.5 0.0
40 47 1 1721.0605099005245 -4.538886878002807 0.0 4.5 1.8 1.5 0.0
41 47 1 1739.841577119413 -4.597251966912086 0.0 4.5 1.8 1.5 0.0
42 47 1 1757.9337638388802 -4.594580854151126 0.0 4.5 1.8 1.5 0.0
43 47 1 1776.912672702663 -4.623932365812935 0.0 4.5 1.8 1.5 0.0
44 47 1 1795.482357667906 -4.540513418048748 0.0 4.5 1.8 1.5 0.0
45 47 1 1814.0568750217406 -4.5898885261980915 0.0 4.5 1.8 1.5 0.0
46 47 1 1832.353600400676 -4.5344413181081045 0.0 4.5 1.8 1.5 0.0
47 47 1 1850.8375944535317 -4.6302123879141694 0.0 4.5 1.8 1.5 0.0
48 47 1 1869.1704007042154 -4.593222934835972 0.0 4.5 1.8 1.5 0.0
49 47 1 1887.5139905925346 -4.612313628292869 0.0 4.5 1.8 1.5 0.0
0 48 1 607.8876895675031 -9.593644298764385 0.0 4.5 1.8 1.5 0.0
1 48 1 624.6542412387811 -9.614810531344906 0.0 4.5 1.8 1.5 0.0
2 48 1 641.3885174381232 -9.652147653827196 0.0 4.5 1.8 1.5 0.0
3 48 1 658.4268564495475 -9.628966492251235 0.0 4.5 1.8 1.5 0.0
4 48 1 675.5431136136092 -9.638342724502266 0.0 4.5 1.8 1.5 0.0
5 48 1 692.4088092981498 -9.66808393741069 0.0 4.5 1.8 1.5 0.0
6 48 1 709.1900485841155 -9.574209197633959 0.0 4.5 1.8 1.5 0.0
7 48 1 726.911333591379 -9.57841131683988 0.0 4.5 1.8 1.5 0.0
8 48 1 743.2200638945936 -9.599027327404247 0.0 4.5 1.8 1.5 0.0
9 48 1 760.6782816221577 -9.65855004081736 0.0 4.5 1.8 1.5 0.0
10 48 1 777.5729611518151 -9.661193307512423 0.0 4.5 1.8 1.5 0.0
11 48 1 794.7826108449038 -9.620109609775525 0.0 4.5 1.8 1.5 0.0
12 48 1 811.2950432897206 -9.604887750985824 0.0 4.5 1.8 1.5 0.0
13 48 1 828.6918798647467 -9.628471573329499 0.0 4.5 1.8 1.5 0.0
14 48 1 845.5776614104511 -9.641865827347731 0.0 4.5 1.8 1.5 0.0
15 48 1 862.2565663235271 -9.645964843807317 0.0 4.5 1.8 1.5 0.0
16 48 1 879.5896796828029 -9.644779499285454 0.0 4.5 1.8 1.5 0.0
17 48 1 896.6468741836118 -9.657987233946171 0.0 4.5 1.8 1.5 0.0
18 48 1 913.4230522748275 -9.596822155986597 0.0 4.5 1.8 1.5 0.0
19 48 1 930.5343902857321 -9.65896423494407 0.0 4.5 1.8 1.5 0.0
20 48 1 947.698430199627 -9.672814941783818 0.0 4.5 1.8 1.5 0.0
21 48 1 964.3479286746755 -9.779850596439495 0.0 4.5 1.8 1.5 0.0
22 48 1 981.3841740988173 -9.572942321940177 0.0 4.5 1.8 1.5 0.0
23 48 1 998.0821586133521 -9.685974162897752 0.0 4.5 1.8 1.5 0.0
24 48 1 1015.5860802038184 -9.750621494580928 0.0 4.5 1.8 1.5 0.0
25 48 1 1032.3977761119922 -9.581334995105754 0.0 4.5 1.8 1.5 0.0
26 48 1 1049.9101703371177 -9.62386582760294 0.0 4.5 1.8 1.5 0.0
27 48 1 1066.3179211151535 -9.686384592818706 0.0 4.5 1.8 1.5 0.0
28 48 1 1083.5338454547216 -9.624329989828038 0.0 4.5 1.8 1.5 0.0
29 48 1 1100.8780989549211 -9.589837913259432 0.0 4.5 1.8 1.5 0.0
30 48 1 1117.524983842541 -9.655138518549263 0.0 4.5 1.8 1.5 0.0
31 48 1 1135.1127542288773 -9.607048415886497 0.0 4.5 1.8 1.5 0.0
32 48 1 1151.3777108863553 -9.649609302065866 0.0 4.5 1.8 1.5 0.0
33 48 1 1168.337619623124 -9.758605632178812 0.0 4.5 1.8 1.5 0.0
34 48 1 1185.5772901114199 -9.549255445058426 0.0 4.5 1.8 1.5 0.0
35 48 1 1202.1902978147828 -9.63561502609234 0.0 4.5 1.8 1.5 0.0
36 48 1 1219.3766776414582 -9.6123030296078 0.0 4.5 1.8 1.5 0.0
37 48 1 1236.4852419079948 -9.706380888607171 0.0 4.5 1.8 1.5 0.0
38 48 1 1253.3251365386036 -9.679893182485502 0.0 4.5 1.8 1.5 0.0
39 48 1 1270.7918702650445 -9.573715192039785 0.0 4.5 1.8 1.5 0.0
40 48 1 1287.4623863880786 -9.576987984213725 0.0 4.5 1.8 1.5 0.0
41 48 1 1304.4916685396756 -9.654711293808802 0.0 4.5 1.8 1.5 0.0
42 48 1 1321.5393782177189 -9.62413689195511 0.0 4.5 1.8 1.5 0.0
43 48 1 1338.4185150330895 -9.637284868777181 0.0 4.5 1.8 1.5 0.0
44 48 1 1355.6887178348454 -9.63190117392599 0.0 4.5 1.8 1.5 0.0
45 48 1 1372.541459256195 -9.613669145172253 0.0 4.5 1.8 1.5 0.0
46 48 1 1389.6678932299956 -9.641508946816938 0.0 4.5 1.8 1.5 0.0
47 48 1 1406.441365148462 -9.62891799071258 0.0 4.5 1.8 1.5 0.0
48 48 1 1423.2190579559667 -9.648894255661485 0.0 4.5 1.8 1.5 0.0
49 48 1 1440.0451880623225 -9.722167745058117 0.0 4.5 1.8 1.5 0.0
0 49 1 1048.1182602115061 -2.8638647430518427 0.0 4.5 1.8 1.5 0.0
1 49 1 1063.4347701546092 -2.8018732749771083 0.0 4.5 1.8 1.5 0.0
2 49 1 1079.649549686452 -2.8376684451541525 0.0 4.5 1.8 1.5 0.0
3 49 1 1095.4678486566088 -2.7448720979858527 0.0 4.5 1.8 1.5 0.0
4 49 1 1111.5830730346615 -2.89892596016514 0.0 4.5 1.8 1.5 0.0
5 49 1 1127.292183301496 -2.8454317835270304 0.0 4.5 1.8 1.5 0.0
6 49 1 1142.888577713441 -2.9492037345971416 0.0 4.5 1.8 1.5 0.0
7 49 1 1158.5760336444157 -2.9052313725318037 0.0 4.5 1.8 1.5 0.0
8 49 1 1174.5970748077514 -2.811036167994835 0.0 4.5 1.8 1.5 0.0
9 49 1 1189.8379180218492 -2.865691936215189 0.0 4.5 1.8 1.5 0.0
10 49 1 1206.2985398402907 -2.8739241411306478 0.0 4.5 1.8 1.5 0.0
11 49 1 1222.041332515612 -2.847031919633621 0.0 4.5 1.8 1.5 0.0
12 49 1 1237.7852040802818 -2.87815594191839 0.0 4.5 1.8 1.5 0.0
13 49 1 1253.2949081203437 -2.9206667003862266 0.0 4.5 1.8 1.5 0.0
14 49 1 1269.5014470313417 -2.863617280239031 0.0 4.5 1.8 1.5 0.0
15 49 1 1285.1532263268089 -2.885784695131093 0.0 4.5 1.8 1.5 0.0
16 49 1 1300.9412432539136 -2.8122446032905684 0.0 4.5 1.8 1.5 0.0
17 49 1 1316.7565844539158 -2.931643428680054 0.0 4.5 1.8 1.5 0.0
18 49 1 1332.7937158726772 -2.874834026208211 0.0 4.5 1.8 1.5 0.0
19 49 1 1348.4726169379553 -2.784211277695 0.0 4.5 1.8 1.5 0.0
20 49 1 1364.2835779006584 -2.850131009359039 0.0 4.5 1.8 1.5 0.0
21 49 1 1379.8732575611482 -2.8755736656325235 0.0 4.5 1.8 1.5 0.0
22 49 1 1396.0522997157293 -2.9423588797070375 0.0 4.5 1.8 1.5 0.0
23 49 1 1411.7919157725905 -2.859550639382735 0.0 4.5 1.8 1.5 0.0
24 49 1 1427.5813564923646 -2.8127322480820633 0.0 4.5 1.8 1.5 0.0
25 49 1 1443.4613389514964 -2.790686598097153 0.0 4.5 1.8 1.5 0.0
26 49 1 1459.0170855926874 -2.857793964654058 0.0 4.5 1.8 1.5 0.0
27 49 1 1475.0540491003637 -2.9180529177027292 0.0 4.5 1.8 1.5 0.0
28 49 1 1491.0497669907838 -2.7483565277223345 0.0 4.5 1.8 1.5 0.0
29 49 1 1506.6764590227485 -2.839339138601287 0.0 4.5 1.8 1.5 0.0
30 49 1 1522.518116180088 -2.900269426510334 0.0 4.5 1.8 1.5 0.0
31 49 1 1537.958412676644 -2.8998788671697437 0.0 4.5 1.8 1.5 0.0
32 49 1 1553.865525303294 -2.7793850891120195 0.0 4.5 1.8 1.5 0.0
33 49 1 1569.942247287979 -2.8818861594673337 0.0 4.5 1.8 1.5 0.0
34 49 1 1585.964452239001 -2.92067774815777 0.0 4.5 1.8 1.5 0.0
35 49 1 1601.4546009137223 -2.861186579552544 0.0 4.5 1.8 1.5 0.0
36 49 1 1617.6350797668874 -2.8395059407565357 0.0 4.5 1.8 1.5 0.0
37 49 1 1633.3003432443854 -2.8606843062531744 0.0 4.5 1.8 1.5 0.0
38 49 1 1649.1520776342672 -2.8545075477585127 0.0 4.5 1.8 1.5 0.0
39 49 1 1664.6873882554862 -2.8622862319333175 0.0 4.5 1.8 1.5 0.0
40 49 1 1680.4999972259377 -2.860536065869934 0.0 4.5 1.8 1.5 0.0
41 49 1 1696.4399576167034 -2.737621111875832 0.0 4.5 1.8 1.5 0.0
42 49 1 1712.3494605755302 -2.9348021713280548 0.0 4.5 1.8 1.5 0.0
43 49 1 1728.1519556574249 -2.838622255733081 0.0 4.5 1.8 1.5 0.0
44 49 1 1744.3348167360703 -2.894062813011911 0.0 4.5 1.8 1.5 0.0
45 49 1 1759.5050105993146 -2.823748342443426 0.0 4.5 1.8 1.5 0.0
46 49 1 1775.3667287002193 -2.8863979650903495 0.0 4.5 1.8 1.5 0.0
47 49 1 1791.4126765915767 -2.8680718656799806 0.0 4.5 1.8 1.5 0.0
48 49 1 1807.4233858273733 -2.898771907129295 0.0 4.5 1.8 1.5 0.0
49 49 1 1823.0521593328046 -2.865303710662445 0.0 4.5 1.8 1.5 0.0
0 50 1 152.5116664701908 6.159413217305404 0.0 4.5 1.8 1.5 0.0
1 50 1 171.54054506831315 6.173822547808671 0.0 4.5 1.8 1.5 0.0
2 50 1 190.3019342333889 6.224146697170766 0.0 4.5 1.8 1.5 0.0
3 50 1 209.26771430289685 6.129983440434614 0.0 4.5 1.8 1.5 0.0
4 50 1 227.91961105105207 6.124613073752667 0.0 4.5 1.8 1.5 0.0
5 50 1 246.99233577833544 6.121380013259405 0.0 4.5 1.8 1.5 0.0
6 50 1 265.6382984953473 6.205418510665291 0.0 4.5 1.8 1.5 0.0
7 50 1 284.61897142989943 6.212444022615561 0.0 4.5 1.8 1.5 0.0
8 50 1 303.5976237364544 6.093683799805998 0.0 4.5 1.8 1.5 0.0
9 50 1 322.27495187443384 6.202014843257928 0.0 4.5 1.8 1.5 0.0
10 50 1 340.9083099973498 6.173502932277435 0.0 4.5 1.8 1.5 0.0
11 50 1 360.00226463993835 6.0647779541533815 0.0 4.5 1.8 1.5 0.0
12 50 1 378.8914105198799 6.110643990453174 0.0 4.5 1.8 1.5 0.0
13 50 1 397.4913150268508 6.152974425050632 0.0 4.5 1.8 1.5 0.0
14 50 1 416.1960415197216 6.118802876630257 0.0 4.5 1.8 1.5 0.0
15 50 1 435.94981368237075 6.185028510929848 0.0 4.5 1.8 1.5 0.0
16 50 1 454.12066057493473 6.2227256882645205 0.0 4.5 1.8 1.5 0.0
17 50 1 472.9559035683108 6.124832633602727 0.0 4.5 1.8 1.5 0.0
18 50 1 491.78190872277844 6.165321385192802 0.0 4.5 1.8 1.5 0.0
19 50 1 511.14277165348176 6.102567079631508 0.0 4.5 1.8 1.5 0.0
20 50 1 529.3143238458786 6.207065724985472 0.0 4.5 1.8 1.5 0.0
21 50 1 548.8945392778759 6.0527633679387645 0.0 4.5 1.8 1.5 0.0
22 50 1 567.5331567702457 6.163842658865265 0.0 4.5 1.8 1.5 0.0
23 50 1 586.1410175652769 6.082799607926039 0.0 4.5 1.8 1.5 0.0
24 50 1 605.3542294196418 6.161470917832361 0.0 4.5 1.8 1.5 0.0
25 50 1 624.0641313663358 6.121428923617841 0.0 4.5 1.8 1.5 0.0
26 50 1 642.7102309582586 6.029768714195804 0.0 4.5 1.8 1.5 0.0
27 50 1 661.6823739174896 6.224458710232212 0.0 4.5 1.8 1.5 0.0
28 50 1 680.4072953637349 6.076396656546164 0.0 4.5 1.8 1.5 0.0
29 50 1 699.529845885334 6.183521391181817 0.0 4.5 1.8 1.5 0.0
30 50 1 718.1828985042044 6.135079168024519 0.0 4.5 1.8 1.5 0.0
31 50 1 737.2102270440824 6.144739917828034 0.0 4.5 1.8 1.5 0.0
32 50 1 756.2148390120875 6.274379520055712 0.0 4.5 1.8 1.5 0.0
33 50 1 774.5303471581966 6.214005147787399 0.0 4.5 1.8 1.5 0.0
34 50 1 793.7505985337374 6.221927438202209 0.0 4.5 1.8 1.5 0.0
35 50 1 812.731784220084 6.155575214256286 0.0 4.5 1.8 1.5 0.0
36 50 1 831.5962846306171 6.132809602700261 0.0 4.5 1.8 1.5 0.0
37 50 1 850.146786482006 6.193060547039418 0.0 4.5 1.8 1.5 0.0
38 50 1 868.9901478009671 6.184636020841579 0.0 4.5 1.8 1.5 0.0
39 50 1 888.0225297316405 6.036045308703372 0.0 4.5 1.8 1.5 0.0
40 50 1 906.7588704492284 6.169259301010732 0.0 4.5 1.8 1.5 0.0
41 50 1 925.6499135308374 6.025180785671392 0.0 4.5 1.8 1.5 0.0
42 50 1 944.8526304134822 6.160986143823082 0.0 4.5 1.8 1.5 0.0
43 50 1 963.5345949704691 6.128853583650589 0.0 4.5 1.8 1.5 0.0
44 50 1 982.4095117741424 6.244258398488836 0.0 4.5 1.8 1.5 0.0
45 50 1 1001.0135659640856 6.2358680265273545 0.0 4.5 1.8 1.5 0.0
46 50 1 1020.0976600982876 6.109045753857657 0.0 4.5 1.8 1.5 0.0
47 50 1 1039.3177921369254 6.172099403253948 0.0 4.5 1.8 1.5 0.0
48 50 1 1057.86797646746 6.139049786023163 0.0 4.5 1.8 1.5 0.0
49 50 1 1076.4307821289374 6.16090805349329 0.0 4.5 1.8 1.5 0.0
0 51 1 809.8415946611195 5.126455863103755 0.0 4.5 1.8 1.5 0.0
1 51 1 828.497891671969 5.049181745121494 0.0 4.5 1.8 1.5 0.0
2 51 1 847.7524035389223 5.148315568994886 0.0 4.5 1.8 1.5 0.0
3 51 1 866.3660451673829 5.100192411207855 0.0 4.5 1.8 1.5 0.0
4 51 1 885.4365227402268 5.052971873273566 0.0 4.5 1.8 1.5 0.0
5 51 1 904.3370108319574 5.070429577032368 0.0 4.5 1.8 1.5 0.0
6 51 1 923.3887243175622 5.090186219956208 0.0 4.5 1.8 1.5 0.0
7 51 1 942.1164919444278 5.2282506064011605 0.0 4.5 1.8 1.5 0.0
8 51 1 961.6630738834684 5.088170123796687 0.0 4.5 1.8 1.5 0.0
9 51 1 980.4377228252546 5.147994349363751 0.0 4.5 1.8 1.5 0.0
10 51 1 999.59212852554 5.086190843539683 0.0 4.5 1.8 1.5 0.0
11 51 1 1018.5430055200432 5.09972582966234 0.0 4.5 1.8 1.5 0.0
12 51 1 1037.0280844910742 5.163327922838412 0.0 4.5 1.8 1.5 0.0
13 51 1 1056.524081465394 5.25651654354922 0.0 4.5 1.8 1.5 0.0
14 51 1 1074.9966575362125 5.162067079126726 0.0 4.5 1.8 1.5 0.0
15 51 1 1094.1253151491335 5.166289030398888 0.0 4.5 1.8 1.5 0.0
16 51 1 1112.8838502963074 5.063982606087758 0.0 4.5 1.8 1.5 0.0
17 51 1 1131.9934460505815 5.131069297156091 0.0 4.5 1.8 1.5 0.0
18 51 1 1150.9910775705685 5.160073812068357 0.0 4.5 1.8 1.5 0.0
19 51 1 1170.2953455561892 5.157099971934954 0.0 4.5 1.8 1.5 0.0
20 51 1 1189.384396969131 5.147912426345454 0.0 4.5 1.8 1.5 0.0
21 51 1 1207.787932907792 5.1952899205496035 0.0 4.5 1.8 1.5 0.0
22 51 1 1226.8809538114003 5.172642019856965 0.0 4.5 1.8 1.5 0.0
23 51 1 1246.287404710494 5.149955495409206 0.0 4.5 1.8 1.5 0.0
24 51 1 1264.6440989132113 5.081210486547197 0.0 4.5 1.8 1.5 0.0
25 51 1 1284.1785523778826 5.118664960590546 0.0 4.5 1.8 1.5 0.0
26 51 1 1302.9005910001556 5.165062315680867 0.0 4.5 1.8 1.5 0.0
27 51 1 1321.9946136742444 5.14106108549196 0.0 4.5 1.8 1.5 0.0
28 51 1 1340.7842882362456 5.111487672586069 0.0 4.5 1.8 1.5 0.0
29 51 1 1359.9682744842096 5.154799571426076 0.0 4.5 1.8 1.5 0.0
30 51 1 1378.7159075276888 5.181226710522344 0.0 4.5 1.8 1.5 0.0
31 51 1 1397.712233513448 5.084537986155967 0.0 4.5 1.8 1.5 0.0
32 51 1 1416.5569190053548 5.078184053057198 0.0 4.5 1.8 1.5 0.0
33 51 1 1435.6249039504758 5.188807308789496 0.0 4.5 1.8 1.5 0.0
34 51 1 1454.4890397262516 5.136544882923592 0.0 4.5 1.8 1.5 0.0
35 51 1 1473.489393701994 5.114105642809115 0.0 4.5 1.8 1.5 0.0
36 51 1 1492.2893961373836 5.11609418341486 0.0 4.5 1.8 1.5 0.0
37 51 1 1511.5233361124808 5.154135492074471 0.0 4.5 1.8 1.5 0.0
38 51 1 1530.5774061797547 5.067201488625084 0.0 4.5 1.8 1.5 0.0
39 51 1 1549.7202624545735 5.137636246883786 0.0 4.5 1.8 1.5 0.0
40 51 1 1568.5137743178616 5.12666197720343 0.0 4.5 1.8 1.5 0.0
41 51 1 1587.341216933643 5.138011211860123 0.0 4.5 1.8 1.5 0.0
42 51 1 1606.5105589189345 5.039776310305409 0.0 4.5 1.8 1.5 0.0
43 51 1 1625.2783618729409 5.1143737463525065 0.0 4.5 1.8 1.5 0.0
44 51 1 1644.4080209702104 5.186786645169042 0.0 4.5 1.8 1.5 0.0
45 51 1 1663.1731114948136 5.102223002531795 0.0 4.5 1.8 1.5 0.0
46 51 1 1682.195625644265 5.087044715367459 0.0 4.5 1.8 1.5 0.0
47 51 1 1701.1993679760333 5.165661205872085 0.0 4.5 1.8 1.5 0.0
48 51 1 1720.0287109846442 5.148511814630331 0.0 4.5 1.8 1.5 0.0
49 51 1 1738.8697704463748 5.099054195050576 0.0 4.5 1.8 1.5 0.0
0 52 1 1326.1985096598853 -0.9560242025240396 0.0 4.5 1.8 1.5 0.0
1 52 1 1346.3006531599694 -1.1107785178890148 0.0 4.5 1.8 1.5 0.0
2 52 1 1366.3503172310918 -0.9773007762343411 0.0 4.5 1.8 1.5 0.0
3 52 1 1386.1510142369004 -0.9139241066178928 0.0 4.5 1.8 1.5 0.0
4 52 1 1406.2708180568866 -0.9217879307377358 0.0 4.5 1.8 1.5 0.0
5 52 1 1425.7964004698874 -1.0119131369101877 0.0 4.5 1.8 1.5 0.0
6 52 1 1445.8388614005717 -1.02958415895879 0.0 4.5 1.8 1.5 0.0
7 52 1 1465.7293246158158 -0.9463069185311496 0.0 4.5 1.8 1.5 0.0
8 52 1 1485.6634382870043 -0.9295867046463937 0.0 4.5 1.8 1.5 0.0
9 52 1 1505.700600405958 -0.9480597145810784 0.0 4.5 1.8 1.5 0.0
10 52 1 1525.2093908102665 -0.9964106465489168 0.0 4.5 1.8 1.5 0.0
11 52 1 1545.7691520055766 -0.891462573867267 0.0 4.5 1.8 1.5 0.0
12 52 1 1565.219265041142 -0.9724112965763458 0.0 4.5 1.8 1.5 0.0
13 52 1 1585.7478131837895 -0.9675773281848967 0.0 4.5 1.8 1.5 0.0
14 52 1 1605.4575216783767 -0.8595851210638439 0.0 4.5 1.8 1.5 0.0
15 52 1 1625.3539040990447 -0.9569113580239951 0.0 4.5 1.8 1.5 0.0
16 52 1 1645.3412119487468 -0.8390048476196479 0.0 4.5 1.8 1.5 0.0
17 52 1 1665.4082593796552 -0.9307213061256508 0.0 4.5 1.8 1.5 0.0
18 52 1 1685.160546746793 -0.9047345411055832 0.0 4.5 1.8 1.5 0.0
19 52 1 1705.3437584174474 -0.9853343129884128 0.0 4.5 1.8 1.5 0.0
20 52 1 1725.2955438273823 -0.9392330018458108 0.0 4.5 1.8 1.5 0.0
21 52 1 1745.1095776414509 -0.9758898376640552 0.0 4.5 1.8 1.5 0.0
22 52 1 1764.9710212344912 -0.9831825007757807 0.0 4.5 1.8 1.5 0.0
23 52 1 1784.7817737315656 -0.9128208764933003 0.0 4.5 1.8 1.5 0.0
24 52 1 1804.8727937780322 -0.9966572710077601 0.0 4.5 1.8 1.5 0.0
25 52 1 1825.3256273461504 -0.9879081394804361 0.0 4.5 1.8 1.5 0.0
26 52 1 1845.0550371343884 -1.0054985695957295 0.0 4.5 1.8 1.5 0.0
27 52 1 1864.87431673475 -0.9442034059455738 0.0 4.5 1.8 1.5 0.0
28 52 1 1884.603604646977 -0.921838271326354 0.0 4.5 1.8 1.5 0.0
29 52 1 1904.6882676900464 -0.9722986466987416 0.0 4.5 1.8 1.5 0.0
30 52 1 1924.450667668155 -1.0103710981143594 0.0 4.5 1.8 1.5 0.0
31 52 1 1944.6297280467156 -0.9943656288696398 0.0 4.5 1.8 1.5 0.0
32 52 1 1964.5158098866796 -0.9020514883086035 0.0 4.5 1.8 1.5 0.0
33 52 1 1984.503025627273 -0.9678319524155022 0.0 4.5 1.8 1.5 0.0
34 52 1 2004.58957682871 -0.9520739614197019 0.0 4.5 1.8 1.5 0.0
35 52 1 2024.0873819201709 -0.9458617627373032 0.0 4.5 1.8 1.5 0.0
36 52 1 2044.4179732731009 -0.9653961032351457 0.0 4.5 1.8 1.5 0.0
37 52 1 2064.42265000603 -0.9701916907755218 0.0 4.5 1.8 1.5 0.0
38 52 1 2084.0665706098307 -0.9839793383073019 0.0 4.5 1.8 1.5 0.0
39 52 1 2104.2765548814814 -0.9343375160190994 0.0 4.5 1.8 1.5 0.0
40 52 1 2123.890260310083 -0.9514859046286944 0.0 4.5 1.8 1.5 0.0
41 52 1 2143.4183822275836 -0.8927767693413071 0.0 4.5 1.8 1.5 0.0
42 52 1 2163.9448628227956 -1.051987295065134 0.0 4.5 1.8 1.5 0.0
43 52 1 2183.6340755879623 -0.9527550906425195 0.0 4.5 1.8 1.5 0.0
44 52 1 2203.6089774499383 -0.8920079213303364 0.0 4.5 1.8 1.5 0.0
45 52 1 2223.90192590449 -0.9136985903387459 0.0 4.5 1.8 1.5 0.0
46 52 1 2243.24374166578 -0.957948308224984 0.0 4.5 1.8 1.5 0.0
47 52 1 2263.5714874882333 -0.9793781102198686 0.0 4.5 1.8 1.5 0.0
48 52 1 2283.5743754476543 -0.9879872978689425 0.0 4.5 1.8 1.5 0.0
49 52 1 2303.646854376009 -0.8933478197977507 0.0 4.5 1.8 1.5 0.0
0 53 1 741.5677805403036 8.617868721398636 0.0 4.5 1.8 1.5 0.0
1 53 1 756.6577388790055 8.693760210565717 0.0 4.5 1.8 1.5 0.0
2 53 1 772.3293482454923 8.632810268511353 0.0 4.5 1.8 1.5 0.0
3 53 1 787.4259591330832 8.758190212772913 0.0 4.5 1.8 1.5 0.0
4 53 1 802.3473412905762 8.674340210481285 0.0 4.5 1.8 1.5 0.0
5 53 1 817.5081314644954 8.678042834370281 0.0 4.5 1.8 1.5 0.0
6 53 1 832.9503964814807 8.721198391328414 0.0 4.5 1.8 1.5 0.0
7 53 1 848.4180723329325 8.650811088193214 0.0 4.5 1.8 1.5 0.0
8 53 1 863.0488917882623 8.687153652460484 0.0 4.5 1.8 1.5 0.0
9 53 1 878.7433854694804 8.700686775808547 0.0 4.5 1.8 1.5 0.0
10 53 1 893.8616644763639 8.694453496407492 0.0 4.5 1.8 1.5 0.0
11 53 1 909.4724092499152 8.70730259987242 0.0 4.5 1.8 1.5 0.0
12 53 1 924.3369677656234 8.663206000569495 0.0 4.5 1.8 1.5 0.0
13 53 1 939.6199921414675 8.770052889515828 0.0 4.5 1.8 1.5 0.0
14 53 1 954.8596236334769 8.68722617419826 0.0 4.5 1.8 1.5 0.0
15 53 1 970.042142223574 8.743165059296395 0.0 4.5 1.8 1.5 0.0
16 53 1 985.7728935510894 8.710746543895866 0.0 4.5 1.8 1.5 0.0
17 53 1 1000.6398018432766 8.690055033083008 0.0 4.5 1.8 1.5 0.0
18 53 1 1015.3887070671415 8.725473434638536 0.0 4.5 1.8 1.5 0.0
19 53 1 1031.134722870477 8.709632993957332 0.0 4.5 1.8 1.5 0.0
20 53 1 1046.2079183108401 8.66899304747544 0.0 4.5 1.8 1.5 0.0
21 53 1 1061.5103269247354 8.739297040627948 0.0 4.5 1.8 1.5 0.0
22 53 1 1076.7591011070945 8.792348907529785 0.0 4.5 1.8 1.5 0.0
23 53 1 1092.1633467205972 8.624431758424508 0.0 4.5 1.8 1.5 0.0
24 53 1 1107.293786140523 8.655632135316475 0.0 4.5 1.8 1.5 0.0
25 53 1 1122.1229400675884 8.768189438429985 0.0 4.5 1.8 1.5 0.0
26 53 1 1137.9447662323755 8.714876257319261 0.0 4.5 1.8 1.5 0.0
27 53 1 1153.0795396183705 8.619115012989674 0.0 4.5 1.8 1.5 0.0
28 53 1 1168.1920566207787 8.730304930163497 0.0 4.5 1.8 1.5 0.0
29 53 1 1183.3208572051121 8.561627425611755 0.0 4.5 1.8 1.5 0.0
30 53 1 1198.7280011718917 8.681128013722919 0.0 4.5 1.8 1.5 0.0
31 53 1 1214.04285621911 8.724641823600022 0.0 4.5 1.8 1.5 0.0
32 53 1 1229.3855858606526 8.701154381686491 0.0 4.5 1.8 1.5 0.0
33 53 1 1244.7394921382026 8.61226740238363 0.0 4.5 1.8 1.5 0.0
34 53 1 1259.84362338586 8.719542809591143 0.0 4.5 1.8 1.5 0.0
35 53 1 1274.7371157281275 8.613072360990177 0.0 4.5 1.8 1.5 0.0
36 53 1 1290.0781609224275 8.65513881929853 0.0 4.5 1.8 1.5 0.0
37 53 1 1305.6203544028024 8.65748895223974 0.0 4.5 1.8 1.5 0.0
38 53 1 1320.5407219688248 8.657634204589568 0.0 4.5 1.8 1.5 0.0
39 53 1 1336.178039301691 8.688868060143143 0.0 4.5 1.8 1.5 0.0
40 53 1 1351.1607837921676 8.682715616489244 0.0 4.5 1.8 1.5 0.0
41 53 1 1366.6973672264835 8.650757305094134 0.0 4.5 1.8 1.5 0.0
42 53 1 1381.9443779801854 8.698740706370371 0.0 4.5 1.8 1.5 0.0
43 53 1 1396.8915136079813 8.81326091632101 0.0 4.5 1.8 1.5 0.0
44 53 1 1411.9547907487959 8.670531603445946 0.0 4.5 1.8 1.5 0.0
45 53 1 1427.1617535613018 8.735838989951104 0.0 4.5 1.8 1.5 0.0
46 53 1 1442.9883987582439 8.771712030494527 0.0 4.5 1.8 1.5 0.0
47 53 1 1458.137671884522 8.678334868034497 0.0 4.5 1.8 1.5 0.0
48 53 1 1473.062155100774 8.604657402799592 0.0 4.5 1.8 1.5 0.0
49 53 1 1488.7846991656872 8.71166479533172 0.0 4.5 1.8 1.5 0.0
0 54 1 1411.439581841452 -2.1408250640150133 0.0 4.5 1.8 1.5 0.0
1 54 1 1429.5905211933994 -2.105655394222601 0.0 4.5 1.8 1.5 0.0
2 54 1 1447.763954112314 -2.101410883269621 0.0 4.5 1.8 1.5 0.0
3 54 1 1465.4721547546728 -2.2598815435820687 0.0 4.5 1.8 1.5 0.0
4 54 1 1484.1122528987898 -2.117041094316446 0.0 4.5 1.8 1.5 0.0
5 54 1 1502.3801487027602 -2.1164620157270577 0.0 4.5 1.8 1.5 0.0
6 54 1 1520.9343547095025 -2.0923274860434637 0.0 4.5 1.8 1.5 0.0
7 54 1 1538.6715844079254 -2.0869861891175354 0.0 4.5 1.8 1.5 0.0
8 54 1 1556.9054737145486 -2.0992078307291795 0.0 4.5 1.8 1.5 0.0
9 54 1 1574.9779473569606 -2.104283602527859 0.0 4.5 1.8 1.5 0.0
10 54 1 1593.3561076356839 -2.159991173703313 0.0 4.5 1.8 1.5 0.0
11 54 1 1612.0770600089884 -2.158041110931887 0.0 4.5 1.8 1.5 0.0
12 54 1 1629.9135404005451 -2.143994744182317 0.0 4.5 1.8 1.5 0.0
13 54 1 1648.2017901705158 -2.1675735991583247 0.0 4.5 1.8 1.5 0.0
14 54 1 1666.5406883616097 -2.002046533116937 0.0 4.5 1.8 1.5 0.0
15 54 1 1684.4349438698857 -2.043005899300813 0.0 4.5 1.8 1.5 0.0
16 54 1 1702.7567105689097 -2.0285647863810743 0.0 4.5 1.8 1.5 0.0
17 54 1 1721.501020955491 -2.115539593020302 0.0 4.5 1.8 1.5 0.0
18 54 1 1738.9895026625757 -2.0564501230630743 0.0 4.5 1.8 1.5 0.0
19 54 1 1757.5686740408264 -2.0787647840459966 0.0 4.5 1.8 1.5 0.0
20 54 1 1775.6860563113519 -2.1480789833679137 0.0 4.5 1.8 1.5 0.0
21 54 1 1794.216329676397 -2.087864842707077 0.0 4.5 1.8 1.5 0.0
22 54 1 1811.92578335385 -2.0695105812747343 0.0 4.5 1.8 1.5 0.0
23 54 1 1830.541963200763 -2.120119288651057 0.0 4.5 1.8 1.5 0.0
24 54 1 1848.998926848501 -2.134763000552242 0.0 4.5 1.8 1.5 0.0
25 54 1 1866.8714016225044 -2.0654219380364687 0.0 4.5 1.8 1.5 0.0
26 54 1 1885.1507862326846 -2.173075500152801 0.0 4.5 1.8 1.5 0.0
27 54 1 1903.4024282377002 -2.1245738320331404 0.0 4.5 1.8 1.5 0.0
28 54 1 1921.7673023325679 -2.096293425235122 0.0 4.5 1.8 1.5 0.0
29 54 1 1939.845039334677 -2.1562669006208313 0.0 4.5 1.8 1.5 0.0
30 54 1 1958.0103674629677 -2.0553492877342463 0.0 4.5 1.8 1.5 0.0
31 54 1 1976.131299976125 -2.1054818535892643 0.0 4.5 1.8 1.5 0.0
32 54 1 1994.3295527551868 -2.1630464744874622 0.0 4.5 1.8 1.5 0.0
33 54 1 2012.7301048770014 -2.095164284191012 0.0 4.5 1.8 1.5 0.0
34 54 1 2031.3760839943288 -2.126627361627189 0.0 4.5 1.8 1.5 0.0
35 54 1 2049.1975122734384 -2.1663580183334252 0.0 4.5 1.8 1.5 0.0
36 54 1 2067.5602288504297 -2.083949603467215 0.0 4.5 1.8 1.5 0.0
37 54 1 2085.96569450347 -2.0482732348594435 0.0 4.5 1.8 1.5 0.0
38 54 1 2103.9685316221826 -2.127357917414314 0.0 4.5 1.8 1.5 0.0
39 54 1 2122.1694186964755 -2.109405015541467 0.0 4.5 1.8 1.5 0.0
40 54 1 2140.5493992360275 -2.062542767936755 0.0 4.5 1.8 1.5 0.0
41 54 1 2158.5296713611324 -2.176954031426223 0.0 4.5 1.8 1.5 0.0
42 54 1 2177.0858666303902 -2.0747606445937183 0.0 4.5 1.8 1.5 0.0
43 54 1 2194.9855258767147 -2.076710675029695 0.0 4.5 1.8 1.5 0.0
44 54 1 2213.2946308725623 -2.037923446123905 0.0 4.5 1.8 1.5 0.0
45 54 1 2231.123937285434 -2.1237138907605506 0.0 4.5 1.8 1.5 0.0
46 54 1 2250.059938955374 -2.0756944222615132 0.0 4.5 1.8 1.5 0.0
47 54 1 2268.324884106424 -2.164944697093052 0.0 4.5 1.8 1.5 0.0
48 54 1 2286.4150368364317 -2.053243121262187 0.0 4.5 1.8 1.5 0.0
49 54 1 2304.0944865066613 -2.118629456911533 0.0 4.5 1.8 1.5 0.0
0 55 1 435.45180693451766 -0.3732933534700181 0.0 4.5 1.8 1.5 0.0
1 55 1 454.5993154887039 -0.38583839236318845 0.0 4.5 1.8 1.5 0.0
2 55 1 474.0459013944012 -0.41364508997093075 0.0 4.5 1.8 1.5 0.0
3 55 1 493.3810598712703 -0.41153043636739667 0.0 4.5 1.8 1.5 0.0
4 55 1 513.0515288994443 -0.30388827613300823 0.0 4.5 1.8 1.5 0.0
5 55 1 532.000849404054 -0.27302345584596216 0.0 4.5 1.8 1.5 0.0
6 55 1 552.2805426727797 -0.3374174237841737 0.0 4.5 1.8 1.5 0.0
7 55 1 571.0869944927955 -0.19850121357083847 0.0 4.5 1.8 1.5 0.0
8 55 1 590.3855813425248 -0.33871241977753586 0.0 4.5 1.8 1.5 0.0
9 55 1 610.1194571940564 -0.27246036209837005 0.0 4.5 1.8 1.5 0.0
10 55 1 629.5896382319002 -0.3646494379104134 0.0 4.5 1.8 1.5 0.0
11 55 1 648.761611260142 -0.35680883413329756 0.0 4.5 1.8 1.5 0.0
12 55 1 668.1846203593753 -0.3373264771317566 0.0 4.5 1.8 1.5 0.0
13 55 1 687.7073242929372 -0.41441963278547833 0.0 4.5 1.8 1.5 0.0
14 55 1 707.505350383929 -0.36460136929244275 0.0 4.5 1.8 1.5 0.0
15 55 1 726.4348515626036 -0.3481306998453679 0.0 4.5 1.8 1.5 0.0
16 55 1 746.1363109341371 -0.42704107939994246 0.0 4.5 1.8 1.5 0.0
17 55 1 765.6231238517136 -0.392075621555504 0.0 4.5 1.8 1.5 0.0
18 55 1 785.3331577774713 -0.3135197175171541 0.0 4.5 1.8 1.5 0.0
19 55 1 804.3451297149561 -0.37697613163685834 0.0 4.5 1.8 1.5 0.0
20 55 1 823.83827386881 -0.3090782060418263 0.0 4.5 1.8 1.5 0.0
21 55 1 843.2883262819505 -0.35057568347783363 0.0 4.5 1.8 1.5 0.0
22 55 1 862.739256863176 -0.3699106896828385 0.0 4.5 1.8 1.5 0.0
23 55 1 882.0930993169885 -0.444007365066241 0.0 4.5 1.8 1.5 0.0
24 55 1 901.7906434458723 -0.3247778541049027 0.0 4.5 1.8 1.5 0.0
25 55 1 920.87536472824 -0.24478099405322884 0.0 4.5 1.8 1.5 0.0
26 55 1 940.48161689047 -0.3915249217197506 0.0 4.5 1.8 1.5 0.0
27 55 1 960.0697187760304 -0.31981533229552767 0.0 4.5 1.8 1.5 0.0
28 55 1 979.4114449861779 -0.36100552335357033 0.0 4.5 1.8 1.5 0.0
29 55 1 998.8567858311816 -0.3528056576320455 0.0 4.5 1.8 1.5 0.0
30 55 1 1018.3120326740999 -0.4349649658215227 0.0 4.5 1.8 1.5 0.0
31 55 1 1037.5482273885198 -0.25360998823058106 0.0 4.5 1.8 1.5 0.0
32 55 1 1056.9157462873802 -0.3699096579956501 0.0 4.5 1.8 1.5 0.0
33 55 1 1076.413725208115 -0.40045804991542294 0.0 4.5 1.8 1.5 0.0
34 55 1 1095.495819017904 -0.35124706304717146 0.0 4.5 1.8 1.5 0.0
35 55 1 1115.398804755311 -0.3423429965479234 0.0 4.5 1.8 1.5 0.0
36 55 1 1134.7768148554499 -0.33756569957847143 0.0 4.5 1.8 1.5 0.0
37 55 1 1154.4445165594943 -0.34924005241745165 0.0 4.5 1.8 1.5 0.0
38 55 1 1173.5592894471117 -0.3537740173653951 0.0 4.5 1.8 1.5 0.0
39 55 1 1193.2241330118254 -0.2691163991938283 0.0 4.5 1.8 1.5 0.0
40 55 1 1212.4167926093849 -0.3347710537695466 0.0 4.5 1.8 1.5 0.0
41 55 1 1232.0442505429507 -0.3893466434574319 0.0 4.5 1.8 1.5 0.0
42 55 1 1251.4148201853507 -0.4130014359880956 0.0 4.5 1.8 1.5 0.0
43 55 1 1270.491084388505 -0.32138042272637796 0.0 4.5 1.8 1.5 0.0
44 55 1 1290.2022771983316 -0.3296037227399298 0.0 4.5 1.8 1.5 0.0
45 55 1 1309.7096308485409 -0.38853774555418064 0.0 4.5 1.8 1.5 0.0
46 55 1 1329.1383166808946 -0.40137280837173356 0.0 4.5 1.8 1.5 0.0
47 55 1 1348.8597197102326 -0.40751626036398897 0.0 4.5 1.8 1.5 0.0
48 55 1 1367.9765258817833 -0.39183132252335323 0.0 4.5 1.8 1.5 0.0
49 55 1 1387.563924867994 -0.35628931168506595 0.0 4.5 1.8 1.5 0.0
0 56 1 73.24759069255526 8.240733222556974 0.0 4.5 1.8 1.5 0.0
1 56 1 91.83826537973258 8.287426537785635 0.0 4.5 1.8 1.5 0.0
2 56 1 111.26691742936262 8.26525560832554 0.0 4.5 1.8 1.5 0.0
3 56 1 130.40322000345364 8.373269717353187 0.0 4.5 1.8 1.5 0.0
4 56 1 149.40255006634047 8.4162246607239 0.0 4.5 1.8 1.5 0.0
5 56 1 168.8010080001259 8.283722208940093 0.0 4.5 1.8 1.5 0.0
6 56 1 187.92914671552026 8.243718202136414 0.0 4.5 1.8 1.5 0.0
7 56 1 207.05211071111964 8.304612778231368 0.0 4.5 1.8 1.5 0.0
8 56 1 226.09188744584574 8.29275530734132 0.0 4.5 1.8 1.5 0.0
9 56 1 245.10211953032578 8.288226318686274 0.0 4.5 1.8 1.5 0.0
10 56 1 264.8738172912876 8.210823924763817 0.0 4.5 1.8 1.5 0.0
11 56 1 284.0047079832099 8.277119150660402 0.0 4.5 1.8 1.5 0.0
12 56 1 303.35361544670275 8.231789561013631 0.0 4.5 1.8 1.5 0.0
13 56 1 322.76209802914076 8.155010772412924 0.0 4.5 1.8 1.5 0.0
14 56 1 341.29797078103394 8.189621394598039 0.0 4.5 1.8 1.5 0.0
15 56 1 360.89905306929614 8.261464830438394 0.0 4.5 1.8 1.5 0.0
16 56 1 379.6594759112173 8.296711785033446 0.0 4.5 1.8 1.5 0.0
17 56 1 398.8578225821907 8.244861802309119 0.0 4.5 1.8 1.5 0.0
18 56 1 417.77242486209536 8.282975550245858 0.0 4.5 1.8 1.5 0.0
19 56 1 437.26449173152406 8.309318741949273 0.0 4.5 1.8 1.5 0.0
20 56 1 456.73624106781244 8.165861434908486 0.0 4.5 1.8 1.5 0.0
21 56 1 475.5051229510457 8.334136771920257 0.0 4.5 1.8 1.5 0.0
22 56 1 494.65873259839344 8.157641257444523 0.0 4.5 1.8 1.5 0.0
23 56 1 513.5903998610763 8.290978372613052 0.0 4.5 1.8 1.5 0.0
24 56 1 533.0720179277879 8.308175865046238 0.0 4.5 1.8 1.5 0.0
25 56 1 552.0223473728666 8.287544041875151 0.0 4.5 1.8 1.5 0.0
26 56 1 571.154347192762 8.287547779811371 0.0 4.5 1.8 1.5 0.0
27 56 1 590.519132986527 8.233506879121041 0.0 4.5 1.8 1.5 0.0
28 56 1 609.9850979660238 8.189268082621066 0.0 4.5 1.8 1.5 0.0
29 56 1 628.8101077360342 8.23240460191297 0.0 4.5 1.8 1.5 0.0
30 56 1 648.3702430325725 8.304469780510207 0.0 4.5 1.8 1.5 0.0
31 56 1 667.0385112430921 8.260564115663167 0.0 4.5 1.8 1.5 0.0
32 56 1 686.7055954857274 8.227236098542685 0.0 4.5 1.8 1.5 0.0
33 56 1 705.1454250692501 8.289100223252376 0.0 4.5 1.8 1.5 0.0
34 56 1 724.7260134699428 8.307851608798678 0.0 4.5 1.8 1.5 0.0
35 56 1 743.9627812414006 8.363085162665875 0.0 4.5 1.8 1.5 0.0
36 56 1 762.649599283916 8.214409720396919 0.0 4.5 1.8 1.5 0.0
37 56 1 782.2906381415454 8.219268605043464 0.0 4.5 1.8 1.5 0.0
38 56 1 801.0318505728693 8.36784210774345 0.0 4.5 1.8 1.5 0.0
39 56 1 820.1641504339533 8.256986278273654 0.0 4.5 1.8 1.5 0.0
40 56 1 839.6412360628049 8.34000671222735 0.0 4.5 1.8 1.5 0.0
41 56 1 858.4443196341598 8.295323637704499 0.0 4.5 1.8 1.5 0.0
42 56 1 877.8049755269293 8.305930440758809 0.0 4.5 1.8 1.5 0.0
43 56 1 896.9666600861409 8.353165192938475 0.0 4.5 1.8 1.5 0.0
44 56 1 916.132798320426 8.15145089483469 0.0 4.5 1.8 1.5 0.0
45 56 1 935.320193166928 8.261484874600741 0.0 4.5 1.8 1.5 0.0
46 56 1 954.8594044842738 8.211629138600939 0.0 4.5 1.8 1.5 0.0
47 56 1 973.5601751769834 8.322578775314636 0.0 4.5 1.8 1.5 0.0
48 56 1 992.6978300715788 8.265600708059601 0.0 4.5 1.8 1.5 0.0
49 56 1 1012.1061155512425 8.285428856946334 0.0 4.5 1.8 1.5 0.0
0 57 1 409.4338702658709 -4.397555221666084 0.0 4.5 1.8 1.5 0.0
1 57 1 425.2700925872921 -4.453503601456489 0.0 4.5 1.8 1.5 0.0
2 57 1 441.0892722677897 -4.456974462189395 0.0 4.5 1.8 1.5 0.0
3 57 1 456.14853943830235 -4.388932443529112 0.0 4.5 1.8 1.5 0.0
4 57 1 471.94565829265974 -4.391906773559494 0.0 4.5 1.8 1.5 0.0
5 57 1 487.26544655779963 -4.338348550023211 0.0 4.5 1.8 1.5 0.0
6 57 1 503.5176793181049 -4.482995174555514 0.0 4.5 1.8 1.5 0.0
7 57 1 518.7245055702048 -4.324358051892488 0.0 4.5 1.8 1.5 0.0
8 57 1 534.5098253727516 -4.449680589533995 0.0 4.5 1.8 1.5 0.0
9 57 1 549.8411312930984 -4.425510257377442 0.0 4.5 1.8 1.5 0.0
10 57 1 565.8858381474383 -4.37219669225889 0.0 4.5 1.8 1.5 0.0
11 57 1 581.2886067432457 -4.483985686709395 0.0 4.5 1.8 1.5 0.0
12 57 1 597.295655314315 -4.357634843536011 0.0 4.5 1.8 1.5 0.0
13 57 1 612.5282726756133 -4.353895642782377 0.0 4.5 1.8 1.5 0.0
14 57 1 628.4870518726115 -4.353381080143632 0.0 4.5 1.8 1.5 0.0
15 57 1 644.1025397904878 -4.534085242971762 0.0 4.5 1.8 1.5 0.0
16 57 1 659.723230744805 -4.354964156163801 0.0 4.5 1.8 1.5 0.0
17 57 1 675.2119153759287 -4.427369595542737 0.0 4.5 1.8 1.5 0.0
18 57 1 690.9924782375124 -4.552947041090788 0.0 4.5 1.8 1.5 0.0
19 57 1 706.9990148117872 -4.453040131092223 0.0 4.5 1.8 1.5 0.0
20 57 1 722.4029327416714 -4.412306403904775 0.0 4.5 1.8 1.5 0.0
21 57 1 738.190349824926 -4.38766854097596 0.0 4.5 1.8 1.5 0.0
22 57 1 753.528881517827 -4.452647101723328 0.0 4.5 1.8 1.5 0.0
23 57 1 769.3724768708847 -4.501643412295095 0.0 4.5 1.8 1.5 0.0
24 57 1 784.9791251731407 -4.462923584675107 0.0 4.5 1.8 1.5 0.0
25 57 1 800.7374441799539 -4.39990636996423 0.0 4.5 1.8 1.5 0.0
26 57 1 816.2528525596098 -4.4038719064061285 0.0 4.5 1.8 1.5 0.0
27 57 1 831.4105927454888 -4.451007805267131 0.0 4.5 1.8 1.5 0.0
28 57 1 847.5325863905164 -4.399638556229372 0.0 4.5 1.8 1.5 0.0
29 57 1 863.2713468625324 -4.387807618945505 0.0 4.5 1.8 1.5 0.0
30 57 1 878.4788488618078 -4.447774553983396 0.0 4.5 1.8 1.5 0.0
31 57 1 894.3298130765302 -4.523673550397369 0.0 4.5 1.8 1.5 0.0
32 57 1 910.2809583340272 -4.385884010278486 0.0 4.5 1.8 1.5 0.0
33 57 1 925.8287172347896 -4.487001544137822 0.0 4.5 1.8 1.5 0.0
34 57 1 941.469263705928 -4.296396401545977 0.0 4.5 1.8 1.5 0.0
35 57 1 956.5932153612587 -4.369401257352176 0.0 4.5 1.8 1.5 0.0
36 57 1 972.4946533797487 -4.4851930395097765 0.0 4.5 1.8 1.5 0.0
37 57 1 988.2300485436588 -4.366291186855497 0.0 4.5 1.8 1.5 0.0
38 57 1 1003.6482867972318 -4.3496755210846025 0.0 4.5 1.8 1.5 0.0
39 57 1 1019.0721997848848 -4.4827091544198465 0.0 4.5 1.8 1.5 0.0
40 57 1 1035.0699123038376 -4.40670208319875 0.0 4.5 1.8 1.5 0.0
41 57 1 1050.536318485512 -4.367491625298769 0.0 4.5 1.8 1.5 0.0
42 57 1 1066.4228524045172 -4.3650643935506634 0.0 4.5 1.8 1.5 0.0
43 57 1 1081.929086613081 -4.377842333698447 0.0 4.5 1.8 1.5 0.0
44 57 1 1097.5016241980222 -4.305280412593034 0.0 4.5 1.8 1.5 0.0
45 57 1 1113.0652854630814 -4.302706475624449 0.0 4.5 1.8 1.5 0.0
46 57 1 1128.8718125650005 -4.476746891575801 0.0 4.5 1.8 1.5 0.0
47 57 1 1144.7754912041576 -4.401676277677616 0.0 4.5 1.8 1.5 0.0
48 57 1 1160.3091405122132 -4.346778551170234 0.0 4.5 1.8 1.5 0.0
49 57 1 1175.843547161843 -4.437583389338005 0.0 4.5 1.8 1.5 0.0
0 58 1 900.5275438948092 7.863076894894314 0.0 4.5 1.8 1.5 0.0
1 58 1 919.9156762293055 7.8889914464669655 0.0 4.5 1.8 1.5 0.0
2 58 1 939.8065811461358 7.821911312716159 0.0 4.5 1.8 1.5 0.0
3 58 1 959.4379781708968 7.893649698312927 0.0 4.5 1.8 1.5 0.0
4 58 1 979.1493892727142 7.94260912801828 0.0 4.5 1.8 1.5 0.0
5 58 1 998.5649106501131 7.830172477916579 0.0 4.5 1.8 1.5 0.0
6 58 1 1017.979285145934 7.970097105277139 0.0 4.5 1.8 1.5 0.0
7 58 1 1037.7778620113202 7.969298411100738 0.0 4.5 1.8 1.5 0.0
8 58 1 1057.4438397670458 7.919677503982107 0.0 4.5 1.8 1.5 0.0
9 58 1 1077.1312181972487 7.820833781402714 0.0 4.5 1.8 1.5 0.0
10 58 1 1096.6042182946765 7.820140777055081 0.0 4.5 1.8 1.5 0.0
11 58 1 1116.085200345731 7.913999203929337 0.0 4.5 1.8 1.5 0.0
12 58 1 1135.5364707078527 7.909957588349568 0.0 4.5 1.8 1.5 0.0
13 58 1 1155.0412183595188 7.939156713321263 0.0 4.5 1.8 1.5 0.0
14 58 1 1174.8073593908437 7.830634850912245 0.0 4.5 1.8 1.5 0.0
15 58 1 1194.2525303147193 7.853023030481301 0.0 4.5 1.8 1.5 0.0
16 58 1 1213.7574338071788 7.854570765167768 0.0 4.5 1.8 1.5 0.0
17 58 1 1233.9582082442894 7.872555142136193 0.0 4.5 1.8 1.5 0.0
18 58 1 1253.102161786694 7.893303887951625 0.0 4.5 1.8 1.5 0.0
19 58 1 1272.9645993357033 7.97982122025247 0.0 4.5 1.8 1.5 0.0
20 58 1 1292.694519054889 7.897270628481826 0.0 4.5 1.8 1.5 0.0
21 58 1 1312.3167428315055 7.8752716687141815 0.0 4.5 1.8 1.5 0.0
22 58 1 1331.720001556305 7.964937737294763 0.0 4.5 1.8 1.5 0.0
23 58 1 1351.0073230577757 7.930387997780231 0.0 4.5 1.8 1.5 0.0
24 58 1 1370.911635238654 7.867416251060517 0.0 4.5 1.8 1.5 0.0
25 58 1 1390.4225690177057 7.889674423151394 0.0 4.5 1.8 1.5 0.0
26 58 1 1410.1237969817962 7.861255602786836 0.0 4.5 1.8 1.5 0.0
27 58 1 1429.5913259967265 7.786724199500638 0.0 4.5 1.8 1.5 0.0
28 58 1 1449.1864514675324 7.856375964810136 0.0 4.5 1.8 1.5 0.0
29 58 1 1468.9608131014888 7.98014501635726 0.0 4.5 1.8 1.5 0.0
30 58 1 1488.4067303190054 7.830804179435826 0.0 4.5 1.8 1.5 0.0
31 58 1 1507.9863770101001 7.88965796050329 0.0 4.5 1.8 1.5 0.0
32 58 1 1527.8463579909728 7.918407982776661 0.0 4.5 1.8 1.5 0.0
33 58 1 1547.493527169313 7.930452251503783 0.0 4.5 1.8 1.5 0.0
34 58 1 1566.8715635128242 7.984647731310245 0.0 4.5 1.8 1.5 0.0
35 58 1 1586.45574120674 7.8874577509402295 0.0 4.5 1.8 1.5 0.0
36 58 1 1606.385214995979 7.910311973522573 0.0 4.5 1.8 1.5 0.0
37 58 1 1625.2772349034726 7.882272513638027 0.0 4.5 1.8 1.5 0.0
38 58 1 1645.4971518741472 7.814817208146707 0.0 4.5 1.8 1.5 0.0
39 58 1 1665.0742521526086 7.901498419123857 0.0 4.5 1.8 1.5 0.0
40 58 1 1684.7602523610055 7.847394156006253 0.0 4.5 1.8 1.5 0.0
41 58 1 1704.322001618006 7.889971134493226 0.0 4.5 1.8 1.5 0.0
42 58 1 1724.0753876663512 8.02129321901385 0.0 4.5 1.8 1.5 0.0
43 58 1 1743.629198364004 7.906016656028596 0.0 4.5 1.8 1.5 0.0
44 58 1 1763.3850877460586 7.912164624206584 0.0 4.5 1.8 1.5 0.0
45 58 1 1782.3386524747943 7.880027056775606 0.0 4.5 1.8 1.5 0.0
46 58 1 1802.2719307254106 7.923288429904187 0.0 4.5 1.8 1.5 0.0
47 58 1 1821.4938979808428 7.827314107800201 0.0 4.5 1.8 1.5 0.0
48 58 1 1841.250043660215 7.908717902795994 0.0 4.5 1.8 1.5 0.0
49 58 1 1861.0501728100858 7.889055978328425 0.0 4.5 1.8 1.5 0.0
0 59 1 1220.3648322402032 -1.7561751487055208 0.0 4.5 1.8 1.5 0.0
1 59 1 1238.800860110428 -1.6445708827713197 0.0 4.5 1.8 1.5 0.0
2 59 1 1257.8255727140227 -1.6953929217618273 0.0 4.5 1.8 1.5 0.0
3 59 1 1276.207774888682 -1.704705831630257 0.0 4.5 1.8 1.5 0.0
4 59 1 1294.3921646145318 -1.7280556316119569 0.0 4.5 1.8 1.5 0.0
5 59 1 1312.7967797903236 -1.7887938284747202 0.0 4.5 1.8 1.5 0.0
6 59 1 1331.3593799858477 -1.713420446169971 0.0 4.5 1.8 1.5 0.0
7 59 1 1349.9032722224688 -1.7067275758373384 0.0 4.5 1.8 1.5 0.0
8 59 1 1368.1693303818665 -1.7549634021596503 0.0 4.5 1.8 1.5 0.0
9 59 1 1386.6639728140717 -1.6744918891184606 0.0 4.5 1.8 1.5 0.0
10 59 1 1404.8685454130177 -1.7070300629752317 0.0 4.5 1.8 1.5 0.0
11 59 1 1423.5914928460675 -1.747306989840182 0.0 4.5 1.8 1.5 0.0
12 59 1 1441.874984039307 -1.699873208220958 0.0 4.5 1.8 1.5 0.0
13 59 1 1460.2135421411572 -1.6939075648967992 0.0 4.5 1.8 1.5 0.0
14 59 1 1478.7088265146108 -1.658261066007608 0.0 4.5 1.8 1.5 0.0
15 59 1 1497.8031339829474 -1.7544415907443598 0.0 4.5 1.8 1.5 0.0
16 59 1 1515.8900810508717 -1.7477408459033696 0.0 4.5 1.8 1.5 0.0
17 59 1 1534.4391013576835 -1.7746666711135295 0.0 4.5 1.8 1.5 0.0
18 59 1 1552.7746989191367 -1.7550531990037364 0.0 4.5 1.8 1.5 0.0
19 59 1 1571.0848556941585 -1.7629550144166342 0.0 4.5 1.8 1.5 0.0
20 59 1 1589.7383937506845 -1.7532527683812482 0.0 4.5 1.8 1.5 0.0
21 59 1 1608.1319875528989 -1.7286086520723853 0.0 4.5 1.8 1.5 0.0
22 59 1 1626.4463712711995 -1.7040159552892624 0.0 4.5 1.8 1.5 0.0
23 59 1 1644.7645718557549 -1.7008853949822245 0.0 4.5 1.8 1.5 0.0
24 59 1 1663.6706747474843 -1.7503084899509045 0.0 4.5 1.8 1.5 0.0
25 59 1 1682.0466409077953 -1.6364988689848796 0.0 4.5 1.8 1.5 0.0
26 59 1 1700.096718925862 -1.7841564809137964 0.0 4.5 1.8 1.5 0.0
27 59 1 1718.768013148229 -1.7387741267976125 0.0 4.5 1.8 1.5 0.0
28 59 1 1737.5290126565546 -1.7096633736342772 0.0 4.5 1.8 1.5 0.0
29 59 1 1755.4425231756418 -1.7687617262098543 0.0 4.5 1.8 1.5 0.0
30 59 1 1774.2686150935942 -1.739962949363478 0.0 4.5 1.8 1.5 0.0
31 59 1 1792.5070709061954 -1.6636136134036448 0.0 4.5 1.8 1.5 0.0
32 59 1 1810.849124520444 -1.7137001920962769 0.0 4.5 1.8 1.5 0.0
33 59 1 1829.3903335533926 -1.6772375250834641 0.0 4.5 1.8 1.5 0.0
34 59 1 1847.9594671469863 -1.7224094372220102 0.0 4.5 1.8 1.5 0.0
35 59 1 1866.3017191367107 -1.7299927012354432 0.0 4.5 1.8 1.5 0.0
36 59 1 1884.4411378875545 -1.6985237077893622 0.0 4.5 1.8 1.5 0.0
37 59 1 1903.562769765632 -1.7555897076938218 0.0 4.5 1.8 1.5 0.0
38 59 1 1921.477396516072 -1.7549401392414559 0.0 4.5 1.8 1.5 0.0
39 59 1 1940.2245918582644 -1.6889794779494467 0.0 4.5 1.8 1.5 0.0
40 59 1 1958.4956370085636 -1.757304703741217 0.0 4.5 1.8 1.5 0.0
41 59 1 1976.993490949902 -1.789634857026059 0.0 4.5 1.8 1.5 0.0
42 59 1 1995.4513719494723 -1.667827531354872 0.0 4.5 1.8 1.5 0.0
43 59 1 2013.620117853301 -1.7880296645007518 0.0 4.5 1.8 1.5 0.0
44 59 1 2032.633916303494 -1.741991732634498 0.0 4.5 1.8 1.5 0.0
45 59 1 2050.992889338871 -1.7191036339191603 0.0 4.5 1.8 1.5 0.0
46 59 1 2069.1809798508207 -1.6894831156844365 0.0 4.5 1.8 1.5 0.0
47 59 1 2087.484242087387 -1.7047788934844865 0.0 4.5 1.8 1.5 0.0
48 59 1 2106.0324150202987 -1.7774284228295203 0.0 4.5 1.8 1.5 0.0
49 59 1 2124.6238803627357 -1.7245691410031645 0.0 4.5 1.8 1.5 0.0
0 60 1 284.7290838576359 -0.810412099594151 0.0 4.5 1.8 1.5 0.0
1 60 1 302.9827385497284 -0.834133567573223 0.0 4.5 1.8 1.5 0.0
2 60 1 320.8268334029401 -0.8918653613246127 0.0 4.5 1.8 1.5 0.0
3 60 1 339.2638758857123 -0.89402561277495 0.0 4.5 1.8 1.5 0.0
4 60 1 357.25385635507934 -0.8674202039164335 0.0 4.5 1.8 1.5 0.0
5 60 1 374.84981610218966 -0.8875994295554611 0.0 4.5 1.8 1.5 0.0
6 60 1 393.28251491862784 -0.8533127593788158 0.0 4.5 1.8 1.5 0.0
7 60 1 411.10668374278805 -0.981369288386735 0.0 4.5 1.8 1.5 0.0
8 60 1 428.78403222848965 -0.9659488484195158 0.0 4.5 1.8 1.5 0.0
9 60 1 447.06963828571764 -0.9056394626228325 0.0 4.5 1.8 1.5 0.0
10 60 1 464.9051406491515 -0.8356579292533592 0.0 4.5 1.8 1.5 0.0
11 60 1 482.9759653162256 -0.9553115210415105 0.0 4.5 1.8 1.5 0.0
12 60 1 501.2748624847463 -0.8380883129384986 0.0 4.5 1.8 1.5 0.0
13 60 1 519.6966824602312 -0.8576563162130012 0.0 4.5 1.8 1.5 0.0
14 60 1 537.6301736823125 -0.9473864015244882 0.0 4.5 1.8 1.5 0.0
15 60 1 555.7746517929995 -0.9798577914659344 0.0 4.5 1.8 1.5 0.0
16 60 1 573.270432292389 -0.8587509429592213 0.0 4.5 1.8 1.5 0.0
17 60 1 591.0786529423268 -0.9331360735344267 0.0 4.5 1.8 1.5 0.0
18 60 1 609.2110080419073 -0.9022946193006467 0.0 4.5 1.8 1.5 0.0
19 60 1 627.7410053213994 -0.8859423156237695 0.0 4.5 1.8 1.5 0.0
20 60 1 645.3925721635172 -1.0309997872970702 0.0 4.5 1.8 1.5 0.0
21 60 1 663.6070321956313 -0.847282798489251 0.0 4.5 1.8 1.5 0.0
22 60 1 681.2021734034008 -0.8901321869242861 0.0 4.5 1.8 1.5 0.0
23 60 1 699.6092751973288 -0.8385534810729753 0.0 4.5 1.8 1.5 0.0
24 60 1 717.4542160699125 -0.9305515869923999 0.0 4.5 1.8 1.5 0.0
25 60 1 735.5363665041674 -0.8225617162992909 0.0 4.5 1.8 1.5 0.0
26 60 1 753.8649312545949 -0.8878508340467807 0.0 4.5 1.8 1.5 0.0
27 60 1 771.8886136738975 -1.005218129280768 0.0 4.5 1.8 1.5 0.0
28 60 1 789.8714854119778 -0.9427218770788524 0.0 4.5 1.8 1.5 0.0
29 60 1 808.0950556719378 -0.9399958045348212 0.0 4.5 1.8 1.5 0.0
30 60 1 825.5995945423111 -0.8586623824316011 0.0 4.5 1.8 1.5 0.0
31 60 1 843.9304340046136 -0.9091001728765192 0.0 4.5 1.8 1.5 0.0
32 60 1 861.9014201868413 -0.8620145781717357 0.0 4.5 1.8 1.5 0.0
33 60 1 879.9342585134677 -0.9070113148160798 0.0 4.5 1.8 1.5 0.0
34 60 1 897.9851739893726 -0.8164650486873353 0.0 4.5 1.8 1.5 0.0
35 60 1 915.6675302910111 -0.9287865707152503 0.0 4.5 1.8 1.5 0.0
36 60 1 933.9465753156263 -0.9395947709715616 0.0 4.5 1.8 1.5 0.0
37 60 1 951.6089396446082 -0.8321274201440622 0.0 4.5 1.8 1.5 0.0
38 60 1 969.5523589405476 -0.9069027038143768 0.0 4.5 1.8 1.5 0.0
39 60 1 988.1784016600042 -0.8734485794630564 0.0 4.5 1.8 1.5 0.0
40 60 1 1005.9776591251559 -0.941655547764908 0.0 4.5 1.8 1.5 0.0
41 60 1 1024.1523787632807 -0.9362032908615037 0.0 4.5 1.8 1.5 0.0
42 60 1 1042.165287920214 -0.8797376865264221 0.0 4.5 1.8 1.5 0.0
43 60 1 1060.1708041870609 -0.9187995068971307 0.0 4.5 1.8 1.5 0.0
44 60 1 1078.5760956294162 -0.8688732372446413 0.0 4.5 1.8 1.5 0.0
45 60 1 1096.1418482250047 -0.8735700402850698 0.0 4.5 1.8 1.5 0.0
46 60 1 1114.071193883363 -0.9060987938620554 0.0 4.5 1.8 1.5 0.0
47 60 1 1132.7329664008714 -0.9251526092602754 0.0 4.5 1.8 1.5 0.0
48 60 1 1150.267524076694 -0.9095888114256483 0.0 4.5 1.8 1.5 0.0
49 60 1 1168.1036480304813 -0.8657293194271697 0.0 4.5 1.8 1.5 0.0
0 61 1 1630.5515932067617 0.3342483454463469 0.0 4.5 1.8 1.5 0.0
1 61 1 1646.4816228624557 0.3759026260057042 0.0 4.5 1.8 1.5 0.0
2 61 1 1661.9475529453032 0.2941492910987621 0.0 4.5 1.8 1.5 0.0
3 61 1 1677.627101938103 0.35989724751523305 0.0 4.5 1.8 1.5 0.0
4 61 1 1693.8936522624763 0.3092023676057631 0.0 4.5 1.8 1.5 0.0
5 61 1 1709.3243486883782 0.39829559184615804 0.0 4.5 1.8 1.5 0.0
6 61 1 1725.242492932481 0.34676824924126204 0.0 4.5 1.8 1.5 0.0
7 61 1 1740.6719446211578 0.35889286746518023 0.0 4.5 1.8 1.5 0.0
8 61 1 1756.493047214765 0.2682554547044613 0.0 4.5 1.8 1.5 0.0
9 61 1 1772.3782667280284 0.29566682782877474 0.0 4.5 1.8 1.5 0.0
10 61 1 1788.1720476650194 0.25290738227496334 0.0 4.5 1.8 1.5 0.0
11 61 1 1804.1768774257043 0.3813407787270307 0.0 4.5 1.8 1.5 0.0
12 61 1 1819.3643922300973 0.3738793542845368 0.0 4.5 1.8 1.5 0.0
13 61 1 1835.3605015594758 0.36780524085034855 0.0 4.5 1.8 1.5 0.0
14 61 1 1851.2776645474214 0.3263952422052592 0.0 4.5 1.8 1.5 0.0
15 61 1 1867.023080876585 0.3855629242128836 0.0 4.5 1.8 1.5 0.0
16 61 1 1882.5809293644788 0.3553484809379597 0.0 4.5 1.8 1.5 0.0
17 61 1 1898.8178595604763 0.3607734680282298 0.0 4.5 1.8 1.5 0.0
18 61 1 1914.8312798708776 0.2985091258649743 0.0 4.5 1.8 1.5 0.0
19 61 1 1930.3265476130464 0.31965193223413824 0.0 4.5 1.8 1.5 0.0
20 61 1 1946.1505144243126 0.32457201421514076 0.0 4.5 1.8 1.5 0.0
21 61 1 1961.5950046131843 0.3902600741947907 0.0 4.5 1.8 1.5 0.0
22 61 1 1977.3430139422674 0.25432017605618146 0.0 4.5 1.8 1.5 0.0
23 61 1 1993.106703513951 0.3559081113306359 0.0 4.5 1.8 1.5 0.0
24 61 1 2009.2572272014181 0.3305129327660349 0.0 4.5 1.8 1.5 0.0
25 61 1 2025.011205425062 0.25704771792732956 0.0 4.5 1.8 1.5 0.0
26 61 1 2040.4276598791662 0.3105277081435042 0.0 4.5 1.8 1.5 0.0
27 61 1 2056.2621472471496 0.3291611834137191 0.0 4.5 1.8 1.5 0.0
28 61 1 2072.1919878846375 0.3027161220926847 0.0 4.5 1.8 1.5 0.0
29 61 1 2087.8503579910644 0.32270031948500666 0.0 4.5 1.8 1.5 0.0
30 61 1 2103.40612083341 0.3192731295471375 0.0 4.5 1.8 1.5 0.0
31 61 1 2119.3313134687232 0.31670243575105694 0.0 4.5 1.8 1.5 0.0
32 61 1 2135.1351438265333 0.32874014103187854 0.0 4.5 1.8 1.5 0.0
33 61 1 2150.8110794599106 0.3885922006997725 0.0 4.5 1.8 1.5 0.0
34 61 1 2166.432388930406 0.28890795857771445 0.0 4.5 1.8 1.5 0.0
35 61 1 2182.9910243416057 0.2730568962517478 0.0 4.5 1.8 1.5 0.0
36 61 1 2197.9330272423335 0.36168030125127015 0.0 4.5 1.8 1.5 0.0
37 61 1 2213.557100767035 0.3131927685025873 0.0 4.5 1.8 1.5 0.0
38 61 1 2230.17043628332 0.2477096678935392 0.0 4.5 1.8 1.5 0.0
39 61 1 2245.113624961671 0.24999740390332434 0.0 4.5 1.8 1.5 0.0
40 61 1 2261.4584363330036 0.3811953000004999 0.0 4.5 1.8 1.5 0.0
41 61 1 2276.944993220453 0.3591170842012627 0.0 4.5 1.8 1.5 0.0
42 61 1 2293.0943086058655 0.41432378472270054 0.0 4.5 1.8 1.5 0.0
43 61 1 2308.5357370446422 0.2098828781177099 0.0 4.5 1.8 1.5 0.0
44 61 1 2324.1895748769102 0.3036162542544464 0.0 4.5 1.8 1.5 0.0
45 61 1 2340.0707094625914 0.31556349395077327 0.0 4.5 1.8 1.5 0.0
46 61 1 2356.1150227020075 0.38867788533558834 0.0 4.5 1.8 1.5 0.0
47 61 1 2371.625655612151 0.3798807078038002 0.0 4.5 1.8 1.5 0.0
48 61 1 2387.5002691767772 0.32818176264433785 0.0 4.5 1.8 1.5 0.0
49 61 1 2403.378792295387 0.32856906641310507 0.0 4.5 1.8 1.5 0.0
0 62 1 149.72118461446664 -6.16211590931914 0.0 4.5 1.8 1.5 0.0
1 62 1 166.42015943295686 -6.15702922769843 0.0 4.5 1.8 1.5 0.0
2 62 1 184.21762670675932 -6.180778422497139 0.0 4.5 1.8 1.5 0.0
3 62 1 201.08064567606124 -6.100562374274177 0.0 4.5 1.8 1.5 0.0
4 62 1 218.0907861308117 -6.0925850236953085 0.0 4.5 1.8 1.5 0.0
5 62 1 235.68321985844216 -6.2251735740253435 0.0 4.5 1.8 1.5 0.0
6 62 1 252.5587585616063 -6.205203267510457 0.0 4.5 1.8 1.5 0.0
7 62 1 269.5294742359843 -6.165939038372799 0.0 4.5 1.8 1.5 0.0
8 62 1 286.9241723953387 -6.164135059754778 0.0 4.5 1.8 1.5 0.0
9 62 1 304.0455478631298 -6.132811963981618 0.0 4.5 1.8 1.5 0.0
10 62 1 321.65503641642755 -6.214256576529354 0.0 4.5 1.8 1.5 0.0
11 62 1 338.7832157791845 -6.174816597860864 0.0 4.5 1.8 1.5 0.0
12 62 1 356.2115205620452 -6.230586574221086 0.0 4.5 1.8 1.5 0.0
13 62 1 373.08837578632244 -6.210996807661732 0.0 4.5 1.8 1.5 0.0
14 62 1 390.3315737386479 -6.152298945687163 0.0 4.5 1.8 1.5 0.0
15 62 1 407.3960233408197 -6.197167936895804 0.0 4.5 1.8 1.5 0.0
16 62 1 424.92336769325243 -6.111096392730021 0.0 4.5 1.8 1.5 0.0
17 62 1 442.0326374578882 -6.185860780763501 0.0 4.5 1.8 1.5 0.0
18 62 1 459.0910895838468 -6.151556309389979 0.0 4.5 1.8 1.5 0.0
19 62 1 476.38703708554175 -6.261411417720908 0.0 4.5 1.8 1.5 0.0
20 62 1 493.65973544892887 -6.221991115297471 0.0 4.5 1.8 1.5 0.0
21 62 1 510.46564583797885 -6.262379870231779 0.0 4.5 1.8 1.5 0.0
22 62 1 527.9095869626439 -6.229788843935473 0.0 4.5 1.8 1.5 0.0
23 62 1 544.6913102421393 -6.196885401168184 0.0 4.5 1.8 1.5 0.0
24 62 1 562.2622431043166 -6.186457681559262 0.0 4.5 1.8 1.5 0.0
25 62 1 579.4383523976918 -6.087496142649979 0.0 4.5 1.8 1.5 0.0
26 62 1 596.8713741646436 -6.203943292007417 0.0 4.5 1.8 1.5 0.0
27 62 1 613.958956055424 -6.108230492451575 0.0 4.5 1.8 1.5 0.0
28 62 1 631.3667807024672 -6.248773216545095 0.0 4.5 1.8 1.5 0.0
29 62 1 648.1843727451613 -6.21805496952751 0.0 4.5 1.8 1.5 0.0
30 62 1 665.4950655843461 -6.2087337859701455 0.0 4.5 1.8 1.5 0.0
31 62 1 682.7935821427121 -6.142176560275399 0.0 4.5 1.8 1.5 0.0
32 62 1 700.1710870668229 -6.195302492971307 0.0 4.5 1.8 1.5 0.0
33 62 1 716.8673910224021 -6.23098312291993 0.0 4.5 1.8 1.5 0.0
34 62 1 734.2941494854336 -6.241214348788911 0.0 4.5 1.8 1.5 0.0
35 62 1 751.8300509579066 -6.23793967875538 0.0 4.5 1.8 1.5 0.0
36 62 1 768.9290664867199 -6.26305664357747 0.0 4.5 1.8 1.5 0.0
37 62 1 786.1408688152386 -6.185926061159722 0.0 4.5 1.8 1.5 0.0
38 62 1 803.5157094526465 -6.235540756153659 0.0 4.5 1.8 1.5 0.0
39 62 1 820.3041550692702 -6.197484255896865 0.0 4.5 1.8 1.5 0.0
40 62 1 837.5902527325691 -6.196261667371467 0.0 4.5 1.8 1.5 0.0
41 62 1 854.759191750624 -6.196115752995627 0.0 4.5 1.8 1.5 0.0
42 62 1 871.6140662044962 -6.129295900745954 0.0 4.5 1.8 1.5 0.0
43 62 1 889.8043042117456 -6.164049070596294 0.0 4.5 1.8 1.5 0.0
44 62 1 906.2087014458538 -6.230689557368757 0.0 4.5 1.8 1.5 0.0
45 62 1 923.7622611330105 -6.1596891520339305 0.0 4.5 1.8 1.5 0.0
46 62 1 940.786543027728 -6.141292407282384 0.0 4.5 1.8 1.5 0.0
47 62 1 957.6343987576944 -6.1412595194647865 0.0 4.5 1.8 1.5 0.0
48 62 1 975.2985027171709 -6.228760025365505 0.0 4.5 1.8 1.5 0.0
49 62 1 992.1680604157823 -6.172896261689061 0.0 4.5 1.8 1.5 0.0
0 63 1 813.385883198296 5.893617653055203 0.0 4.5 1.8 1.5 0.0
1 63 1 831.5080096779355 5.972127361237839 0.0 4.5 1.8 1.5 0.0
2 63 1 849.0633252363399 5.958021361189634 0.0 4.5 1.8 1.5 0.0
3 63 1 867.4201250342503 5.998044582440862 0.0 4.5 1.8 1.5 0.0
4 63 1 885.1595126411961 5.921046108003951 0.0 4.5 1.8 1.5 0.0
5 63 1 903.3703877162137 5.878442055163873 0.0 4.5 1.8 1.5 0.0
6 63 1 921.1647793255211 5.870448748944696 0.0 4.5 1.8 1.5 0.0
7 63 1 939.2422692373282 5.9260478045323595 0.0 4.5 1.8 1.5 0.0
8 63 1 957.2350411455452 5.9635207181306935 0.0 4.5 1.8 1.5 0.0
9 63 1 974.6888109679428 6.010181466916779 0.0 4.5 1.8 1.5 0.0
10 63 1 993.1958345827802 5.983064404942878 0.0 4.5 1.8 1.5 0.0
11 63 1 1010.6853984720268 5.923649382595047 0.0 4.5 1.8 1.5 0.0
12 63 1 1028.8189320040547 5.903764560346346 0.0 4.5 1.8 1.5 0.0
13 63 1 1047.0804463906056 5.946166403899219 0.0 4.5 1.8 1.5 0.0
14 63 1 1064.153437982231 5.955917870950729 0.0 4.5 1.8 1.5 0.0
15 63 1 1082.5766066278286 5.935203752506995 0.0 4.5 1.8 1.5 0.0
16 63 1 1100.5246447495742 5.979302401143252 0.0 4.5 1.8 1.5 0.0
17 63 1 1118.7744366939814 5.95310273842585 0.0 4.5 1.8 1.5 0.0
18 63 1 1136.4347674163828 5.936883220072459 0.0 4.5 1.8 1.5 0.0
19 63 1 1154.4586800926654 5.898828578319676 0.0 4.5 1.8 1.5 0.0
20 63 1 1172.5226764146034 5.9619521965059405 0.0 4.5 1.8 1.5 0.0
21 63 1 1190.667109448384 6.001717569327341 0.0 4.5 1.8 1.5 0.0
22 63 1 1208.1740167324501 5.979964999038366 0.0 4.5 1.8 1.5 0.0
23 63 1 1226.0730915548888 5.97374668535996 0.0 4.5 1.8 1.5 0.0
24 63 1 1244.112089907295 5.887787419144138 0.0 4.5 1.8 1.5 0.0
25 63 1 1262.223552331126 5.80522172390521 0.0 4.5 1.8 1.5 0.0
26 63 1 1279.769478663245 5.9300754861242035 0.0 4.5 1.8 1.5 0.0
27 63 1 1298.0882926469926 5.920484141805008 0.0 4.5 1.8 1.5 0.0
28 63 1 1315.7080475494615 5.898055488205992 0.0 4.5 1.8 1.5 0.0
29 63 1 1334.054307190192 5.968039168844336 0.0 4.5 1.8 1.5 0.0
30 63 1 1351.9249512167648 5.9967917693647665 0.0 4.5 1.8 1.5 0.0
31 63 1 1369.9598057605153 5.901577297615007 0.0 4.5 1.8 1.5 0.0
32 63 1 1387.7763564606805 5.868806772452524 0.0 4.5 1.8 1.5 0.0
33 63 1 1405.762959588824 5.994555111273984 0.0 4.5 1.8 1.5 0.0
34 63 1 1423.873775919384 6.009050546608873 0.0 4.5 1.8 1.5 0.0
35 63 1 1441.6282713692215 6.00625507003863 0.0 4.5 1.8 1.5 0.0
36 63 1 1459.6023180882312 6.012529334441412 0.0 4.5 1.8 1.5 0.0
37 63 1 1477.5887380995719 5.974311649003131 0.0 4.5 1.8 1.5 0.0
38 63 1 1495.8402624374617 5.9292786988838575 0.0 4.5 1.8 1.5 0.0
39 63 1 1513.5410482776479 6.0033932515732324 0.0 4.5 1.8 1.5 0.0
40 63 1 1531.4229003628925 5.87290546618761 0.0 4.5 1.8 1.5 0.0
41 63 1 1549.8302329221349 5.91546185709606 0.0 4.5 1.8 1.5 0.0
42 63 1 1567.385513236945 5.996750413785474 0.0 4.5 1.8 1.5 0.0
43 63 1 1585.1841937615504 5.888556684651811 0.0 4.5 1.8 1.5 0.0
44 63 1 1603.3087705171913 5.849296260417298 0.0 4.5 1.8 1.5 0.0
45 63 1 1621.152572358002 5.951202013528688 0.0 4.5 1.8 1.5 0.0
46 63 1 1639.10829370955 5.86177753315363 0.0 4.5 1.8 1.5 0.0
47 63 1 1657.4332501956953 5.944126988010376 0.0 4.5 1.8 1.5 0.0
48 63 1 1675.3527755435464 5.9259482678038955 0.0 4.5 1.8 1.5 0.0
49 63 1 1692.8426732391954 5.9524091263256755 0.0 4.5 1.8 1.5 0.0
0 64 1 281.4993987352467 -1.1817939613417 0.0 4.5 1.8 1.5 0.0
1 64 1 298.1527888291857 -1.2787135801399094 0.0 4.5 1.8 1.5 0.0
2 64 1 315.4457758663732 -1.3319504108589681 0.0 4.5 1.8 1.5 0.0
3 64 1 332.4542682553612 -1.3931097234563952 0.0 4.5 1.8 1.5 0.0
4 64 1 349.4328248617832 -1.3090797393989755 0.0 4.5 1.8 1.5 0.0
5 64 1 366.22930449623215 -1.2267312936077348 0.0 4.5 1.8 1.5 0.0
6 64 1 383.39272133087906 -1.2597245512221684 0.0 4.5 1.8 1.5 0.0
7 64 1 400.4815259755529 -1.3443342916355245 0.0 4.5 1.8 1.5 0.0
8 64 1 417.3130477049713 -1.2988339975475074 0.0 4.5 1.8 1.5 0.0
9 64 1 434.4402180898522 -1.2249721375227773 0.0 4.5 1.8 1.5 0.0
10 64 1 451.38572840533425 -1.1770563993692265 0.0 4.5 1.8 1.5 0.0
11 64 1 468.45077523349363 -1.2671965576932538 0.0 4.5 1.8 1.5 0.0
12 64 1 485.2096991217543 -1.229278571968997 0.0 4.5 1.8 1.5 0.0
13 64 1 502.22163459284656 -1.2240668249090974 0.0 4.5 1.8 1.5 0.0
14 64 1 518.7327825383876 -1.1652853150649174 0.0 4.5 1.8 1.5 0.0
15 64 1 536.1754993054986 -1.3404487575492112 0.0 4.5 1.8 1.5 0.0
16 64 1 552.9649818839158 -1.3657918435630443 0.0 4.5 1.8 1.5 0.0
17 64 1 569.9141405036406 -1.2664379124365726 0.0 4.5 1.8 1.5 0.0
18 64 1 587.4195774076219 -1.2387917617335933 0.0 4.5 1.8 1.5 0.0
19 64 1 604.1476535729612 -1.3160807170653688 0.0 4.5 1.8 1.5 0.0
20 64 1 620.9206313548827 -1.296671875673193 0.0 4.5 1.8 1.5 0.0
21 64 1 637.9287496590214 -1.2769023348170134 0.0 4.5 1.8 1.5 0.0
22 64 1 654.9992201345605 -1.2762794096859256 0.0 4.5 1.8 1.5 0.0
23 64 1 671.9046044662953 -1.252572832713972 0.0 4.5 1.8 1.5 0.0
24 64 1 688.9604333211208 -1.3391038533156947 0.0 4.5 1.8 1.5 0.0
25 64 1 706.014639607691 -1.265163690893662 0.0 4.5 1.8 1.5 0.0
26 64 1 722.6762847181735 -1.28889056333941 0.0 4.5 1.8 1.5 0.0
27 64 1 740.096071686332 -1.3161479879376186 0.0 4.5 1.8 1.5 0.0
28 64 1 756.7126683256292 -1.2755696721041703 0.0 4.5 1.8 1.5 0.0
29 64 1 774.0701375589825 -1.1688091114684485 0.0 4.5 1.8 1.5 0.0
30 64 1 791.0617851414362 -1.205084103996778 0.0 4.5 1.8 1.5 0.0
31 64 1 807.983784561611 -1.2935812899867198 0.0 4.5 1.8 1.5 0.0
32 64 1 825.0292342166751 -1.2636058934509893 0.0 4.5 1.8 1.5 0.0
33 64 1 841.9587457343665 -1.3066269823221313 0.0 4.5 1.8 1.5 0.0
34 64 1 858.9610750924141 -1.265350900842878 0.0 4.5 1.8 1.5 0.0
35 64 1 875.8984844471281 -1.2635791497458397 0.0 4.5 1.8 1.5 0.0
36 64 1 892.7812392400682 -1.2350909520236628 0.0 4.5 1.8 1.5 0.0
37 64 1 909.7399086028034 -1.3387598975234627 0.0 4.5 1.8 1.5 0.0
38 64 1 926.4307797788905 -1.2501046625332344 0.0 4.5 1.8 1.5 0.0
39 64 1 943.7005771965263 -1.3457804498761858 0.0 4.5 1.8 1.5 0.0
40 64 1 960.7957747183282 -1.2640192187532513 0.0 4.5 1.8 1.5 0.0
41 64 1 977.658991971718 -1.2469850250955405 0.0 4.5 1.8 1.5 0.0
42 64 1 995.0063804578292 -1.1950959550703262 0.0 4.5 1.8 1.5 0.0
43 64 1 1011.7565615498747 -1.263561012647726 0.0 4.5 1.8 1.5 0.0
44 64 1 1028.7438026282205 -1.2438751443658658 0.0 4.5 1.8 1.5 0.0
45 64 1 1045.6430429167317 -1.250598338006928 0.0 4.5 1.8 1.5 0.0
46 64 1 1062.36642360338 -1.255258046837245 0.0 4.5 1.8 1.5 0.0
47 64 1 1079.7609592020387 -1.2838175881049034 0.0 4.5 1.8 1.5 0.0
48 64 1 1096.6309489196215 -1.3149007600396394 0.0 4.5 1.8 1.5 0.0
49 64 1 1113.3844276973323 -1.2487847371066236 0.0 4.5 1.8 1.5 0.0
0 65 1 569.0834273842657 -1.5452889183712755 0.0 4.5 1.8 1.5 0.0
1 65 1 585.487858007918 -1.486821782098681 0.0 4.5 1.8 1.5 0.0
2 65 1 602.1861784364789 -1.564119989077599 0.0 4.5 1.8 1.5 0.0
3 65 1 618.8280735302762 -1.4537758420015228 0.0 4.5 1.8 1.5 0.0
4 65 1 634.9493128093328 -1.5513351899513548 0.0 4.5 1.8 1.5 0.0
5 65 1 651.960122039197 -1.517486022532062 0.0 4.5 1.8 1.5 0.0
6 65 1 667.8245694348685 -1.5801274217059313 0.0 4.5 1.8 1.5 0.0
7 65 1 684.7652722211154 -1.568295478983527 0.0 4.5 1.8 1.5 0.0
8 65 1 701.2790825138138 -1.508523535785118 0.0 4.5 1.8 1.5 0.0
9 65 1 718.2008393105391 -1.5246660422806866 0.0 4.5 1.8 1.5 0.0
10 65 1 734.6695178714378 -1.4387053383674586 0.0 4.5 1.8 1.5 0.0
11 65 1 751.2884925671849 -1.4959056168000187 0.0 4.5 1.8 1.5 0.0
12 65 1 767.1555939255377 -1.4871021031991039 0.0 4.5 1.8 1.5 0.0
13 65 1 784.3045528544594 -1.5141967017410678 0.0 4.5 1.8 1.5 0.0
14 65 1 800.9904107727028 -1.4671516683959243 0.0 4.5 1.8 1.5 0.0
15 65 1 817.3017697959094 -1.4558243109090052 0.0 4.5 1.8 1.5 0.0
16 65 1 833.8014102125221 -1.6347838714390648 0.0 4.5 1.8 1.5 0.0
17 65 1 850.1815295737671 -1.4502849451069044 0.0 4.5 1.8 1.5 0.0
18 65 1 866.6664602178325 -1.521316971731144 0.0 4.5 1.8 1.5 0.0
19 65 1 883.1656323448628 -1.4209472167092085 0.0 4.5 1.8 1.5 0.0
20 65 1 900.2575192209181 -1.5543367912263335 0.0 4.5 1.8 1.5 0.0
21 65 1 916.4973014513034 -1.5441680488574994 0.0 4.5 1.8 1.5 0.0
22 65 1 933.137451900823 -1.4846591926071806 0.0 4.5 1.8 1.5 0.0
23 65 1 949.7234252091305 -1.4935474240839026 0.0 4.5 1.8 1.5 0.0
24 65 1 966.6947864578766 -1.561539534719834 0.0 4.5 1.8 1.5 0.0
25 65 1 982.3122056675028 -1.5297978565043702 0.0 4.5 1.8 1.5 0.0
26 65 1 998.8873498070691 -1.5847664599695968 0.0 4.5 1.8 1.5 0.0
27 65 1 1015.5473056511327 -1.5562527917408784 0.0 4.5 1.8 1.5 0.0
28 65 1 1032.1032660833732 -1.4842323989470265 0.0 4.5 1.8 1.5 0.0
29 65 1 1048.7395730133373 -1.519119075212921 0.0 4.5 1.8 1.5 0.0
30 65 1 1065.566278502246 -1.5484594727083683 0.0 4.5 1.8 1.5 0.0
31 65 1 1081.8811438893958 -1.4918553471646512 0.0 4.5 1.8 1.5 0.0
32 65 1 1098.0923606308038 -1.629388621916826 0.0 4.5 1.8 1.5 0.0
33 65 1 1115.0965187784784 -1.4855426324409522 0.0 4.5 1.8 1.5 0.0
34 65 1 1131.9867604614806 -1.5022386026759564 0.0 4.5 1.8 1.5 0.0
35 65 1 1148.284485499753 -1.5199169786485958 0.0 4.5 1.8 1.5 0.0
36 65 1 1164.726604122409 -1.4267805043818202 0.0 4.5 1.8 1.5 0.0
37 65 1 1180.7889812362585 -1.489462533590713 0.0 4.5 1.8 1.5 0.0
38 65 1 1198.18751826769 -1.49604163550883 0.0 4.5 1.8 1.5 0.0
39 65 1 1214.6371366361122 -1.541603953945769 0.0 4.5 1.8 1.5 0.0
40 65 1 1230.8472336664242 -1.5084671113498678 0.0 4.5 1.8 1.5 0.0
41 65 1 1246.956746071176 -1.568552237861807 0.0 4.5 1.8 1.5 0.0
42 65 1 1263.7275103929624 -1.4690400425676706 0.0 4.5 1.8 1.5 0.0
43 65 1 1280.6679371517669 -1.4939415243339704 0.0 4.5 1.8 1.5 0.0
44 65 1 1297.2049482317923 -1.5183508171053857 0.0 4.5 1.8 1.5 0.0
45 65 1 1313.8271351081203 -1.5097039243376935 0.0 4.5 1.8 1.5 0.0
46 65 1 1330.1449427054888 -1.5234229781324176 0.0 4.5 1.8 1.5 0.0
47 65 1 1346.8168811133219 -1.5312032872999426 0.0 4.5 1.8 1.5 0.0
48 65 1 1363.4218984150252 -1.5667508035050974 0.0 4.5 1.8 1.5 0.0
49 65 1 1379.553450010431 -1.4757720087129718 0.0 4.5 1.8 1.5 0.0
0 66 1 62.74607682443897 -1.7873584406968714 0.0 4.5 1.8 1.5 0.0
1 66 1 79.53441303969882 -1.860389200953708 0.0 4.5 1.8 1.5 0.0
2 66 1 95.76412496297972 -1.796394793790127 0.0 4.5 1.8 1.5 0.0
3 66 1 111.64840986918557 -1.8423992861283838 0.0 4.5 1.8 1.5 0.0
4 66 1 128.47492840481226 -1.9002268597068672 0.0 4.5 1.8 1.5 0.0
5 66 1 144.45360736118263 -1.9030706532238861 0.0 4.5 1.8 1.5 0.0
6 66 1 161.36618105302315 -1.839241887228726 0.0 4.5 1.8 1.5 0.0
7 66 1 177.63632894237293 -1.8442896160503404 0.0 4.5 1.8 1.5 0.0
8 66 1 193.9214613593334 -1.8378286834340594 0.0 4.5 1.8 1.5 0.0
9 66 1 210.28817199187995 -1.7556264673241087 0.0 4.5 1.8 1.5 0.0
10 66 1 227.43668330545913 -1.9313117099615125 0.0 4.5 1.8 1.5 0.0
11 66 1 243.45035718928824 -1.8352090958237939 0.0 4.5 1.8 1.5 0.0
12 66 1 259.955251979659 -1.764932003073334 0.0 4.5 1.8 1.5 0.0
13 66 1 276.34287248437295 -1.8194210974286182 0.0 4.5 1.8 1.5 0.0
14 66 1 293.47789139340136 -1.8205731696723193 0.0 4.5 1.8 1.5 0.0
15 66 1 309.68129413253035 -1.7899091414226123 0.0 4.5 1.8 1.5 0.0
16 66 1 325.66327012168466 -1.8510452236508255 0.0 4.5 1.8 1.5 0.0
17 66 1 342.2185231611292 -1.8713321805293819 0.0 4.5 1.8 1.5 0.0
18 66 1 358.49317024667937 -1.836161554343343 0.0 4.5 1.8 1.5 0.0
19 66 1 375.1705779081733 -1.7237086637050016 0.0 4.5 1.8 1.5 0.0
20 66 1 391.46088407425754 -1.7919326219731484 0.0 4.5 1.8 1.5 0.0
21 66 1 407.67826115013014 -1.7619940922476882 0.0 4.5 1.8 1.5 0.0
22 66 1 424.10546996429053 -1.7750892006869823 0.0 4.5 1.8 1.5 0.0
23 66 1 440.8795872484489 -1.8210411714290435 0.0 4.5 1.8 1.5 0.0
24 66 1 457.28168505535086 -1.880071155511659 0.0 4.5 1.8 1.5 0.0
25 66 1 473.5380496567902 -1.773182516490105 0.0 4.5 1.8 1.5 0.0
26 66 1 490.2360568746295 -1.830386361051117 0.0 4.5 1.8 1.5 0.0
27 66 1 506.76831486854985 -1.8099430101309915 0.0 4.5 1.8 1.5 0.0
28 66 1 522.967014728264 -1.691958712999925 0.0 4.5 1.8 1.5 0.0
29 66 1 539.7197180737819 -1.8086550956240761 0.0 4.5 1.8 1.5 0.0
30 66 1 555.914810297468 -1.7673705398323445 0.0 4.5 1.8 1.5 0.0
31 66 1 572.3059847437947 -1.858597261340517 0.0 4.5 1.8 1.5 0.0
32 66 1 589.2481292047174 -1.8134747654885186 0.0 4.5 1.8 1.5 0.0
33 66 1 605.2027600000557 -1.81472423939007 0.0 4.5 1.8 1.5 0.0
34 66 1 621.9714329079977 -1.7839458015942944 0.0 4.5 1.8 1.5 0.0
35 66 1 638.4422138096747 -1.8774863194290279 0.0 4.5 1.8 1.5 0.0
36 66 1 654.8831569492218 -1.8239614630946113 0.0 4.5 1.8 1.5 0.0
37 66 1 671.1571130300568 -1.754533799609815 0.0 4.5 1.8 1.5 0.0
38 66 1 687.7258037711998 -1.79745590024432 0.0 4.5 1.8 1.5 0.0
39 66 1 703.6344250597454 -1.8172836170610682 0.0 4.5 1.8 1.5 0.0
40 66 1 720.3202550786901 -1.7794562590721859 0.0 4.5 1.8 1.5 0.0
41 66 1 737.1213475534407 -1.830110075431192 0.0 4.5 1.8 1.5 0.0
42 66 1 753.2357133807051 -1.7371934845162573 0.0 4.5 1.8 1.5 0.0
43 66 1 769.6944579222895 -1.8747353996438665 0.0 4.5 1.8 1.5 0.0
44 66 1 786.0945189649178 -1.8427584936977646 0.0 4.5 1.8 1.5 0.0
45 66 1 802.5347463447611 -1.7727389551281503 0.0 4.5 1.8 1.5 0.0
46 66 1 818.7134020260655 -1.8591365448643304 0.0 4.5 1.8 1.5 0.0
47 66 1 835.5894509859186 -1.8044962132919393 0.0 4.5 1.8 1.5 0.0
48 66 1 852.3832832023439 -1.7377466386538696 0.0 4.5 1.8 1.5 0.0
49 66 1 868.1707345634794 -1.910410921320533 0.0 4.5 1.8 1.5 0.0
0 67 1 96.82975182359041 0.3534215684715709 0.0 4.5 1.8 1.5 0.0
1 67 1 114.46083603341114 0.30399069255640987 0.0 4.5 1.8 1.5 0.0
2 67 1 131.98200146317035 0.2746474593952162 0.0 4.5 1.8 1.5 0.0
3 67 1 149.64148297191653 0.2572050734328336 0.0 4.5 1.8 1.5 0.0
4 67 1 167.3628001344776 0.33368035458691414 0.0 4.5 1.8 1.5 0.0
5 67 1 184.78162299265728 0.30762077718793424 0.0 4.5 1.8 1.5 0.0
6 67 1 202.14739258813637 0.3453084030436118 0.0 4.5 1.8 1.5 0.0
7 67 1 219.51172062539933 0.3130306860645786 0.0 4.5 1.8 1.5 0.0
8 67 1 237.09630542600655 0.28640176725569466 0.0 4.5 1.8 1.5 0.0
9 67 1 254.3699578575589 0.3978965372592454 0.0 4.5 1.8 1.5 0.0
10 67 1 272.17831513195506 0.3890990105434229 0.0 4.5 1.8 1.5 0.0
11 67 1 290.05307872376636 0.2666302224594207 0.0 4.5 1.8 1.5 0.0
12 67 1 307.1453353892547 0.4589553557530296 0.0 4.5 1.8 1.5 0.0
13 67 1 325.23690020167646 0.3293542821188402 0.0 4.5 1.8 1.5 0.0
14 67 1 342.4618870114763 0.299387887637886 0.0 4.5 1.8 1.5 0.0
15 67 1 360.02058030993464 0.29507111274912184 0.0 4.5 1.8 1.5 0.0
16 67 1 377.05133639113666 0.2648524184596929 0.0 4.5 1.8 1.5 0.0
17 67 1 394.98572307046817 0.274376846010116 0.0 4.5 1.8 1.5 0.0
18 67 1 412.49174640481715 0.27719715581360227 0.0 4.5 1.8 1.5 0.0
19 67 1 429.8724284902012 0.373588473105905 0.0 4.5 1.8 1.5 0.0
20 67 1 447.6020927611314 0.33044698671957806 0.0 4.5 1.8 1.5 0.0
21 67 1 465.25208682311927 0.35496063745261275 0.0 4.5 1.8 1.5 0.0
22 67 1 482.8893040636571 0.3079372446694884 0.0 4.5 1.8 1.5 0.0
23 67 1 500.03776178660314 0.26587474446567816 0.0 4.5 1.8 1.5 0.0
24 67 1 517.5615900157359 0.3791687025003677 0.0 4.5 1.8 1.5 0.0
25 67 1 535.4310810105645 0.3789454661895788 0.0 4.5 1.8 1.5 0.0
26 67 1 552.335942539704 0.3850874684182821 0.0 4.5 1.8 1.5 0.0
27 67 1 569.8507745652612 0.37583607399136276 0.0 4.5 1.8 1.5 0.0
28 67 1 587.6686187615031 0.36605687348193816 0.0 4.5 1.8 1.5 0.0
29 67 1 604.9993833741403 0.38948858942055276 0.0 4.5 1.8 1.5 0.0
30 67 1 622.4965754714 0.2975074622425865 0.0 4.5 1.8 1.5 0.0
31 67 1 640.1136488719688 0.24321596514412044 0.0 4.5 1.8 1.5 0.0
32 67 1 657.8558706879421 0.4212346636770935 0.0 4.5 1.8 1.5 0.0
33 67 1 675.8940435957902 0.3357879971395578 0.0 4.5 1.8 1.5 0.0
34 67 1 693.1076961832414 0.34253493968167226 0.0 4.5 1.8 1.5 0.0
35 67 1 710.5078339440835 0.31382277522888347 0.0 4.5 1.8 1.5 0.0
36 67 1 727.9707700671161 0.35780414301556684 0.0 4.5 1.8 1.5 0.0
37 67 1 745.339760113158 0.327055492790596 0.0 4.5 1.8 1.5 0.0
38 67 1 762.9674634120355 0.3722503736517716 0.0 4.5 1.8 1.5 0.0
39 67 1 780.2896403784111 0.32835309735486284 0.0 4.5 1.8 1.5 0.0
40 67 1 798.4089452834492 0.38913321541454227 0.0 4.5 1.8 1.5 0.0
41 67 1 815.8200773763181 0.3321517997941471 0.0 4.5 1.8 1.5 0.0
42 67 1 833.1381384561793 0.3810420161203917 0.0 4.5 1.8 1.5 0.0
43 67 1 850.90968742625 0.23335006214110104 0.0 4.5 1.8 1.5 0.0
44 67 1 867.8582454358356 0.3964024128553778 0.0 4.5 1.8 1.5 0.0
45 67 1 885.5896532029935 0.29734416832234156 0.0 4.5 1.8 1.5 0.0
46 67 1 902.9178962536499 0.3031793727080399 0.0 4.5 1.8 1.5 0.0
47 67 1 920.411951971266 0.43548492142186923 0.0 4.5 1.8 1.5 0.0
48 67 1 938.2116359944565 0.3280326806971095 0.0 4.5 1.8 1.5 0.0
49 67 1 955.8574359167878 0.3790474662485739 0.0 4.5 1.8 1.5 0.0
0 68 1 1304.7108202193565 3.9373909254841757 0.0 4.5 1.8 1.5 0.0
1 68 1 1321.2665308956175 3.9621631953325376 0.0 4.5 1.8 1.5 0.0
2 68 1 1337.7942577375277 3.920353898652409 0.0 4.5 1.8 1.5 0.0
3 68 1 1354.2818806457915 3.969285622155672 0.0 4.5 1.8 1.5 0.0
4 68 1 1370.954904161082 3.9887039663404495 0.0 4.5 1.8 1.5 0.0
5 68 1 1387.5523345578013 3.9661891814696593 0.0 4.5 1.8 1.5 0.0
6 68 1 1404.2152895322429 4.033284385266105 0.0 4.5 1.8 1.5 0.0
7 68 1 1420.9433966618494 4.029358802676183 0.0 4.5 1.8 1.5 0.0
8 68 1 1437.3805471330545 4.0666090127750785 0.0 4.5 1.8 1.5 0.0
9 68 1 1453.84888715927 3.978615772436575 0.0 4.5 1.8 1.5 0.0
10 68 1 1470.7649717680372 3.826040039165498 0.0 4.5 1.8 1.5 0.0
11 68 1 1486.8282733221226 4.024963268127971 0.0 4.5 1.8 1.5 0.0
12 68 1 1503.621970317311 4.090621060412253 0.0 4.5 1.8 1.5 0.0
13 68 1 1520.0022799773483 3.9407976015510617 0.0 4.5 1.8 1.5 0.0
14 68 1 1536.4692309912623 3.9782418898135337 0.0 4.5 1.8 1.5 0.0
15 68 1 1553.4148425667026 4.044045532114746 0.0 4.5 1.8 1.5 0.0
16 68 1 1569.6341752200606 3.974988906004361 0.0 4.5 1.8 1.5 0.0
17 68 1 1586.077922945502 3.9369777042901943 0.0 4.5 1.8 1.5 0.0
18 68 1 1602.9643598109453 4.042449051107055 0.0 4.5 1.8 1.5 0.0
19 68 1 1619.170516739079 3.974486299277039 0.0 4.5 1.8 1.5 0.0
20 68 1 1635.8162229708723 4.005532064648071 0.0 4.5 1.8 1.5 0.0
21 68 1 1652.3420004845318 3.866015734697494 0.0 4.5 1.8 1.5 0.0
22 68 1 1669.175306938141 3.9471643001776346 0.0 4.5 1.8 1.5 0.0
23 68 1 1685.489545159656 3.984117877505063 0.0 4.5 1.8 1.5 0.0
24 68 1 1702.1548657383792 3.985144564608091 0.0 4.5 1.8 1.5 0.0
25 68 1 1718.3132174836148 3.990153932272296 0.0 4.5 1.8 1.5 0.0
26 68 1 1734.8122179535087 4.0008167388595215 0.0 4.5 1.8 1.5 0.0
27 68 1 1751.9725705869164 3.8939124745342104 0.0 4.5 1.8 1.5 0.0
28 68 1 1768.369446035526 4.015197438151193 0.0 4.5 1.8 1.5 0.0
29 68 1 1784.7688238202502 3.9960202999559025 0.0 4.5 1.8 1.5 0.0
30 68 1 1800.8564084766947 4.017248287582642 0.0 4.5 1.8 1.5 0.0
31 68 1 1817.9743536058936 3.94944701283867 0.0 4.5 1.8 1.5 0.0
32 68 1 1834.720028155651 4.04880296545667 0.0 4.5 1.8 1.5 0.0
33 68 1 1851.1752281402562 4.042774175822916 0.0 4.5 1.8 1.5 0.0
34 68 1 1867.322293428395 3.995635923562175 0.0 4.5 1.8 1.5 0.0
35 68 1 1884.1614144152447 3.9229275264346555 0.0 4.5 1.8 1.5 0.0
36 68 1 1900.3569440057581 3.9929278341206045 0.0 4.5 1.8 1.5 0.0
37 68 1 1917.4726034103294 4.029439619220134 0.0 4.5 1.8 1.5 0.0
38 68 1 1934.0877085940883 3.923752997317553 0.0 4.5 1.8 1.5 0.0
39 68 1 1950.6654167165386 4.032155856866064 0.0 4.5 1.8 1.5 0.0
40 68 1 1966.910143935341 3.9637598948560573 0.0 4.5 1.8 1.5 0.0
41 68 1 1983.3301749858967 4.036382796203138 0.0 4.5 1.8 1.5 0.0
42 68 1 1999.769513505028 3.9890870152886597 0.0 4.5 1.8 1.5 0.0
43 68 1 2016.507370203514 3.906945840692646 0.0 4.5 1.8 1.5 0.0
44 68 1 2032.8066554919399 3.951568175271922 0.0 4.5 1.8 1.5 0.0
45 68 1 2049.4835492320476 3.9651594543341617 0.0 4.5 1.8 1.5 0.0
46 68 1 2066.6451988265626 3.972313847992416 0.0 4.5 1.8 1.5 0.0
47 68 1 2083.2456525692546 3.913224818996564 0.0 4.5 1.8 1.5 0.0
48 68 1 2099.144873415713 3.9109877022590576 0.0 4.5 1.8 1.5 0.0
49 68 1 2115.9429065748773 4.098485916056687 0.0 4.5 1.8 1.5 0.0
0 69 1 1043.1214608644339 -4.2731587178790384 0.0 4.5 1.8 1.5 0.0
1 69 1 1060.0207827347588 -4.281678182070738 0.0 4.5 1.8 1.5 0.0
2 69 1 1076.9616878501588 -4.286169865892703 0.0 4.5 1.8 1.5 0.0
3 69 1 1093.2828391237726 -4.2742564490420225 0.0 4.5 1.8 1.5 0.0
4 69 1 1110.0311255756312 -4.249099842714971 0.0 4.5 1.8 1.5 0.0
5 69 1 1127.1435502193342 -4.258620356513751 0.0 4.5 1.8 1.5 0.0
6 69 1 1144.4370144207808 -4.314225809022941 0.0 4.5 1.8 1.5 0.0
7 69 1 1161.221239835263 -4.288457852593848 0.0 4.5 1.8 1.5 0.0
8 69 1 1178.1944167030588 -4.285046004919451 0.0 4.5 1.8 1.5 0.0
9 69 1 1194.5104683046293 -4.2324264517397765 0.0 4.5 1.8 1.5 0.0
10 69 1 1211.426198114891 -4.308860849965991 0.0 4.5 1.8 1.5 0.0
11 69 1 1228.2525772497597 -4.269018700868691 0.0 4.5 1.8 1.5 0.0
12 69 1 1245.4513704052345 -4.36349276153252 0.0 4.5 1.8 1.5 0.0
13 69 1 1262.0223396698607 -4.235543194526839 0.0 4.5 1.8 1.5 0.0
14 69 1 1278.891202412154 -4.201295115787864 0.0 4.5 1.8 1.5 0.0
15 69 1 1295.672432790289 -4.276015946368838 0.0 4.5 1.8 1.5 0.0
16 69 1 1312.6405569247281 -4.261822683511973 0.0 4.5 1.8 1.5 0.0
17 69 1 1329.2787984267543 -4.240981172280222 0.0 4.5 1.8 1.5 0.0
18 69 1 1346.061163674852 -4.297347231860507 0.0 4.5 1.8 1.5 0.0
19 69 1 1362.9208596882272 -4.199134916251221 0.0 4.5 1.8 1.5 0.0
20 69 1 1379.2170443804685 -4.247008432521394 0.0 4.5 1.8 1.5 0.0
21 69 1 1396.7028911735902 -4.350831897221447 0.0 4.5 1.8 1.5 0.0
22 69 1 1413.5927713256626 -4.243000774667964 0.0 4.5 1.8 1.5 0.0
23 69 1 1430.4835429751918 -4.399379777411788 0.0 4.5 1.8 1.5 0.0
24 69 1 1447.4736821703762 -4.3036752094937825 0.0 4.5 1.8 1.5 0.0
25 69 1 1464.172506996441 -4.229734685225426 0.0 4.5 1.8 1.5 0.0
26 69 1 1480.6946431890512 -4.233765376641963 0.0 4.5 1.8 1.5 0.0
27 69 1 1497.6276731170778 -4.370357233226448 0.0 4.5 1.8 1.5 0.0
28 69 1 1514.7731093094505 -4.305540622410352 0.0 4.5 1.8 1.5 0.0
29 69 1 1531.2034513908827 -4.2869416676613765 0.0 4.5 1.8 1.5 0.0
30 69 1 1548.2635865875807 -4.269651894800646 0.0 4.5 1.8 1.5 0.0
31 69 1 1565.1535417865416 -4.3337628425859736 0.0 4.5 1.8 1.5 0.0
32 69 1 1581.730240286599 -4.272588227875618 0.0 4.5 1.8 1.5 0.0
33 69 1 1599.0930841783018 -4.272479001180229 0.0 4.5 1.8 1.5 0.0
34 69 1 1615.7653403315874 -4.264860615820325 0.0 4.5 1.8 1.5 0.0
35 69 1 1632.2863533104523 -4.279124595465262 0.0 4.5 1.8 1.5 0.0
36 69 1 1649.1841902546194 -4.236606087311504 0.0 4.5 1.8 1.5 0.0
37 69 1 1666.3275856096252 -4.248804331875225 0.0 4.5 1.8 1.5 0.0
38 69 1 1683.1248680509434 -4.315027861141025 0.0 4.5 1.8 1.5 0.0
39 69 1 1699.6393155725173 -4.303003500969924 0.0 4.5 1.8 1.5 0.0
40 69 1 1716.61991975154 -4.284736293518511 0.0 4.5 1.8 1.5 0.0
41 69 1 1733.5377745798567 -4.313338459841162 0.0 4.5 1.8 1.5 0.0
42 69 1 1750.235215346199 -4.232445478708928 0.0 4.5 1.8 1.5 0.0
43 69 1 1766.648337755612 -4.16070680889303 0.0 4.5 1.8 1.5 0.0
44 69 1 1783.8395570927287 -4.368040369943349 0.0 4.5 1.8 1.5 0.0
45 69 1 1800.7625954085051 -4.265116200860883 0.0 4.5 1.8 1.5 0.0
46 69 1 1817.5493869119603 -4.217228818613207 0.0 4.5 1.8 1.5 0.0
47 69 1 1834.5500439412451 -4.251894564708349 0.0 4.5 1.8 1.5 0.0
48 69 1 1851.3253752328342 -4.272006296731445 0.0 4.5 1.8 1.5 0.0
49 69 1 1868.4252314349776 -4.340748175177429 0.0 4.5 1.8 1.5 0.0
0 70 1 1277.6767903166995 9.095516603604647 0.0 4.5 1.8 1.5 0.0
1 70 1 1294.0469027557058 8.975163103363899 0.0 4.5 1.8 1.5 0.0
2 70 1 1310.4906616774808 9.043958541121276 0.0 4.5 1.8 1.5 0.0
3 70 1 1326.2749926472795 8.91079938228947 0.0 4.5 1.8 1.5 0.0
4 70 1 1342.265294095302 9.096847007038765 0.0 4.5 1.8 1.5 0.0
5 70 1 1359.1118237919704 9.01610446495543 0.0 4.5 1.8 1.5 0.0
6 70 1 1374.6329232766425 8.957491498836237 0.0 4.5 1.8 1.5 0.0
7 70 1 1390.8852998116888 8.92883469852308 0.0 4.5 1.8 1.5 0.0
8 70 1 1407.8384953261475 9.114836156939491 0.0 4.5 1.8 1.5 0.0
9 70 1 1423.4320467919083 9.011403512723888 0.0 4.5 1.8 1.5 0.0
10 70 1 1439.6223383608963 9.011078359193762 0.0 4.5 1.8 1.5 0.0
11 70 1 1456.4302397398178 9.065776214058918 0.0 4.5 1.8 1.5 0.0
12 70 1 1472.487192886505 9.002131274655623 0.0 4.5 1.8 1.5 0.0
13 70 1 1488.800935126866 9.044173698847933 0.0 4.5 1.8 1.5 0.0
14 70 1 1504.8524061901912 9.006069794608777 0.0 4.5 1.8 1.5 0.0
15 70 1 1521.0583790320923 9.026252840412234 0.0 4.5 1.8 1.5 0.0
16 70 1 1537.109499485436 8.973094434832404 0.0 4.5 1.8 1.5 0.0
17 70 1 1553.2414857926462 8.965197105929088 0.0 4.5 1.8 1.5 0.0
18 70 1 1569.6263279798645 8.994206016568988 0.0 4.5 1.8 1.5 0.0
19 70 1 1585.7628831759143 8.977101187782008 0.0 4.5 1.8 1.5 0.0
20 70 1 1602.1684873007193 9.080720633877482 0.0 4.5 1.8 1.5 0.0
21 70 1 1618.3310095295428 9.008023721516729 0.0 4.5 1.8 1.5 0.0
22 70 1 1634.369296697476 9.000686770929232 0.0 4.5 1.8 1.5 0.0
23 70 1 1651.0174226744018 9.063713316694216 0.0 4.5 1.8 1.5 0.0
24 70 1 1667.1960315253962 9.058633702979758 0.0 4.5 1.8 1.5 0.0
25 70 1 1683.3128646579155 9.031900619692916 0.0 4.5 1.8 1.5 0.0
26 70 1 1699.4975495824012 8.99099599751614 0.0 4.5 1.8 1.5 0.0
27 70 1 1715.6884207670485 9.02262024570406 0.0 4.5 1.8 1.5 0.0
28 70 1 1732.02139597825 9.016853085871025 0.0 4.5 1.8 1.5 0.0
29 70 1 1748.5388759040425 8.951349651665872 0.0 4.5 1.8 1.5 0.0
30 70 1 1764.4918201380635 9.009778076186814 0.0 4.5 1.8 1.5 0.0
31 70 1 1780.564435624796 8.971211472403226 0.0 4.5 1.8 1.5 0.0
32 70 1 1796.990956392082 9.044482338234825 0.0 4.5 1.8 1.5 0.0
33 70 1 1813.1768965882543 9.020302531759715 0.0 4.5 1.8 1.5 0.0
34 70 1 1829.1682715162267 9.008512184091543 0.0 4.5 1.8 1.5 0.0
35 70 1 1845.5430249794272 8.91156145287278 0.0 4.5 1.8 1.5 0.0
36 70 1 1861.8539997931925 9.13314990225292 0.0 4.5 1.8 1.5 0.0
37 70 1 1877.9985615993294 8.997793930308378 0.0 4.5 1.8 1.5 0.0
38 70 1 1894.093328909264 9.047217379065476 0.0 4.5 1.8 1.5 0.0
39 70 1 1910.2969995977983 9.055274025085726 0.0 4.5 1.8 1.5 0.0
40 70 1 1926.5369105572966 9.097549434849984 0.0 4.5 1.8 1.5 0.0
41 70 1 1943.1321392981886 8.99533177812172 0.0 4.5 1.8 1.5 0.0
42 70 1 1959.0016966738976 9.01072181842485 0.0 4.5 1.8 1.5 0.0
43 70 1 1975.2391895463538 8.964468809265734 0.0 4.5 1.8 1.5 0.0
44 70 1 1991.246612044913 9.074328140096165 0.0 4.5 1.8 1.5 0.0
45 70 1 2007.9051029548702 9.06546629722763 0.0 4.5 1.8 1.5 0.0
46 70 1 2023.8963512489026 9.106440850018252 0.0 4.5 1.8 1.5 0.0
47 70 1 2040.1288144972173 9.054984070213754 0.0 4.5 1.8 1.5 0.0
48 70 1 2056.0786652599063 9.000353494943875 0.0 4.5 1.8 1.5 0.0
49 70 1 2072.54830682196 9.008565884617687 0.0 4.5 1.8 1.5 0.0
0 71 1 1140.2204259120092 -4.973210160865646 0.0 4.5 1.8 1.5 0.0
1 71 1 1156.7520997706083 -5.055032056779806 0.0 4.5 1.8 1.5 0.0
2 71 1 1173.3137415309563 -5.012335445767672 0.0 4.5 1.8 1.5 0.0
3 71 1 1190.017107224094 -5.181517948420301 0.0 4.5 1.8 1.5 0.0
4 71 1 1206.6509606415812 -4.957466719745955 0.0 4.5 1.8 1.5 0.0
5 71 1 1222.7573725637708 -5.077900033694885 0.0 4.5 1.8 1.5 0.0
6 71 1 1239.3981354661146 -5.067085322430973 0.0 4.5 1.8 1.5 0.0
7 71 1 1256.053747790887 -5.126611385776086 0.0 4.5 1.8 1.5 0.0
8 71 1 1272.3061531669175 -4.952325261449397 0.0 4.5 1.8 1.5 0.0
9 71 1 1288.8648709674828 -4.967113707552997 0.0 4.5 1.8 1.5 0.0
10 71 1 1305.6423588724977 -5.1197485071875555 0.0 4.5 1.8 1.5 0.0
11 71 1 1322.2191333448502 -5.035168486567786 0.0 4.5 1.8 1.5 0.0
12 71 1 1338.5217503669844 -5.017037266799543 0.0 4.5 1.8 1.5 0.0
13 71 1 1355.228546747775 -4.993905530359412 0.0 4.5 1.8 1.5 0.0
14 71 1 1371.8900468925983 -5.008878325819225 0.0 4.5 1.8 1.5 0.0
15 71 1 1387.9000457777588 -5.052967394340702 0.0 4.5 1.8 1.5 0.0
16 71 1 1405.2845585349974 -4.9930605684390565 0.0 4.5 1.8 1.5 0.0
17 71 1 1421.6905826005332 -4.959513417348184 0.0 4.5 1.8 1.5 0.0
18 71 1 1437.7858618271096 -5.014214767969087 0.0 4.5 1.8 1.5 0.0
19 71 1 1454.2509616772502 -5.116175352250468 0.0 4.5 1.8 1.5 0.0
20 71 1 1470.7826634081466 -4.968751393831033 0.0 4.5 1.8 1.5 0.0
21 71 1 1487.179902231116 -5.008687471505052 0.0 4.5 1.8 1.5 0.0
22 71 1 1503.9909247116861 -5.074769143423767 0.0 4.5 1.8 1.5 0.0
23 71 1 1520.251122202066 -5.080180695982001 0.0 4.5 1.8 1.5 0.0
24 71 1 1536.6977259260243 -5.093665385640796 0.0 4.5 1.8 1.5 0.0
25 71 1 1553.2028456275139 -4.958312337418251 0.0 4.5 1.8 1.5 0.0
26 71 1 1569.720616186399 -5.0229621605051085 0.0 4.5 1.8 1.5 0.0
27 71 1 1586.32391411391 -4.970341824606296 0.0 4.5 1.8 1.5 0.0
28 71 1 1603.2074965963923 -4.986081622351196 0.0 4.5 1.8 1.5 0.0
29 71 1 1619.5272673201193 -5.0408380983001875 0.0 4.5 1.8 1.5 0.0
30 71 1 1635.7484417410878 -4.932108677402033 0.0 4.5 1.8 1.5 0.0
31 71 1 1652.355658350803 -4.996102804106501 0.0 4.5 1.8 1.5 0.0
32 71 1 1669.2402823413054 -5.0570491463034095 0.0 4.5 1.8 1.5 0.0
33 71 1 1685.7567480046714 -4.9910744612912 0.0 4.5 1.8 1.5 0.0
34 71 1 1702.415514538712 -5.052752444779478 0.0 4.5 1.8 1.5 0.0
35 71 1 1718.3335252406068 -5.054559609230369 0.0 4.5 1.8 1.5 0.0
36 71 1 1735.153245024997 -5.02637448510389 0.0 4.5 1.8 1.5 0.0
37 71 1 1751.5535630096626 -5.124744994407005 0.0 4.5 1.8 1.5 0.0
38 71 1 1768.2471234605705 -4.930667897504033 0.0 4.5 1.8 1.5 0.0
39 71 1 1784.7666533813967 -4.998828345505467 0.0 4.5 1.8 1.5 0.0
40 71 1 1801.3090684674305 -5.009432787964023 0.0 4.5 1.8 1.5 0.0
41 71 1 1817.9016888720005 -5.00951643739886 0.0 4.5 1.8 1.5 0.0
42 71 1 1834.1735965171235 -5.069084566958581 0.0 4.5 1.8 1.5 0.0
43 71 1 1850.7071134924252 -5.01357864663561 0.0 4.5 1.8 1.5 0.0
44 71 1 1867.2144679036842 -5.013568187301571 0.0 4.5 1.8 1.5 0.0
45 71 1 1883.886290795076 -4.987626149894634 0.0 4.5 1.8 1.5 0.0
46 71 1 1900.575796034531 -5.0253847505342 0.0 4.5 1.8 1.5 0.0
47 71 1 1916.5784580001612 -5.046540326299103 0.0 4.5 1.8 1.5 0.0
48 71 1 1933.3696020990994 -5.121073559266997 0.0 4.5 1.8 1.5 0.0
49 71 1 1950.1592987620659 -5.02216622583262 0.0 4.5 1.8 1.5 0.0
0 72 1 1424.5981469487133 1.5744027301786716 0.0 4.5 1.8 1.5 0.0
1 72 1 1443.5356146984782 1.6154931161896207 0.0 4.5 1.8 1.5 0.0
2 72 1 1462.3771059042951 1.5415751463567628 0.0 4.5 1.8 1.5 0.0
3 72 1 1481.2727207431572 1.5152363263527562 0.0 4.5 1.8 1.5 0.0
4 72 1 1499.9954291474244 1.5420535645465174 0.0 4.5 1.8 1.5 0.0
5 72 1 1519.081147003589 1.6307946381502914 0.0 4.5 1.8 1.5 0.0
6 72 1 1537.704309594558 1.6990515463432392 0.0 4.5 1.8 1.5 0.0
7 72 1 1556.5830611931272 1.4757714524669931 0.0 4.5 1.8 1.5 0.0
8 72 1 1575.7690489155939 1.5390012081208002 0.0 4.5 1.8 1.5 0.0
9 72 1 1594.3972473970462 1.6014638154445338 0.0 4.5 1.8 1.5 0.0
10 72 1 1613.1893779725365 1.6026447647885866 0.0 4.5 1.8 1.5 0.0
11 72 1 1632.097047781852 1.63545030334815 0.0 4.5 1.8 1.5 0.0
12 72 1 1651.0362825249802 1.6288384640305984 0.0 4.5 1.8 1.5 0.0
13 72 1 1670.4183605338121 1.6664497826061058 0.0 4.5 1.8 1.5 0.0
14 72 1 1689.073544271357 1.5778942781705068 0.0 4.5 1.8 1.5 0.0
15 72 1 1708.0256492497972 1.5925451878681434 0.0 4.5 1.8 1.5 0.0
16 72 1 1726.9379659351805 1.5415668832188478 0.0 4.5 1.8 1.5 0.0
17 72 1 1745.9631208715346 1.628991972242155 0.0 4.5 1.8 1.5 0.0
18 72 1 1765.1472994130968 1.692634217183634 0.0 4.5 1.8 1.5 0.0
19 72 1 1783.7227608812063 1.6211314954061193 0.0 4.5 1.8 1.5 0.0
20 72 1 1802.3675300380094 1.6744516088432044 0.0 4.5 1.8 1.5 0.0
21 72 1 1821.371484369313 1.6857493757389128 0.0 4.5 1.8 1.5 0.0
22 72 1 1840.4014703771513 1.6477310004539858 0.0 4.5 1.8 1.5 0.0
23 72 1 1859.3441383866252 1.5813497971696198 0.0 4.5 1.8 1.5 0.0
24 72 1 1877.9247333292844 1.5744956716733365 0.0 4.5 1.8 1.5 0.0
25 72 1 1897.2425873778618 1.5800450647155742 0.0 4.5 1.8 1.5 0.0
26 72 1 1915.7727834700747 1.6542070004401548 0.0 4.5 1.8 1.5 0.0
27 72 1 1934.7905330036144 1.6083414319868998 0.0 4.5 1.8 1.5 0.0
28 72 1 1953.6515592516034 1.5110495601994303 0.0 4.5 1.8 1.5 0.0
29 72 1 1972.4554213570034 1.6864093009356023 0.0 4.5 1.8 1.5 0.0
30 72 1 1991.4448454587164 1.5323066587906107 0.0 4.5 1.8 1.5 0.0
31 72 1 2010.2550536480771 1.6453238423292476 0.0 4.5 1.8 1.5 0.0
32 72 1 2029.4285868345191 1.6126171134634302 0.0 4.5 1.8 1.5 0.0
33 72 1 2048.1266665200887 1.5572213448036956 0.0 4.5 1.8 1.5 0.0
34 72 1 2067.242071753615 1.6692246649748872 0.0 4.5 1.8 1.5 0.0
35 72 1 2086.330138163571 1.5718017761569956 0.0 4.5 1.8 1.5 0.0
36 72 1 2105.249394176069 1.6245005397282748 0.0 4.5 1.8 1.5 0.0
37 72 1 2123.8855313894956 1.6720107461230707 0.0 4.5 1.8 1.5 0.0
38 72 1 2142.6759536329464 1.5191409940240463 0.0 4.5 1.8 1.5 0.0
39 72 1 2161.829044140109 1.6447596813062513 0.0 4.5 1.8 1.5 0.0
40 72 1 2180.519943877922 1.6584577112883574 0.0 4.5 1.8 1.5 0.0
41 72 1 2199.6613153562175 1.5517308284884188 0.0 4.5 1.8 1.5 0.0
42 72 1 2218.4043566758314 1.5134530137490434 0.0 4.5 1.8 1.5 0.0
43 72 1 2237.279042859877 1.6086940318900633 0.0 4.5 1.8 1.5 0.0
44 72 1 2256.3060907180925 1.5736783826103014 0.0 4.5 1.8 1.5 0.0
45 72 1 2275.0273390242637 1.466528284128641 0.0 4.5 1.8 1.5 0.0
46 72 1 2294.1270645124687 1.622911148251794 0.0 4.5 1.8 1.5 0.0
47 72 1 2312.936939452653 1.5526596072897614 0.0 4.5 1.8 1.5 0.0
48 72 1 2331.903031016887 1.709968629267209 0.0 4.5 1.8 1.5 0.0
49 72 1 2350.6903634549685 1.6598355894955799 0.0 4.5 1.8 1.5 0.0
0 73 1 834.4563833104874 -8.254503058504387 0.0 4.5 1.8 1.5 0.0
1 73 1 853.0104182283047 -8.109311818592733 0.0 4.5 1.8 1.5 0.0
2 73 1 870.7498830897453 -8.252792056901018 0.0 4.5 1.8 1.5 0.0
3 73 1 888.5159917740091 -8.206126687628128 0.0 4.5 1.8 1.5 0.0
4 73 1 907.153013732772 -8.24192071505669 0.0 4.5 1.8 1.5 0.0
5 73 1 924.365628959868 -8.196051212114655 0.0 4.5 1.8 1.5 0.0
6 73 1 943.0835036655682 -8.308845977724724 0.0 4.5 1.8 1.5 0.0
7 73 1 960.9667161152705 -8.206992394898627 0.0 4.5 1.8 1.5 0.0
8 73 1 978.9617933733957 -8.269092241659699 0.0 4.5 1.8 1.5 0.0
9 73 1 997.2245978337698 -8.249722683003867 0.0 4.5 1.8 1.5 0.0
10 73 1 1014.7693687117768 -8.332027419988917 0.0 4.5 1.8 1.5 0.0
11 73 1 1033.3635714035763 -8.198720496881876 0.0 4.5 1.8 1.5 0.0
12 73 1 1051.173991764262 -8.251567427547972 0.0 4.5 1.8 1.5 0.0
13 73 1 1069.0955929272552 -8.283340528127512 0.0 4.5 1.8 1.5 0.0
14 73 1 1087.1600970364432 -8.33555805646144 0.0 4.5 1.8 1.5 0.0
15 73 1 1105.1441709899213 -8.245100571522986 0.0 4.5 1.8 1.5 0.0
16 73 1 1123.4583552853128 -8.2315500188741 0.0 4.5 1.8 1.5 0.0
17 73 1 1141.5403594539093 -8.16209694044976 0.0 4.5 1.8 1.5 0.0
18 73 1 1159.6380044051589 -8.206028203336505 0.0 4.5 1.8 1.5 0.0
19 73 1 1177.4737384774899 -8.27859309612611 0.0 4.5 1.8 1.5 0.0
20 73 1 1195.6643503071891 -8.145566326594356 0.0 4.5 1.8 1.5 0.0
21 73 1 1213.6297782601027 -8.133690738284125 0.0 4.5 1.8 1.5 0.0
22 73 1 1231.3012382658205 -8.287261864944409 0.0 4.5 1.8 1.5 0.0
23 73 1 1249.8223884642418 -8.21633918519777 0.0 4.5 1.8 1.5 0.0
24 73 1 1267.959100153266 -8.230327277741768 0.0 4.5 1.8 1.5 0.0
25 73 1 1285.5677441887058 -8.240233357815685 0.0 4.5 1.8 1.5 0.0
26 73 1 1303.4797980342864 -8.285983229360284 0.0 4.5 1.8 1.5 0.0
27 73 1 1322.0258191833143 -8.185914324981951 0.0 4.5 1.8 1.5 0.0
28 73 1 1339.9489267959514 -8.315607571753455 0.0 4.5 1.8 1.5 0.0
29 73 1 1357.8496407791476 -8.290803690138434 0.0 4.5 1.8 1.5 0.0
30 73 1 1376.2016237002672 -8.258739802383563 0.0 4.5 1.8 1.5 0.0
31 73 1 1393.794163062613 -8.22806388744936 0.0 4.5 1.8 1.5 0.0
32 73 1 1411.928277268662 -8.155366500195246 0.0 4.5 1.8 1.5 0.0
33 73 1 1429.9543415357819 -8.299515108666663 0.0 4.5 1.8 1.5 0.0
34 73 1 1447.7157165673968 -8.231093020826103 0.0 4.5 1.8 1.5 0.0
35 73 1 1466.0789088030363 -8.300998926031019 0.0 4.5 1.8 1.5 0.0
36 73 1 1484.4741356733189 -8.19619143833397 0.0 4.5 1.8 1.5 0.0
37 73 1 1502.2756423605397 -8.161337383496889 0.0 4.5 1.8 1.5 0.0
38 73 1 1520.4587886982665 -8.270696490781354 0.0 4.5 1.8 1.5 0.0
39 73 1 1538.1634330140482 -8.188654618482738 0.0 4.5 1.8 1.5 0.0
40 73 1 1556.4955459933997 -8.221066307306899 0.0 4.5 1.8 1.5 0.0
41 73 1 1574.291968596792 -8.199156317355145 0.0 4.5 1.8 1.5 0.0
42 73 1 1592.3551639359985 -8.234653028435115 0.0 4.5 1.8 1.5 0.0
43 73 1 1610.8406480971626 -8.262595407495938 0.0 4.5 1.8 1.5 0.0
44 73 1 1628.28165697173 -8.282181055298938 0.0 4.5 1.8 1.5 0.0
45 73 1 1646.8401101437419 -8.216817138836422 0.0 4.5 1.8 1.5 0.0
46 73 1 1664.6604704579263 -8.25500838597101 0.0 4.5 1.8 1.5 0.0
47 73 1 1682.8283134704343 -8.272008938254944 0.0 4.5 1.8 1.5 0.0
48 73 1 1700.837370157912 -8.26611642414608 0.0 4.5 1.8 1.5 0.0
49 73 1 1718.6417007223877 -8.261428067446683 0.0 4.5 1.8 1.5 0.0
0 74 1 1685.4317401964306 -9.650383868756633 0.0 4.5 1.8 1.5 0.0
1 74 1 1702.2173619302764 -9.628912166042308 0.0 4.5 1.8 1.5 0.0
2 74 1 1719.7482275261423 -9.67723131571352 0.0 4.5 1.8 1.5 0.0
3 74 1 1737.2207491296006 -9.59603656441122 0.0 4.5 1.8 1.5 0.0
4 74 1 1754.677920864081 -9.587767040021259 0.0 4.5 1.8 1.5 0.0
5 74 1 1771.250348868807 -9.674797934010972 0.0 4.5 1.8 1.5 0.0
6 74 1 1788.4690611214035 -9.662839895864813 0.0 4.5 1.8 1.5 0.0
7 74 1 1805.7785652738794 -9.706448333938832 0.0 4.5 1.8 1.5 0.0
8 74 1 1823.0751522733656 -9.62494864661231 0.0 4.5 1.8 1.5 0.0
9 74 1 1840.241074181562 -9.686715788932258 0.0 4.5 1.8 1.5 0.0
10 74 1 1857.3728054335193 -9.5645496360374 0.0 4.5 1.8 1.5 0.0
11 74 1 1874.34025258868 -9.673901250454742 0.0 4.5 1.8 1.5 0.0
12 74 1 1891.8436318916913 -9.677961017657761 0.0 4.5 1.8 1.5 0.0
13 74 1 1908.8434699611644 -9.555721831131265 0.0 4.5 1.8 1.5 0.0
14 74 1 1925.904279338859 -9.552286360137169 0.0 4.5 1.8 1.5 0.0
15 74 1 1943.2007431283005 -9.685568531422824 0.0 4.5 1.8 1.5 0.0
16 74 1 1960.5775266671637 -9.624121058349578 0.0 4.5 1.8 1.5 0.0
17 74 1 1977.6483082477644 -9.6679443781068 0.0 4.5 1.8 1.5 0.0
18 74 1 1994.8546491451252 -9.7328899927853 0.0 4.5 1.8 1.5 0.0
19 74 1 2012.0671978618398 -9.564646005071578 0.0 4.5 1.8 1.5 0.0
20 74 1 2028.8592455344256 -9.649847225895575 0.0 4.5 1.8 1.5 0.0
21 74 1 2046.226289670549 -9.705061166776526 0.0 4.5 1.8 1.5 0.0
22 74 1 2063.1795291087565 -9.688550260930489 0.0 4.5 1.8 1.5 0.0
23 74 1 2080.7305150291972 -9.572051612657456 0.0 4.5 1.8 1.5 0.0
24 74 1 2097.663333809764 -9.614788827124071 0.0 4.5 1.8 1.5 0.0
25 74 1 2115.200691388493 -9.545910317077219 0.0 4.5 1.8 1.5 0.0
26 74 1 2132.4598557234967 -9.598078490429362 0.0 4.5 1.8 1.5 0.0
27 74 1 2149.674395870009 -9.675720065846841 0.0 4.5 1.8 1.5 0.0
28 74 1 2166.6088576447974 -9.573665056967345 0.0 4.5 1.8 1.5 0.0
29 74 1 2183.5021485377624 -9.663624018691237 0.0 4.5 1.8 1.5 0.0
30 74 1 2200.8350330160365 -9.617796262978919 0.0 4.5 1.8 1.5 0.0
31 74 1 2218.2057595107945 -9.598209941331445 0.0 4.5 1.8 1.5 0.0
32 74 1 2235.4571685551628 -9.706813081096065 0.0 4.5 1.8 1.5 0.0
33 74 1 2252.3678804189 -9.629810891012836 0.0 4.5 1.8 1.5 0.0
34 74 1 2269.702513312754 -9.656140157719749 0.0 4.5 1.8 1.5 0.0
35 74 1 2287.2333097500064 -9.59155683123752 0.0 4.5 1.8 1.5 0.0
36 74 1 2304.5940597932113 -9.645325242317885 0.0 4.5 1.8 1.5 0.0
37 74 1 2321.295170057653 -9.608599016859436 0.0 4.5 1.8 1.5 0.0
38 74 1 2338.5001268501437 -9.655911520732168 0.0 4.5 1.8 1.5 0.0
39 74 1 2355.760751784653 -9.546871017290037 0.0 4.5 1.8 1.5 0.0
40 74 1 2373.1308516239133 -9.58906744496699 0.0 4.5 1.8 1.5 0.0
41 74 1 2390.500515689697 -9.584381817077116 0.0 4.5 1.8 1.5 0.0
42 74 1 2407.141550059756 -9.585139346873826 0.0 4.5 1.8 1.5 0.0
43 74 1 2424.7595685126544 -9.596915222446228 0.0 4.5 1.8 1.5 0.0
44 74 1 2441.70651552592 -9.602191879780793 0.0 4.5 1.8 1.5 0.0
45 74 1 2458.9304423158674 -9.678412883893305 0.0 4.5 1.8 1.5 0.0
46 74 1 2475.9774498905076 -9.594322324135918 0.0 4.5 1.8 1.5 0.0
47 74 1 2493.1310989431377 -9.670086142254695 0.0 4.5 1.8 1.5 0.0
48 74 1 2510.651826230467 -9.622819011937626 0.0 4.5 1.8 1.5 0.0
49 74 1 2527.8054743613557 -9.690959361908542 0.0 4.5 1.8 1.5 0.0
0 75 1 1369.4618383066356 9.779479529806782 0.0 4.5 1.8 1.5 0.0
1 75 1 1385.4468674331295 9.658773412826125 0.0 4.5 1.8 1.5 0.0
2 75 1 1401.3744812791927 9.79246702398588 0.0 4.5 1.8 1.5 0.0
3 75 1 1417.3440566714658 9.721184657145084 0.0 4.5 1.8 1.5 0.0
4 75 1 1433.5405701008 9.648990821575874 0.0 4.5 1.8 1.5 0.0
5 75 1 1448.858127059456 9.639766240380254 0.0 4.5 1.8 1.5 0.0
6 75 1 1465.0918956299695 9.72888322028435 0.0 4.5 1.8 1.5 0.0
7 75 1 1481.2280323765362 9.732732317785434 0.0 4.5 1.8 1.5 0.0
8 75 1 1496.7407727815912 9.7206483075725 0.0 4.5 1.8 1.5 0.0
9 75 1 1512.7472648075861 9.636970500262187 0.0 4.5 1.8 1.5 0.0
10 75 1 1529.1679087631676 9.74655211483369 0.0 4.5 1.8 1.5 0.0
11 75 1 1544.569963206312 9.751316763142524 0.0 4.5 1.8 1.5 0.0
12 75 1 1560.5719628512318 9.713530889653473 0.0 4.5 1.8 1.5 0.0
13 75 1 1576.205951538273 9.75053109824468 0.0 4.5 1.8 1.5 0.0
14 75 1 1592.3114610440343 9.680064058974125 0.0 4.5 1.8 1.5 0.0
15 75 1 1608.4202451086082 9.735226165744745 0.0 4.5 1.8 1.5 0.0
16 75 1 1624.1845209691953 9.79015460831259 0.0 4.5 1.8 1.5 0.0
17 75 1 1639.9450539713816 9.7364061642778 0.0 4.5 1.8 1.5 0.0
18 75 1 1656.0048007652567 9.684315509738592 0.0 4.5 1.8 1.5 0.0
19 75 1 1671.7557247605316 9.726835993261153 0.0 4.5 1.8 1.5 0.0
20 75 1 1687.4558218280326 9.836440403362289 0.0 4.5 1.8 1.5 0.0
21 75 1 1703.2676939600776 9.655653368744238 0.0 4.5 1.8 1.5 0.0
22 75 1 1719.7141170743237 9.756221876468421 0.0 4.5 1.8 1.5 0.0
23 75 1 1735.1481979060936 9.75092301468368 0.0 4.5 1.8 1.5 0.0
24 75 1 1751.549080068996 9.719045411048747 0.0 4.5 1.8 1.5 0.0
25 75 1 1767.6773936704185 9.634355473385193 0.0 4.5 1.8 1.5 0.0
26 75 1 1783.1985128915821 9.778884980739646 0.0 4.5 1.8 1.5 0.0
27 75 1 1799.1401360915384 9.710340777596313 0.0 4.5 1.8 1.5 0.0
28 75 1 1814.8058981252218 9.742765822482959 0.0 4.5 1.8 1.5 0.0
29 75 1 1830.9292564293614 9.750682235742714 0.0 4.5 1.8 1.5 0.0
30 75 1 1846.8762362205964 9.669615066075258 0.0 4.5 1.8 1.5 0.0
31 75 1 1862.5247895570199 9.673557767322407 0.0 4.5 1.8 1.5 0.0
32 75 1 1878.395240308034 9.77131960851931 0.0 4.5 1.8 1.5 0.0
33 75 1 1894.3961787578032 9.850901522086083 0.0 4.5 1.8 1.5 0.0
34 75 1 1910.3153823575033 9.723543157957582 0.0 4.5 1.8 1.5 0.0
35 75 1 1926.20005677836 9.688668129285599 0.0 4.5 1.8 1.5 0.0
36 75 1 1942.0693719824035 9.776947965284178 0.0 4.5 1.8 1.5 0.0
37 75 1 1958.0058525489114 9.680885577434422 0.0 4.5 1.8 1.5 0.0
38 75 1 1973.700160601597 9.698048469345302 0.0 4.5 1.8 1.5 0.0
39 75 1 1989.8020693229817 9.780237890702407 0.0 4.5 1.8 1.5 0.0
40 75 1 2005.421318018233 9.704567250034158 0.0 4.5 1.8 1.5 0.0
41 75 1 2021.6203968608002 9.628873275547123 0.0 4.5 1.8 1.5 0.0
42 75 1 2037.3269343107265 9.686564136941787 0.0 4.5 1.8 1.5 0.0
43 75 1 2053.2365790029567 9.730153041179678 0.0 4.5 1.8 1.5 0.0
44 75 1 2069.2657802662334 9.692794258798543 0.0 4.5 1.8 1.5 0.0
45 75 1 2085.285603823851 9.806712299810908 0.0 4.5 1.8 1.5 0.0
46 75 1 2101.4299817122956 9.624419975325479 0.0 4.5 1.8 1.5 0.0
47 75 1 2117.1196639561213 9.711657399425404 0.0 4.5 1.8 1.5 0.0
48 75 1 2132.9373996983345 9.700644412251467 0.0 4.5 1.8 1.5 0.0
49 75 1 2148.8320054661453 9.728128933732195 0.0 4.5 1.8 1.5 0.0
0 76 1 331.46913741320003 -4.0349292947973705 0.0 4.5 1.8 1.5 0.0
1 76 1 349.91771259032396 -4.108371764298289 0.0 4.5 1.8 1.5 0.0
2 76 1 368.63143353864496 -4.056057372586107 0.0 4.5 1.8 1.5 0.0
3 76 1 386.8263898265718 -4.099840810832645 0.0 4.5 1.8 1.5 0.0
4 76 1 405.7786324404304 -4.07574398953919 0.0 4.5 1.8 1.5 0.0
5 76 1 424.4172577251708 -4.098555355176653 0.0 4.5 1.8 1.5 0.0
6 76 1 442.58532178136767 -3.971792889613729 0.0 4.5 1.8 1.5 0.0
7 76 1 461.03436151680353 -4.106465000264316 0.0 4.5 1.8 1.5 0.0
8 76 1 480.0117298270284 -4.032168825820348 0.0 4.5 1.8 1.5 0.0
9 76 1 498.6703097941323 -3.965910070147089 0.0 4.5 1.8 1.5 0.0
10 76 1 517.1027399234277 -4.125122183461759 0.0 4.5 1.8 1.5 0.0
11 76 1 535.6675601026517 -4.097471846861784 0.0 4.5 1.8 1.5 0.0
12 76 1 554.2830799715723 -4.130597426539197 0.0 4.5 1.8 1.5 0.0
13 76 1 573.0387899022161 -4.062931509927423 0.0 4.5 1.8 1.5 0.0
14 76 1 591.2144422222866 -4.033071766600703 0.0 4.5 1.8 1.5 0.0
15 76 1 609.8901617742401 -4.140613795509448 0.0 4.5 1.8 1.5 0.0
16 76 1 628.6551635159568 -4.169365192864198 0.0 4.5 1.8 1.5 0.0
17 76 1 647.3408380786835 -4.2234150369333925 0.0 4.5 1.8 1.5 0.0
18 76 1 665.6023046242458 -4.002716154339837 0.0 4.5 1.8 1.5 0.0
19 76 1 684.2560850139445 -4.107052280654548 0.0 4.5 1.8 1.5 0.0
20 76 1 703.2333895601406 -4.121116200647849 0.0 4.5 1.8 1.5 0.0
21 76 1 721.716583879128 -4.022763612141267 0.0 4.5 1.8 1.5 0.0
22 76 1 740.2448419992156 -4.153717886542446 0.0 4.5 1.8 1.5 0.0
23 76 1 758.6135784580781 -3.945792031517783 0.0 4.5 1.8 1.5 0.0
24 76 1 777.2215105929504 -3.9321565516154116 0.0 4.5 1.8 1.5 0.0
25 76 1 796.2466478273982 -4.055519543425622 0.0 4.5 1.8 1.5 0.0
26 76 1 814.5495415650272 -4.104714188150588 0.0 4.5 1.8 1.5 0.0
27 76 1 833.0575518858826 -4.115909228220446 0.0 4.5 1.8 1.5 0.0
28 76 1 851.6478488168349 -4.149582764963365 0.0 4.5 1.8 1.5 0.0
29 76 1 869.9626595885231 -4.016422237261497 0.0 4.5 1.8 1.5 0.0
30 76 1 888.508591537474 -4.037166112719526 0.0 4.5 1.8 1.5 0.0
31 76 1 907.0374167390202 -4.049991140242954 0.0 4.5 1.8 1.5 0.0
32 76 1 925.9600160027123 -4.015407210254063 0.0 4.5 1.8 1.5 0.0
33 76 1 944.5203736735004 -4.181950023152806 0.0 4.5 1.8 1.5 0.0
34 76 1 963.1344050016346 -4.073489992116837 0.0 4.5 1.8 1.5 0.0
35 76 1 981.7308564239411 -4.052717629344745 0.0 4.5 1.8 1.5 0.0
36 76 1 1000.2296140261418 -4.144643178521513 0.0 4.5 1.8 1.5 0.0
37 76 1 1018.7278015625557 -4.10726138762071 0.0 4.5 1.8 1.5 0.0
38 76 1 1037.4081013097043 -3.961166902494069 0.0 4.5 1.8 1.5 0.0
39 76 1 1056.349231809806 -4.047137560176805 0.0 4.5 1.8 1.5 0.0
40 76 1 1074.772652922171 -4.066484408614126 0.0 4.5 1.8 1.5 0.0
41 76 1 1093.3296902226027 -4.073308717740226 0.0 4.5 1.8 1.5 0.0
42 76 1 1111.8619536235835 -4.186066225121777 0.0 4.5 1.8 1.5 0.0
43 76 1 1130.365344046017 -4.093488060651645 0.0 4.5 1.8 1.5 0.0
44 76 1 1148.8746145747132 -4.109277867205673 0.0 4.5 1.8 1.5 0.0
45 76 1 1167.669798691139 -4.043093516546735 0.0 4.5 1.8 1.5 0.0
46 76 1 1186.254735873622 -4.044350808461885 0.0 4.5 1.8 1.5 0.0
47 76 1 1204.9321498809365 -4.096458300070625 0.0 4.5 1.8 1.5 0.0
48 76 1 1223.4704294608098 -4.168791644375417 0.0 4.5 1.8 1.5 0.0
49 76 1 1241.873742616473 -4.106565599867547 0.0 4.5 1.8 1.5 0.0
0 77 1 1004.6065550416506 5.349868410801031 0.0 4.5 1.8 1.5 0.0
1 77 1 1022.7003024617779 5.324339230811962 0.0 4.5 1.8 1.5 0.0
2 77 1 1040.3912836969598 5.402798893225304 0.0 4.5 1.8 1.5 0.0
3 77 1 1059.23084586888 5.267628729046947 0.0 4.5 1.8 1.5 0.0
4 77 1 1076.6340929441842 5.296261422674905 0.0 4.5 1.8 1.5 0.0
5 77 1 1094.8364821697799 5.304102681137505 0.0 4.5 1.8 1.5 0.0
6 77 1 1113.3043369527088 5.234789845809529 0.0 4.5 1.8 1.5 0.0
7 77 1 1131.5429737432803 5.322138739399939 0.0 4.5 1.8 1.5 0.0
8 77 1 1149.6107015356965 5.282302889443075 0.0 4.5 1.8 1.5 0.0
9 77 1 1167.2291885845377 5.3307536178701875 0.0 4.5 1.8 1.5 0.0
10 77 1 1185.5549756477749 5.212370997099997 0.0 4.5 1.8 1.5 0.0
11 77 1 1203.9762143304783 5.386830380284756 0.0 4.5 1.8 1.5 0.0
12 77 1 1221.794313361169 5.389816061989795 0.0 4.5 1.8 1.5 0.0
13 77 1 1239.9175824623685 5.262837209051313 0.0 4.5 1.8 1.5 0.0
14 77 1 1257.869984355491 5.363714124659268 0.0 4.5 1.8 1.5 0.0
15 77 1 1275.936803799732 5.31862346975838 0.0 4.5 1.8 1.5 0.0
16 77 1 1294.077756338679 5.258844666130913 0.0 4.5 1.8 1.5 0.0
17 77 1 1312.4923955741665 5.2628581619451635 0.0 4.5 1.8 1.5 0.0
18 77 1 1330.30214308917 5.338500239118371 0.0 4.5 1.8 1.5 0.0
19 77 1 1348.7993381533797 5.314094494423842 0.0 4.5 1.8 1.5 0.0
20 77 1 1366.445661269292 5.256329579294752 0.0 4.5 1.8 1.5 0.0
21 77 1 1384.6893548068463 5.297906507355914 0.0 4.5 1.8 1.5 0.0
22 77 1 1402.572555101752 5.318011901238624 0.0 4.5 1.8 1.5 0.0
23 77 1 1420.8839874793894 5.196074588327725 0.0 4.5 1.8 1.5 0.0
24 77 1 1438.7778560466506 5.256653570577048 0.0 4.5 1.8 1.5 0.0
25 77 1 1457.045826335056 5.376323944034831 0.0 4.5 1.8 1.5 0.0
26 77 1 1475.2047886637338 5.2398214097647 0.0 4.5 1.8 1.5 0.0
27 77 1 1493.2980370930488 5.2642556168869366 0.0 4.5 1.8 1.5 0.0
28 77 1 1511.4156191097757 5.310888388611412 0.0 4.5 1.8 1.5 0.0
29 77 1 1529.6892701209952 5.280645679476129 0.0 4.5 1.8 1.5 0.0
30 77 1 1547.8719726267518 5.32726113738644 0.0 4.5 1.8 1.5 0.0
31 77 1 1565.499449141951 5.392352787547054 0.0 4.5 1.8 1.5 0.0
32 77 1 1583.803092483249 5.240103779061019 0.0 4.5 1.8 1.5 0.0
33 77 1 1602.1650327205223 5.385748883519553 0.0 4.5 1.8 1.5 0.0
34 77 1 1619.924601587214 5.256677491240851 0.0 4.5 1.8 1.5 0.0
35 77 1 1637.9934881781487 5.317596590635516 0.0 4.5 1.8 1.5 0.0
36 77 1 1656.380291030327 5.31038437080281 0.0 4.5 1.8 1.5 0.0
37 77 1 1674.2418208706968 5.356760592774852 0.0 4.5 1.8 1.5 0.0
38 77 1 1692.2556654640734 5.333405971177976 0.0 4.5 1.8 1.5 0.0
39 77 1 1710.3573767286948 5.303411152160176 0.0 4.5 1.8 1.5 0.0
40 77 1 1728.4890333050887 5.27906739512699 0.0 4.5 1.8 1.5 0.0
41 77 1 1746.533025044236 5.349102705818666 0.0 4.5 1.8 1.5 0.0
42 77 1 1764.5586736697883 5.244848391632195 0.0 4.5 1.8 1.5 0.0
43 77 1 1783.2262141202605 5.3307523824923475 0.0 4.5 1.8 1.5 0.0
44 77 1 1800.4217491970342 5.25359706729911 0.0 4.5 1.8 1.5 0.0
45 77 1 1818.633130598942 5.234325469588868 0.0 4.5 1.8 1.5 0.0
46 77 1 1836.464582062889 5.275010525374934 0.0 4.5 1.8 1.5 0.0
47 77 1 1854.960653161985 5.284855267099453 0.0 4.5 1.8 1.5 0.0
48 77 1 1872.960773803722 5.2860055969182325 0.0 4.5 1.8 1.5 0.0
49 77 1 1891.2995713295563 5.3569576525190605 0.0 4.5 1.8 1.5 0.0
0 78 1 1127.4909443211166 4.521099227756796 0.0 4.5 1.8 1.5 0.0
1 78 1 1146.652105106298 4.486128193558895 0.0 4.5 1.8 1.5 0.0
2 78 1 1164.9914518216297 4.550973537024813 0.0 4.5 1.8 1.5 0.0
3 78 1 1183.1361604749547 4.555341446730849 0.0 4.5 1.8 1.5 0.0
4 78 1 1201.6134776337426 4.504084956860155 0.0 4.5 1.8 1.5 0.0
5 78 1 1219.8894626873735 4.570396786793878 0.0 4.5 1.8 1.5 0.0
6 78 1 1238.3735070884577 4.569328144222091 0.0 4.5 1.8 1.5 0.0
7 78 1 1256.5909758383098 4.583481826584032 0.0 4.5 1.8 1.5 0.0
8 78 1 1275.1565917088049 4.472831863511171 0.0 4.5 1.8 1.5 0.0
9 78 1 1293.4216055968816 4.507091640079437 0.0 4.5 1.8 1.5 0.0
10 78 1 1311.7427876082486 4.528042859572296 0.0 4.5 1.8 1.5 0.0
11 78 1 1330.4437409407487 4.520527253616865 0.0 4.5 1.8 1.5 0.0
12 78 1 1348.76264145703 4.554924994487413 0.0 4.5 1.8 1.5 0.0
13 78 1 1366.9584027256847 4.534626109561502 0.0 4.5 1.8 1.5 0.0
14 78 1 1385.6837663777737 4.559357181441921 0.0 4.5 1.8 1.5 0.0
15 78 1 1404.0171454319618 4.615491693290257 0.0 4.5 1.8 1.5 0.0
16 78 1 1422.390950597085 4.455832422750602 0.0 4.5 1.8 1.5 0.0
17 78 1 1440.7546660560404 4.5209612945111886 0.0 4.5 1.8 1.5 0.0
18 78 1 1459.4591903613857 4.571830336475577 0.0 4.5 1.8 1.5 0.0
19 78 1 1477.374225506458 4.580192462566927 0.0 4.5 1.8 1.5 0.0
20 78 1 1495.908454673114 4.465969000408877 0.0 4.5 1.8 1.5 0.0
21 78 1 1514.4594919753388 4.531589870391514 0.0 4.5 1.8 1.5 0.0
22 78 1 1532.9675868042107 4.545645326887676 0.0 4.5 1.8 1.5 0.0
23 78 1 1551.3679051689908 4.573111773590158 0.0 4.5 1.8 1.5 0.0
24 78 1 1569.6714544726508 4.527275891570726 0.0 4.5 1.8 1.5 0.0
25 78 1 1587.9438143614686 4.465555126894264 0.0 4.5 1.8 1.5 0.0
26 78 1 1606.244389071352 4.477640288998314 0.0 4.5 1.8 1.5 0.0
27 78 1 1624.4377843503244 4.507326652807636 0.0 4.5 1.8 1.5 0.0
28 78 1 1643.1950472922508 4.544498859357053 0.0 4.5 1.8 1.5 0.0
29 78 1 1661.4658318335012 4.543137479883479 0.0 4.5 1.8 1.5 0.0
30 78 1 1680.0722738579757 4.5520689639860255 0.0 4.5 1.8 1.5 0.0
31 78 1 1698.3024805005161 4.523354206453463 0.0 4.5 1.8 1.5 0.0
32 78 1 1716.8791782700669 4.613086330435013 0.0 4.5 1.8 1.5 0.0
33 78 1 1735.0385019472876 4.522652114610843 0.0 4.5 1.8 1.5 0.0
34 78 1 1753.119267797726 4.508437044563082 0.0 4.5 1.8 1.5 0.0
35 78 1 1771.4056283787318 4.506334740090468 0.0 4.5 1.8 1.5 0.0
36 78 1 1790.307023737084 4.549346868564916 0.0 4.5 1.8 1.5 0.0
37 78 1 1809.0968664410636 4.533314030354848 0.0 4.5 1.8 1.5 0.0
38 78 1 1826.9389700225495 4.605005346071307 0.0 4.5 1.8 1.5 0.0
39 78 1 1845.0399924396588 4.477778504965893 0.0 4.5 1.8 1.5 0.0
40 78 1 1863.954731296127 4.542095655946399 0.0 4.5 1.8 1.5 0.0
41 78 1 1882.1840471435642 4.505009308203151 0.0 4.5 1.8 1.5 0.0
42 78 1 1900.6630837117277 4.511465703362545 0.0 4.5 1.8 1.5 0.0
43 78 1 1919.0262616693187 4.493942688002206 0.0 4.5 1.8 1.5 0.0
44 78 1 1937.3718169326703 4.65311031311966 0.0 4.5 1.8 1.5 0.0
45 78 1 1955.719892498767 4.545278956685278 0.0 4.5 1.8 1.5 0.0
46 78 1 1974.1609583837887 4.560593436512091 0.0 4.5 1.8 1.5 0.0
47 78 1 1992.6916767057871 4.564728753628693 0.0 4.5 1.8 1.5 0.0
48 78 1 2011.0504928047726 4.542825196874925 0.0 4.5 1.8 1.5 0.0
49 78 1 2029.411270907487 4.54116909463549 0.0 4.5 1.8 1.5 0.0
0 79 1 957.6183404043043 -0.4122530847734345 0.0 4.5 1.8 1.5 0.0
1 79 1 973.5940780998768 -0.4251428220341424 0.0 4.5 1.8 1.5 0.0
2 79 1 989.9089743628955 -0.4791665508514374 0.0 4.5 1.8 1.5 0.0
3 79 1 1005.8631559797361 -0.465712254855437 0.0 4.5 1.8 1.5 0.0
4 79 1 1022.4868272977817 -0.44371789172186066 0.0 4.5 1.8 1.5 0.0
5 79 1 1038.5129348465775 -0.35922636644707295 0.0 4.5 1.8 1.5 0.0
6 79 1 1054.5576214512464 -0.47039843614850374 0.0 4.5 1.8 1.5 0.0
7 79 1 1070.7157923485977 -0.4696732648611013 0.0 4.5 1.8 1.5 0.0
8 79 1 1086.638928940181 -0.518453097526336 0.0 4.5 1.8 1.5 0.0
9 79 1 1103.0425365463366 -0.46175858632785866 0.0 4.5 1.8 1.5 0.0
10 79 1 1119.011176268562 -0.49425655397571866 0.0 4.5 1.8 1.5 0.0
11 79 1 1135.179417716621 -0.4805555194521409 0.0 4.5 1.8 1.5 0.0
12 79 1 1151.1813580176167 -0.3985671559834304 0.0 4.5 1.8 1.5 0.0
13 79 1 1167.4853231956827 -0.44355996117123375 0.0 4.5 1.8 1.5 0.0
14 79 1 1183.0910166979743 -0.2928179290423546 0.0 4.5 1.8 1.5 0.0
15 79 1 1199.9112862698494 -0.4063247163009718 0.0 4.5 1.8 1.5 0.0
16 79 1 1215.5289452907557 -0.4481380656304849 0.0 4.5 1.8 1.5 0.0
17 79 1 1231.688373532398 -0.37926566059056727 0.0 4.5 1.8 1.5 0.0
18 79 1 1247.9670297678026 -0.48166665046337837 0.0 4.5 1.8 1.5 0.0
19 79 1 1263.9378497410867 -0.3863990504168915 0.0 4.5 1.8 1.5 0.0
20 79 1 1280.4694919015549 -0.3660418793710744 0.0 4.5 1.8 1.5 0.0
21 79 1 1296.4183503164807 -0.45508970098551854 0.0 4.5 1.8 1.5 0.0
22 79 1 1311.736112709683 -0.4276004563549756 0.0 4.5 1.8 1.5 0.0
23 79 1 1328.5015212942594 -0.435459352729319 0.0 4.5 1.8 1.5 0.0
24 79 1 1344.6301380867142 -0.5087715656428445 0.0 4.5 1.8 1.5 0.0
25 79 1 1360.848311899957 -0.4108476418437942 0.0 4.5 1.8 1.5 0.0
26 79 1 1376.9907695162779 -0.3951296073667174 0.0 4.5 1.8 1.5 0.0
27 79 1 1393.0925836601293 -0.4629599281223322 0.0 4.5 1.8 1.5 0.0
28 79 1 1409.075077532841 -0.43790221418271785 0.0 4.5 1.8 1.5 0.0
29 79 1 1425.2282563635247 -0.39254757474680024 0.0 4.5 1.8 1.5 0.0
30 79 1 1441.4529217955871 -0.33859128556688906 0.0 4.5 1.8 1.5 0.0
31 79 1 1457.8829534122387 -0.43847597841469044 0.0 4.5 1.8 1.5 0.0
32 79 1 1472.791800077849 -0.38061683423902337 0.0 4.5 1.8 1.5 0.0
33 79 1 1489.568527491023 -0.48253265363693704 0.0 4.5 1.8 1.5 0.0
34 79 1 1505.7143852751017 -0.46479060988611703 0.0 4.5 1.8 1.5 0.0
35 79 1 1522.0339998634 -0.520430246501698 0.0 4.5 1.8 1.5 0.0
36 79 1 1537.8134733234995 -0.42530052983551586 0.0 4.5 1.8 1.5 0.0
37 79 1 1554.2710778500195 -0.4103813752985861 0.0 4.5 1.8 1.5 0.0
38 79 1 1570.1065533594297 -0.4913717400086987 0.0 4.5 1.8 1.5 0.0
39 79 1 1586.2801052197378 -0.43046481993115043 0.0 4.5 1.8 1.5 0.0
40 79 1 1602.7959992316294 -0.5448303168339242 0.0 4.5 1.8 1.5 0.0
41 79 1 1618.5722295776623 -0.5090923795966469 0.0 4.5 1.8 1.5 0.0
42 79 1 1634.4033983648624 -0.3941106252781459 0.0 4.5 1.8 1.5 0.0
43 79 1 1650.9602433865123 -0.4199867817480236 0.0 4.5 1.8 1.5 0.0
44 79 1 1667.1529952108376 -0.4664444023836935 0.0 4.5 1.8 1.5 0.0
45 79 1 1682.999734110904 -0.333171926709258 0.0 4.5 1.8 1.5 0.0
46 79 1 1699.154418974598 -0.40570185189268215 0.0 4.5 1.8 1.5 0.0
47 79 1 1715.3224810649217 -0.5348713840493075 0.0 4.5 1.8 1.5 0.0
48 79 1 1731.029750527248 -0.4714076685423819 0.0 4.5 1.8 1.5 0.0
49 79 1 1747.7673681496215 -0.4030438747135865 0.0 4.5 1.8 1.5 0.0
0 80 1 1535.2207687491284 9.533958802022763 0.0 4.5 1.8 1.5 0.0
1 80 1 1551.6498931268636 9.557645513198683 0.0 4.5 1.8 1.5 0.0
2 80 1 1567.7105703817708 9.443675316627294 0.0 4.5 1.8 1.5 0.0
3 80 1 1584.3409367314302 9.455101443140821 0.0 4.5 1.8 1.5 0.0
4 80 1 1600.8475342937538 9.62703846009 0.0 4.5 1.8 1.5 0.0
5 80 1 1617.1285622882656 9.45834410633813 0.0 4.5 1.8 1.5 0.0
6 80 1 1633.1515901135076 9.362626770574167 0.0 4.5 1.8 1.5 0.0
7 80 1 1649.9381631451572 9.42979288641107 0.0 4.5 1.8 1.5 0.0
8 80 1 1666.5582236101952 9.500542675126134 0.0 4.5 1.8 1.5 0.0
9 80 1 1682.4389847948983 9.476838539001461 0.0 4.5 1.8 1.5 0.0
10 80 1 1698.7847492138824 9.422403746938667 0.0 4.5 1.8 1.5 0.0
11 80 1 1714.6869342807697 9.429597837881063 0.0 4.5 1.8 1.5 0.0
12 80 1 1731.3668445373576 9.42474122914545 0.0 4.5 1.8 1.5 0.0
13 80 1 1747.4465800328667 9.41972157845873 0.0 4.5 1.8 1.5 0.0
14 80 1 1764.2442241969159 9.494541883426562 0.0 4.5 1.8 1.5 0.0
15 80 1 1780.4046406233645 9.48648699052187 0.0 4.5 1.8 1.5 0.0
16 80 1 1796.4772529313275 9.417360854619115 0.0 4.5 1.8 1.5 0.0
17 80 1 1813.0991236003845 9.406906652660215 0.0 4.5 1.8 1.5 0.0
18 80 1 1829.391881195789 9.394005864504217 0.0 4.5 1.8 1.5 0.0
19 80 1 1845.3735599209472 9.493936032009099 0.0 4.5 1.8 1.5 0.0
20 80 1 1862.242172637932 9.425591044511483 0.0 4.5 1.8 1.5 0.0
21 80 1 1878.0659519116648 9.34671348475621 0.0 4.5 1.8 1.5 0.0
22 80 1 1895.0717254187284 9.462701636882104 0.0 4.5 1.8 1.5 0.0
23 80 1 1910.9150076900503 9.438936516015481 0.0 4.5 1.8 1.5 0.0
24 80 1 1926.9872208601168 9.488127017895167 0.0 4.5 1.8 1.5 0.0
25 80 1 1944.1031898091862 9.417994243762886 0.0 4.5 1.8 1.5 0.0
26 80 1 1960.513140638801 9.4513118492338 0.0 4.5 1.8 1.5 0.0
27 80 1 1976.7030808178429 9.47249314642164 0.0 4.5 1.8 1.5 0.0
28 80 1 1992.7642373905976 9.54932838133262 0.0 4.5 1.8 1.5 0.0
29 80 1 2009.1928329011796 9.475874498123495 0.0 4.5 1.8 1.5 0.0
30 80 1 2024.981305706507 9.381771665914044 0.0 4.5 1.8 1.5 0.0
31 80 1 2041.794565029588 9.530521259475417 0.0 4.5 1.8 1.5 0.0
32 80 1 2058.0618252088957 9.427566862262909 0.0 4.5 1.8 1.5 0.0
33 80 1 2074.001581878275 9.417952841332665 0.0 4.5 1.8 1.5 0.0
34 80 1 2090.7288931426115 9.414309261594568 0.0 4.5 1.8 1.5 0.0
35 80 1 2106.8430886233546 9.454576231033023 0.0 4.5 1.8 1.5 0.0
36 80 1 2123.658941172121 9.491368063601277 0.0 4.5 1.8 1.5 0.0
37 80 1 2139.759714155833 9.466556413244877 0.0 4.5 1.8 1.5 0.0
38 80 1 2156.146056099893 9.451625515417721 0.0 4.5 1.8 1.5 0.0
39 80 1 2172.2868853965488 9.494041792169769 0.0 4.5 1.8 1.5 0.0
40 80 1 2188.6573036243144 9.397702224083474 0.0 4.5 1.8 1.5 0.0
41 80 1 2205.3243236434355 9.363635729454451 0.0 4.5 1.8 1.5 0.0
42 80 1 2221.6726091669852 9.482454856532243 0.0 4.5 1.8 1.5 0.0
43 80 1 2237.5083954161864 9.458344821901205 0.0 4.5 1.8 1.5 0.0
44 80 1 2253.9497338432575 9.497518380624607 0.0 4.5 1.8 1.5 0.0
45 80 1 2270.5263737345585 9.48020027026086 0.0 4.5 1.8 1.5 0.0
46 80 1 2286.851345060919 9.451390472952545 0.0 4.5 1.8 1.5 0.0
47 80 1 2303.3876844244232 9.518312438379736 0.0 4.5 1.8 1.5 0.0
48 80 1 2319.2732292223827 9.497675180008516 0.0 4.5 1.8 1.5 0.0
49 80 1 2335.8466277838916 9.444144011442472 0.0 4.5 1.8 1.5 0.0
0 81 1 1621.7640489967364 9.521092708776171 0.0 4.5 1.8 1.5 0.0
1 81 1 1641.2609627377674 9.528852822054988 0.0 4.5 1.8 1.5 0.0
2 81 1 1661.269390766225 9.46314421123535 0.0 4.5 1.8 1.5 0.0
3 81 1 1679.8638783624358 9.546274365693398 0.0 4.5 1.8 1.5 0.0
4 81 1 1699.6957746876908 9.545458917503915 0.0 4.5 1.8 1.5 0.0
5 81 1 1719.3970273852735 9.593860758776362 0.0 4.5 1.8 1.5 0.0
6 81 1 1738.4879971989483 9.50181962912456 0.0 4.5 1.8 1.5 0.0
7 81 1 1758.3843861970095 9.56817870380178 0.0 4.5 1.8 1.5 0.0
8 81 1 1778.2465154374995 9.577440722573112 0.0 4.5 1.8 1.5 0.0
9 81 1 1797.3056593904728 9.485133736370285 0.0 4.5 1.8 1.5 0.0
10 81 1 1816.7133507213148 9.500020382869563 0.0 4.5 1.8 1.5 0.0
11 81 1 1836.4664469997697 9.54250539629671 0.0 4.5 1.8 1.5 0.0
12 81 1 1855.5798619421068 9.507860450562896 0.0 4.5 1.8 1.5 0.0
13 81 1 1875.5292929491739 9.547238641766121 0.0 4.5 1.8 1.5 0.0
14 81 1 1894.9767039438946 9.54880160952028 0.0 4.5 1.8 1.5 0.0
15 81 1 1914.697452749822 9.541457677208637 0.0 4.5 1.8 1.5 0.0
16 81 1 1933.8041536255346 9.48386777196074 0.0 4.5 1.8 1.5 0.0
17 81 1 1953.440471658959 9.407620323278664 0.0 4.5 1.8 1.5 0.0
18 81 1 1972.8628835491588 9.519363531021352 0.0 4.5 1.8 1.5 0.0
19 81 1 1992.1360387610102 9.483242232084619 0.0 4.5 1.8 1.5 0.0
20 81 1 2012.0800560199718 9.541191111471166 0.0 4.5 1.8 1.5 0.0
21 81 1 2031.447673762892 9.544972900714018 0.0 4.5 1.8 1.5 0.0
22 81 1 2050.9550331959485 9.591798652160334 0.0 4.5 1.8 1.5 0.0
23 81 1 2070.4703850969076 9.45674486832648 0.0 4.5 1.8 1.5 0.0
24 81 1 2090.2809168357503 9.54817253738386 0.0 4.5 1.8 1.5 0.0
25 81 1 2109.3462316788246 9.466985438102666 0.0 4.5 1.8 1.5 0.0
26 81 1 2129.052456851384 9.5237969237687 0.0 4.5 1.8 1.5 0.0
27 81 1 2148.797294946607 9.512360159984077 0.0 4.5 1.8 1.5 0.0
28 81 1 2167.8241810136724 9.574445334929214 0.0 4.5 1.8 1.5 0.0
29 81 1 2187.6859051323604 9.538088092397928 0.0 4.5 1.8 1.5 0.0
30 81 1 2207.145311745561 9.527771167980307 0.0 4.5 1.8 1.5 0.0
31 81 1 2226.5660049384355 9.587905068145615 0.0 4.5 1.8 1.5 0.0
32 81 1 2246.1534871672466 9.521191802100788 0.0 4.5 1.8 1.5 0.0
33 81 1 2265.808087591836 9.411412755377842 0.0 4.5 1.8 1.5 0.0
34 81 1 2285.4572213271435 9.444357569272881 0.0 4.5 1.8 1.5 0.0
35 81 1 2304.4305796821127 9.527609647257664 0.0 4.5 1.8 1.5 0.0
36 81 1 2324.03589369513 9.579976076018745 0.0 4.5 1.8 1.5 0.0
37 81 1 2343.3628140877618 9.542693864891572 0.0 4.5 1.8 1.5 0.0
38 81 1 2362.9679305740488 9.544412572984289 0.0 4.5 1.8 1.5 0.0
39 81 1 2382.579810123941 9.534302306651567 0.0 4.5 1.8 1.5 0.0
40 81 1 2401.9919711916164 9.504152326512614 0.0 4.5 1.8 1.5 0.0
41 81 1 2421.6686022431227 9.57684129930522 0.0 4.5 1.8 1.5 0.0
42 81 1 2441.0006834556866 9.486217146788773 0.0 4.5 1.8 1.5 0.0
43 81 1 2460.7522229378683 9.528030329364533 0.0 4.5 1.8 1.5 0.0
44 81 1 2480.30482211374 9.48436566334886 0.0 4.5 1.8 1.5 0.0
45 81 1 2499.292026284066 9.503005319926102 0.0 4.5 1.8 1.5 0.0
46 81 1 2519.0038351295066 9.525716104013403 0.0 4.5 1.8 1.5 0.0
47 81 1 2538.5389281907132 9.56670637158424 0.0 4.5 1.8 1.5 0.0
48 81 1 2558.117858763291 9.537179248956113 0.0 4.5 1.8 1.5 0.0
49 81 1 2577.7162073096724 9.539403278638027 0.0 4.5 1.8 1.5 0.0
0 82 1 1741.9189454914808 -0.46562916128809895 0.0 4.5 1.8 1.5 0.0
1 82 1 1760.5390945859685 -0.45265001666822824 0.0 4.5 1.8 1.5 0.0
2 82 1 1779.7757944315758 -0.3797633791138698 0.0 4.5 1.8 1.5 0.0
3 82 1 1798.4670608548768 -0.4182242762901715 0.0 4.5 1.8 1.5 0.0
4 82 1 1816.7244292649966 -0.4921014340010612 0.0 4.5 1.8 1.5 0.0
5 82 1 1835.3867292504951 -0.4487048451339752 0.0 4.5 1.8 1.5 0.0
6 82 1 1854.1255076348557 -0.4982995300246529 0.0 4.5 1.8 1.5 0.0
7 82 1 1872.6173051220192 -0.5208616372857293 0.0 4.5 1.8 1.5 0.0
8 82 1 1891.3112776188977 -0.4083991870095476 0.0 4.5 1.8 1.5 0.0
9 82 1 1909.5564395512988 -0.5091743937693081 0.0 4.5 1.8 1.5 0.0
10 82 1 1928.2585320347168 -0.4510680290171738 0.0 4.5 1.8 1.5 0.0
11 82 1 1946.87521758551 -0.3732622699773713 0.0 4.5 1.8 1.5 0.0
12 82 1 1965.8789315736076 -0.41223480209829083 0.0 4.5 1.8 1.5 0.0
13 82 1 1984.110877869413 -0.3775278768085966 0.0 4.5 1.8 1.5 0.0
14 82 1 2003.195595803785 -0.47630406307897105 0.0 4.5 1.8 1.5 0.0
15 82 1 2021.3943068000542 -0.44599314223845316 0.0 4.5 1.8 1.5 0.0
16 82 1 2040.2463605717526 -0.46343312286285576 0.0 4.5 1.8 1.5 0.0
17 82 1 2058.835546924239 -0.4061149857178035 0.0 4.5 1.8 1.5 0.0
18 82 1 2077.0935047887783 -0.3706903915684033 0.0 4.5 1.8 1.5 0.0
19 82 1 2096.450229559657 -0.4316525216702338 0.0 4.5 1.8 1.5 0.0
20 82 1 2114.858775617053 -0.38803424830732863 0.0 4.5 1.8 1.5 0.0
21 82 1 2133.516127369155 -0.45610825531118143 0.0 4.5 1.8 1.5 0.0
22 82 1 2152.389309283175 -0.3375169948325114 0.0 4.5 1.8 1.5 0.0
23 82 1 2170.604350774151 -0.42094681541116846 0.0 4.5 1.8 1.5 0.0
24 82 1 2189.2182602324874 -0.41710479697196484 0.0 4.5 1.8 1.5 0.0
25 82 1 2207.916888781617 -0.3816093682394197 0.0 4.5 1.8 1.5 0.0
26 82 1 2226.6894876661304 -0.43986284762476835 0.0 4.5 1.8 1.5 0.0
27 82 1 2245.6727210352433 -0.478836927040626 0.0 4.5 1.8 1.5 0.0
28 82 1 2264.120452923803 -0.4738594531791927 0.0 4.5 1.8 1.5 0.0
29 82 1 2282.85973046298 -0.3528490086434916 0.0 4.5 1.8 1.5 0.0
30 82 1 2301.2048759838663 -0.5518913010730702 0.0 4.5 1.8 1.5 0.0
31 82 1 2319.7568164802406 -0.32055496488392 0.0 4.5 1.8 1.5 0.0
32 82 1 2338.4130075232633 -0.3536357235651047 0.0 4.5 1.8 1.5 0.0
33 82 1 2357.047159633105 -0.4737367488797062 0.0 4.5 1.8 1.5 0.0
34 82 1 2375.9612408157604 -0.40921973133155215 0.0 4.5 1.8 1.5 0.0
35 82 1 2394.6128246058547 -0.4419412531568301 0.0 4.5 1.8 1.5 0.0
36 82 1 2413.2862482584233 -0.3941117763698093 0.0 4.5 1.8 1.5 0.0
37 82 1 2431.9461683206496 -0.47336473384996475 0.0 4.5 1.8 1.5 0.0
38 82 1 2450.5600750178355 -0.4682535882083654 0.0 4.5 1.8 1.5 0.0
39 82 1 2468.958915400511 -0.4510681329661727 0.0 4.5 1.8 1.5 0.0
40 82 1 2487.4277013335495 -0.5289626616029941 0.0 4.5 1.8 1.5 0.0
41 82 1 2506.5090533934695 -0.47729925820316493 0.0 4.5 1.8 1.5 0.0
42 82 1 2524.847347109284 -0.4787226200899402 0.0 4.5 1.8 1.5 0.0
43 82 1 2543.486950616088 -0.46748192810462597 0.0 4.5 1.8 1.5 0.0
44 82 1 2562.4310847665465 -0.47171198851484597 0.0 4.5 1.8 1.5 0.0
45 82 1 2581.15516529144 -0.3852232111251527 0.0 4.5 1.8 1.5 0.0
46 82 1 2599.354351532819 -0.42619619934519887 0.0 4.5 1.8 1.5 0.0
47 82 1 2618.190096666267 -0.4001064208970882 0.0 4.5 1.8 1.5 0.0
48 82 1 2636.9113072711216 -0.4328551482593708 0.0 4.5 1.8 1.5 0.0
49 82 1 2655.1693157188784 -0.4101423648593267 0.0 4.5 1.8 1.5 0.0
0 83 1 773.5538430107003 -0.022828368542564467 0.0 4.5 1.8 1.5 0.0
1 83 1 788.8340295034704 -0.06020048908405194 0.0 4.5 1.8 1.5 0.0
2 83 1 804.0068467553889 -0.13472645557359583 0.0 4.5 1.8 1.5 0.0
3 83 1 819.1041488100116 -0.15625906192916272 0.0 4.5 1.8 1.5 0.0
4 83 1 834.7514347494811 -0.11876465226562746 0.0 4.5 1.8 1.5 0.0
5 83 1 850.1107143289397 -0.11007996386808161 0.0 4.5 1.8 1.5 0.0
6 83 1 865.1277239923847 -0.011727818095986164 0.0 4.5 1.8 1.5 0.0
7 83 1 880.4555221587217 -0.06099261280006892 0.0 4.5 1.8 1.5 0.0
8 83 1 895.6701491649073 -0.08366268731615581 0.0 4.5 1.8 1.5 0.0
9 83 1 911.2120822717987 -0.10871806275655509 0.0 4.5 1.8 1.5 0.0
10 83 1 925.831670689181 -0.11823003824252848 0.0 4.5 1.8 1.5 0.0
11 83 1 941.8247474170244 -0.09276861963394761 0.0 4.5 1.8 1.5 0.0
12 83 1 956.9439113162704 -0.20525550798321007 0.0 4.5 1.8 1.5 0.0
13 83 1 971.9867406608414 -0.09857477972776217 0.0 4.5 1.8 1.5 0.0
14 83 1 987.4889964640859 -0.058409322278689 0.0 4.5 1.8 1.5 0.0
15 83 1 1002.6540345914514 -0.09885145695164341 0.0 4.5 1.8 1.5 0.0
16 83 1 1017.9623709246188 -0.16848979811041198 0.0 4.5 1.8 1.5 0.0
17 83 1 1032.7840259437658 -0.0975921766788303 0.0 4.5 1.8 1.5 0.0
18 83 1 1048.5460617854192 -0.1500514133903426 0.0 4.5 1.8 1.5 0.0
19 83 1 1063.4635258661854 -0.08765568556489722 0.0 4.5 1.8 1.5 0.0
20 83 1 1079.0102645964016 -0.09129892516692685 0.0 4.5 1.8 1.5 0.0
21 83 1 1094.712346451075 -0.22621420530131936 0.0 4.5 1.8 1.5 0.0
22 83 1 1109.4757047170042 -0.1296114419509298 0.0 4.5 1.8 1.5 0.0
23 83 1 1125.182678247326 -0.20096281224565837 0.0 4.5 1.8 1.5 0.0
24 83 1 1140.554973351385 -0.1123498662070196 0.0 4.5 1.8 1.5 0.0
25 83 1 1155.4246891476541 -0.12904564944627944 0.0 4.5 1.8 1.5 0.0
26 83 1 1170.6327248073167 -0.06673682332187639 0.0 4.5 1.8 1.5 0.0
27 83 1 1185.7823613966884 -0.10187195220314145 0.0 4.5 1.8 1.5 0.0
28 83 1 1201.1953173481154 -0.15724933371103902 0.0 4.5 1.8 1.5 0.0
29 83 1 1217.0654368501457 -0.09819012454766113 0.0 4.5 1.8 1.5 0.0
30 83 1 1231.946983057693 -0.062253822251901014 0.0 4.5 1.8 1.5 0.0
31 83 1 1246.8161480934493 -0.03152806582923254 0.0 4.5 1.8 1.5 0.0
32 83 1 1261.874714780566 -0.15758098178726015 0.0 4.5 1.8 1.5 0.0
33 83 1 1277.5607880153811 -0.09005649303680884 0.0 4.5 1.8 1.5 0.0
34 83 1 1292.9724261369975 -0.1274833983202538 0.0 4.5 1.8 1.5 0.0
35 83 1 1308.2023711485956 -0.16804381246146255 0.0 4.5 1.8 1.5 0.0
36 83 1 1323.181412272376 -0.08281708016853112 0.0 4.5 1.8 1.5 0.0
37 83 1 1338.8956881075324 -0.039917942527481196 0.0 4.5 1.8 1.5 0.0
38 83 1 1353.8750315994141 -0.08450190077028799 0.0 4.5 1.8 1.5 0.0
39 83 1 1369.2523818068562 -0.05961891202566002 0.0 4.5 1.8 1.5 0.0
40 83 1 1384.7896038416168 -0.10858219132411129 0.0 4.5 1.8 1.5 0.0
41 83 1 1399.7933933887 -0.07109605235492106 0.0 4.5 1.8 1.5 0.0
42 83 1 1415.2667684584364 -0.15336468138964326 0.0 4.5 1.8 1.5 0.0
43 83 1 1430.1479159528415 -0.13356930631942393 0.0 4.5 1.8 1.5 0.0
44 83 1 1445.992646584359 -0.06181830334868221 0.0 4.5 1.8 1.5 0.0
45 83 1 1460.7431864611071 -0.17753053208033018 0.0 4.5 1.8 1.5 0.0
46 83 1 1476.4966768587294 -0.17592445652322558 0.0 4.5 1.8 1.5 0.0
47 83 1 1491.6196872872738 -0.1499462220521503 0.0 4.5 1.8 1.5 0.0
48 83 1 1507.1173253412016 -0.15766390124222807 0.0 4.5 1.8 1.5 0.0
49 83 1 1522.2986767960906 -0.10989972858231589 0.0 4.5 1.8 1.5 0.0
0 84 1 567.2595340802723 0.45863263886856853 0.0 4.5 1.8 1.5 0.0
1 84 1 584.4757815874742 0.4610968462978411 0.0 4.5 1.8 1.5 0.0
2 84 1 602.3224758102438 0.5183754749967654 0.0 4.5 1.8 1.5 0.0
3 84 1 619.2926666811691 0.4115072490734904 0.0 4.5 1.8 1.5 0.0
4 84 1 637.0474131247705 0.5153754462953858 0.0 4.5 1.8 1.5 0.0
5 84 1 654.376328193142 0.46926077821060946 0.0 4.5 1.8 1.5 0.0
6 84 1 671.6019924199323 0.5577091755536915 0.0 4.5 1.8 1.5 0.0
7 84 1 689.4444316135981 0.5054542437617856 0.0 4.5 1.8 1.5 0.0
8 84 1 706.709607794728 0.4852529081882401 0.0 4.5 1.8 1.5 0.0
9 84 1 723.6685043232894 0.42446086217922224 0.0 4.5 1.8 1.5 0.0
10 84 1 741.5985997144154 0.537133267370264 0.0 4.5 1.8 1.5 0.0
11 84 1 759.0070505914902 0.4907506154840562 0.0 4.5 1.8 1.5 0.0
12 84 1 776.44134683711 0.47054113525474306 0.0 4.5 1.8 1.5 0.0
13 84 1 793.7742269691814 0.46321388157369864 0.0 4.5 1.8 1.5 0.0
14 84 1 810.8654536312665 0.5166765986045679 0.0 4.5 1.8 1.5 0.0
15 84 1 828.7586974948514 0.5971459390005404 0.0 4.5 1.8 1.5 0.0
16 84 1 845.9833402702212 0.42105750906079303 0.0 4.5 1.8 1.5 0.0
17 84 1 863.2917081784991 0.4666534307034455 0.0 4.5 1.8 1.5 0.0
18 84 1 880.8139577433132 0.4969918128166262 0.0 4.5 1.8 1.5 0.0
19 84 1 898.2837138964895 0.5123021129029673 0.0 4.5 1.8 1.5 0.0
20 84 1 915.6774665035715 0.36218320484086575 0.0 4.5 1.8 1.5 0.0
21 84 1 933.1102705157946 0.47778453804506393 0.0 4.5 1.8 1.5 0.0
22 84 1 950.6017589788428 0.45537388970082837 0.0 4.5 1.8 1.5 0.0
23 84 1 967.9632726069965 0.5012601093561487 0.0 4.5 1.8 1.5 0.0
24 84 1 985.313420877778 0.5072415300912186 0.0 4.5 1.8 1.5 0.0
25 84 1 1002.7863161606398 0.4812809415954596 0.0 4.5 1.8 1.5 0.0
26 84 1 1019.6146112703582 0.41625363573842833 0.0 4.5 1.8 1.5 0.0
27 84 1 1037.3977817230602 0.484264610874688 0.0 4.5 1.8 1.5 0.0
28 84 1 1055.3072097888744 0.4675272447438981 0.0 4.5 1.8 1.5 0.0
29 84 1 1072.649398234099 0.505860632795998 0.0 4.5 1.8 1.5 0.0
30 84 1 1089.9345791389546 0.5021468350212884 0.0 4.5 1.8 1.5 0.0
31 84 1 1107.3826510540496 0.46633397514006564 0.0 4.5 1.8 1.5 0.0
32 84 1 1124.8385402362392 0.5457795704697911 0.0 4.5 1.8 1.5 0.0
33 84 1 1142.281735817024 0.4843465559816375 0.0 4.5 1.8 1.5 0.0
34 84 1 1159.4385577621176 0.544241757442935 0.0 4.5 1.8 1.5 0.0
35 84 1 1176.7595000281747 0.3881448459497995 0.0 4.5 1.8 1.5 0.0
36 84 1 1194.5420637280606 0.4294099904239685 0.0 4.5 1.8 1.5 0.0
37 84 1 1212.1124532469894 0.3892627187114054 0.0 4.5 1.8 1.5 0.0
38 84 1 1229.5138565969448 0.5144970967165996 0.0 4.5 1.8 1.5 0.0
39 84 1 1246.771960351287 0.3684694178506891 0.0 4.5 1.8 1.5 0.0
40 84 1 1263.8305583904241 0.4854447638659508 0.0 4.5 1.8 1.5 0.0
41 84 1 1281.5555224704335 0.5098145142248547 0.0 4.5 1.8 1.5 0.0
42 84 1 1299.0152994681873 0.46568896836708784 0.0 4.5 1.8 1.5 0.0
43 84 1 1315.9705410678648 0.5145696155683355 0.0 4.5 1.8 1.5 0.0
44 84 1 1333.7528372016275 0.45353770379374336 0.0 4.5 1.8 1.5 0.0
45 84 1 1351.09557248598 0.39642744678218717 0.0 4.5 1.8 1.5 0.0
46 84 1 1369.0308177162576 0.513222384727449 0.0 4.5 1.8 1.5 0.0
47 84 1 1386.3256511217182 0.46262246907473614 0.0 4.5 1.8 1.5 0.0
48 84 1 1403.2425293734768 0.5785502377715949 0.0 4.5 1.8 1.5 0.0
49 84 1 1421.1014340449453 0.4802874599835543 0.0 4.5 1.8 1.5 0.0
0 85 1 1429.8032113581733 -9.215257229485312 0.0 4.5 1.8 1.5 0.0
1 85 1 1447.0318919502458 -9.172707912206903 0.0 4.5 1.8 1.5 0.0
2 85 1 1463.6410457003471 -9.21851283832949 0.0 4.5 1.8 1.5 0.0
3 85 1 1480.047559172968 -9.136274605702583 0.0 4.5 1.8 1.5 0.0
4 85 1 1496.7408647445975 -9.185033287357854 0.0 4.5 1.8 1.5 0.0
5 85 1 1513.5345446637043 -9.126651538484658 0.0 4.5 1.8 1.5 0.0
6 85 1 1530.3577097528032 -9.26450032033087 0.0 4.5 1.8 1.5 0.0
7 85 1 1546.5874662016136 -9.170791898394057 0.0 4.5 1.8 1.5 0.0
8 85 1 1563.4736588591923 -9.222495978495202 0.0 4.5 1.8 1.5 0.0
9 85 1 1580.3512015191668 -9.190364420193069 0.0 4.5 1.8 1.5 0.0
10 85 1 1596.8201169734457 -9.160745957259762 0.0 4.5 1.8 1.5 0.0
11 85 1 1613.396153250779 -9.121311440023886 0.0 4.5 1.8 1.5 0.0
12 85 1 1629.9751150788209 -9.16689093598041 0.0 4.5 1.8 1.5 0.0
13 85 1 1647.0810407248994 -9.26860216376112 0.0 4.5 1.8 1.5 0.0
14 85 1 1663.3871566756966 -9.142627019653236 0.0 4.5 1.8 1.5 0.0
15 85 1 1680.3488221741131 -9.208312169316926 0.0 4.5 1.8 1.5 0.0
16 85 1 1696.6319885995313 -9.151940598180976 0.0 4.5 1.8 1.5 0.0
17 85 1 1713.6771821924829 -9.257970556723134 0.0 4.5 1.8 1.5 0.0
18 85 1 1729.861239195873 -9.188474555198335 0.0 4.5 1.8 1.5 0.0
19 85 1 1746.8894436060518 -9.214690843559017 0.0 4.5 1.8 1.5 0.0
20 85 1 1763.5609797970624 -9.235244219639384 0.0 4.5 1.8 1.5 0.0
21 85 1 1779.663731866951 -9.220932442914144 0.0 4.5 1.8 1.5 0.0
22 85 1 1796.760866569768 -9.213529387292336 0.0 4.5 1.8 1.5 0.0
23 85 1 1813.1780490414335 -9.290519838091456 0.0 4.5 1.8 1.5 0.0
24 85 1 1829.9685014869915 -9.154854600715026 0.0 4.5 1.8 1.5 0.0
25 85 1 1846.9841082894475 -9.14035172009059 0.0 4.5 1.8 1.5 0.0
26 85 1 1863.231236448235 -9.257422705479032 0.0 4.5 1.8 1.5 0.0
27 85 1 1880.1552948319604 -9.167982388717618 0.0 4.5 1.8 1.5 0.0
28 85 1 1896.7975513837043 -9.300440553009402 0.0 4.5 1.8 1.5 0.0
29 85 1 1913.2056900993873 -9.201221828811812 0.0 4.5 1.8 1.5 0.0
30 85 1 1930.1380602089898 -9.16137202116739 0.0 4.5 1.8 1.5 0.0
31 85 1 1946.73101682822 -9.183198198970603 0.0 4.5 1.8 1.5 0.0
32 85 1 1963.3806887691358 -9.16545642058659 0.0 4.5 1.8 1.5 0.0
33 85 1 1980.0878383614615 -9.19645050629515 0.0 4.5 1.8 1.5 0.0
34 85 1 1996.6331410250357 -9.19567281804539 0.0 4.5 1.8 1.5 0.0
35 85 1 2013.4452826143308 -9.18636361985261 0.0 4.5 1.8 1.5 0.0
36 85 1 2030.0860791759317 -9.132601296229955 0.0 4.5 1.8 1.5 0.0
37 85 1 2046.7244962305117 -9.232187315321172 0.0 4.5 1.8 1.5 0.0
38 85 1 2063.509734356861 -9.26804730618096 0.0 4.5 1.8 1.5 0.0
39 85 1 2079.778279877214 -9.18294502606151 0.0 4.5 1.8 1.5 0.0
40 85 1 2096.759391440619 -9.261989950472714 0.0 4.5 1.8 1.5 0.0
41 85 1 2113.2410981645644 -9.230041580908496 0.0 4.5 1.8 1.5 0.0
42 85 1 2129.881875949885 -9.152557500483868 0.0 4.5 1.8 1.5 0.0
43 85 1 2146.7820618608707 -9.2006934982902 0.0 4.5 1.8 1.5 0.0
44 85 1 2163.1931179364383 -9.267219872808521 0.0 4.5 1.8 1.5 0.0
45 85 1 2180.2478968633172 -9.170131694283269 0.0 4.5 1.8 1.5 0.0
46 85 1 2196.4840756084463 -9.163757414416269 0.0 4.5 1.8 1.5 0.0
47 85 1 2213.2729142588455 -9.214092864540632 0.0 4.5 1.8 1.5 0.0
48 85 1 2230.0355508423186 -9.236812301793151 0.0 4.5 1.8 1.5 0.0
49 85 1 2246.5413067864583 -9.193664336087537 0.0 4.5 1.8 1.5 0.0
0 86 1 1505.7130676654526 -4.932499819433711 0.0 4.5 1.8 1.5 0.0
1 86 1 1522.8861089151696 -5.029994857689344 0.0 4.5 1.8 1.5 0.0
2 86 1 1540.4742556630265 -5.0514794744432105 0.0 4.5 1.8 1.5 0.0
3 86 1 1557.3191014901481 -4.985409759638539 0.0 4.5 1.8 1.5 0.0
4 86 1 1574.8557053190386 -5.057412267411104 0.0 4.5 1.8 1.5 0.0
5 86 1 1591.9528983718124 -5.039211109669571 0.0 4.5 1.8 1.5 0.0
6 86 1 1608.6584289593504 -5.012656852660977 0.0 4.5 1.8 1.5 0.0
7 86 1 1625.7652364663447 -5.001534102603211 0.0 4.5 1.8 1.5 0.0
8 86 1 1643.7878150575805 -4.969854633413671 0.0 4.5 1.8 1.5 0.0
9 86 1 1660.298040905251 -4.972524578792633 0.0 4.5 1.8 1.5 0.0
10 86 1 1677.2938518645406 -5.063318405976464 0.0 4.5 1.8 1.5 0.0
11 86 1 1694.6258586326771 -5.020745614183864 0.0 4.5 1.8 1.5 0.0
12 86 1 1711.5437664013327 -5.040458548781877 0.0 4.5 1.8 1.5 0.0
13 86 1 1728.9346445992326 -4.9480360567844235 0.0 4.5 1.8 1.5 0.0
14 86 1 1745.8660286168179 -5.094437101205634 0.0 4.5 1.8 1.5 0.0
15 86 1 1763.320974886061 -4.967590844039986 0.0 4.5 1.8 1.5 0.0
16 86 1 1780.5572870778035 -5.0100008295052065 0.0 4.5 1.8 1.5 0.0
17 86 1 1797.5503822464502 -4.991329427711613 0.0 4.5 1.8 1.5 0.0
18 86 1 1814.9346170738693 -5.038000217485589 0.0 4.5 1.8 1.5 0.0
19 86 1 1831.7406497053237 -5.072240778943995 0.0 4.5 1.8 1.5 0.0
20 86 1 1849.2672568404257 -5.102348340231233 0.0 4.5 1.8 1.5 0.0
21 86 1 1866.5880571973307 -5.047940958851085 0.0 4.5 1.8 1.5 0.0
22 86 1 1883.4756871257875 -4.990049171277501 0.0 4.5 1.8 1.5 0.0
23 86 1 1900.438178974176 -5.048129566309117 0.0 4.5 1.8 1.5 0.0
24 86 1 1917.7624454950262 -5.0678207151371355 0.0 4.5 1.8 1.5 0.0
25 86 1 1934.6836585194258 -5.074023786410343 0.0 4.5 1.8 1.5 0.0
26 86 1 1952.3001515067656 -5.0052384318405885 0.0 4.5 1.8 1.5 0.0
27 86 1 1969.0608242152273 -4.981496701364651 0.0 4.5 1.8 1.5 0.0
28 86 1 1986.2330419550915 -5.122655284259226 0.0 4.5 1.8 1.5 0.0
29 86 1 2003.6810901801452 -4.94282312658586 0.0 4.5 1.8 1.5 0.0
30 86 1 2020.8144716936722 -5.119501521748109 0.0 4.5 1.8 1.5 0.0
31 86 1 2037.8592880567794 -5.0388635741640035 0.0 4.5 1.8 1.5 0.0
32 86 1 2055.1007769468074 -5.067498138019795 0.0 4.5 1.8 1.5 0.0
33 86 1 2072.119574441715 -5.0961388233274905 0.0 4.5 1.8 1.5 0.0
34 86 1 2089.3917594256773 -5.094279470139982 0.0 4.5 1.8 1.5 0.0
35 86 1 2106.596025543789 -5.062662033626507 0.0 4.5 1.8 1.5 0.0
36 86 1 2123.04139311584 -4.985446767021399 0.0 4.5 1.8 1.5 0.0
37 86 1 2140.9296194053973 -4.95748757178782 0.0 4.5 1.8 1.5 0.0
38 86 1 2157.573923077576 -5.057862151168174 0.0 4.5 1.8 1.5 0.0
39 86 1 2175.1794007485773 -4.99654937952454 0.0 4.5 1.8 1.5 0.0
40 86 1 2192.0216407463727 -5.003561676289994 0.0 4.5 1.8 1.5 0.0
41 86 1 2209.360997529654 -5.117888607350692 0.0 4.5 1.8 1.5 0.0
42 86 1 2226.486352091421 -4.999415817345662 0.0 4.5 1.8 1.5 0.0
43 86 1 2243.434964051813 -4.993282082195917 0.0 4.5 1.8 1.5 0.0
44 86 1 2261.015434644222 -5.037827628033609 0.0 4.5 1.8 1.5 0.0
45 86 1 2277.7928549191997 -5.102882115348063 0.0 4.5 1.8 1.5 0.0
46 86 1 2295.2013334696253 -5.081381675270604 0.0 4.5 1.8 1.5 0.0
47 86 1 2312.3754134550086 -4.97982556630894 0.0 4.5 1.8 1.5 0.0
48 86 1 2329.548696310079 -5.040156921062914 0.0 4.5 1.8 1.5 0.0
49 86 1 2346.7045053758843 -4.974464577628103 0.0 4.5 1.8 1.5 0.0
0 87 1 7.800505707739097 -4.507734972057865 0.0 4.5 1.8 1.5 0.0
1 87 1 25.968052124995843 -4.447915974754889 0.0 4.5 1.8 1.5 0.0
2 87 1 43.771253107999286 -4.448589517799537 0.0 4.5 1.8 1.5 0.0
3 87 1 61.705798242018275 -4.456131285315348 0.0 4.5 1.8 1.5 0.0
4 87 1 79.98924139866769 -4.568236534874192 0.0 4.5 1.8 1.5 0.0
5 87 1 97.87530078675617 -4.52512539766919 0.0 4.5 1.8 1.5 0.0
6 87 1 115.92715482401861 -4.533727185314246 0.0 4.5 1.8 1.5 0.0
7 87 1 133.72873362612907 -4.454108876754438 0.0 4.5 1.8 1.5 0.0
8 87 1 151.75858365834807 -4.481242489682992 0.0 4.5 1.8 1.5 0.0
9 87 1 169.72140250620816 -4.439230442931204 0.0 4.5 1.8 1.5 0.0
10 87 1 187.6189508433277 -4.553270782454939 0.0 4.5 1.8 1.5 0.0
11 87 1 206.04766617139578 -4.544810925437343 0.0 4.5 1.8 1.5 0.0
12 87 1 224.05112256238328 -4.477971576912839 0.0 4.5 1.8 1.5 0.0
13 87 1 241.68812272581604 -4.6132282794934385 0.0 4.5 1.8 1.5 0.0
14 87 1 259.7033339722516 -4.517482103215909 0.0 4.5 1.8 1.5 0.0
15 87 1 277.9287861457446 -4.4431412470805745 0.0 4.5 1.8 1.5 0.0
16 87 1 295.54649012923284 -4.4825045176931715 0.0 4.5 1.8 1.5 0.0
17 87 1 313.8247129622421 -4.468892970772059 0.0 4.5 1.8 1.5 0.0
18 87 1 331.75951547944425 -4.6196884904406685 0.0 4.5 1.8 1.5 0.0
19 87 1 349.6168379764894 -4.580348984638426 0.0 4.5 1.8 1.5 0.0
20 87 1 367.59554627438916 -4.473563394085886 0.0 4.5 1.8 1.5 0.0
21 87 1 385.68524256212555 -4.465159062572709 0.0 4.5 1.8 1.5 0.0
22 87 1 403.68070814507104 -4.587479902876026 0.0 4.5 1.8 1.5 0.0
23 87 1 421.09633292559164 -4.515123167808601 0.0 4.5 1.8 1.5 0.0
24 87 1 439.54586199961375 -4.571410892861675 0.0 4.5 1.8 1.5 0.0
25 87 1 457.2366668089315 -4.559300766566216 0.0 4.5 1.8 1.5 0.0
26 87 1 475.52603892786664 -4.489269714707261 0.0 4.5 1.8 1.5 0.0
27 87 1 493.59080840713096 -4.442160243533944 0.0 4.5 1.8 1.5 0.0
28 87 1 511.3341063455861 -4.478510661289709 0.0 4.5 1.8 1.5 0.0
29 87 1 529.5388318713988 -4.487830149686651 0.0 4.5 1.8 1.5 0.0
30 87 1 547.4302141160977 -4.468979587198051 0.0 4.5 1.8 1.5 0.0
31 87 1 565.5647070063977 -4.556535855138468 0.0 4.5 1.8 1.5 0.0
32 87 1 583.4914022149238 -4.534541398839435 0.0 4.5 1.8 1.5 0.0
33 87 1 601.5797876568117 -4.581552443361306 0.0 4.5 1.8 1.5 0.0
34 87 1 619.4642266122389 -4.502798243260114 0.0 4.5 1.8 1.5 0.0
35 87 1 637.4648465800784 -4.455216543673131 0.0 4.5 1.8 1.5 0.0
36 87 1 655.6011914394318 -4.522937645729618 0.0 4.5 1.8 1.5 0.0
37 87 1 673.477869670095 -4.50778032831848 0.0 4.5 1.8 1.5 0.0
38 87 1 691.5033367374066 -4.613846505675811 0.0 4.5 1.8 1.5 0.0
39 87 1 709.3505165233971 -4.596785559302252 0.0 4.5 1.8 1.5 0.0
40 87 1 727.6546229380207 -4.525606081892727 0.0 4.5 1.8 1.5 0.0
41 87 1 745.3484435245707 -4.477723739290918 0.0 4.5 1.8 1.5 0.0
42 87 1 763.4597216399744 -4.578995331611541 0.0 4.5 1.8 1.5 0.0
43 87 1 781.3492205739567 -4.5393219545539 0.0 4.5 1.8 1.5 0.0
44 87 1 799.0026400347188 -4.55707741755444 0.0 4.5 1.8 1.5 0.0
45 87 1 817.3029835140145 -4.528311152467173 0.0 4.5 1.8 1.5 0.0
46 87 1 835.0313902596602 -4.464980326740207 0.0 4.5 1.8 1.5 0.0
47 87 1 853.2955608985951 -4.520685952059552 0.0 4.5 1.8 1.5 0.0
48 87 1 871.3842548040192 -4.561967418587764 0.0 4.5 1.8 1.5 0.0
49 87 1 889.3835426369556 -4.5409173381934895 0.0 4.5 1.8 1.5 0.0
0 88 1 105.81382499772667 -5.719230453899979 0.0 4.5 1.8 1.5 0.0
1 88 1 125.53896339521575 -5.749978522201925 0.0 4.5 1.8 1.5 0.0
2 88 1 145.26340329987661 -5.633750434702473 0.0 4.5 1.8 1.5 0.0
3 88 1 165.51515421167124 -5.632198856531469 0.0 4.5 1.8 1.5 0.0
4 88 1 185.65206459883242 -5.794837828944376 0.0 4.5 1.8 1.5 0.0
5 88 1 205.18841322235937 -5.676636554209617 0.0 4.5 1.8 1.5 0.0
6 88 1 225.08098733660773 -5.743075596418711 0.0 4.5 1.8 1.5 0.0
7 88 1 245.69860005610326 -5.717438638119051 0.0 4.5 1.8 1.5 0.0
8 88 1 265.5480675333707 -5.691768757796124 0.0 4.5 1.8 1.5 0.0
9 88 1 285.26282180921294 -5.773570807923534 0.0 4.5 1.8 1.5 0.0
10 88 1 305.4382707238101 -5.617630067335064 0.0 4.5 1.8 1.5 0.0
11 88 1 325.2541060489694 -5.686930426577064 0.0 4.5 1.8 1.5 0.0
12 88 1 345.0732550266775 -5.72396910385101 0.0 4.5 1.8 1.5 0.0
13 88 1 365.43819036166553 -5.653174553268516 0.0 4.5 1.8 1.5 0.0
14 88 1 385.4740050221902 -5.791937909825869 0.0 4.5 1.8 1.5 0.0
15 88 1 405.26422954679697 -5.738724399803238 0.0 4.5 1.8 1.5 0.0
16 88 1 425.28661210188585 -5.695919916062874 0.0 4.5 1.8 1.5 0.0
17 88 1 445.55448937771365 -5.6755984924538305 0.0 4.5 1.8 1.5 0.0
18 88 1 465.61758663647737 -5.725335860009866 0.0 4.5 1.8 1.5 0.0
19 88 1 485.04340617274096 -5.617598212247484 0.0 4.5 1.8 1.5 0.0
20 88 1 505.4063137743308 -5.727523932656452 0.0 4.5 1.8 1.5 0.0
21 88 1 525.399988544878 -5.648597365928535 0.0 4.5 1.8 1.5 0.0
22 88 1 545.3290633742027 -5.726812165689834 0.0 4.5 1.8 1.5 0.0
23 88 1 565.2097738930556 -5.675829269396017 0.0 4.5 1.8 1.5 0.0
24 88 1 585.3306052875231 -5.629747341399236 0.0 4.5 1.8 1.5 0.0
25 88 1 605.228446896397 -5.738548374207283 0.0 4.5 1.8 1.5 0.0
26 88 1 625.7918410472166 -5.68163593431412 0.0 4.5 1.8 1.5 0.0
27 88 1 645.436083975306 -5.664267925687213 0.0 4.5 1.8 1.5 0.0
28 88 1 665.2993475538656 -5.701747530825665 0.0 4.5 1.8 1.5 0.0
29 88 1 684.6940707679072 -5.743521406328398 0.0 4.5 1.8 1.5 0.0
30 88 1 705.3134589936875 -5.826309006188852 0.0 4.5 1.8 1.5 0.0
31 88 1 725.2547600719715 -5.657298818745291 0.0 4.5 1.8 1.5 0.0
32 88 1 745.3998933592754 -5.660452581915272 0.0 4.5 1.8 1.5 0.0
33 88 1 765.4177172686036 -5.6100797751264135 0.0 4.5 1.8 1.5 0.0
34 88 1 785.4380637077873 -5.680518774343411 0.0 4.5 1.8 1.5 0.0
35 88 1 805.1847173921764 -5.684628450560872 0.0 4.5 1.8 1.5 0.0
36 88 1 825.1493429752212 -5.634481307676226 0.0 4.5 1.8 1.5 0.0
37 88 1 845.3116638896417 -5.709414167010843 0.0 4.5 1.8 1.5 0.0
38 88 1 865.4548626471292 -5.704954286990238 0.0 4.5 1.8 1.5 0.0
39 88 1 884.9936920036176 -5.690897471621047 0.0 4.5 1.8 1.5 0.0
40 88 1 905.0108208785231 -5.643550057411645 0.0 4.5 1.8 1.5 0.0
41 88 1 924.999362380922 -5.6961288256990485 0.0 4.5 1.8 1.5 0.0
42 88 1 945.3491915584973 -5.725970442217775 0.0 4.5 1.8 1.5 0.0
43 88 1 965.2362800091976 -5.73903111221373 0.0 4.5 1.8 1.5 0.0
44 88 1 985.1957291703983 -5.661998001845631 0.0 4.5 1.8 1.5 0.0
45 88 1 1005.131223681048 -5.688684029914591 0.0 4.5 1.8 1.5 0.0
46 88 1 1025.2212521941217 -5.70438577351973 0.0 4.5 1.8 1.5 0.0
47 88 1 1045.303166998451 -5.6218032919214025 0.0 4.5 1.8 1.5 0.0
48 88 1 1064.9329005828074 -5.602007365565622 0.0 4.5 1.8 1.5 0.0
49 88 1 1085.050161205186 -5.5906430968025145 0.0 4.5 1.8 1.5 0.0
0 89 1 1619.6218343657274 -3.2596954213268057 0.0 4.5 1.8 1.5 0.0
1 89 1 1635.8191805093327 -3.2745782197535593 0.0 4.5 1.8 1.5 0.0
2 89 1 1652.6367699765701 -3.33436803317338 0.0 4.5 1.8 1.5 0.0
3 89 1 1669.2031332666927 -3.2956832577260142 0.0 4.5 1.8 1.5 0.0
4 89 1 1685.7052651700035 -3.303479322586818 0.0 4.5 1.8 1.5 0.0
5 89 1 1701.7200261720675 -3.2997135497901087 0.0 4.5 1.8 1.5 0.0
6 89 1 1718.377930365185 -3.2962306956365968 0.0 4.5 1.8 1.5 0.0
7 89 1 1734.825368426642 -3.260108442814213 0.0 4.5 1.8 1.5 0.0
8 89 1 1751.3059415581536 -3.2801123199956232 0.0 4.5 1.8 1.5 0.0
9 89 1 1767.4699408734284 -3.2572217994974992 0.0 4.5 1.8 1.5 0.0
10 89 1 1784.2655542148868 -3.196292051273879 0.0 4.5 1.8 1.5 0.0
11 89 1 1800.5670905621307 -3.3672214667229987 0.0 4.5 1.8 1.5 0.0
12 89 1 1817.3502260155235 -3.2594803493823727 0.0 4.5 1.8 1.5 0.0
13 89 1 1833.4965344337875 -3.3532941480482275 0.0 4.5 1.8 1.5 0.0
14 89 1 1850.4773091051868 -3.206101180767684 0.0 4.5 1.8 1.5 0.0
15 89 1 1866.1439471284648 -3.299717851760848 0.0 4.5 1.8 1.5 0.0
16 89 1 1883.4458856123192 -3.300609828186916 0.0 4.5 1.8 1.5 0.0
17 89 1 1899.4865334757133 -3.2909446666794913 0.0 4.5 1.8 1.5 0.0
18 89 1 1915.832085248921 -3.362045487509425 0.0 4.5 1.8 1.5 0.0
19 89 1 1932.7383828269778 -3.3689535456104065 0.0 4.5 1.8 1.5 0.0
20 89 1 1949.0489363764088 -3.2324777256601402 0.0 4.5 1.8 1.5 0.0
21 89 1 1965.1808455473629 -3.3230201204277763 0.0 4.5 1.8 1.5 0.0
22 89 1 1982.1853353659776 -3.250162114286671 0.0 4.5 1.8 1.5 0.0
23 89 1 1998.2908511080798 -3.2166942501299642 0.0 4.5 1.8 1.5 0.0
24 89 1 2015.1272241153026 -3.2633540656472375 0.0 4.5 1.8 1.5 0.0
25 89 1 2031.1774936461932 -3.2974791354716126 0.0 4.5 1.8 1.5 0.0
26 89 1 2047.8864117617152 -3.2862364417553973 0.0 4.5 1.8 1.5 0.0
27 89 1 2064.488534569727 -3.3532954043034895 0.0 4.5 1.8 1.5 0.0
28 89 1 2080.4734991494233 -3.2677631447239013 0.0 4.5 1.8 1.5 0.0
29 89 1 2097.145651693631 -3.3081591310329097 0.0 4.5 1.8 1.5 0.0
30 89 1 2113.361957953714 -3.275829408058114 0.0 4.5 1.8 1.5 0.0
31 89 1 2130.1766269971044 -3.2441327512004356 0.0 4.5 1.8 1.5 0.0
32 89 1 2146.6725679664855 -3.2834369042100477 0.0 4.5 1.8 1.5 0.0
33 89 1 2163.3657955883755 -3.34243006547045 0.0 4.5 1.8 1.5 0.0
34 89 1 2179.709282025943 -3.3603640585377903 0.0 4.5 1.8 1.5 0.0
35 89 1 2195.9059405273297 -3.3374395569291884 0.0 4.5 1.8 1.5 0.0
36 89 1 2212.701610131576 -3.2800772119777926 0.0 4.5 1.8 1.5 0.0
37 89 1 2229.0141296967236 -3.3321433496844954 0.0 4.5 1.8 1.5 0.0
38 89 1 2245.428500367612 -3.314979965463478 0.0 4.5 1.8 1.5 0.0
39 89 1 2262.036738790925 -3.3263612570646033 0.0 4.5 1.8 1.5 0.0
40 89 1 2278.6976153821515 -3.3605857227792275 0.0 4.5 1.8 1.5 0.0
41 89 1 2294.7419612637755 -3.192946674799718 0.0 4.5 1.8 1.5 0.0
42 89 1 2311.2878462018307 -3.3425506335182433 0.0 4.5 1.8 1.5 0.0
43 89 1 2327.8902969850865 -3.30057631240875 0.0 4.5 1.8 1.5 0.0
44 89 1 2344.1509173426116 -3.331600240837959 0.0 4.5 1.8 1.5 0.0
45 89 1 2361.3433748360167 -3.2893842953072294 0.0 4.5 1.8 1.5 0.0
46 89 1 2376.876195363981 -3.202121212347746 0.0 4.5 1.8 1.5 0.0
47 89 1 2393.855131738226 -3.3151300218490123 0.0 4.5 1.8 1.5 0.0
48 89 1 2410.0179024606227 -3.2431330604901114 0.0 4.5 1.8 1.5 0.0
49 89 1 2426.6267513340185 -3.373105591220278 0.0 4.5 1.8 1.5 0.0
0 90 1 809.1019416306357 4.217044198409132 0.0 4.5 1.8 1.5 0.0
1 90 1 826.747140691097 4.112521378919564 0.0 4.5 1.8 1.5 0.0
2 90 1 844.7044834190405 4.142422643405798 0.0 4.5 1.8 1.5 0.0
3 90 1 863.2012682586949 4.1211932877040995 0.0 4.5 1.8 1.5 0.0
4 90 1 881.3872235967777 4.204175389775764 0.0 4.5 1.8 1.5 0.0
5 90 1 899.3232668603175 4.104581614903806 0.0 4.5 1.8 1.5 0.0
6 90 1 917.8115092292443 4.173339612531027 0.0 4.5 1.8 1.5 0.0
7 90 1 936.040724085354 4.1762014587695875 0.0 4.5 1.8 1.5 0.0
8 90 1 953.8020844343669 4.1233576603005035 0.0 4.5 1.8 1.5 0.0
9 90 1 971.8020921514562 4.093642362829088 0.0 4.5 1.8 1.5 0.0
10 90 1 989.7352349126943 4.208640753666311 0.0 4.5 1.8 1.5 0.0
11 90 1 1008.0646020759447 4.150449599869128 0.0 4.5 1.8 1.5 0.0
12 90 1 1026.0901925236476 4.152306316077803 0.0 4.5 1.8 1.5 0.0
13 90 1 1044.582049375323 4.178793589143617 0.0 4.5 1.8 1.5 0.0
14 90 1 1062.2365926781995 4.223101735994433 0.0 4.5 1.8 1.5 0.0
15 90 1 1080.9347623393949 4.196317734702495 0.0 4.5 1.8 1.5 0.0
16 90 1 1098.8851716310098 4.23262164716843 0.0 4.5 1.8 1.5 0.0
17 90 1 1116.492751572172 4.264796019694267 0.0 4.5 1.8 1.5 0.0
18 90 1 1135.1609943372212 4.19602523634563 0.0 4.5 1.8 1.5 0.0
19 90 1 1153.033298382472 4.104720380504041 0.0 4.5 1.8 1.5 0.0
20 90 1 1171.1092692367802 4.194002352126464 0.0 4.5 1.8 1.5 0.0
21 90 1 1189.071836748928 4.168095137930947 0.0 4.5 1.8 1.5 0.0
22 90 1 1207.1731591177909 4.152351292496775 0.0 4.5 1.8 1.5 0.0
23 90 1 1225.2565008859183 4.098693696910123 0.0 4.5 1.8 1.5 0.0
24 90 1 1243.712203208679 4.142594623379961 0.0 4.5 1.8 1.5 0.0
25 90 1 1261.6641861743217 4.13991031956144 0.0 4.5 1.8 1.5 0.0
26 90 1 1280.4231268583455 4.201950855585273 0.0 4.5 1.8 1.5 0.0
27 90 1 1298.1386109358705 4.132811724484656 0.0 4.5 1.8 1.5 0.0
28 90 1 1316.213771332968 4.16019645114608 0.0 4.5 1.8 1.5 0.0
29 90 1 1334.0732902142904 4.268037071360912 0.0 4.5 1.8 1.5 0.0
30 90 1 1352.4616974021292 4.197699432823593 0.0 4.5 1.8 1.5 0.0
31 90 1 1370.2699513727498 4.1080720391306365 0.0 4.5 1.8 1.5 0.0
32 90 1 1388.5699467700733 4.142906800273963 0.0 4.5 1.8 1.5 0.0
33 90 1 1406.8211442198551 4.205545545344419 0.0 4.5 1.8 1.5 0.0
34 90 1 1424.8288756521786 4.2129681599791216 0.0 4.5 1.8 1.5 0.0
35 90 1 1442.9715948453927 4.127998020521543 0.0 4.5 1.8 1.5 0.0
36 90 1 1461.0104379896454 4.178369153429339 0.0 4.5 1.8 1.5 0.0
37 90 1 1479.3530369123334 4.182830043521942 0.0 4.5 1.8 1.5 0.0
38 90 1 1497.1701207464907 4.219891066597366 0.0 4.5 1.8 1.5 0.0
39 90 1 1515.4777210037882 4.248866187579317 0.0 4.5 1.8 1.5 0.0
40 90 1 1533.536184295646 4.119716065611498 0.0 4.5 1.8 1.5 0.0
41 90 1 1551.871283641782 4.142743003126821 0.0 4.5 1.8 1.5 0.0
42 90 1 1569.812131561689 4.180868335768432 0.0 4.5 1.8 1.5 0.0
43 90 1 1587.8793315695032 4.163091502691124 0.0 4.5 1.8 1.5 0.0
44 90 1 1605.6569358443448 4.1214773050684625 0.0 4.5 1.8 1.5 0.0
45 90 1 1624.3289501023858 4.193022537188696 0.0 4.5 1.8 1.5 0.0
46 90 1 1642.6035420152816 4.11969726019826 0.0 4.5 1.8 1.5 0.0
47 90 1 1660.3327103513025 4.229742177248053 0.0 4.5 1.8 1.5 0.0
48 90 1 1678.342835837519 4.147314149094438 0.0 4.5 1.8 1.5 0.0
49 90 1 1696.514491533879 4.149315111550156 0.0 4.5 1.8 1.5 0.0
0 91 1 536.0974426387394 1.2154544919204928 0.0 4.5 1.8 1.5 0.0
1 91 1 553.166735504212 1.1542255060873412 0.0 4.5 1.8 1.5 0.0
2 91 1 569.9051565316961 1.1573314464355042 0.0 4.5 1.8 1.5 0.0
3 91 1 587.0021222126986 1.2259275150860562 0.0 4.5 1.8 1.5 0.0
4 91 1 603.9773987542393 1.2949217343150972 0.0 4.5 1.8 1.5 0.0
5 91 1 621.3317588806009 1.2480151802186514 0.0 4.5 1.8 1.5 0.0
6 91 1 638.0921832794064 1.2833112395213904 0.0 4.5 1.8 1.5 0.0
7 91 1 655.0623003201557 1.2060341320276537 0.0 4.5 1.8 1.5 0.0
8 91 1 672.1296827408087 1.2426883547625334 0.0 4.5 1.8 1.5 0.0
9 91 1 689.2128558351382 1.183840938813136 0.0 4.5 1.8 1.5 0.0
10 91 1 705.9686618619313 1.2395923505929702 0.0 4.5 1.8 1.5 0.0
11 91 1 723.2080943090737 1.1879296464942224 0.0 4.5 1.8 1.5 0.0
12 91 1 739.7373957648385 1.1972313979349538 0.0 4.5 1.8 1.5 0.0
13 91 1 757.1693249250183 1.2978680450563551 0.0 4.5 1.8 1.5 0.0
14 91 1 773.7948145592637 1.1862686400938374 0.0 4.5 1.8 1.5 0.0
15 91 1 790.9463118259057 1.2753874697069412 0.0 4.5 1.8 1.5 0.0
16 91 1 808.0069906245978 1.162230874766753 0.0 4.5 1.8 1.5 0.0
17 91 1 825.1155043677528 1.1873652767333187 0.0 4.5 1.8 1.5 0.0
18 91 1 841.7486742429757 1.1629585373715585 0.0 4.5 1.8 1.5 0.0
19 91 1 859.3301464750107 1.2268076638178391 0.0 4.5 1.8 1.5 0.0
20 91 1 875.9946764816955 1.1951025159447637 0.0 4.5 1.8 1.5 0.0
21 91 1 893.0213406255076 1.2216090000354909 0.0 4.5 1.8 1.5 0.0
22 91 1 910.0111310092041 1.2133394572492537 0.0 4.5 1.8 1.5 0.0
23 91 1 927.1162432977027 1.2087524200354027 0.0 4.5 1.8 1.5 0.0
24 91 1 943.7366822494098 1.1769760581903226 0.0 4.5 1.8 1.5 0.0
25 91 1 960.5262526643013 1.3089380585374857 0.0 4.5 1.8 1.5 0.0
26 91 1 978.0843937078686 1.1660936779789042 0.0 4.5 1.8 1.5 0.0
27 91 1 994.8452602060776 1.1757533790250445 0.0 4.5 1.8 1.5 0.0
28 91 1 1012.1999250047106 1.1366033445218195 0.0 4.5 1.8 1.5 0.0
29 91 1 1028.9040971606785 1.2021708106071236 0.0 4.5 1.8 1.5 0.0
30 91 1 1046.0363560615353 1.2023967413491314 0.0 4.5 1.8 1.5 0.0
31 91 1 1062.5091329465413 1.195041311003244 0.0 4.5 1.8 1.5 0.0
32 91 1 1079.6561286647623 1.2115761800631941 0.0 4.5 1.8 1.5 0.0
33 91 1 1097.127182902134 1.1206259405237522 0.0 4.5 1.8 1.5 0.0
34 91 1 1113.670089334229 1.1799625550461912 0.0 4.5 1.8 1.5 0.0
35 91 1 1130.743594048705 1.2446034859406283 0.0 4.5 1.8 1.5 0.0
36 91 1 1147.7749977707542 1.2283873390213884 0.0 4.5 1.8 1.5 0.0
37 91 1 1164.674338431999 1.2190934200062629 0.0 4.5 1.8 1.5 0.0
38 91 1 1181.9448389533998 1.1709822252485116 0.0 4.5 1.8 1.5 0.0
39 91 1 1198.9353374376644 1.2102158411717445 0.0 4.5 1.8 1.5 0.0
40 91 1 1215.9779442482782 1.1975262077315174 0.0 4.5 1.8 1.5 0.0
41 91 1 1232.8348875176932 1.2055668911514397 0.0 4.5 1.8 1.5 0.0
42 91 1 1249.7291825207315 1.2205437241466506 0.0 4.5 1.8 1.5 0.0
43 91 1 1266.8455728534636 1.1451189571391658 0.0 4.5 1.8 1.5 0.0
44 91 1 1284.014724467861 1.1146140507078761 0.0 4.5 1.8 1.5 0.0
45 91 1 1300.5808217106282 1.2028837491971212 0.0 4.5 1.8 1.5 0.0
46 91 1 1317.7900417128722 1.286405829122435 0.0 4.5 1.8 1.5 0.0
47 91 1 1334.3256986078889 1.1822124963158807 0.0 4.5 1.8 1.5 0.0
48 91 1 1351.2617765944528 1.2091783014308786 0.0 4.5 1.8 1.5 0.0
49 91 1 1368.7312663953915 1.2871369898439287 0.0 4.5 1.8 1.5 0.0
0 92 1 1578.3635353670272 0.9284668664581851 0.0 4.5 1.8 1.5 0.0
1 92 1 1594.621738318179 0.8089077106360869 0.0 4.5 1.8 1.5 0.0
2 92 1 1610.9090714653246 0.8501750713488253 0.0 4.5 1.8 1.5 0.0
3 92 1 1627.2439827392716 0.8531392986213235 0.0 4.5 1.8 1.5 0.0
4 92 1 1643.0489834726416 0.8297822763601538 0.0 4.5 1.8 1.5 0.0
5 92 1 1659.1828342037652 0.8327312588222358 0.0 4.5 1.8 1.5 0.0
6 92 1 1675.7091556426728 0.8043028780111188 0.0 4.5 1.8 1.5 0.0
7 92 1 1691.8260938714466 0.9123112990647281 0.0 4.5 1.8 1.5 0.0
8 92 1 1708.1319995155882 0.8730663694108383 0.0 4.5 1.8 1.5 0.0
9 92 1 1723.8424633260838 0.8622903906208433 0.0 4.5 1.8 1.5 0.0
10 92 1 1740.3580538503943 0.8751147899138484 0.0 4.5 1.8 1.5 0.0
11 92 1 1756.5037717615348 0.9391425997834097 0.0 4.5 1.8 1.5 0.0
12 92 1 1772.7381389486832 0.8808003694153842 0.0 4.5 1.8 1.5 0.0
13 92 1 1788.444178012053 0.8316857637561056 0.0 4.5 1.8 1.5 0.0
14 92 1 1804.923427387558 0.7720226340161187 0.0 4.5 1.8 1.5 0.0
15 92 1 1820.9738207606028 0.8574556649290033 0.0 4.5 1.8 1.5 0.0
16 92 1 1837.365842939656 0.8961688062710245 0.0 4.5 1.8 1.5 0.0
17 92 1 1853.5372400924855 0.8832803251336316 0.0 4.5 1.8 1.5 0.0
18 92 1 1869.6860527881795 0.8729789544665152 0.0 4.5 1.8 1.5 0.0
19 92 1 1886.0511173068453 0.9445098055219944 0.0 4.5 1.8 1.5 0.0
20 92 1 1902.0493062497744 0.8780873925642879 0.0 4.5 1.8 1.5 0.0
21 92 1 1918.517372385538 0.7988986125973306 0.0 4.5 1.8 1.5 0.0
22 92 1 1934.9344241697995 0.9298298306184388 0.0 4.5 1.8 1.5 0.0
23 92 1 1950.3838733144205 0.8894473850690134 0.0 4.5 1.8 1.5 0.0
24 92 1 1966.8045923914206 0.8510108913929358 0.0 4.5 1.8 1.5 0.0
25 92 1 1983.1788954442575 0.9233982697825633 0.0 4.5 1.8 1.5 0.0
26 92 1 1999.2069326231579 0.8482558826996611 0.0 4.5 1.8 1.5 0.0
27 92 1 2015.5658526307654 0.8994761090874664 0.0 4.5 1.8 1.5 0.0
28 92 1 2031.4813050706312 0.9570619380734392 0.0 4.5 1.8 1.5 0.0
29 92 1 2047.7453805462596 0.9191120049731625 0.0 4.5 1.8 1.5 0.0
30 92 1 2064.1556964083693 0.9011944890892558 0.0 4.5 1.8 1.5 0.0
31 92 1 2080.1318772618424 0.7846857820483395 0.0 4.5 1.8 1.5 0.0
32 92 1 2096.4436993122085 0.8700142861857767 0.0 4.5 1.8 1.5 0.0
33 92 1 2112.447687296953 0.916775452566947 0.0 4.5 1.8 1.5 0.0
34 92 1 2128.8202978575523 0.8304246598917189 0.0 4.5 1.8 1.5 0.0
35 92 1 2145.1389300807664 0.9014592930444769 0.0 4.5 1.8 1.5 0.0
36 92 1 2161.0699582907623 0.9325478896093105 0.0 4.5 1.8 1.5 0.0
37 92 1 2177.853188737935 0.8163767682151591 0.0 4.5 1.8 1.5 0.0
38 92 1 2193.5591132187133 0.887728783033791 0.0 4.5 1.8 1.5 0.0
39 92 1 2210.243216124748 0.8341894288484725 0.0 4.5 1.8 1.5 0.0
40 92 1 2225.7905592476686 0.8235573356246039 0.0 4.5 1.8 1.5 0.0
41 92 1 2242.414072930766 0.8354867290771447 0.0 4.5 1.8 1.5 0.0
42 92 1 2258.1910734382436 0.8824266594235991 0.0 4.5 1.8 1.5 0.0
43 92 1 2274.6140566078034 0.9244293165944832 0.0 4.5 1.8 1.5 0.0
44 92 1 2290.762109619588 0.8833248982868548 0.0 4.5 1.8 1.5 0.0
45 92 1 2306.9139823557703 0.8056629468125208 0.0 4.5 1.8 1.5 0.0
46 92 1 2323.086427611113 0.8740199716348085 0.0 4.5 1.8 1.5 0.0
47 92 1 2339.228895916347 0.792655593657643 0.0 4.5 1.8 1.5 0.0
48 92 1 2355.2819745854326 0.868909228094084 0.0 4.5 1.8 1.5 0.0
49 92 1 2371.886835364866 0.9549924977950023 0.0 4.5 1.8 1.5 0.0
0 93 1 529.81897435708 -9.743735783988347 0.0 4.5 1.8 1.5 0.0
1 93 1 545.7169059690925 -9.797263121195385 0.0 4.5 1.8 1.5 0.0
2 93 1 560.5053374207017 -9.713337021816043 0.0 4.5 1.8 1.5 0.0
3 93 1 576.4299941171898 -9.805519417180758 0.0 4.5 1.8 1.5 0.0
4 93 1 591.6698741685217 -9.697752354296075 0.0 4.5 1.8 1.5 0.0
5 93 1 606.5647437011822 -9.686877264398799 0.0 4.5 1.8 1.5 0.0
6 93 1 622.5401365506555 -9.742391609956961 0.0 4.5 1.8 1.5 0.0
7 93 1 638.0035242239131 -9.669979552577917 0.0 4.5 1.8 1.5 0.0
8 93 1 653.1619181133634 -9.749374600810405 0.0 4.5 1.8 1.5 0.0
9 93 1 668.3349685264698 -9.728680506762469 0.0 4.5 1.8 1.5 0.0
10 93 1 684.0317254656937 -9.743011174346192 0.0 4.5 1.8 1.5 0.0
11 93 1 698.8665130574669 -9.66336663656533 0.0 4.5 1.8 1.5 0.0
12 93 1 714.7322974796548 -9.745783556128002 0.0 4.5 1.8 1.5 0.0
13 93 1 730.2539240897369 -9.650570401470022 0.0 4.5 1.8 1.5 0.0
14 93 1 744.9103496749211 -9.705089148798056 0.0 4.5 1.8 1.5 0.0
15 93 1 760.5736417234232 -9.701846805954212 0.0 4.5 1.8 1.5 0.0
16 93 1 776.2727965828266 -9.695016004972132 0.0 4.5 1.8 1.5 0.0
17 93 1 791.5356011962192 -9.820464336885117 0.0 4.5 1.8 1.5 0.0
18 93 1 806.9336166576333 -9.70645994953717 0.0 4.5 1.8 1.5 0.0
19 93 1 822.615008338386 -9.785393896317785 0.0 4.5 1.8 1.5 0.0
20 93 1 838.0055815347921 -9.759195945776485 0.0 4.5 1.8 1.5 0.0
21 93 1 853.2608990025028 -9.752297028937441 0.0 4.5 1.8 1.5 0.0
22 93 1 868.6130827284928 -9.682208449565646 0.0 4.5 1.8 1.5 0.0
23 93 1 883.7194853642591 -9.7607976261315 0.0 4.5 1.8 1.5 0.0
24 93 1 899.3901202739517 -9.606723148242642 0.0 4.5 1.8 1.5 0.0
25 93 1 914.5687293908164 -9.624795636994314 0.0 4.5 1.8 1.5 0.0
26 93 1 930.5304915707512 -9.73166788882924 0.0 4.5 1.8 1.5 0.0
27 93 1 945.4582159815427 -9.761405591227394 0.0 4.5 1.8 1.5 0.0
28 93 1 960.8924455574826 -9.797138302922137 0.0 4.5 1.8 1.5 0.0
29 93 1 976.2790778368513 -9.651958317601617 0.0 4.5 1.8 1.5 0.0
30 93 1 991.5603482045866 -9.738838546493612 0.0 4.5 1.8 1.5 0.0
31 93 1 1006.7305766989949 -9.708099226887608 0.0 4.5 1.8 1.5 0.0
32 93 1 1022.5119407076053 -9.723617213305872 0.0 4.5 1.8 1.5 0.0
33 93 1 1037.803918537337 -9.741440227232783 0.0 4.5 1.8 1.5 0.0
34 93 1 1053.335903570888 -9.728243161373591 0.0 4.5 1.8 1.5 0.0
35 93 1 1068.6867574752255 -9.716053190421432 0.0 4.5 1.8 1.5 0.0
36 93 1 1084.2366881351 -9.692952626425408 0.0 4.5 1.8 1.5 0.0
37 93 1 1099.4388146230772 -9.65088122976155 0.0 4.5 1.8 1.5 0.0
38 93 1 1114.872535537025 -9.661554196854638 0.0 4.5 1.8 1.5 0.0
39 93 1 1130.2981099296574 -9.818898285240737 0.0 4.5 1.8 1.5 0.0
40 93 1 1145.8259279374104 -9.720043519227026 0.0 4.5 1.8 1.5 0.0
41 93 1 1160.9428096073327 -9.71273491391968 0.0 4.5 1.8 1.5 0.0
42 93 1 1176.2724435058878 -9.715450888274711 0.0 4.5 1.8 1.5 0.0
43 93 1 1191.6113045017773 -9.663088718357441 0.0 4.5 1.8 1.5 0.0
44 93 1 1207.095201669088 -9.745931523430281 0.0 4.5 1.8 1.5 0.0
45 93 1 1222.321173705435 -9.713363541836728 0.0 4.5 1.8 1.5 0.0
46 93 1 1237.9318198653705 -9.707381100610284 0.0 4.5 1.8 1.5 0.0
47 93 1 1253.0771876446108 -9.806861391234738 0.0 4.5 1.8 1.5 0.0
48 93 1 1268.7959958593794 -9.652570238200335 0.0 4.5 1.8 1.5 0.0
49 93 1 1283.8538464511666 -9.647330267116075 0.0 4.5 1.8 1.5 0.0
0 94 1 877.7306642249446 9.764440846377386 0.0 4.5 1.8 1.5 0.0
1 94 1 894.2858690025687 9.835504681985265 0.0 4.5 1.8 1.5 0.0
2 94 1 910.110206120294 9.785785967489739 0.0 4.5 1.8 1.5 0.0
3 94 1 926.2666140411856 9.786412780110327 0.0 4.5 1.8 1.5 0.0
4 94 1 942.3754514164062 9.79584762292046 0.0 4.5 1.8 1.5 0.0
5 94 1 958.0774935863527 9.786971602446904 0.0 4.5 1.8 1.5 0.0
6 94 1 974.4774338020607 9.846839648054244 0.0 4.5 1.8 1.5 0.0
7 94 1 990.3853064948403 9.807544948325114 0.0 4.5 1.8 1.5 0.0
8 94 1 1006.7337500729312 9.789932321817478 0.0 4.5 1.8 1.5 0.0
9 94 1 1022.3398368490912 9.847853131787549 0.0 4.5 1.8 1.5 0.0
10 94 1 1038.9098390250692 9.808788349759103 0.0 4.5 1.8 1.5 0.0
11 94 1 1054.8380912113403 9.708278435780286 0.0 4.5 1.8 1.5 0.0
12 94 1 1071.0545708108393 9.871669482924288 0.0 4.5 1.8 1.5 0.0
13 94 1 1086.7465047320754 9.864600613571447 0.0 4.5 1.8 1.5 0.0
14 94 1 1103.2651597479276 9.740189914590367 0.0 4.5 1.8 1.5 0.0
15 94 1 1119.0296538212863 9.727577798602384 0.0 4.5 1.8 1.5 0.0
16 94 1 1135.1650692265098 9.819765558879377 0.0 4.5 1.8 1.5 0.0
17 94 1 1150.98361761995 9.816639819514103 0.0 4.5 1.8 1.5 0.0
18 94 1 1167.4451507513486 9.830023613568805 0.0 4.5 1.8 1.5 0.0
19 94 1 1183.4778404655685 9.735925146938824 0.0 4.5 1.8 1.5 0.0
20 94 1 1199.4322594999398 9.814967286273571 0.0 4.5 1.8 1.5 0.0
21 94 1 1215.8183737806162 9.797472972232244 0.0 4.5 1.8 1.5 0.0
22 94 1 1231.6808912675024 9.750748340075608 0.0 4.5 1.8 1.5 0.0
23 94 1 1247.4344185539126 9.733196081271348 0.0 4.5 1.8 1.5 0.0
24 94 1 1263.6509580588222 9.900452238408212 0.0 4.5 1.8 1.5 0.0
25 94 1 1279.724210814255 9.815580998454971 0.0 4.5 1.8 1.5 0.0
26 94 1 1295.9856600103556 9.74277322530606 0.0 4.5 1.8 1.5 0.0
27 94 1 1311.8568334010179 9.828570437704494 0.0 4.5 1.8 1.5 0.0
28 94 1 1328.0991346064727 9.697649949423907 0.0 4.5 1.8 1.5 0.0
29 94 1 1344.2019655469287 9.769800161215679 0.0 4.5 1.8 1.5 0.0
30 94 1 1360.0477343893772 9.81759296540605 0.0 4.5 1.8 1.5 0.0
31 94 1 1376.526899366031 9.787327949423151 0.0 4.5 1.8 1.5 0.0
32 94 1 1392.527736576741 9.725303542363775 0.0 4.5 1.8 1.5 0.0
33 94 1 1408.387689555314 9.770296910461465 0.0 4.5 1.8 1.5 0.0
34 94 1 1424.4875566359815 9.782534310618614 0.0 4.5 1.8 1.5 0.0
35 94 1 1440.232557307336 9.752979212617811 0.0 4.5 1.8 1.5 0.0
36 94 1 1456.241743727656 9.732004619310432 0.0 4.5 1.8 1.5 0.0
37 94 1 1472.736063171101 9.784797824265008 0.0 4.5 1.8 1.5 0.0
38 94 1 1488.75578553065 9.888128554837621 0.0 4.5 1.8 1.5 0.0
39 94 1 1504.7200326424809 9.82906387741698 0.0 4.5 1.8 1.5 0.0
40 94 1 1520.854468456062 9.935483907394444 0.0 4.5 1.8 1.5 0.0
41 94 1 1536.314926327571 9.761466566959262 0.0 4.5 1.8 1.5 0.0
42 94 1 1553.1188748534653 9.75970441098647 0.0 4.5 1.8 1.5 0.0
43 94 1 1569.1708987225793 9.794345721113034 0.0 4.5 1.8 1.5 0.0
44 94 1 1585.3002885312185 9.740743539236485 0.0 4.5 1.8 1.5 0.0
45 94 1 1601.231481578238 9.820650592258538 0.0 4.5 1.8 1.5 0.0
46 94 1 1617.2928853002556 9.804820305003913 0.0 4.5 1.8 1.5 0.0
47 94 1 1633.5766280022679 9.713354393432624 0.0 4.5 1.8 1.5 0.0
48 94 1 1649.4307496117688 9.736892274113904 0.0 4.5 1.8 1.5 0.0
49 94 1 1665.6268927134945 9.755453001639383 0.0 4.5 1.8 1.5 0.0
0 95 1 950.6696958911391 -1.7586868845469248 0.0 4.5 1.8 1.5 0.0
1 95 1 966.8852058969268 -1.8232595325147172 0.0 4.5 1.8 1.5 0.0
2 95 1 983.0749666978758 -1.7132006969556275 0.0 4.5 1.8 1.5 0.0
3 95 1 999.5268140095782 -1.7566847625595665 0.0 4.5 1.8 1.5 0.0
4 95 1 1015.8580636634085 -1.8346070231292786 0.0 4.5 1.8 1.5 0.0
5 95 1 1032.4118488952138 -1.7502911281401654 0.0 4.5 1.8 1.5 0.0
6 95 1 1049.030199658307 -1.8262318163493174 0.0 4.5 1.8 1.5 0.0
7 95 1 1065.0775723559086 -1.8410299456686403 0.0 4.5 1.8 1.5 0.0
8 95 1 1081.2885125660382 -1.726627417913632 0.0 4.5 1.8 1.5 0.0
9 95 1 1097.186601710119 -1.7856993710788707 0.0 4.5 1.8 1.5 0.0
10 95 1 1113.8323722673647 -1.8105506122815465 0.0 4.5 1.8 1.5 0.0
11 95 1 1130.3660422254598 -1.7194184620456605 0.0 4.5 1.8 1.5 0.0
12 95 1 1146.606329432797 -1.7651784259887893 0.0 4.5 1.8 1.5 0.0
13 95 1 1162.9998324072897 -1.7753625720489696 0.0 4.5 1.8 1.5 0.0
14 95 1 1179.1030876099703 -1.7200305172806456 0.0 4.5 1.8 1.5 0.0
15 95 1 1195.7239806919795 -1.7557086728666613 0.0 4.5 1.8 1.5 0.0
16 95 1 1211.8476251733773 -1.7984137672662523 0.0 4.5 1.8 1.5 0.0
17 95 1 1228.317685740475 -1.8521589820392328 0.0 4.5 1.8 1.5 0.0
18 95 1 1244.3592911958126 -1.8054901438987188 0.0 4.5 1.8 1.5 0.0
19 95 1 1261.1453876949756 -1.8081096168632873 0.0 4.5 1.8 1.5 0.0
20 95 1 1277.1811079830038 -1.8161870300286738 0.0 4.5 1.8 1.5 0.0
21 95 1 1293.637786018728 -1.7931456955077953 0.0 4.5 1.8 1.5 0.0
22 95 1 1310.5059442746333 -1.7227217159424244 0.0 4.5 1.8 1.5 0.0
23 95 1 1326.621780287483 -1.7170237291531212 0.0 4.5 1.8 1.5 0.0
24 95 1 1342.5610467719948 -1.836570978116152 0.0 4.5 1.8 1.5 0.0
25 95 1 1358.8834223683898 -1.7087274406998985 0.0 4.5 1.8 1.5 0.0
26 95 1 1375.3393435497549 -1.8380205564787546 0.0 4.5 1.8 1.5 0.0
27 95 1 1391.7065681483225 -1.7873830239525217 0.0 4.5 1.8 1.5 0.0
28 95 1 1408.19043552394 -1.7629051963311881 0.0 4.5 1.8 1.5 0.0
29 95 1 1424.3151022372613 -1.7411699277411048 0.0 4.5 1.8 1.5 0.0
30 95 1 1440.6968851241209 -1.7832665642020424 0.0 4.5 1.8 1.5 0.0
31 95 1 1457.3060641258066 -1.8075438175640073 0.0 4.5 1.8 1.5 0.0
32 95 1 1473.3988245078244 -1.7458693448821336 0.0 4.5 1.8 1.5 0.0
33 95 1 1489.6851336380548 -1.7946923485469939 0.0 4.5 1.8 1.5 0.0
34 95 1 1506.3118141898192 -1.6727481252949916 0.0 4.5 1.8 1.5 0.0
35 95 1 1522.665732135998 -1.7518207592172896 0.0 4.5 1.8 1.5 0.0
36 95 1 1538.9947970326148 -1.8291122610701427 0.0 4.5 1.8 1.5 0.0
37 95 1 1555.255741544451 -1.7769410717836103 0.0 4.5 1.8 1.5 0.0
38 95 1 1571.6409245856246 -1.7696273447429967 0.0 4.5 1.8 1.5 0.0
39 95 1 1587.9965330938683 -1.7910261071117504 0.0 4.5 1.8 1.5 0.0
40 95 1 1604.2763004226942 -1.8368441756696399 0.0 4.5 1.8 1.5 0.0
41 95 1 1620.5445826644543 -1.705911069957958 0.0 4.5 1.8 1.5 0.0
42 95 1 1637.0163112688153 -1.776498799235944 0.0 4.5 1.8 1.5 0.0
43 95 1 1653.6757597369754 -1.8434944962818443 0.0 4.5 1.8 1.5 0.0
44 95 1 1669.4186294514702 -1.6898171768029766 0.0 4.5 1.8 1.5 0.0
45 95 1 1685.993698230604 -1.78758189918128 0.0 4.5 1.8 1.5 0.0
46 95 1 1702.08865065921 -1.7530679340470396 0.0 4.5 1.8 1.5 0.0
47 95 1 1718.7813689789696 -1.830177465408535 0.0 4.5 1.8 1.5 0.0
48 95 1 1734.9884073687888 -1.7922285389684436 0.0 4.5 1.8 1.5 0.0
49 95 1 1751.4116433960176 -1.8314152594778224 0.0 4.5 1.8 1.5 0.0
0 96 1 1191.3027569241294 4.417521096406928 0.0 4.5 1.8 1.5 0.0
1 96 1 1207.3118400045041 4.381641366356607 0.0 4.5 1.8 1.5 0.0
2 96 1 1223.7743587130549 4.380405388871044 0.0 4.5 1.8 1.5 0.0
3 96 1 1240.2251910290254 4.49175740140362 0.0 4.5 1.8 1.5 0.0
4 96 1 1256.2733419481701 4.4796561125769765 0.0 4.5 1.8 1.5 0.0
5 96 1 1272.4757491426162 4.386999482816663 0.0 4.5 1.8 1.5 0.0
6 96 1 1289.0542700528986 4.501710419761145 0.0 4.5 1.8 1.5 0.0
7 96 1 1305.5030026988607 4.439349825554725 0.0 4.5 1.8 1.5 0.0
8 96 1 1321.5589492650931 4.438247933404178 0.0 4.5 1.8 1.5 0.0
9 96 1 1337.9433590019878 4.444381278652832 0.0 4.5 1.8 1.5 0.0
10 96 1 1354.0998561129732 4.3659461492207265 0.0 4.5 1.8 1.5 0.0
11 96 1 1370.16876288476 4.463398879412981 0.0 4.5 1.8 1.5 0.0
12 96 1 1386.6359460732406 4.467662232474325 0.0 4.5 1.8 1.5 0.0
13 96 1 1402.7914385384574 4.390115971824105 0.0 4.5 1.8 1.5 0.0
14 96 1 1419.0316743869084 4.425068790181295 0.0 4.5 1.8 1.5 0.0
15 96 1 1435.3679679399115 4.374323800636615 0.0 4.5 1.8 1.5 0.0
16 96 1 1451.5426025456604 4.418283691506163 0.0 4.5 1.8 1.5 0.0
17 96 1 1467.423487615642 4.464342311049558 0.0 4.5 1.8 1.5 0.0
18 96 1 1484.1808912233116 4.435983015503281 0.0 4.5 1.8 1.5 0.0
19 96 1 1500.3211448543707 4.452029590757382 0.0 4.5 1.8 1.5 0.0
20 96 1 1516.5340150363822 4.3889763597693126 0.0 4.5 1.8 1.5 0.0
21 96 1 1533.1022222949102 4.440575158788072 0.0 4.5 1.8 1.5 0.0
22 96 1 1548.9971923173212 4.501585615485271 0.0 4.5 1.8 1.5 0.0
23 96 1 1565.377168924233 4.416087394249803 0.0 4.5 1.8 1.5 0.0
24 96 1 1582.1543820168608 4.319727993520365 0.0 4.5 1.8 1.5 0.0
25 96 1 1597.7399284601393 4.444813756335296 0.0 4.5 1.8 1.5 0.0
26 96 1 1613.8616293655552 4.320542396856614 0.0 4.5 1.8 1.5 0.0
27 96 1 1630.8685243585778 4.402273403560665 0.0 4.5 1.8 1.5 0.0
28 96 1 1647.3488667897711 4.370978583078191 0.0 4.5 1.8 1.5 0.0
29 96 1 1663.1221086027306 4.449748608289799 0.0 4.5 1.8 1.5 0.0
30 96 1 1679.5562667439326 4.409972091206427 0.0 4.5 1.8 1.5 0.0
31 96 1 1695.6084251295017 4.434285188197935 0.0 4.5 1.8 1.5 0.0
32 96 1 1712.2896503935183 4.460857506459535 0.0 4.5 1.8 1.5 0.0
33 96 1 1728.163935617614 4.373128439676902 0.0 4.5 1.8 1.5 0.0
34 96 1 1744.4280275879266 4.359029927712579 0.0 4.5 1.8 1.5 0.0
35 96 1 1760.8722233665271 4.463406380917584 0.0 4.5 1.8 1.5 0.0
36 96 1 1777.1046295549543 4.5087054116273455 0.0 4.5 1.8 1.5 0.0
37 96 1 1793.750136554278 4.43810383542229 0.0 4.5 1.8 1.5 0.0
38 96 1 1809.8115972719354 4.377694173082397 0.0 4.5 1.8 1.5 0.0
39 96 1 1825.875204509665 4.486330590869197 0.0 4.5 1.8 1.5 0.0
40 96 1 1842.107667369568 4.497086062331692 0.0 4.5 1.8 1.5 0.0
41 96 1 1858.7221907980334 4.460298270033188 0.0 4.5 1.8 1.5 0.0
42 96 1 1874.5412950842795 4.407117747777353 0.0 4.5 1.8 1.5 0.0
43 96 1 1891.180831914573 4.373429668255768 0.0 4.5 1.8 1.5 0.0
44 96 1 1907.2901307819538 4.4603236194372515 0.0 4.5 1.8 1.5 0.0
45 96 1 1923.4906678704053 4.380394347417437 0.0 4.5 1.8 1.5 0.0
46 96 1 1939.520303508825 4.403385362095154 0.0 4.5 1.8 1.5 0.0
47 96 1 1956.3112507877374 4.379071888214545 0.0 4.5 1.8 1.5 0.0
48 96 1 1972.4363449910618 4.411506608391166 0.0 4.5 1.8 1.5 0.0
49 96 1 1988.5756019431676 4.464602351949664 0.0 4.5 1.8 1.5 0.0
0 97 1 1085.5250501082023 3.342736276176563 0.0 4.5 1.8 1.5 0.0
1 97 1 1104.29899569826 3.4102215350492644 0.0 4.5 1.8 1.5 0.0
2 97 1 1122.339267119585 3.3627271392196727 0.0 4.5 1.8 1.5 0.0
3 97 1 1140.6306133354985 3.3835230147196613 0.0 4.5 1.8 1.5 0.0
4 97 1 1159.2646487360255 3.339450004515295 0.0 4.5 1.8 1.5 0.0
5 97 1 1177.5005006113122 3.338918508755011 0.0 4.5 1.8 1.5 0.0
6 97 1 1195.4059345512846 3.418931843289516 0.0 4.5 1.8 1.5 0.0
7 97 1 1214.034970751411 3.4205726092104882 0.0 4.5 1.8 1.5 0.0
8 97 1 1231.8625474761914 3.354704563468753 0.0 4.5 1.8 1.5 0.0
9 97 1 1250.565428158261 3.38007920440055 0.0 4.5 1.8 1.5 0.0
10 97 1 1268.4612153526464 3.4009180093286275 0.0 4.5 1.8 1.5 0.0
11 97 1 1286.808115952113 3.467728354791966 0.0 4.5 1.8 1.5 0.0
12 97 1 1305.5351691784203 3.4082069836901336 0.0 4.5 1.8 1.5 0.0
13 97 1 1323.7735257089162 3.3812416798785243 0.0 4.5 1.8 1.5 0.0
14 97 1 1341.9295353488626 3.451888127137459 0.0 4.5 1.8 1.5 0.0
15 97 1 1360.1006710683719 3.3652427537966414 0.0 4.5 1.8 1.5 0.0
16 97 1 1377.9857704224032 3.3738454360862806 0.0 4.5 1.8 1.5 0.0
17 97 1 1396.7665029329764 3.425283783750737 0.0 4.5 1.8 1.5 0.0
18 97 1 1414.9778147912332 3.3509371576242435 0.0 4.5 1.8 1.5 0.0
19 97 1 1432.7567009463253 3.3532413574721187 0.0 4.5 1.8 1.5 0.0
20 97 1 1451.3663197679296 3.3623556640128545 0.0 4.5 1.8 1.5 0.0
21 97 1 1469.8260234955615 3.477285932923097 0.0 4.5 1.8 1.5 0.0
22 97 1 1488.0021415465594 3.367165522914532 0.0 4.5 1.8 1.5 0.0
23 97 1 1506.200714825616 3.384221350717741 0.0 4.5 1.8 1.5 0.0
24 97 1 1524.3620239181723 3.384012040309658 0.0 4.5 1.8 1.5 0.0
25 97 1 1542.8929686195338 3.3884864155510797 0.0 4.5 1.8 1.5 0.0
26 97 1 1561.169438021094 3.3996894928397823 0.0 4.5 1.8 1.5 0.0
27 97 1 1578.9986737798693 3.4098456202921255 0.0 4.5 1.8 1.5 0.0
28 97 1 1597.4939736292115 3.3232101542221573 0.0 4.5 1.8 1.5 0.0
29 97 1 1615.6824097147983 3.3996791928959817 0.0 4.5 1.8 1.5 0.0
30 97 1 1634.13390857695 3.2939036731730846 0.0 4.5 1.8 1.5 0.0
31 97 1 1652.5491546074586 3.306021705832414 0.0 4.5 1.8 1.5 0.0
32 97 1 1670.7566347981494 3.389927058656008 0.0 4.5 1.8 1.5 0.0
33 97 1 1689.1809094248104 3.467086351695698 0.0 4.5 1.8 1.5 0.0
34 97 1 1707.0059822253163 3.375378419569203 0.0 4.5 1.8 1.5 0.0
35 97 1 1725.4987739135133 3.3996895966704033 0.0 4.5 1.8 1.5 0.0
36 97 1 1743.8722982087343 3.3603748002355243 0.0 4.5 1.8 1.5 0.0
37 97 1 1762.0161074988507 3.322179569613153 0.0 4.5 1.8 1.5 0.0
38 97 1 1780.5769837350797 3.4009623214523317 0.0 4.5 1.8 1.5 0.0
39 97 1 1798.8380885401828 3.3624823055485797 0.0 4.5 1.8 1.5 0.0
40 97 1 1816.7982912889106 3.324086359040894 0.0 4.5 1.8 1.5 0.0
41 97 1 1835.2765653814229 3.3260124511459437 0.0 4.5 1.8 1.5 0.0
42 97 1 1853.8496379604935 3.3126199833176835 0.0 4.5 1.8 1.5 0.0
43 97 1 1871.8097608525682 3.4563448477330447 0.0 4.5 1.8 1.5 0.0
44 97 1 1890.149970262604 3.3867857979969442 0.0 4.5 1.8 1.5 0.0
45 97 1 1908.1115790633844 3.30891365294397 0.0 4.5 1.8 1.5 0.0
46 97 1 1926.7344092965855 3.453309474411103 0.0 4.5 1.8 1.5 0.0
47 97 1 1944.7677527587318 3.3210490369915378 0.0 4.5 1.8 1.5 0.0
48 97 1 1962.639012352743 3.3289638701892286 0.0 4.5 1.8 1.5 0.0
49 97 1 1981.3830383523787 3.457958274414192 0.0 4.5 1.8 1.5 0.0
0 98 1 1224.165476050213 7.864358841341712 0.0 4.5 1.8 1.5 0.0
1 98 1 1239.7844945564505 7.962363389869026 0.0 4.5 1.8 1.5 0.0
2 98 1 1255.1965404797254 7.89895384472859 0.0 4.5 1.8 1.5 0.0
3 98 1 1271.2502968144968 7.918337129494842 0.0 4.5 1.8 1.5 0.0
4 98 1 1286.8128254452354 7.972692318658386 0.0 4.5 1.8 1.5 0.0
5 98 1 1302.9215789457041 7.934564182656517 0.0 4.5 1.8 1.5 0.0
6 98 1 1318.5489148389286 7.847714759645657 0.0 4.5 1.8 1.5 0.0
7 98 1 1333.9056185066972 7.928948982355676 0.0 4.5 1.8 1.5 0.0
8 98 1 1349.450324849955 7.97855682148828 0.0 4.5 1.8 1.5 0.0
9 98 1 1365.1947632254994 7.844405775965776 0.0 4.5 1.8 1.5 0.0
10 98 1 1380.600884220734 7.981754790628259 0.0 4.5 1.8 1.5 0.0
11 98 1 1396.2719832008074 7.983094501769476 0.0 4.5 1.8 1.5 0.0
12 98 1 1412.3052541915822 7.937139216119148 0.0 4.5 1.8 1.5 0.0
13 98 1 1427.9448753711683 7.971391343719441 0.0 4.5 1.8 1.5 0.0
14 98 1 1443.4065437228944 7.947767997410324 0.0 4.5 1.8 1.5 0.0
15 98 1 1459.0950110706076 7.953835681510581 0.0 4.5 1.8 1.5 0.0
16 98 1 1475.1330776984712 7.953950735851053 0.0 4.5 1.8 1.5 0.0
17 98 1 1490.8063734858254 7.910652700955773 0.0 4.5 1.8 1.5 0.0
18 98 1 1506.3530877539831 7.933754652054192 0.0 4.5 1.8 1.5 0.0
19 98 1 1521.9857065992276 7.9056213844878425 0.0 4.5 1.8 1.5 0.0
20 98 1 1537.640900678578 7.890018212960112 0.0 4.5 1.8 1.5 0.0
21 98 1 1553.0693049679057 7.910617609683399 0.0 4.5 1.8 1.5 0.0
22 98 1 1569.214198541835 7.957356742263221 0.0 4.5 1.8 1.5 0.0
23 98 1 1584.518556683037 7.925352875041418 0.0 4.5 1.8 1.5 0.0
24 98 1 1600.589240903967 7.923228874221082 0.0 4.5 1.8 1.5 0.0
25 98 1 1615.8480655088765 8.058534870031155 0.0 4.5 1.8 1.5 0.0
26 98 1 1631.7790976931797 7.887474497710486 0.0 4.5 1.8 1.5 0.0
27 98 1 1647.527612876282 7.941373276094801 0.0 4.5 1.8 1.5 0.0
28 98 1 1662.865935261943 7.950321885750595 0.0 4.5 1.8 1.5 0.0
29 98 1 1679.051848697013 7.934007932335925 0.0 4.5 1.8 1.5 0.0
30 98 1 1694.123932597098 7.962749523239903 0.0 4.5 1.8 1.5 0.0
31 98 1 1710.337423027399 7.9163328388690415 0.0 4.5 1.8 1.5 0.0
32 98 1 1725.7819014098893 8.05854625772332 0.0 4.5 1.8 1.5 0.0
33 98 1 1741.4469415821968 7.889559394393725 0.0 4.5 1.8 1.5 0.0
34 98 1 1757.2644779705781 7.974395558998957 0.0 4.5 1.8 1.5 0.0
35 98 1 1773.0468126113228 7.822250054995153 0.0 4.5 1.8 1.5 0.0
36 98 1 1788.489050276211 8.003297844966875 0.0 4.5 1.8 1.5 0.0
37 98 1 1804.3674051822647 7.883863872135116 0.0 4.5 1.8 1.5 0.0
38 98 1 1820.2314198625834 7.993898328665746 0.0 4.5 1.8 1.5 0.0
39 98 1 1835.6044883912075 7.989626802050994 0.0 4.5 1.8 1.5 0.0
40 98 1 1851.7446305910119 7.8929344329481665 0.0 4.5 1.8 1.5 0.0
41 98 1 1867.1366393728686 8.044950681514837 0.0 4.5 1.8 1.5 0.0
42 98 1 1882.8370267588948 7.907934299742222 0.0 4.5 1.8 1.5 0.0
43 98 1 1898.435074208132 8.014147605708056 0.0 4.5 1.8 1.5 0.0
44 98 1 1913.8650089784667 7.944148607345911 0.0 4.5 1.8 1.5 0.0
45 98 1 1929.7003364193029 7.914082860872731 0.0 4.5 1.8 1.5 0.0
46 98 1 1945.4782146691625 7.940617580007639 0.0 4.5 1.8 1.5 0.0
47 98 1 1961.239444443189 8.00270191742326 0.0 4.5 1.8 1.5 0.0
48 98 1 1976.537079034992 7.949029995909462 0.0 4.5 1.8 1.5 0.0
49 98 1 1992.4618906031399 7.955824176379917 0.0 4.5 1.8 1.5 0.0
0 99 1 192.3991636341346 -0.09574044059074266 0.0 4.5 1.8 1.5 0.0
1 99 1 211.89057806115198 -0.0725001464032391 0.0 4.5 1.8 1.5 0.0
2 99 1 231.46435829898454 -0.10867193268481058 0.0 4.5 1.8 1.5 0.0
3 99 1 250.63440112431255 -0.11331653657077198 0.0 4.5 1.8 1.5 0.0
4 99 1 270.0438707486322 -0.12126355379150547 0.0 4.5 1.8 1.5 0.0
5 99 1 289.31591299890323 -0.06419072964371655 0.0 4.5 1.8 1.5 0.0
6 99 1 308.9892479895041 -0.19939973291674973 0.0 4.5 1.8 1.5 0.0
7 99 1 328.0580190418467 -0.1584568073573404 0.0 4.5 1.8 1.5 0.0
8 99 1 347.3638105762667 -0.1038962751983126 0.0 4.5 1.8 1.5 0.0
9 99 1 366.9298826019379 -0.12962840786564592 0.0 4.5 1.8 1.5 0.0
10 99 1 385.7833169187502 -0.17227436471388766 0.0 4.5 1.8 1.5 0.0
11 99 1 405.7152749778003 -0.26104340678682525 0.0 4.5 1.8 1.5 0.0
12 99 1 425.14345053216203 -0.0979605861528516 0.0 4.5 1.8 1.5 0.0
13 99 1 444.53919037619704 -0.13395054502912668 0.0 4.5 1.8 1.5 0.0
14 99 1 463.2336641331519 -0.10250395360975376 0.0 4.5 1.8 1.5 0.0
15 99 1 483.27086590082956 -0.07778599540940762 0.0 4.5 1.8 1.5 0.0
16 99 1 502.2533870373897 -0.11968403191194633 0.0 4.5 1.8 1.5 0.0
17 99 1 521.6493481383967 -0.16498540889454727 0.0 4.5 1.8 1.5 0.0
18 99 1 541.3169831644541 -0.18389870124833677 0.0 4.5 1.8 1.5 0.0
19 99 1 560.3171322221672 -0.17922336735869793 0.0 4.5 1.8 1.5 0.0
20 99 1 579.567836061689 -0.1167013710929485 0.0 4.5 1.8 1.5 0.0
21 99 1 599.4681762341107 -0.13326592349734195 0.0 4.5 1.8 1.5 0.0
22 99 1 618.3047161223669 -0.0820248586979773 0.0 4.5 1.8 1.5 0.0
23 99 1 638.3129960913521 -0.1563342018924084 0.0 4.5 1.8 1.5 0.0
24 99 1 657.2501349452671 -0.09823905418090895 0.0 4.5 1.8 1.5 0.0
25 99 1 677.040210606233 -0.15001379297134 0.0 4.5 1.8 1.5 0.0
26 99 1 695.8193359585418 -0.09245115537145834 0.0 4.5 1.8 1.5 0.0
27 99 1 715.6156295874353 -0.12371551316331732 0.0 4.5 1.8 1.5 0.0
28 99 1 734.7141793789408 -0.07430314913547634 0.0 4.5 1.8 1.5 0.0
29 99 1 754.3014032898473 -0.1624438615302533 0.0 4.5 1.8 1.5 0.0
30 99 1 773.5756050932642 -0.19160746228631098 0.0 4.5 1.8 1.5 0.0
31 99 1 793.0729542963561 -0.13713376415422146 0.0 4.5 1.8 1.5 0.0
32 99 1 812.218624096657 -0.12566580994270038 0.0 4.5 1.8 1.5 0.0
33 99 1 831.6838178610654 -0.07927558260680063 0.0 4.5 1.8 1.5 0.0
34 99 1 851.1639644855298 -0.1318425496247188 0.0 4.5 1.8 1.5 0.0
35 99 1 870.568470067274 -0.103985223000498 0.0 4.5 1.8 1.5 0.0
36 99 1 889.7004065681384 -0.13025799359690296 0.0 4.5 1.8 1.5 0.0
37 99 1 909.1260719756924 -0.09875901852636858 0.0 4.5 1.8 1.5 0.0
38 99 1 928.4523020885821 -0.14354254500616032 0.0 4.5 1.8 1.5 0.0
39 99 1 948.2894481314787 -0.07703531159772345 0.0 4.5 1.8 1.5 0.0
40 99 1 967.1135665947722 -0.09547503598796875 0.0 4.5 1.8 1.5 0.0
41 99 1 986.6593467988537 -0.10444452692207397 0.0 4.5 1.8 1.5 0.0
42 99 1 1006.0331351087011 -0.06453995341081686 0.0 4.5 1.8 1.5 0.0
43 99 1 1025.4447809707838 -0.12712652059579305 0.0 4.5 1.8 1.5 0.0
44 99 1 1044.9540850753153 -0.11235783363068506 0.0 4.5 1.8 1.5 0.0
45 99 1 1064.13993273385 -0.10832095556077294 0.0 4.5 1.8 1.5 0.0
46 99 1 1083.4669052713764 -0.12356073603530522 0.0 4.5 1.8 1.5 0.0
47 99 1 1102.7382782163627 -0.1615804466662726 0.0 4.5 1.8 1.5 0.0
48 99 1 1122.0258931148842 -0.19362125002493247 0.0 4.5 1.8 1.5 0.0
49 99 1 1141.4196537779692 -0.13273543740842494 0.0 4.5 1.8 1.5 0.0
